model,scenario,method,period,start_year,end_year,hub_height_m,qc_region,area_weighted_mean_wpd,wpd_finite_count,wpd_missing_percent,wpd_negative_percent,wpd_minimum,wpd_p01,wpd_median,wpd_mean,wpd_std,wpd_p99,wpd_maximum,area_weighted_mean_change_from_100m_percent
ACCESS-CM2,ssp126,paper_qm,historical,1994,2014,80.0,china_mask,21.913572630947574,407,0.0,0.0,0.5749772787094116,1.0407003355026245,12.777544021606445,22.385735187542235,24.537603355280897,105.830869140625,169.1218719482422,-17.67116113141781
ACCESS-CM2,ssp126,paper_qm,mid_century,2040,2060,80.0,china_mask,22.000022175681462,407,0.0,0.0,0.4992341697216034,0.9567833781242372,13.612723350524902,22.51571240698969,23.965965752860036,106.48502487182616,167.942626953125,-17.66798674237564
ACCESS-CM2,ssp126,paper_qm,late_century,2080,2100,80.0,china_mask,22.287499147829777,407,0.0,0.0,0.4550962746143341,1.0272026276588442,14.216793060302734,22.75335214464612,23.890075181907175,101.28873397827148,173.513916015625,-17.61326229210113
ACCESS-CM2,ssp126,paper_qm,historical,1994,2014,100.0,china_mask,26.617128253110945,407,0.0,0.0,0.7727563381195068,1.3728102922439576,15.864079475402832,27.184159725391893,29.063990671891407,124.84266937255859,199.07904052734375,0.0
ACCESS-CM2,ssp126,paper_qm,mid_century,2040,2060,100.0,china_mask,26.72110313498759,407,0.0,0.0,0.6716583967208862,1.2680764842033387,16.94988441467285,27.337099038265848,28.365510664765793,125.69261749267577,197.63075256347656,0.0
ACCESS-CM2,ssp126,paper_qm,late_century,2080,2100,100.0,china_mask,27.052289929053657,407,0.0,0.0,0.6149221658706665,1.357718939781189,17.683147430419922,27.608834607888205,28.253424748334282,119.5651577758789,204.0260772705078,0.0
ACCESS-CM2,ssp126,paper_qm,historical,1994,2014,120.0,china_mask,31.220540381615777,407,0.0,0.0,0.9834759831428528,1.7220889353752138,18.937908172607422,31.879094111831535,33.38070051047081,142.93661804199218,227.48928833007812,17.294924098232855
ACCESS-CM2,ssp126,paper_qm,mid_century,2040,2060,120.0,china_mask,31.34124996732858,407,0.0,0.0,0.8562265038490295,1.596689298152924,20.383092880249023,32.05354404815585,32.55833200319818,143.97753967285155,225.7788848876953,17.290254855876608
ACCESS-CM2,ssp126,paper_qm,late_century,2080,2100,120.0,china_mask,31.71324677976366,407,0.0,0.0,0.7866107225418091,1.7058098483085635,21.125099182128906,32.356872447585594,32.41015631059005,136.97280151367187,232.93634033203125,17.22943552258851
ACCESS-CM2,ssp126,optimized,historical,1994,2014,80.0,china_mask,21.913572630947574,407,0.0,0.0,0.5749772787094116,1.0407003355026245,12.777544021606445,22.385735187542235,24.537603355280897,105.830869140625,169.1218719482422,-17.67116113141781
ACCESS-CM2,ssp126,optimized,mid_century,2040,2060,80.0,china_mask,22.126050616952167,407,0.0,0.0,0.5802199244499207,1.1480501127243044,13.59358024597168,22.631824183815528,24.144903104586337,105.0461962890625,168.49923706054688,-17.717777489668173
ACCESS-CM2,ssp126,optimized,late_century,2080,2100,80.0,china_mask,22.37492940401833,407,0.0,0.0,0.5840240120887756,1.1625364947319032,13.87646198272705,22.854903051982056,24.2751292526799,101.35898849487305,170.00221252441406,-17.666431814244564
ACCESS-CM2,ssp126,optimized,historical,1994,2014,100.0,china_mask,26.617128253110945,407,0.0,0.0,0.7727563381195068,1.3728102922439576,15.864079475402832,27.184159725391893,29.063990671891407,124.84266937255859,199.07904052734375,0.0
ACCESS-CM2,ssp126,optimized,mid_century,2040,2060,100.0,china_mask,26.89043871435764,407,0.0,0.0,0.7793756127357483,1.5178934836387634,16.975481033325195,27.495571377968613,28.602421157709262,124.09413101196287,198.36053466796875,0.0
ACCESS-CM2,ssp126,optimized,late_century,2080,2100,100.0,china_mask,27.175950097944895,407,0.0,0.0,0.7845224738121033,1.535847225189209,17.33158302307129,27.750497946868073,28.733528700692744,119.73108764648437,200.08010864257812,0.0
ACCESS-CM2,ssp126,optimized,historical,1994,2014,120.0,china_mask,31.220540381615777,407,0.0,0.0,0.9834759831428528,1.7220889353752138,18.937908172607422,31.879094111831535,33.38070051047081,142.93661804199218,227.48928833007812,17.294924098232855
ACCESS-CM2,ssp126,optimized,mid_century,2040,2060,120.0,china_mask,31.555193979954094,407,0.0,0.0,0.992172122001648,1.9074453353881837,20.368873596191406,32.25587802905709,32.8535966493447,142.2413052368164,226.68052673339844,17.347263520493605
ACCESS-CM2,ssp126,optimized,late_century,2080,2100,120.0,china_mask,31.874708616044977,407,0.0,0.0,0.9987629652023315,1.9285360860824587,20.704818725585938,32.54023994479777,32.98339631120554,137.2402603149414,228.598876953125,17.290135215752443
ACCESS-CM2,ssp245,paper_qm,historical,1994,2014,80.0,china_mask,21.913572630947574,407,0.0,0.0,0.5749772787094116,1.0407003355026245,12.777544021606445,22.385735187542235,24.537603355280897,105.830869140625,169.1218719482422,-17.67116113141781
ACCESS-CM2,ssp245,paper_qm,mid_century,2040,2060,80.0,china_mask,21.411335548410275,407,0.0,0.0,0.4583834707736969,0.9063039135932923,12.847163200378418,21.88454407768402,24.318030600389744,109.61434951782226,162.4090118408203,-17.561831329947086
ACCESS-CM2,ssp245,paper_qm,late_century,2080,2100,80.0,china_mask,21.141722445629,407,0.0,0.0,0.39622819423675537,0.9244386243820192,13.479480743408203,21.64465501823941,23.24668774927729,100.88007537841796,174.7759246826172,-17.65669511711704
ACCESS-CM2,ssp245,paper_qm,historical,1994,2014,100.0,china_mask,26.617128253110945,407,0.0,0.0,0.7727563381195068,1.3728102922439576,15.864079475402832,27.184159725391893,29.063990671891407,124.84266937255859,199.07904052734375,0.0
ACCESS-CM2,ssp245,paper_qm,mid_century,2040,2060,100.0,china_mask,25.97259969966838,407,0.0,0.0,0.6187388896942139,1.2014280176162722,15.96973705291748,26.541061028947993,28.73247427682226,128.99543411254882,191.37762451171875,0.0
ACCESS-CM2,ssp245,paper_qm,late_century,2080,2100,100.0,china_mask,25.67509583893786,407,0.0,0.0,0.5350160002708435,1.225010783672333,16.772693634033203,26.275599382286867,27.499667022292293,119.02023483276366,205.44627380371094,0.0
ACCESS-CM2,ssp245,paper_qm,historical,1994,2014,120.0,china_mask,31.220540381615777,407,0.0,0.0,0.9834759831428528,1.7220889353752138,18.937908172607422,31.879094111831535,33.38070051047081,142.93661804199218,227.48928833007812,17.294924098232855
ACCESS-CM2,ssp245,paper_qm,mid_century,2040,2060,120.0,china_mask,30.433459362985108,407,0.0,0.0,0.7908430099487305,1.5130771040916444,18.990324020385742,31.093808367885007,32.93539428690898,147.40869567871093,218.87335205078125,17.17525282374288
ACCESS-CM2,ssp245,paper_qm,late_century,2080,2100,120.0,china_mask,30.11203986839669,407,0.0,0.0,0.6841562390327454,1.5422464537620546,20.05994987487793,30.806176040184294,31.551953537602,136.2880502319336,234.4982147216797,17.28111963940533
ACCESS-CM2,ssp245,optimized,historical,1994,2014,80.0,china_mask,21.913572630947574,407,0.0,0.0,0.5749772787094116,1.0407003355026245,12.777544021606445,22.385735187542235,24.537603355280897,105.830869140625,169.1218719482422,-17.67116113141781
ACCESS-CM2,ssp245,optimized,mid_century,2040,2060,80.0,china_mask,22.10621447647973,407,0.0,0.0,0.561817467212677,1.0758491444587708,13.141782760620117,22.577484178162322,24.935313925086707,109.69047317504882,168.2685546875,-17.609654599859436
ACCESS-CM2,ssp245,optimized,late_century,2080,2100,80.0,china_mask,21.56153887837455,407,0.0,0.0,0.5192931890487671,1.1236501264572145,13.449211120605469,22.062331831865286,23.658762176472152,98.04459487915038,172.9320831298828,-17.71916902285958
ACCESS-CM2,ssp245,optimized,historical,1994,2014,100.0,china_mask,26.617128253110945,407,0.0,0.0,0.7727563381195068,1.3728102922439576,15.864079475402832,27.184159725391893,29.063990671891407,124.84266937255859,199.07904052734375,0.0
ACCESS-CM2,ssp245,optimized,mid_century,2040,2060,100.0,china_mask,26.831073919058987,407,0.0,0.0,0.7533091902732849,1.4242925000190736,16.318872451782227,27.397421804194956,29.479688187115148,129.5562301635742,198.13629150390625,0.0
ACCESS-CM2,ssp245,optimized,late_century,2080,2100,100.0,china_mask,26.20481419829712,407,0.0,0.0,0.6985400915145874,1.4847623014450073,16.65142250061035,26.803782881331387,28.01796155272981,115.90689453125,203.4422149658203,0.0
ACCESS-CM2,ssp245,optimized,historical,1994,2014,120.0,china_mask,31.220540381615777,407,0.0,0.0,0.9834759831428528,1.7220889353752138,18.937908172607422,31.879094111831535,33.38070051047081,142.93661804199218,227.48928833007812,17.294924098232855
ACCESS-CM2,ssp245,optimized,mid_century,2040,2060,120.0,china_mask,31.453622881642165,407,0.0,0.0,0.9576488137245178,1.7917651510238648,19.48409652709961,32.11172684141108,33.807990240241985,148.69575103759766,226.4665985107422,17.22834120068384
ACCESS-CM2,ssp245,optimized,late_century,2080,2100,120.0,china_mask,30.75191011090742,407,0.0,0.0,0.890380322933197,1.8649915957450867,19.89391326904297,31.445257760822333,32.17517712199701,132.93883605957032,232.35963439941406,17.352139489337738
ACCESS-CM2,ssp585,paper_qm,historical,1994,2014,80.0,china_mask,21.913572630947574,407,0.0,0.0,0.5749772787094116,1.0407003355026245,12.777544021606445,22.385735187542235,24.537603355280897,105.830869140625,169.1218719482422,-17.67116113141781
ACCESS-CM2,ssp585,paper_qm,mid_century,2040,2060,80.0,china_mask,21.248725893592827,407,0.0,0.0,0.3704172670841217,0.964421809911728,13.12001895904541,21.76047343286601,23.61054940899506,104.16030532836913,161.07418823242188,-17.62379732281847
ACCESS-CM2,ssp585,paper_qm,late_century,2080,2100,80.0,china_mask,19.868210390383986,407,0.0,0.0,0.3222639858722687,0.9983612310886383,13.432665824890137,20.306196129219536,21.394050784533867,94.92801330566405,156.16380310058594,-17.73953556850676
ACCESS-CM2,ssp585,paper_qm,historical,1994,2014,100.0,china_mask,26.617128253110945,407,0.0,0.0,0.7727563381195068,1.3728102922439576,15.864079475402832,27.184159725391893,29.063990671891407,124.84266937255859,199.07904052734375,0.0
ACCESS-CM2,ssp585,paper_qm,mid_century,2040,2060,100.0,china_mask,25.7947382897255,407,0.0,0.0,0.5034748315811157,1.2760359644889834,16.297409057617188,26.40804833730257,27.929747589838154,122.78657608032226,189.72833251953125,0.0
ACCESS-CM2,ssp585,paper_qm,late_century,2080,2100,100.0,china_mask,24.152806001879906,407,0.0,0.0,0.4384085536003113,1.3221037197113037,16.66883087158203,24.674851751151778,25.325804696454476,112.31994644165039,184.0855255126953,0.0
ACCESS-CM2,ssp585,paper_qm,historical,1994,2014,120.0,china_mask,31.220540381615777,407,0.0,0.0,0.9834759831428528,1.7220889353752138,18.937908172607422,31.879094111831535,33.38070051047081,142.93661804199218,227.48928833007812,17.294924098232855
ACCESS-CM2,ssp585,paper_qm,mid_century,2040,2060,120.0,china_mask,30.24294973188929,407,0.0,0.0,0.6471191048622131,1.6035667181015016,19.504060745239258,30.954026449371028,32.04525307687174,140.50204986572265,216.91770935058594,17.24464653295432
ACCESS-CM2,ssp585,paper_qm,late_century,2080,2100,120.0,china_mask,28.350433412947638,407,0.0,0.0,0.5639665126800537,1.6635735058784484,19.890113830566406,28.952979809236176,29.075439468542697,128.9384159851074,210.60174560546875,17.37946063385354
ACCESS-CM2,ssp585,optimized,historical,1994,2014,80.0,china_mask,21.913572630947574,407,0.0,0.0,0.5749772787094116,1.0407003355026245,12.777544021606445,22.385735187542235,24.537603355280897,105.830869140625,169.1218719482422,-17.67116113141781
ACCESS-CM2,ssp585,optimized,mid_century,2040,2060,80.0,china_mask,21.87192245459587,407,0.0,0.0,0.5280604362487793,1.1267633175849916,13.386204719543457,22.37971628400559,24.216372500741247,102.07551254272461,167.09249877929688,-17.674485876198354
ACCESS-CM2,ssp585,optimized,late_century,2080,2100,80.0,china_mask,20.692331607244952,407,0.0,0.0,0.4484865069389343,0.9995810413360596,13.41544246673584,21.16694111422766,22.30922355440074,100.2989956665039,164.33340454101562,-17.792316905150297
ACCESS-CM2,ssp585,optimized,historical,1994,2014,100.0,china_mask,26.617128253110945,407,0.0,0.0,0.7727563381195068,1.3728102922439576,15.864079475402832,27.184159725391893,29.063990671891407,124.84266937255859,199.07904052734375,0.0
ACCESS-CM2,ssp585,optimized,mid_century,2040,2060,100.0,china_mask,26.567611131713956,407,0.0,0.0,0.7115479707717896,1.4898774552345275,16.76749610900879,27.176379100110665,28.665882176798508,120.4167726135254,196.7395782470703,0.0
ACCESS-CM2,ssp585,optimized,late_century,2080,2100,100.0,china_mask,25.170800134788525,407,0.0,0.0,0.6063833832740784,1.3235973477363587,16.626747131347656,25.738059954063313,26.431995031167293,118.58998886108397,193.5841522216797,0.0
ACCESS-CM2,ssp585,optimized,historical,1994,2014,120.0,china_mask,31.220540381615777,407,0.0,0.0,0.9834759831428528,1.7220889353752138,18.937908172607422,31.879094111831535,33.38070051047081,142.93661804199218,227.48928833007812,17.294924098232855
ACCESS-CM2,ssp585,optimized,mid_century,2040,2060,120.0,china_mask,31.164173515868093,407,0.0,0.0,0.9081254601478577,1.8723963117599487,20.157609939575195,31.870189323325707,32.90767735613259,137.87966674804687,224.85951232910156,17.301376331375096
ACCESS-CM2,ssp585,optimized,late_century,2080,2100,120.0,china_mask,29.560202516663285,407,0.0,0.0,0.7760838270187378,1.6653570818901064,19.91205406188965,30.216455434112643,30.365878173723384,136.0297634887695,221.34207153320312,17.438469807752256
ACCESS-ESM1-5,ssp126,paper_qm,historical,1994,2014,80.0,china_mask,24.44634936664808,407,0.0,0.0,0.18179185688495636,1.0677919912338256,13.721875190734863,24.708899315327624,29.04097435333326,133.06803619384763,196.0044403076172,-17.36256104536342
ACCESS-ESM1-5,ssp126,paper_qm,mid_century,2040,2060,80.0,china_mask,24.50477097161408,407,0.0,0.0,0.30163130164146423,1.3001297426223755,14.232318878173828,24.835594101165963,29.027734563292366,129.64302612304687,234.46292114257812,-17.39440721143347
ACCESS-ESM1-5,ssp126,paper_qm,late_century,2080,2100,80.0,china_mask,23.471598192486514,407,0.0,0.0,0.16817376017570496,0.30499221563339235,14.073370933532715,23.78441107844252,28.101908317171095,129.64252685546873,195.68792724609375,-17.43325544987291
ACCESS-ESM1-5,ssp126,paper_qm,historical,1994,2014,100.0,china_mask,29.582656088928147,407,0.0,0.0,0.25055116415023804,1.404619846343994,17.12809944152832,29.90309492639593,34.21144901385879,156.18032226562497,229.43081665039062,0.0
ACCESS-ESM1-5,ssp126,paper_qm,mid_century,2040,2060,100.0,china_mask,29.6647843619201,407,0.0,0.0,0.4112437963485718,1.7120107746124267,17.72737693786621,30.066755312886226,34.146929751270584,152.63225463867187,271.7149353027344,0.0
ACCESS-ESM1-5,ssp126,paper_qm,late_century,2080,2100,100.0,china_mask,28.42742355941704,407,0.0,0.0,0.23110219836235046,0.4160360682010651,17.5506649017334,28.807714121420787,33.10770502902228,152.12137939453123,227.82472229003906,0.0
ACCESS-ESM1-5,ssp126,paper_qm,historical,1994,2014,120.0,china_mask,34.5941995175392,407,0.0,0.0,0.3257390558719635,1.7581036162376404,20.533836364746094,34.97113604869245,39.122581082676604,178.0648236083984,260.980224609375,16.940816313267824
ACCESS-ESM1-5,ssp126,paper_qm,mid_century,2040,2060,120.0,china_mask,34.7011973223425,407,0.0,0.0,0.5299228429794312,2.144353790283203,21.152467727661133,35.17234987840606,39.00437851506986,174.4619622802734,306.6024475097656,16.977750112647083
ACCESS-ESM1-5,ssp126,paper_qm,late_century,2080,2100,120.0,china_mask,33.2665581801549,407,0.0,0.0,0.2998083233833313,0.5363105046749116,20.98221778869629,33.71252676346671,37.8632870585399,173.40267242431636,258.0374755859375,17.022768914050324
ACCESS-ESM1-5,ssp126,optimized,historical,1994,2014,80.0,china_mask,24.44634936664808,407,0.0,0.0,0.18179185688495636,1.0677919912338256,13.721875190734863,24.708899315327624,29.04097435333326,133.06803619384763,196.0044403076172,-17.36256104536342
ACCESS-ESM1-5,ssp126,optimized,mid_century,2040,2060,80.0,china_mask,24.78081166258913,407,0.0,0.0,0.23120075464248657,1.2576622533798218,13.5401611328125,25.088372981299347,34.453412780656926,128.21021224975584,415.9038391113281,-17.255071068803176
ACCESS-ESM1-5,ssp126,optimized,late_century,2080,2100,80.0,china_mask,23.888780705663176,407,0.0,0.0,0.23169836401939392,0.9579466652870179,13.61581039428711,24.18925996165018,32.315008739936076,133.65229721069332,357.8459167480469,-17.336410090503882
ACCESS-ESM1-5,ssp126,optimized,historical,1994,2014,100.0,china_mask,29.582656088928147,407,0.0,0.0,0.25055116415023804,1.404619846343994,17.12809944152832,29.90309492639593,34.21144901385879,156.18032226562497,229.43081665039062,0.0
ACCESS-ESM1-5,ssp126,optimized,mid_century,2040,2060,100.0,china_mask,29.948435490463233,407,0.0,0.0,0.3168099522590637,1.6565615105628968,16.917945861816406,30.325430263172496,40.09514679315898,150.65103210449217,474.4478759765625,0.0
ACCESS-ESM1-5,ssp126,optimized,late_century,2080,2100,100.0,china_mask,28.898794175062694,407,0.0,0.0,0.3177899420261383,1.2707518672943117,16.94118309020996,29.266696834154153,37.74688203145382,156.804976196289,409.7289123535156,0.0
ACCESS-ESM1-5,ssp126,optimized,historical,1994,2014,120.0,china_mask,34.5941995175392,407,0.0,0.0,0.3257390558719635,1.7581036162376404,20.533836364746094,34.97113604869245,39.122581082676604,178.0648236083984,260.980224609375,16.940816313267824
ACCESS-ESM1-5,ssp126,optimized,mid_century,2040,2060,120.0,china_mask,34.988111524987126,407,0.0,0.0,0.40994173288345337,2.0754531621932983,20.297962188720703,35.43293892839324,45.41286812944269,171.93141967773437,528.4786987304688,16.82784409933109
ACCESS-ESM1-5,ssp126,optimized,late_century,2080,2100,120.0,china_mask,33.78826671480702,407,0.0,0.0,0.411517471075058,1.6013288354873658,20.25889015197754,34.22204081864263,42.87932374844401,178.73428710937495,457.7569274902344,16.919296044412626
ACCESS-ESM1-5,ssp245,paper_qm,historical,1994,2014,80.0,china_mask,24.44634936664808,407,0.0,0.0,0.18179185688495636,1.0677919912338256,13.721875190734863,24.708899315327624,29.04097435333326,133.06803619384763,196.0044403076172,-17.36256104536342
ACCESS-ESM1-5,ssp245,paper_qm,mid_century,2040,2060,80.0,china_mask,23.10861067923185,407,0.0,0.0,0.24972957372665405,1.0797351527214052,13.210559844970703,23.481527057341335,28.803490361510796,121.95783889770507,294.53350830078125,-17.45981220531354
ACCESS-ESM1-5,ssp245,paper_qm,late_century,2080,2100,80.0,china_mask,22.115452235567247,407,0.0,0.0,0.3025161623954773,1.0487657761573792,13.936702728271484,22.46160872335516,25.82752222612605,116.44103561401366,189.94839477539062,-17.588458619908
ACCESS-ESM1-5,ssp245,paper_qm,historical,1994,2014,100.0,china_mask,29.582656088928147,407,0.0,0.0,0.25055116415023804,1.404619846343994,17.12809944152832,29.90309492639593,34.21144901385879,156.18032226562497,229.43081665039062,0.0
ACCESS-ESM1-5,ssp245,paper_qm,mid_century,2040,2060,100.0,china_mask,27.996799252157107,407,0.0,0.0,0.3429584205150604,1.430345940589905,16.50115203857422,28.449423164275707,33.79050454480917,143.44033264160157,339.3322448730469,0.0
ACCESS-ESM1-5,ssp245,paper_qm,late_century,2080,2100,100.0,china_mask,26.835382356905697,407,0.0,0.0,0.4135240614414215,1.3667464661598208,17.26773452758789,27.25557109120437,30.455427209697557,137.0143156433105,221.23081970214844,0.0
ACCESS-ESM1-5,ssp245,paper_qm,historical,1994,2014,120.0,china_mask,34.5941995175392,407,0.0,0.0,0.3257390558719635,1.7581036162376404,20.533836364746094,34.97113604869245,39.122581082676604,178.0648236083984,260.980224609375,16.940816313267824
ACCESS-ESM1-5,ssp245,paper_qm,mid_century,2040,2060,120.0,china_mask,32.77237355342261,407,0.0,0.0,0.4445436894893646,1.800258860588074,19.800987243652344,33.30244268971228,38.51644167513751,163.82686340332032,381.07464599609375,17.05757239695018
ACCESS-ESM1-5,ssp245,paper_qm,late_century,2080,2100,120.0,china_mask,31.45167066300587,407,0.0,0.0,0.5339739322662354,1.6984634518623354,20.573944091796875,31.9438326790819,34.85591565787803,156.55097381591796,250.65338134765625,17.202245321882813
ACCESS-ESM1-5,ssp245,optimized,historical,1994,2014,80.0,china_mask,24.44634936664808,407,0.0,0.0,0.18179185688495636,1.0677919912338256,13.721875190734863,24.708899315327624,29.04097435333326,133.06803619384763,196.0044403076172,-17.36256104536342
ACCESS-ESM1-5,ssp245,optimized,mid_century,2040,2060,80.0,china_mask,23.89597425210892,407,0.0,0.0,0.22221015393733978,1.31232102394104,13.118165016174316,24.219633686637703,37.31357879069849,140.59292831420893,555.5360717773438,-17.270994685189322
ACCESS-ESM1-5,ssp245,optimized,late_century,2080,2100,80.0,china_mask,22.67395546537465,407,0.0,0.0,0.2236628234386444,1.368196485042572,13.184232711791992,23.015818374016362,30.250140112547598,126.47158279418943,363.49627685546875,-17.490500476900404
ACCESS-ESM1-5,ssp245,optimized,historical,1994,2014,100.0,china_mask,29.582656088928147,407,0.0,0.0,0.25055116415023804,1.404619846343994,17.12809944152832,29.90309492639593,34.21144901385879,156.18032226562497,229.43081665039062,0.0
ACCESS-ESM1-5,ssp245,optimized,mid_century,2040,2060,100.0,china_mask,28.884638659895636,407,0.0,0.0,0.30489036440849304,1.7212295937538147,16.345792770385742,29.28085407534161,43.07953673806728,164.5885763549804,629.4570922851562,0.0
ACCESS-ESM1-5,ssp245,optimized,late_century,2080,2100,100.0,china_mask,27.48041812934132,407,0.0,0.0,0.3068040609359741,1.795848801136017,16.348880767822266,27.89674303367624,35.338116322181875,147.95400817871092,415.7501220703125,0.0
ACCESS-ESM1-5,ssp245,optimized,historical,1994,2014,120.0,china_mask,34.5941995175392,407,0.0,0.0,0.3257390558719635,1.7581036162376404,20.533836364746094,34.97113604869245,39.122581082676604,178.0648236083984,260.980224609375,16.940816313267824
ACCESS-ESM1-5,ssp245,optimized,mid_century,2040,2060,120.0,china_mask,33.75275317736366,407,0.0,0.0,0.39494091272354126,2.149165139198303,19.569185256958008,34.21974591116354,48.48742657861343,187.27609802246087,697.2551879882812,16.85364520147892
ACCESS-ESM1-5,ssp245,optimized,late_century,2080,2100,120.0,china_mask,32.1786642164723,407,0.0,0.0,0.3973350524902344,2.243645977973938,19.497194290161133,32.667467044670985,40.147807711939016,168.24924224853513,464.07940673828125,17.096705243049335
ACCESS-ESM1-5,ssp585,paper_qm,historical,1994,2014,80.0,china_mask,24.44634936664808,407,0.0,0.0,0.18179185688495636,1.0677919912338256,13.721875190734863,24.708899315327624,29.04097435333326,133.06803619384763,196.0044403076172,-17.36256104536342
ACCESS-ESM1-5,ssp585,paper_qm,mid_century,2040,2060,80.0,china_mask,24.14502598509339,407,0.0,0.0,0.2640756070613861,1.1791264963150025,14.107137680053711,24.496671791012222,28.725665300809066,138.00165191650387,209.72666931152344,-17.34898619804943
ACCESS-ESM1-5,ssp585,paper_qm,late_century,2080,2100,80.0,china_mask,23.14295860703884,407,0.0,0.0,0.23247165977954865,0.7684713101387025,14.331624031066895,23.502555373735746,26.602732168258044,121.17631896972657,204.0657196044922,-17.45836579890414
ACCESS-ESM1-5,ssp585,paper_qm,historical,1994,2014,100.0,china_mask,29.582656088928147,407,0.0,0.0,0.25055116415023804,1.404619846343994,17.12809944152832,29.90309492639593,34.21144901385879,156.18032226562497,229.43081665039062,0.0
ACCESS-ESM1-5,ssp585,paper_qm,mid_century,2040,2060,100.0,china_mask,29.21322422366169,407,0.0,0.0,0.36238011717796326,1.549855239391327,17.52401351928711,29.64129900112199,33.792222485760114,161.4698236083984,245.09298706054688,0.0
ACCESS-ESM1-5,ssp585,paper_qm,late_century,2080,2100,100.0,china_mask,28.037921505958725,407,0.0,0.0,0.31996461749076843,1.01803218126297,17.641324996948242,28.475160926287533,31.358708160987387,143.7593453979492,239.03016662597656,0.0
ACCESS-ESM1-5,ssp585,paper_qm,historical,1994,2014,120.0,china_mask,34.5941995175392,407,0.0,0.0,0.3257390558719635,1.7581036162376404,20.533836364746094,34.97113604869245,39.122581082676604,178.0648236083984,260.980224609375,16.940816313267824
ACCESS-ESM1-5,ssp585,paper_qm,mid_century,2040,2060,120.0,china_mask,34.15835793805315,407,0.0,0.0,0.4694114625453949,1.9386062240600586,20.976272583007812,34.6608753019088,38.59917471850507,183.6474145507812,278.42303466796875,16.927723131588035
ACCESS-ESM1-5,ssp585,paper_qm,late_century,2080,2100,120.0,china_mask,32.81912351080459,407,0.0,0.0,0.4154816269874573,1.2817066955566407,21.049436569213867,33.33194777083924,35.87872282484136,165.32298736572264,272.03759765625,17.052626400390423
ACCESS-ESM1-5,ssp585,optimized,historical,1994,2014,80.0,china_mask,24.44634936664808,407,0.0,0.0,0.18179185688495636,1.0677919912338256,13.721875190734863,24.708899315327624,29.04097435333326,133.06803619384763,196.0044403076172,-17.36256104536342
ACCESS-ESM1-5,ssp585,optimized,mid_century,2040,2060,80.0,china_mask,24.251446775404954,407,0.0,0.0,0.2336326688528061,1.304560446739197,13.306310653686523,24.585669881625314,31.577373402698832,140.49365036010738,271.8888854980469,-17.296107848029575
ACCESS-ESM1-5,ssp585,optimized,late_century,2080,2100,80.0,china_mask,23.128934840745334,407,0.0,0.0,0.2386152148246765,1.35994877576828,13.350308418273926,23.487467837201876,28.713541663579054,122.01781204223632,232.83302307128906,-17.44452024816209
ACCESS-ESM1-5,ssp585,optimized,historical,1994,2014,100.0,china_mask,29.582656088928147,407,0.0,0.0,0.25055116415023804,1.404619846343994,17.12809944152832,29.90309492639593,34.21144901385879,156.18032226562497,229.43081665039062,0.0
ACCESS-ESM1-5,ssp585,optimized,mid_century,2040,2060,100.0,china_mask,29.323223060460474,407,0.0,0.0,0.3201732337474823,1.715924427509308,16.568857192993164,29.731585165133346,36.948965652733854,164.48257446289057,313.2568664550781,0.0
ACCESS-ESM1-5,ssp585,optimized,late_century,2080,2100,100.0,china_mask,28.016232126893332,407,0.0,0.0,0.3267573118209839,1.7829454159736633,16.6136531829834,28.45298104782655,33.71790617430353,143.4923077392578,268.987060546875,0.0
ACCESS-ESM1-5,ssp585,optimized,historical,1994,2014,120.0,china_mask,34.5941995175392,407,0.0,0.0,0.3257390558719635,1.7581036162376404,20.533836364746094,34.97113604869245,39.122581082676604,178.0648236083984,260.980224609375,16.940816313267824
ACCESS-ESM1-5,ssp585,optimized,mid_century,2040,2060,120.0,china_mask,34.2710146853977,407,0.0,0.0,0.41432029008865356,2.1474181270599364,19.82561492919922,34.75169483420304,42.02804149926493,187.1640258789062,351.7711181640625,16.873287137418558
ACCESS-ESM1-5,ssp585,optimized,late_century,2080,2100,120.0,china_mask,32.7906172121543,407,0.0,0.0,0.42258772253990173,2.225398325920105,19.869699478149414,33.303546626898815,38.46238098601474,163.87625823974608,302.7332458496094,17.04149602857532
AWI-CM-1-1-MR,ssp126,paper_qm,historical,1994,2014,80.0,china_mask,24.089445884707427,1083,0.0,0.0,0.4385642111301422,0.9687130415439605,14.875909805297852,24.402642805352876,27.15797507691665,116.8599845886232,238.39593505859375,-17.51713984809141
AWI-CM-1-1-MR,ssp126,paper_qm,mid_century,2040,2060,80.0,china_mask,21.49866968686572,1083,0.0,0.0,0.28212830424308777,0.6808064675331116,11.6288480758667,21.85403977517496,26.727968522849203,115.68695053100596,243.47352600097656,-17.51136808125837
AWI-CM-1-1-MR,ssp126,paper_qm,late_century,2080,2100,80.0,china_mask,22.01187929910684,1083,0.0,0.0,0.23220503330230713,0.5573617219924927,12.275860786437988,22.32478464976132,26.560324804858663,118.8629098510743,222.48512268066406,-17.506342939175003
AWI-CM-1-1-MR,ssp126,paper_qm,historical,1994,2014,100.0,china_mask,29.205395933581745,1083,0.0,0.0,0.5901253819465637,1.286836564540863,18.51109504699707,29.58490827110005,32.03511083372228,138.10237518310566,277.51812744140625,0.0
AWI-CM-1-1-MR,ssp126,paper_qm,mid_century,2040,2060,100.0,china_mask,26.06258485174509,1083,0.0,0.0,0.3842404782772064,0.9095815885066986,14.561277389526367,26.49205312790523,31.578735153710685,136.69501373291027,283.3347473144531,0.0
AWI-CM-1-1-MR,ssp126,paper_qm,late_century,2080,2100,100.0,china_mask,26.683117324859094,1083,0.0,0.0,0.3159671127796173,0.7429866778850556,15.317049026489258,27.060072035643092,31.399522586295156,140.2951943969727,259.4059753417969,0.0
AWI-CM-1-1-MR,ssp126,paper_qm,historical,1994,2014,120.0,china_mask,34.20445140698712,1083,0.0,0.0,0.7523906826972961,1.623291163444519,22.033079147338867,34.6483285279045,36.67142051143777,158.33920776367208,314.2700500488281,17.116889922581823
AWI-CM-1-1-MR,ssp126,paper_qm,mid_century,2040,2060,120.0,china_mask,30.523105234923925,1083,0.0,0.0,0.49476394057273865,1.1528714108467102,17.442779541015625,31.024382560784797,36.19689140049709,156.70478759765635,320.76849365234375,17.11465078599128
AWI-CM-1-1-MR,ssp126,paper_qm,late_century,2080,2100,120.0,china_mask,31.247499801695028,1083,0.0,0.0,0.40657708048820496,0.9402252018451691,18.383991241455078,31.686371347855772,36.00938521331141,160.5040155029297,294.1406555175781,17.105881675165314
AWI-CM-1-1-MR,ssp126,optimized,historical,1994,2014,80.0,china_mask,24.089445884707427,1083,0.0,0.0,0.4385642111301422,0.9687130415439605,14.875909805297852,24.402642805352876,27.15797507691665,116.8599845886232,238.39593505859375,-17.51713984809141
AWI-CM-1-1-MR,ssp126,optimized,mid_century,2040,2060,80.0,china_mask,22.278776735909023,1083,0.0,0.0,0.4203161895275116,0.8926057684421539,12.759453773498535,22.641026656438328,26.655424473489436,115.00559143066415,242.88194274902344,-17.58516328263311
AWI-CM-1-1-MR,ssp126,optimized,late_century,2080,2100,80.0,china_mask,22.679976280338153,1083,0.0,0.0,0.36645451188087463,0.8380514192581177,13.280336380004883,23.02018761791681,26.478213013262412,116.89763992309574,226.37399291992188,-17.58755040739771
AWI-CM-1-1-MR,ssp126,optimized,historical,1994,2014,100.0,china_mask,29.205395933581745,1083,0.0,0.0,0.5901253819465637,1.286836564540863,18.51109504699707,29.58490827110005,32.03511083372228,138.10237518310566,277.51812744140625,0.0
AWI-CM-1-1-MR,ssp126,optimized,mid_century,2040,2060,100.0,china_mask,27.03248301311543,1083,0.0,0.0,0.5713637471199036,1.1846940469741822,15.786556243896484,27.470287951185874,31.494135688912866,135.86151519775402,282.6697998046875,0.0
AWI-CM-1-1-MR,ssp126,optimized,late_century,2080,2100,100.0,china_mask,27.52008512361221,1083,0.0,0.0,0.4951741099357605,1.1173681783676148,16.562498092651367,27.9305437229787,31.295636847333366,138.26973419189457,263.8770751953125,0.0
AWI-CM-1-1-MR,ssp126,optimized,historical,1994,2014,120.0,china_mask,34.20445140698712,1083,0.0,0.0,0.7523906826972961,1.623291163444519,22.033079147338867,34.6483285279045,36.67142051143777,158.33920776367208,314.2700500488281,17.116889922581823
AWI-CM-1-1-MR,ssp126,optimized,mid_century,2040,2060,120.0,china_mask,31.681567211715684,1083,0.0,0.0,0.7343945503234863,1.4934699726104737,18.850698471069336,32.192594385928615,36.10009579016902,155.72223236083994,320.037353515625,17.19813972081159
AWI-CM-1-1-MR,ssp126,optimized,late_century,2080,2100,120.0,china_mask,32.25333067944068,1083,0.0,0.0,0.6335083842277527,1.4137524795532226,19.864131927490234,32.73178092682681,35.88265565571184,158.63689331054695,299.1510009765625,17.199240244236556
AWI-CM-1-1-MR,ssp245,paper_qm,historical,1994,2014,80.0,china_mask,24.089445884707427,1083,0.0,0.0,0.4385642111301422,0.9687130415439605,14.875909805297852,24.402642805352876,27.15797507691665,116.8599845886232,238.39593505859375,-17.51713984809141
AWI-CM-1-1-MR,ssp245,paper_qm,mid_century,2040,2060,80.0,china_mask,22.640920723262017,1083,0.0,0.0,0.3064939081668854,0.8730304205417633,14.186477661132812,22.88858937309059,25.212646716224242,114.70116027832053,227.9009552001953,-17.62775867960855
AWI-CM-1-1-MR,ssp245,paper_qm,late_century,2080,2100,80.0,china_mask,22.448219511080488,1083,0.0,0.0,0.21441711485385895,0.8185998499393463,13.38128662109375,22.672814068564197,25.555661720375465,115.28273468017606,223.07595825195312,-17.582223120185436
AWI-CM-1-1-MR,ssp245,paper_qm,historical,1994,2014,100.0,china_mask,29.205395933581745,1083,0.0,0.0,0.5901253819465637,1.286836564540863,18.51109504699707,29.58490827110005,32.03511083372228,138.10237518310566,277.51812744140625,0.0
AWI-CM-1-1-MR,ssp245,paper_qm,mid_century,2040,2060,100.0,china_mask,27.486104979466187,1083,0.0,0.0,0.4137149453163147,1.1629106855392457,17.67922592163086,27.786448754542203,29.792398400620485,135.39074707031278,265.23443603515625,0.0
AWI-CM-1-1-MR,ssp245,paper_qm,late_century,2080,2100,100.0,china_mask,27.23710874149824,1083,0.0,0.0,0.2932114005088806,1.0894612312316894,16.515644073486328,27.510091822728555,30.192991185635478,135.9076742553715,259.7789611816406,0.0
AWI-CM-1-1-MR,ssp245,paper_qm,historical,1994,2014,120.0,china_mask,34.20445140698712,1083,0.0,0.0,0.7523906826972961,1.623291163444519,22.033079147338867,34.6483285279045,36.67142051143777,158.33920776367208,314.2700500488281,17.116889922581823
AWI-CM-1-1-MR,ssp245,paper_qm,mid_century,2040,2060,120.0,china_mask,32.225691247250325,1083,0.0,0.0,0.5288943648338318,1.470254397392273,21.080957412719727,32.57717205634958,34.153263664092954,154.8976544189456,300.30743408203125,17.24357187504342
AWI-CM-1-1-MR,ssp245,paper_qm,late_century,2080,2100,120.0,china_mask,31.919587899968487,1083,0.0,0.0,0.3787984251976013,1.3764110755920411,19.654813766479492,32.23961764469481,34.608119902635835,155.5198062133794,294.2814636230469,17.191542622642842
AWI-CM-1-1-MR,ssp245,optimized,historical,1994,2014,80.0,china_mask,24.089445884707427,1083,0.0,0.0,0.4385642111301422,0.9687130415439605,14.875909805297852,24.402642805352876,27.15797507691665,116.8599845886232,238.39593505859375,-17.51713984809141
AWI-CM-1-1-MR,ssp245,optimized,mid_century,2040,2060,80.0,china_mask,22.713637312554177,1083,0.0,0.0,0.377745658159256,0.9037184607982636,14.21634578704834,23.01847553847569,25.59447785511267,114.76091506958015,230.66000366210938,-17.64653462668917
AWI-CM-1-1-MR,ssp245,optimized,late_century,2080,2100,80.0,china_mask,22.76493008971093,1083,0.0,0.0,0.3336126506328583,0.8775707125663758,13.84225082397461,23.04105692047932,26.01774340542833,116.05059082031262,226.20913696289062,-17.61175978095858
AWI-CM-1-1-MR,ssp245,optimized,historical,1994,2014,100.0,china_mask,29.205395933581745,1083,0.0,0.0,0.5901253819465637,1.286836564540863,18.51109504699707,29.58490827110005,32.03511083372228,138.10237518310566,277.51812744140625,0.0
AWI-CM-1-1-MR,ssp245,optimized,mid_century,2040,2060,100.0,china_mask,27.580669750316577,1083,0.0,0.0,0.5099175572395325,1.2043125629425049,17.67236328125,27.950015345108476,30.24809819478563,135.95087524414072,268.5006103515625,0.0
AWI-CM-1-1-MR,ssp245,optimized,late_century,2080,2100,100.0,china_mask,27.631285762612443,1083,0.0,0.0,0.4522944688796997,1.1660239458084107,17.159385681152344,27.96660900831443,30.738618349632542,137.44983428955092,263.4512939453125,0.0
AWI-CM-1-1-MR,ssp245,optimized,historical,1994,2014,120.0,china_mask,34.20445140698712,1083,0.0,0.0,0.7523906826972961,1.623291163444519,22.033079147338867,34.6483285279045,36.67142051143777,158.33920776367208,314.2700500488281,17.116889922581823
AWI-CM-1-1-MR,ssp245,optimized,mid_century,2040,2060,120.0,china_mask,32.34266460568028,1083,0.0,0.0,0.6518318057060242,1.5230539774894714,21.038074493408203,32.77463287797551,34.67937000441293,156.16884826660166,304.05548095703125,17.265696948164354
AWI-CM-1-1-MR,ssp245,optimized,late_century,2080,2100,120.0,china_mask,32.39104606909974,1083,0.0,0.0,0.5801898241043091,1.471286849975586,20.580055236816406,32.78392906636963,35.23253317302061,157.86332244873063,298.462158203125,17.22598198064191
AWI-CM-1-1-MR,ssp585,paper_qm,historical,1994,2014,80.0,china_mask,24.089445884707427,1083,0.0,0.0,0.4385642111301422,0.9687130415439605,14.875909805297852,24.402642805352876,27.15797507691665,116.8599845886232,238.39593505859375,-17.51713984809141
AWI-CM-1-1-MR,ssp585,paper_qm,mid_century,2040,2060,80.0,china_mask,23.181651771468022,1083,0.0,0.0,0.3674553632736206,0.8365422129631043,14.578805923461914,23.54852334138209,25.70927805954806,116.39581039428725,240.5231170654297,-17.53984130494215
AWI-CM-1-1-MR,ssp585,paper_qm,late_century,2080,2100,80.0,china_mask,21.770124808938903,1083,0.0,0.0,0.355651319026947,0.8188918328285217,13.662718772888184,22.097004956816043,24.359268750221517,113.28503036499028,214.62631225585938,-17.6204924470149
AWI-CM-1-1-MR,ssp585,paper_qm,historical,1994,2014,100.0,china_mask,29.205395933581745,1083,0.0,0.0,0.5901253819465637,1.286836564540863,18.51109504699707,29.58490827110005,32.03511083372228,138.10237518310566,277.51812744140625,0.0
AWI-CM-1-1-MR,ssp585,paper_qm,mid_century,2040,2060,100.0,china_mask,28.11254809391652,1083,0.0,0.0,0.4965630769729614,1.1147000694274902,18.1013126373291,28.554886489913955,30.354533979145792,137.4484255981447,279.6796569824219,0.0
AWI-CM-1-1-MR,ssp585,paper_qm,late_century,2080,2100,100.0,china_mask,26.426626542938155,1083,0.0,0.0,0.4795750081539154,1.0923088335990907,16.99396514892578,26.82065240869562,28.790237118666973,133.26129974365242,250.31301879882812,0.0
AWI-CM-1-1-MR,ssp585,paper_qm,historical,1994,2014,120.0,china_mask,34.20445140698712,1083,0.0,0.0,0.7523906826972961,1.623291163444519,22.033079147338867,34.6483285279045,36.67142051143777,158.33920776367208,314.2700500488281,17.116889922581823
AWI-CM-1-1-MR,ssp585,paper_qm,mid_century,2040,2060,120.0,china_mask,32.9317190475302,1083,0.0,0.0,0.6353713870048523,1.4097498106956483,21.560970306396484,33.447032747231255,34.77464834323871,157.48855804443377,316.43798828125,17.142419596808224
AWI-CM-1-1-MR,ssp585,paper_qm,late_century,2080,2100,120.0,china_mask,30.981619562846635,1083,0.0,0.0,0.6126294136047363,1.3825507998466493,20.308992385864258,31.440550010400244,33.01021872753747,152.87183258056643,283.8954772949219,17.23637715357842
AWI-CM-1-1-MR,ssp585,optimized,historical,1994,2014,80.0,china_mask,24.089445884707427,1083,0.0,0.0,0.4385642111301422,0.9687130415439605,14.875909805297852,24.402642805352876,27.15797507691665,116.8599845886232,238.39593505859375,-17.51713984809141
AWI-CM-1-1-MR,ssp585,optimized,mid_century,2040,2060,80.0,china_mask,23.232976353734543,1083,0.0,0.0,0.4194566309452057,0.9361400973796844,14.318719863891602,23.61867643016307,26.14703200470304,115.66588668823266,241.93276977539062,-17.581327480841924
AWI-CM-1-1-MR,ssp585,optimized,late_century,2080,2100,80.0,china_mask,22.221996516744838,1083,0.0,0.0,0.45300760865211487,0.9348683631420136,13.757259368896484,22.583055540878025,24.983385605113924,114.3631936645508,219.0194091796875,-17.660426606966308
AWI-CM-1-1-MR,ssp585,optimized,historical,1994,2014,100.0,china_mask,29.205395933581745,1083,0.0,0.0,0.5901253819465637,1.286836564540863,18.51109504699707,29.58490827110005,32.03511083372228,138.10237518310566,277.51812744140625,0.0
AWI-CM-1-1-MR,ssp585,optimized,mid_century,2040,2060,100.0,china_mask,28.18897179924134,1083,0.0,0.0,0.5642580389976501,1.2467264556884765,17.782676696777344,28.654186750713148,30.887323758208606,136.70003082275412,281.3860168457031,0.0
AWI-CM-1-1-MR,ssp585,optimized,late_century,2080,2100,100.0,china_mask,26.98823372653631,1083,0.0,0.0,0.6089804172515869,1.2430890321731567,17.120771408081055,27.42394045867638,29.54109842742246,134.82744812011725,255.44906616210938,0.0
AWI-CM-1-1-MR,ssp585,optimized,historical,1994,2014,120.0,china_mask,34.20445140698712,1083,0.0,0.0,0.7523906826972961,1.623291163444519,22.033079147338867,34.6483285279045,36.67142051143777,158.33920776367208,314.2700500488281,17.116889922581823
AWI-CM-1-1-MR,ssp585,optimized,mid_century,2040,2060,120.0,china_mask,33.03471978753725,1083,0.0,0.0,0.7192613482475281,1.57587824344635,21.295730590820312,33.576866360912696,35.399388952377926,156.73828430175797,318.42822265625,17.19022610262899
AWI-CM-1-1-MR,ssp585,optimized,late_century,2080,2100,120.0,china_mask,31.652429833818797,1083,0.0,0.0,0.7758321762084961,1.5693617725372315,20.53301239013672,32.1603881528503,33.88280970110363,154.4536996459962,289.731689453125,17.282331828541974
BCC-CSM2-MR,ssp126,paper_qm,historical,1994,2014,80.0,china_mask,24.791906096027024,760,0.0,0.0,0.4639953672885895,0.8766705220937729,14.660793781280518,25.082985878500498,32.23102158014819,119.84573020935056,502.7198181152344,-17.376976330049065
BCC-CSM2-MR,ssp126,paper_qm,mid_century,2040,2060,80.0,china_mask,25.390616693287814,760,0.0,0.0,0.49245429039001465,1.0267621809244156,15.431579113006592,25.720428850148853,32.19013104960759,121.21116821289061,499.6670837402344,-17.370102732833125
BCC-CSM2-MR,ssp126,paper_qm,late_century,2080,2100,80.0,china_mask,24.992291093385152,760,0.0,0.0,0.43485745787620544,0.9290905845165253,15.173817157745361,25.19146924822738,31.687003595671477,115.5077380371092,530.2310180664062,-17.43376596084505
BCC-CSM2-MR,ssp126,paper_qm,historical,1994,2014,100.0,china_mask,30.006050365648335,760,0.0,0.0,0.6280888319015503,1.1662136209011078,18.213298797607422,30.36159738498299,37.66640638949245,141.53495285034177,572.484375,0.0
BCC-CSM2-MR,ssp126,paper_qm,mid_century,2040,2060,100.0,china_mask,30.728123273822366,760,0.0,0.0,0.6610221862792969,1.3609191167354584,19.16736888885498,31.12866048899136,37.614923533870254,142.94070159912107,569.9407348632812,0.0
BCC-CSM2-MR,ssp126,paper_qm,late_century,2080,2100,100.0,china_mask,30.269384796614546,760,0.0,0.0,0.5849922895431519,1.2320493042469025,18.752561569213867,30.512957435611046,36.985071382503456,136.49994216918924,603.9736328125,0.0
BCC-CSM2-MR,ssp126,paper_qm,historical,1994,2014,120.0,china_mask,35.09517561218599,760,0.0,0.0,0.8045551180839539,1.4729002952575683,21.717507362365723,35.51352157600616,42.807102347179566,162.17722335815427,636.7658081054688,16.96033028180146
BCC-CSM2-MR,ssp126,paper_qm,mid_century,2040,2060,120.0,china_mask,35.9369977397147,760,0.0,0.0,0.8411349654197693,1.7137910056114196,22.822083473205566,36.40615457241473,42.74309140077339,163.56124542236324,634.772216796875,16.951489095104712
BCC-CSM2-MR,ssp126,paper_qm,late_century,2080,2100,120.0,china_mask,35.42234895485905,760,0.0,0.0,0.7457315921783447,1.5520927035808563,22.352828979492188,35.709092789574676,41.99212157595859,156.49715209960914,671.9177856445312,17.023683146744496
BCC-CSM2-MR,ssp126,optimized,historical,1994,2014,80.0,china_mask,24.791906096027024,760,0.0,0.0,0.4639953672885895,0.8766705220937729,14.660793781280518,25.082985878500498,32.23102158014819,119.84573020935056,502.7198181152344,-17.376976330049065
BCC-CSM2-MR,ssp126,optimized,mid_century,2040,2060,80.0,china_mask,25.047857990940546,760,0.0,0.0,0.5465387105941772,0.8976904487609864,14.788681507110596,25.368270282447337,32.27333747108389,121.32676139831541,497.8853759765625,-17.388251760766494
BCC-CSM2-MR,ssp126,optimized,late_century,2080,2100,80.0,china_mask,24.707444862896583,760,0.0,0.0,0.5388937592506409,0.9051284962892532,14.652291774749756,24.985866386639444,31.86007417259373,120.31905586242672,513.6527709960938,-17.433071968574954
BCC-CSM2-MR,ssp126,optimized,historical,1994,2014,100.0,china_mask,30.006050365648335,760,0.0,0.0,0.6280888319015503,1.1662136209011078,18.213298797607422,30.36159738498299,37.66640638949245,141.53495285034177,572.484375,0.0
BCC-CSM2-MR,ssp126,optimized,mid_century,2040,2060,100.0,china_mask,30.31997085741972,760,0.0,0.0,0.7334365248680115,1.1940759444236755,18.38920783996582,30.70995125354905,37.72690308881184,143.15155838012694,567.8035888671875,0.0
BCC-CSM2-MR,ssp126,optimized,late_century,2080,2100,100.0,china_mask,29.92414208930349,760,0.0,0.0,0.7232866883277893,1.2033095240592957,18.222463607788086,30.263592087673512,37.218689067025664,141.97026000976555,585.0057983398438,0.0
BCC-CSM2-MR,ssp126,optimized,historical,1994,2014,120.0,china_mask,35.09517561218599,760,0.0,0.0,0.8045551180839539,1.4729002952575683,21.717507362365723,35.51352157600616,42.807102347179566,162.17722335815427,636.7658081054688,16.96033028180146
BCC-CSM2-MR,ssp126,optimized,mid_century,2040,2060,120.0,china_mask,35.46610043204785,760,0.0,0.0,0.9330150485038757,1.5082390022277832,21.929716110229492,35.92369378405182,42.884324344438646,163.84216690063474,632.2977294921875,16.97273918509985
BCC-CSM2-MR,ssp126,optimized,late_century,2080,2100,120.0,china_mask,35.01842737440389,760,0.0,0.0,0.9202215075492859,1.5189983212947846,21.77340316772461,35.41721661263391,42.28596119212719,162.5709503173827,650.745361328125,17.023997780445566
BCC-CSM2-MR,ssp245,paper_qm,historical,1994,2014,80.0,china_mask,24.791906096027024,760,0.0,0.0,0.4639953672885895,0.8766705220937729,14.660793781280518,25.082985878500498,32.23102158014819,119.84573020935056,502.7198181152344,-17.376976330049065
BCC-CSM2-MR,ssp245,paper_qm,mid_century,2040,2060,80.0,china_mask,24.47745889131388,760,0.0,0.0,0.5535299181938171,1.0869145780801772,15.154333591461182,24.74775433571715,30.833908244995964,118.65521095275868,498.9924011230469,-17.45827512528705
BCC-CSM2-MR,ssp245,paper_qm,late_century,2080,2100,80.0,china_mask,24.328487158434346,760,0.0,0.0,0.582743227481842,1.1315686726570129,15.185822486877441,24.64460285627528,30.613142428709395,119.03047050476071,499.0545349121094,-17.471813474531118
BCC-CSM2-MR,ssp245,paper_qm,historical,1994,2014,100.0,china_mask,30.006050365648335,760,0.0,0.0,0.6280888319015503,1.1662136209011078,18.213298797607422,30.36159738498299,37.66640638949245,141.53495285034177,572.484375,0.0
BCC-CSM2-MR,ssp245,paper_qm,mid_century,2040,2060,100.0,china_mask,29.654649122570813,760,0.0,0.0,0.7462298274040222,1.4351636159420014,18.80109977722168,29.983767520283397,36.03615770071961,139.81483001708972,569.24462890625,0.0
BCC-CSM2-MR,ssp245,paper_qm,late_century,2080,2100,100.0,china_mask,29.479003698847027,760,0.0,0.0,0.7845912575721741,1.494412170648575,18.756160736083984,29.860654088462653,35.76746154219037,141.1118676757812,569.14404296875,0.0
BCC-CSM2-MR,ssp245,paper_qm,historical,1994,2014,120.0,china_mask,35.09517561218599,760,0.0,0.0,0.8045551180839539,1.4729002952575683,21.717507362365723,35.51352157600616,42.807102347179566,162.17722335815427,636.7658081054688,16.96033028180146
BCC-CSM2-MR,ssp245,paper_qm,mid_century,2040,2060,120.0,china_mask,34.711431808501196,760,0.0,0.0,0.9527176022529602,1.8015723657608032,22.357224464416504,35.09770008788297,40.955772986546236,159.92690628051744,634.0601196289062,17.052242516946702
BCC-CSM2-MR,ssp245,paper_qm,late_century,2080,2100,120.0,china_mask,34.51053872741368,760,0.0,0.0,1.0006202459335327,1.876244958639145,22.31567096710205,34.95545688428377,40.64124577741937,162.19370300292965,633.8072509765625,17.068199047593467
BCC-CSM2-MR,ssp245,optimized,historical,1994,2014,80.0,china_mask,24.791906096027024,760,0.0,0.0,0.4639953672885895,0.8766705220937729,14.660793781280518,25.082985878500498,32.23102158014819,119.84573020935056,502.7198181152344,-17.376976330049065
BCC-CSM2-MR,ssp245,optimized,mid_century,2040,2060,80.0,china_mask,24.35662913457192,760,0.0,0.0,0.5059370994567871,0.8955882132053375,14.589212417602539,24.655637131945085,31.218136795639047,119.4784049224852,494.8349304199219,-17.45712501200375
BCC-CSM2-MR,ssp245,optimized,late_century,2080,2100,80.0,china_mask,24.290261947726822,760,0.0,0.0,0.5177187323570251,0.9162050163745881,14.382598400115967,24.622615388663192,31.07007188586002,119.33274787902809,497.0101318359375,-17.463265870978482
BCC-CSM2-MR,ssp245,optimized,historical,1994,2014,100.0,china_mask,30.006050365648335,760,0.0,0.0,0.6280888319015503,1.1662136209011078,18.213298797607422,30.36159738498299,37.66640638949245,141.53495285034177,572.484375,0.0
BCC-CSM2-MR,ssp245,optimized,mid_century,2040,2060,100.0,china_mask,29.507851692970434,760,0.0,0.0,0.6832967400550842,1.1947866296768188,18.12545108795166,29.87220237153141,36.50852900687868,140.86703521728498,564.4008178710938,0.0
BCC-CSM2-MR,ssp245,optimized,late_century,2080,2100,100.0,china_mask,29.429637850410046,760,0.0,0.0,0.6989705562591553,1.2213403809070587,17.880349159240723,29.83226820097158,36.318709864738125,140.74179794311496,566.4856567382812,0.0
BCC-CSM2-MR,ssp245,optimized,historical,1994,2014,120.0,china_mask,35.09517561218599,760,0.0,0.0,0.8045551180839539,1.4729002952575683,21.717507362365723,35.51352157600616,42.807102347179566,162.17722335815427,636.7658081054688,16.96033028180146
BCC-CSM2-MR,ssp245,optimized,mid_century,2040,2060,120.0,china_mask,34.539295376360926,760,0.0,0.0,0.8736461997032166,1.5123496973514556,21.58273220062256,34.96720826241531,41.51440956685519,161.20630813598612,628.5726928710938,17.051202967070346
BCC-CSM2-MR,ssp245,optimized,late_century,2080,2100,120.0,china_mask,34.449913528780634,760,0.0,0.0,0.8934339880943298,1.5450038754940032,21.336830139160156,34.92061591501299,41.28419185384997,161.10203399658172,630.5463256835938,17.058571036070845
BCC-CSM2-MR,ssp585,paper_qm,historical,1994,2014,80.0,china_mask,24.791906096027024,760,0.0,0.0,0.4639953672885895,0.8766705220937729,14.660793781280518,25.082985878500498,32.23102158014819,119.84573020935056,502.7198181152344,-17.376976330049065
BCC-CSM2-MR,ssp585,paper_qm,mid_century,2040,2060,80.0,china_mask,24.27487609064094,760,0.0,0.0,0.6228697299957275,0.9470500338077545,15.069300174713135,24.537210162376102,30.67935374483215,116.04924354553219,510.92645263671875,-17.468238835378692
BCC-CSM2-MR,ssp585,paper_qm,late_century,2080,2100,80.0,china_mask,26.154935366035446,760,0.0,0.0,0.7102059721946716,1.1089182436466216,17.22178554534912,26.448092126846312,31.921155779318667,117.19064971923811,535.1586303710938,-17.336078426333934
BCC-CSM2-MR,ssp585,paper_qm,historical,1994,2014,100.0,china_mask,30.006050365648335,760,0.0,0.0,0.6280888319015503,1.1662136209011078,18.213298797607422,30.36159738498299,37.66640638949245,141.53495285034177,572.484375,0.0
BCC-CSM2-MR,ssp585,paper_qm,mid_century,2040,2060,100.0,china_mask,29.41276879118241,760,0.0,0.0,0.8383171558380127,1.2553320598602296,18.77634334564209,29.73258445898169,35.81679690800224,136.99883377075187,582.0169067382812,0.0
BCC-CSM2-MR,ssp585,paper_qm,late_century,2080,2100,100.0,china_mask,31.640085382021756,760,0.0,0.0,0.9511837363243103,1.4657954740524293,21.357388496398926,31.99446913458799,37.215878534588924,138.2454638671873,609.5366821289062,0.0
BCC-CSM2-MR,ssp585,paper_qm,historical,1994,2014,120.0,china_mask,35.09517561218599,760,0.0,0.0,0.8045551180839539,1.4729002952575683,21.717507362365723,35.51352157600616,42.807102347179566,162.17722335815427,636.7658081054688,16.96033028180146
BCC-CSM2-MR,ssp585,paper_qm,mid_century,2040,2060,120.0,china_mask,34.43229388428124,760,0.0,0.0,1.0640487670898438,1.5810092508792877,22.413846969604492,34.80796003718125,40.67362734743344,156.9442703247069,647.54052734375,17.065802708800494
BCC-CSM2-MR,ssp585,paper_qm,late_century,2080,2100,120.0,china_mask,36.99091861741985,760,0.0,0.0,1.207880973815918,1.8417924427986145,25.424050331115723,37.404384668563544,42.21395917545363,158.27318847656227,678.0726318359375,16.911563830477206
BCC-CSM2-MR,ssp585,optimized,historical,1994,2014,80.0,china_mask,24.791906096027024,760,0.0,0.0,0.4639953672885895,0.8766705220937729,14.660793781280518,25.082985878500498,32.23102158014819,119.84573020935056,502.7198181152344,-17.376976330049065
BCC-CSM2-MR,ssp585,optimized,mid_century,2040,2060,80.0,china_mask,24.452384153593236,760,0.0,0.0,0.5345813632011414,0.878416405916214,14.549865245819092,24.75135751319559,31.565059042876037,118.37611114501937,509.897705078125,-17.446838476331017
BCC-CSM2-MR,ssp585,optimized,late_century,2080,2100,80.0,china_mask,25.324560461824642,760,0.0,0.0,0.5719346404075623,0.9432428407669067,15.592712879180908,25.647559788274137,32.27972657368099,121.1529204559326,530.7562866210938,-17.376088506853804
BCC-CSM2-MR,ssp585,optimized,historical,1994,2014,100.0,china_mask,30.006050365648335,760,0.0,0.0,0.6280888319015503,1.1662136209011078,18.213298797607422,30.36159738498299,37.66640638949245,141.53495285034177,572.484375,0.0
BCC-CSM2-MR,ssp585,optimized,mid_century,2040,2060,100.0,china_mask,29.62016681406253,760,0.0,0.0,0.7215197682380676,1.170247073173523,18.13962459564209,29.98448416331881,36.87615695220422,139.90973220825174,580.81005859375,0.0
BCC-CSM2-MR,ssp585,optimized,late_century,2080,2100,100.0,china_mask,30.65040132350229,760,0.0,0.0,0.770394504070282,1.25343235373497,19.303972244262695,31.042515275666588,37.66681131727948,142.78420471191401,604.3151245117188,0.0
BCC-CSM2-MR,ssp585,optimized,historical,1994,2014,120.0,china_mask,35.09517561218599,760,0.0,0.0,0.8045551180839539,1.4729002952575683,21.717507362365723,35.51352157600616,42.807102347179566,162.17722335815427,636.7658081054688,16.96033028180146
BCC-CSM2-MR,ssp585,optimized,mid_century,2040,2060,120.0,china_mask,34.66767828742235,760,0.0,0.0,0.9220163226127625,1.479724406003952,21.72702121734619,35.095523827562204,41.89922863561349,160.42359909057595,646.163330078125,17.04079354125532
BCC-CSM2-MR,ssp585,optimized,late_century,2080,2100,120.0,china_mask,35.84845075743322,760,0.0,0.0,0.9828737378120422,1.581688984632492,22.958202362060547,36.30754773859915,42.75676629807413,163.349222869873,672.0804443359375,16.959156192010894
CAS-ESM2-0,ssp126,paper_qm,historical,1994,2014,80.0,china_mask,23.287500034895164,477,0.0,0.0,0.5061454176902771,0.8834436559677123,13.683308601379395,23.676721439296596,26.495547735009094,117.65505981445314,148.7698516845703,-17.526353245999704
CAS-ESM2-0,ssp126,paper_qm,mid_century,2040,2060,80.0,china_mask,23.619391319971275,477,0.0,0.0,0.4099622070789337,1.056807427406311,14.502510070800781,23.942884212707323,26.137436293779494,119.06886779785157,140.97775268554688,-17.536222972221793
CAS-ESM2-0,ssp126,paper_qm,late_century,2080,2100,80.0,china_mask,23.39049050950318,477,0.0,0.0,0.36202099919319153,0.9724147343635559,14.31624698638916,23.722890771659916,25.85048686596731,118.23355010986329,141.2120361328125,-17.521451862697457
CAS-ESM2-0,ssp126,paper_qm,historical,1994,2014,100.0,china_mask,28.23629238119706,477,0.0,0.0,0.680167019367218,1.1761380672454833,16.968948364257812,28.70627616786357,31.334151250879568,139.2300329589844,173.93203735351562,0.0
CAS-ESM2-0,ssp126,paper_qm,mid_century,2040,2060,100.0,china_mask,28.642141036075756,477,0.0,0.0,0.5517827272415161,1.4019704484939575,17.947019577026367,29.03236960889908,30.914618695327842,140.2887255859375,165.15814208984375,0.0
CAS-ESM2-0,ssp126,paper_qm,late_century,2080,2100,100.0,china_mask,28.359483814585204,477,0.0,0.0,0.48959919810295105,1.2785103034973144,17.714319229125977,28.75947748333903,30.57097274967841,139.70808044433593,165.3415069580078,0.0
CAS-ESM2-0,ssp126,paper_qm,historical,1994,2014,120.0,china_mask,33.072157032583064,477,0.0,0.0,0.8662685751914978,1.486298623085022,20.23682403564453,33.62039075545045,35.94245015763246,159.79751525878908,197.6721649169922,17.12641513305151
CAS-ESM2-0,ssp126,paper_qm,mid_century,2040,2060,120.0,china_mask,33.550477059078204,477,0.0,0.0,0.7037433385848999,1.7597720527648926,21.387733459472656,34.00530325416749,35.46456273879042,160.44459777832031,188.01141357421875,17.136763682645896
CAS-ESM2-0,ssp126,paper_qm,late_century,2080,2100,120.0,china_mask,33.21475973159774,477,0.0,0.0,0.6268382668495178,1.5998528003692627,21.090505599975586,33.68003520888102,35.06671133578075,160.05889282226565,188.1435546875,17.12046646813605
CAS-ESM2-0,ssp126,optimized,historical,1994,2014,80.0,china_mask,23.287500034895164,477,0.0,0.0,0.5061454176902771,0.8834436559677123,13.683308601379395,23.676721439296596,26.495547735009094,117.65505981445314,148.7698516845703,-17.526353245999704
CAS-ESM2-0,ssp126,optimized,mid_century,2040,2060,80.0,china_mask,23.832609065666546,477,0.0,0.0,0.5889477133750916,1.0613819789886474,14.753878593444824,24.192813282117903,26.57226678767741,116.78946014404302,143.98033142089844,-17.54044782211296
CAS-ESM2-0,ssp126,optimized,late_century,2080,2100,80.0,china_mask,23.648154265545553,477,0.0,0.0,0.6172970533370972,1.0413852214813233,14.331644058227539,24.014531613645815,26.409083664548362,117.93081359863282,145.35842895507812,-17.53271690629916
CAS-ESM2-0,ssp126,optimized,historical,1994,2014,100.0,china_mask,28.23629238119706,477,0.0,0.0,0.680167019367218,1.1761380672454833,16.968948364257812,28.70627616786357,31.334151250879568,139.2300329589844,173.93203735351562,0.0
CAS-ESM2-0,ssp126,optimized,mid_century,2040,2060,100.0,china_mask,28.902181052661202,477,0.0,0.0,0.7903141975402832,1.4080346250534057,18.363248825073242,29.336766295962864,31.424381614786498,138.14409301757817,168.56410217285156,0.0
CAS-ESM2-0,ssp126,optimized,late_century,2080,2100,100.0,china_mask,28.67580133405885,477,0.0,0.0,0.8251551389694214,1.3821518230438232,17.800735473632812,29.117466148090564,31.229471128897504,139.573955078125,170.01646423339844,0.0
CAS-ESM2-0,ssp126,optimized,historical,1994,2014,120.0,china_mask,33.072157032583064,477,0.0,0.0,0.8662685751914978,1.486298623085022,20.23682403564453,33.62039075545045,35.94245015763246,159.79751525878908,197.6721649169922,17.12641513305151
CAS-ESM2-0,ssp126,optimized,mid_century,2040,2060,120.0,china_mask,33.85646335437581,477,0.0,0.0,1.0053107738494873,1.7741846704483033,21.929964065551758,34.36305610188898,36.04478860458337,158.49574584960942,191.78273010253906,17.141551679742317
CAS-ESM2-0,ssp126,optimized,late_century,2080,2100,120.0,china_mask,33.588927401079765,477,0.0,0.0,1.0463792085647583,1.7422184991836547,21.255390167236328,34.103427418123005,35.8197810213005,160.20863525390627,193.28921508789062,17.133352298634776
CAS-ESM2-0,ssp245,paper_qm,historical,1994,2014,80.0,china_mask,23.287500034895164,477,0.0,0.0,0.5061454176902771,0.8834436559677123,13.683308601379395,23.676721439296596,26.495547735009094,117.65505981445314,148.7698516845703,-17.526353245999704
CAS-ESM2-0,ssp245,paper_qm,mid_century,2040,2060,80.0,china_mask,22.81301915674367,477,0.0,0.0,0.3741541802883148,0.9455457925796509,13.570918083190918,23.133523297072458,26.170895140695176,121.43276611328126,145.05438232421875,-17.518629649967764
CAS-ESM2-0,ssp245,paper_qm,late_century,2080,2100,80.0,china_mask,22.700067888630613,477,0.0,0.0,0.22364532947540283,0.8872583842277527,13.833192825317383,23.05144920782723,25.297071786350216,114.70778625488282,129.34251403808594,-17.573634618594735
CAS-ESM2-0,ssp245,paper_qm,historical,1994,2014,100.0,china_mask,28.23629238119706,477,0.0,0.0,0.680167019367218,1.1761380672454833,16.968948364257812,28.70627616786357,31.334151250879568,139.2300329589844,173.93203735351562,0.0
CAS-ESM2-0,ssp245,paper_qm,mid_century,2040,2060,100.0,china_mask,27.658390082427573,477,0.0,0.0,0.5038659572601318,1.2487720727920533,16.908905029296875,28.04614612528863,30.938718739502676,143.6072674560547,169.69863891601562,0.0
CAS-ESM2-0,ssp245,paper_qm,late_century,2080,2100,100.0,china_mask,27.539814213076497,477,0.0,0.0,0.30609697103500366,1.1765484476089478,17.154375076293945,27.962588007969927,29.952576538061535,135.49859313964845,151.9857635498047,0.0
CAS-ESM2-0,ssp245,paper_qm,historical,1994,2014,120.0,china_mask,33.072157032583064,477,0.0,0.0,0.8662685751914978,1.486298623085022,20.23682403564453,33.62039075545045,35.94245015763246,159.79751525878908,197.6721649169922,17.12641513305151
CAS-ESM2-0,ssp245,paper_qm,mid_century,2040,2060,120.0,china_mask,32.39308690922052,477,0.0,0.0,0.6430066227912903,1.5681482172012329,20.165124893188477,32.84607350551357,35.47879673126488,164.595478515625,192.96319580078125,17.11848308120103
CAS-ESM2-0,ssp245,paper_qm,late_century,2080,2100,120.0,china_mask,32.27107780067456,477,0.0,0.0,0.3957486152648926,1.4822286462783814,20.447181701660156,32.76280050545119,34.39051019706152,155.40298217773437,173.44485473632812,17.179722241377938
CAS-ESM2-0,ssp245,optimized,historical,1994,2014,80.0,china_mask,23.287500034895164,477,0.0,0.0,0.5061454176902771,0.8834436559677123,13.683308601379395,23.676721439296596,26.495547735009094,117.65505981445314,148.7698516845703,-17.526353245999704
CAS-ESM2-0,ssp245,optimized,mid_century,2040,2060,80.0,china_mask,23.47774152467409,477,0.0,0.0,0.6048463582992554,1.006457576751709,13.962103843688965,23.814412318810476,26.682811118958593,119.80225585937504,148.5128173828125,-17.52606496732456
CAS-ESM2-0,ssp245,optimized,late_century,2080,2100,80.0,china_mask,23.18911097671134,477,0.0,0.0,0.5586988925933838,1.0641912698745728,14.110225677490234,23.55887805703301,25.840226437531125,116.26169250488282,135.3529052734375,-17.5923437285862
CAS-ESM2-0,ssp245,optimized,historical,1994,2014,100.0,china_mask,28.23629238119706,477,0.0,0.0,0.680167019367218,1.1761380672454833,16.968948364257812,28.70627616786357,31.334151250879568,139.2300329589844,173.93203735351562,0.0
CAS-ESM2-0,ssp245,optimized,mid_century,2040,2060,100.0,china_mask,28.466862306706258,477,0.0,0.0,0.809354841709137,1.3364521598815917,17.343807220458984,28.874220296146984,31.536930476632218,141.07355590820316,173.62351989746094,0.0
CAS-ESM2-0,ssp245,optimized,late_century,2080,2100,100.0,china_mask,28.13951036337792,477,0.0,0.0,0.7502902150154114,1.4117217206954955,17.58279037475586,28.58526267732964,30.586992543128734,137.69079040527345,158.74093627929688,0.0
CAS-ESM2-0,ssp245,optimized,historical,1994,2014,120.0,china_mask,33.072157032583064,477,0.0,0.0,0.8662685751914978,1.486298623085022,20.23682403564453,33.62039075545045,35.94245015763246,159.79751525878908,197.6721649169922,17.12641513305151
CAS-ESM2-0,ssp245,optimized,mid_century,2040,2060,120.0,china_mask,33.34219684686063,477,0.0,0.0,1.0271681547164917,1.6852947473526,20.713388442993164,33.818123482808126,36.157746240831806,161.17703552246098,197.31088256835938,17.126350237081933
CAS-ESM2-0,ssp245,optimized,late_century,2080,2100,120.0,china_mask,32.97982925728877,477,0.0,0.0,0.9549853205680847,1.7787735605239867,21.04950714111328,33.49908994641194,35.1105039013193,158.13168090820312,180.8651123046875,17.201148248159527
CAS-ESM2-0,ssp585,paper_qm,historical,1994,2014,80.0,china_mask,23.287500034895164,477,0.0,0.0,0.5061454176902771,0.8834436559677123,13.683308601379395,23.676721439296596,26.495547735009094,117.65505981445314,148.7698516845703,-17.526353245999704
CAS-ESM2-0,ssp585,paper_qm,mid_century,2040,2060,80.0,china_mask,23.10563364253995,477,0.0,0.0,0.38059014081954956,0.9216976594924927,13.796775817871094,23.482886937116927,25.97075870953776,117.49982055664066,136.6722869873047,-17.521719511145672
CAS-ESM2-0,ssp585,paper_qm,late_century,2080,2100,80.0,china_mask,23.255545450793267,477,0.0,0.0,0.152829110622406,0.815283522605896,13.718547821044922,23.6197023402345,26.556696909764497,119.31841339111328,133.05731201171875,-17.49370475378127
CAS-ESM2-0,ssp585,paper_qm,historical,1994,2014,100.0,china_mask,28.23629238119706,477,0.0,0.0,0.680167019367218,1.1761380672454833,16.968948364257812,28.70627616786357,31.334151250879568,139.2300329589844,173.93203735351562,0.0
CAS-ESM2-0,ssp585,paper_qm,mid_century,2040,2060,100.0,china_mask,28.014203867480386,477,0.0,0.0,0.512557327747345,1.216266164779663,17.1733341217041,28.468694498204087,30.72661970203434,138.59814086914065,160.22503662109375,0.0
CAS-ESM2-0,ssp585,paper_qm,late_century,2080,2100,100.0,china_mask,28.186389149328665,477,0.0,0.0,0.21147091686725616,1.077962555885315,17.018901824951172,28.62434453312581,31.4218010227955,140.6107977294922,156.18614196777344,0.0
CAS-ESM2-0,ssp585,paper_qm,historical,1994,2014,120.0,china_mask,33.072157032583064,477,0.0,0.0,0.8662685751914978,1.486298623085022,20.23682403564453,33.62039075545045,35.94245015763246,159.79751525878908,197.6721649169922,17.12641513305151
CAS-ESM2-0,ssp585,paper_qm,mid_century,2040,2060,120.0,china_mask,32.810476744652206,477,0.0,0.0,0.6540552377700806,1.5264200448989869,20.51230239868164,33.33965238060341,35.25760405796308,158.65338317871098,182.5020751953125,17.120860902777444
CAS-ESM2-0,ssp585,paper_qm,late_century,2080,2100,120.0,china_mask,33.00278365803739,477,0.0,0.0,0.27585369348526,1.3549332189559935,20.23183822631836,33.51195685706049,36.05683024883277,160.84338317871095,178.08731079101562,17.08766058395046
CAS-ESM2-0,ssp585,optimized,historical,1994,2014,80.0,china_mask,23.287500034895164,477,0.0,0.0,0.5061454176902771,0.8834436559677123,13.683308601379395,23.676721439296596,26.495547735009094,117.65505981445314,148.7698516845703,-17.526353245999704
CAS-ESM2-0,ssp585,optimized,mid_century,2040,2060,80.0,china_mask,23.53855024299143,477,0.0,0.0,0.5850232243537903,1.0054873609542847,14.144216537475586,23.91651557401541,26.258841670611012,116.89829711914066,140.8511962890625,-17.54464626594495
CAS-ESM2-0,ssp585,optimized,late_century,2080,2100,80.0,china_mask,23.586709833712234,477,0.0,0.0,0.5153514742851257,1.0443829822540283,14.103157997131348,23.95078269678092,26.59999957256257,120.41627014160157,141.79766845703125,-17.5328679822238
CAS-ESM2-0,ssp585,optimized,historical,1994,2014,100.0,china_mask,28.23629238119706,477,0.0,0.0,0.680167019367218,1.1761380672454833,16.968948364257812,28.70627616786357,31.334151250879568,139.2300329589844,173.93203735351562,0.0
CAS-ESM2-0,ssp585,optimized,mid_century,2040,2060,100.0,china_mask,28.547024755858548,477,0.0,0.0,0.7857455611228943,1.3352391672134398,17.595273971557617,29.00272065551026,31.0625020585497,138.29183288574222,164.94541931152344,0.0
CAS-ESM2-0,ssp585,optimized,late_century,2080,2100,100.0,china_mask,28.60134608370763,477,0.0,0.0,0.6939164996147156,1.3865257358551024,17.560054779052734,29.040611011802024,31.45929874467876,142.4181671142578,166.03114318847656,0.0
CAS-ESM2-0,ssp585,optimized,historical,1994,2014,120.0,china_mask,33.072157032583064,477,0.0,0.0,0.8662685751914978,1.486298623085022,20.23682403564453,33.62039075545045,35.94245015763246,159.79751525878908,197.6721649169922,17.12641513305151
CAS-ESM2-0,ssp585,optimized,mid_century,2040,2060,120.0,china_mask,33.44194885401488,477,0.0,0.0,1.00019109249115,1.6838632822036743,21.00628089904785,33.97285085079305,35.63808722098552,158.6833874511719,187.70989990234375,17.146880069005356
CAS-ESM2-0,ssp585,optimized,late_century,2080,2100,120.0,china_mask,33.50173314089994,477,0.0,0.0,0.8851533532142639,1.748097734451294,21.010129928588867,34.01377860892494,36.08701907526695,163.37814208984375,188.9231414794922,17.133414080758058
CESM2-WACCM,ssp126,paper_qm,historical,1994,2014,80.0,china_mask,23.166356306228458,805,0.0,0.0,0.19801311194896698,0.8296945476531983,13.801607131958008,23.485078452148052,25.473358877554336,107.17531250000003,169.98045349121094,-17.598882606446786
CESM2-WACCM,ssp126,paper_qm,mid_century,2040,2060,80.0,china_mask,21.609512363846566,805,0.0,0.0,0.2494560033082962,0.5858175754547119,10.435200691223145,21.772941605071104,26.969026718882102,114.61339233398438,188.24874877929688,-17.417901307641404
CESM2-WACCM,ssp126,paper_qm,late_century,2080,2100,80.0,china_mask,21.985618674944224,805,0.0,0.0,0.2675834894180298,0.5506832408905029,11.203116416931152,22.085552771343206,26.041369895940257,109.2138977050782,171.4990692138672,-17.506124963282744
CESM2-WACCM,ssp126,paper_qm,historical,1994,2014,100.0,china_mask,28.114128835880223,805,0.0,0.0,0.27217113971710205,1.0977647876739502,17.17192268371582,28.50007966571713,30.137156726864152,126.2267861938477,199.03001403808594,0.0
CESM2-WACCM,ssp126,paper_qm,mid_century,2040,2060,100.0,china_mask,26.167308298070797,805,0.0,0.0,0.34198641777038574,0.7791691088676453,13.05092716217041,26.368679886686134,31.84310363741737,135.2204986572266,218.88754272460938,0.0
CESM2-WACCM,ssp126,paper_qm,late_century,2080,2100,100.0,china_mask,26.65121339633837,805,0.0,0.0,0.35853111743927,0.7316194343566894,14.050459861755371,26.774664942892443,30.813039059359294,128.65868530273443,200.7064971923828,0.0
CESM2-WACCM,ssp126,paper_qm,historical,1994,2014,120.0,china_mask,32.95235013533235,805,0.0,0.0,0.35307490825653076,1.3805071783065797,20.35577964782715,33.403536668771544,34.5810514312415,144.33110412597662,226.46331787109375,17.209216503544745
CESM2-WACCM,ssp126,paper_qm,mid_century,2040,2060,120.0,china_mask,30.61829228616435,805,0.0,0.0,0.44267430901527405,0.988731541633606,15.686606407165527,30.856922629716234,36.48159019464077,154.824486694336,247.67730712890625,17.00971279656496
CESM2-WACCM,ssp126,paper_qm,late_century,2080,2100,120.0,china_mask,31.210112040428683,805,0.0,0.0,0.45579245686531067,0.9232702565193176,16.870487213134766,31.356675499603615,35.36191361122921,147.15156738281252,228.282958984375,17.10578267598377
CESM2-WACCM,ssp126,optimized,historical,1994,2014,80.0,china_mask,23.166356306228458,805,0.0,0.0,0.19801311194896698,0.8296945476531983,13.801607131958008,23.485078452148052,25.473358877554336,107.17531250000003,169.98045349121094,-17.598882606446786
CESM2-WACCM,ssp126,optimized,mid_century,2040,2060,80.0,china_mask,22.891828335812303,805,0.0,0.0,0.22119779884815216,0.8218781661987306,12.32606315612793,23.12366535857968,26.82405446126922,117.51807922363294,182.80259704589844,-17.504508090608773
CESM2-WACCM,ssp126,optimized,late_century,2080,2100,80.0,china_mask,23.055562433057595,805,0.0,0.0,0.23851382732391357,0.8440583205223083,13.099749565124512,23.259409404763524,25.924071422958843,110.97803710937514,167.2740936279297,-17.586519264498413
CESM2-WACCM,ssp126,optimized,historical,1994,2014,100.0,china_mask,28.114128835880223,805,0.0,0.0,0.27217113971710205,1.0977647876739502,17.17192268371582,28.50007966571713,30.137156726864152,126.2267861938477,199.03001403808594,0.0
CESM2-WACCM,ssp126,optimized,mid_century,2040,2060,100.0,china_mask,27.749187023401838,805,0.0,0.0,0.3036874830722809,1.088809609413147,15.384233474731445,28.03256310220831,31.678653459079154,138.70807861328143,212.74044799804688,0.0
CESM2-WACCM,ssp126,optimized,late_century,2080,2100,100.0,china_mask,27.975474676348497,805,0.0,0.0,0.3270280659198761,1.1172420692443847,16.283674240112305,28.22443162806286,30.66093124197392,130.64202209472668,195.92494201660156,0.0
CESM2-WACCM,ssp126,optimized,historical,1994,2014,120.0,china_mask,32.95235013533235,805,0.0,0.0,0.35307490825653076,1.3805071783065797,20.35577964782715,33.403536668771544,34.5810514312415,144.33110412597662,226.46331787109375,17.209216503544745
CESM2-WACCM,ssp126,optimized,mid_century,2040,2060,120.0,china_mask,32.4960779596455,805,0.0,0.0,0.39358019828796387,1.3706497192382814,18.46730613708496,32.82980713325998,36.29789229914732,158.7307135009768,240.89480590820312,17.106414441044503
CESM2-WACCM,ssp126,optimized,late_century,2080,2100,120.0,china_mask,32.78651159011976,805,0.0,0.0,0.4233604669570923,1.4055048894882203,19.509685516357422,33.079512270118876,35.173451420746325,149.33131164550792,222.9947509765625,17.197337916266676
CESM2-WACCM,ssp245,paper_qm,historical,1994,2014,80.0,china_mask,23.166356306228458,805,0.0,0.0,0.19801311194896698,0.8296945476531983,13.801607131958008,23.485078452148052,25.473358877554336,107.17531250000003,169.98045349121094,-17.598882606446786
CESM2-WACCM,ssp245,paper_qm,mid_century,2040,2060,80.0,china_mask,22.25449532769009,805,0.0,0.0,0.17520520091056824,0.6520385265350341,12.884328842163086,22.416911706161795,25.78512101265532,111.88626770019532,175.26034545898438,-17.453663425036247
CESM2-WACCM,ssp245,paper_qm,late_century,2080,2100,80.0,china_mask,21.464054781200446,805,0.0,0.0,0.1558360457420349,0.6626993250846863,12.644766807556152,21.67177839145897,24.481083565720425,104.97817260742195,153.02052307128906,-17.601413381125795
CESM2-WACCM,ssp245,paper_qm,historical,1994,2014,100.0,china_mask,28.114128835880223,805,0.0,0.0,0.27217113971710205,1.0977647876739502,17.17192268371582,28.50007966571713,30.137156726864152,126.2267861938477,199.03001403808594,0.0
CESM2-WACCM,ssp245,paper_qm,mid_century,2040,2060,100.0,china_mask,26.960003618670417,805,0.0,0.0,0.24116486310958862,0.8693286871910095,16.05950164794922,27.161147894844504,30.415667909703757,131.58675537109377,204.98817443847656,0.0
CESM2-WACCM,ssp245,paper_qm,late_century,2080,2100,100.0,china_mask,26.049056982591367,805,0.0,0.0,0.21553073823451996,0.8846557879447937,15.760697364807129,26.303387493061724,28.961337861212506,123.19790802001957,179.61305236816406,0.0
CESM2-WACCM,ssp245,paper_qm,historical,1994,2014,120.0,china_mask,32.95235013533235,805,0.0,0.0,0.35307490825653076,1.3805071783065797,20.35577964782715,33.403536668771544,34.5810514312415,144.33110412597662,226.46331787109375,17.209216503544745
CESM2-WACCM,ssp245,paper_qm,mid_century,2040,2060,120.0,china_mask,31.55691719391204,805,0.0,0.0,0.31323757767677307,1.100091586112976,19.142601013183594,31.79618310250851,34.81920225970147,149.69989074707033,233.04287719726562,17.050864088379257
CESM2-WACCM,ssp245,paper_qm,late_century,2080,2100,120.0,china_mask,30.534008351575963,805,0.0,0.0,0.28101545572280884,1.1205253219604492,18.874624252319336,30.83392971391263,33.23081588140424,140.89391235351565,204.78646850585938,17.217327183789788
CESM2-WACCM,ssp245,optimized,historical,1994,2014,80.0,china_mask,23.166356306228458,805,0.0,0.0,0.19801311194896698,0.8296945476531983,13.801607131958008,23.485078452148052,25.473358877554336,107.17531250000003,169.98045349121094,-17.598882606446786
CESM2-WACCM,ssp245,optimized,mid_century,2040,2060,80.0,china_mask,23.328874093217838,805,0.0,0.0,0.21532784402370453,0.8391161990165711,13.518702507019043,23.5432148295715,26.251138164348035,113.70648895263672,167.30665588378906,-17.505402457653354
CESM2-WACCM,ssp245,optimized,late_century,2080,2100,80.0,china_mask,22.660576819215127,805,0.0,0.0,0.20638662576675415,0.858901596069336,13.312100410461426,22.93398468612884,25.05807881241102,105.31649047851563,153.15855407714844,-17.637036311709565
CESM2-WACCM,ssp245,optimized,historical,1994,2014,100.0,china_mask,28.114128835880223,805,0.0,0.0,0.27217113971710205,1.0977647876739502,17.17192268371582,28.50007966571713,30.137156726864152,126.2267861938477,199.03001403808594,0.0
CESM2-WACCM,ssp245,optimized,mid_century,2040,2060,100.0,china_mask,28.27927499281697,805,0.0,0.0,0.2956176996231079,1.1121769809722901,16.815372467041016,28.542486582927822,30.992272867364466,133.6972888183594,195.83111572265625,0.0
CESM2-WACCM,ssp245,optimized,late_century,2080,2100,100.0,china_mask,27.513066315796973,805,0.0,0.0,0.28374776244163513,1.1358157777786255,16.497074127197266,27.846093417583784,29.65796384646963,124.55201324462892,179.1834259033203,0.0
CESM2-WACCM,ssp245,optimized,historical,1994,2014,120.0,china_mask,32.95235013533235,805,0.0,0.0,0.35307490825653076,1.3805071783065797,20.35577964782715,33.403536668771544,34.5810514312415,144.33110412597662,226.46331787109375,17.209216503544745
CESM2-WACCM,ssp245,optimized,mid_century,2040,2060,120.0,china_mask,33.11714888357574,805,0.0,0.0,0.3831135332584381,1.4006168508529664,20.102907180786133,33.428224940366626,35.50324334358411,152.31640686035155,222.77273559570312,17.107489113450058
CESM2-WACCM,ssp245,optimized,late_century,2080,2100,120.0,china_mask,32.2606218529893,805,0.0,0.0,0.36815565824508667,1.4277855777740478,19.741605758666992,32.651764061214024,34.042403567571874,142.1731396484375,203.7711181640625,17.255639493975483
CESM2-WACCM,ssp585,paper_qm,historical,1994,2014,80.0,china_mask,23.166356306228458,805,0.0,0.0,0.19801311194896698,0.8296945476531983,13.801607131958008,23.485078452148052,25.473358877554336,107.17531250000003,169.98045349121094,-17.598882606446786
CESM2-WACCM,ssp585,paper_qm,mid_century,2040,2060,80.0,china_mask,22.670729986804943,805,0.0,0.0,0.2503715455532074,0.7771018862724305,12.927574157714844,22.87295861858759,26.323460310498163,112.45717926025394,189.99163818359375,-17.37782344293174
CESM2-WACCM,ssp585,paper_qm,late_century,2080,2100,80.0,china_mask,21.41987750793563,805,0.0,0.0,0.22940433025360107,0.6959774112701416,12.020882606506348,21.574051225740718,25.4217853265206,112.18636169433611,208.98654174804688,-17.427127351700722
CESM2-WACCM,ssp585,paper_qm,historical,1994,2014,100.0,china_mask,28.114128835880223,805,0.0,0.0,0.27217113971710205,1.0977647876739502,17.17192268371582,28.50007966571713,30.137156726864152,126.2267861938477,199.03001403808594,0.0
CESM2-WACCM,ssp585,paper_qm,mid_century,2040,2060,100.0,china_mask,27.43903747336644,805,0.0,0.0,0.3427466154098511,1.030593671798706,16.04696273803711,27.68740462916238,31.029685975432287,132.40726379394536,221.89320373535156,0.0
CESM2-WACCM,ssp585,paper_qm,late_century,2080,2100,100.0,china_mask,25.940574453754103,805,0.0,0.0,0.31457051634788513,0.9217394876480103,15.10383129119873,26.130424246321553,29.983853317252127,131.65651977539076,243.60935974121094,0.0
CESM2-WACCM,ssp585,paper_qm,historical,1994,2014,120.0,china_mask,32.95235013533235,805,0.0,0.0,0.35307490825653076,1.3805071783065797,20.35577964782715,33.403536668771544,34.5810514312415,144.33110412597662,226.46331787109375,17.209216503544745
CESM2-WACCM,ssp585,paper_qm,mid_century,2040,2060,120.0,china_mask,32.09406396746418,805,0.0,0.0,0.4431447684764862,1.2985233306884767,19.154817581176758,32.38759425112179,35.502927336736526,151.37235534667977,251.9542999267578,16.964977356134003
CESM2-WACCM,ssp585,paper_qm,late_century,2080,2100,120.0,china_mask,30.35579686492215,805,0.0,0.0,0.4072858989238739,1.1601602458953857,17.999937057495117,30.58060013585209,34.32211282682629,150.09708251953137,276.1781311035156,17.020526739064113
CESM2-WACCM,ssp585,optimized,historical,1994,2014,80.0,china_mask,23.166356306228458,805,0.0,0.0,0.19801311194896698,0.8296945476531983,13.801607131958008,23.485078452148052,25.473358877554336,107.17531250000003,169.98045349121094,-17.598882606446786
CESM2-WACCM,ssp585,optimized,mid_century,2040,2060,80.0,china_mask,23.646903395306055,805,0.0,0.0,0.23408925533294678,0.8810129237174988,13.643537521362305,23.905422761499512,26.57121836304304,112.1801843261719,174.219482421875,-17.456246470322245
CESM2-WACCM,ssp585,optimized,late_century,2080,2100,80.0,china_mask,22.693028412022016,805,0.0,0.0,0.22698654234409332,0.8377473878860474,13.171900749206543,22.912448400684767,25.735049244573663,111.29793731689456,185.43145751953125,-17.527613496017324
CESM2-WACCM,ssp585,optimized,historical,1994,2014,100.0,china_mask,28.114128835880223,805,0.0,0.0,0.27217113971710205,1.0977647876739502,17.17192268371582,28.50007966571713,30.137156726864152,126.2267861938477,199.03001403808594,0.0
CESM2-WACCM,ssp585,optimized,mid_century,2040,2060,100.0,china_mask,28.647720008036774,805,0.0,0.0,0.32080337405204773,1.1651643419265747,16.960628509521484,28.96358364809374,31.35317492472254,132.89596862792973,203.808837890625,0.0
CESM2-WACCM,ssp585,optimized,late_century,2080,2100,100.0,china_mask,27.515910929685717,805,0.0,0.0,0.31150493025779724,1.1090787887573244,16.389896392822266,27.78447481901009,30.386699407264743,131.0843768310547,216.65821838378906,0.0
CESM2-WACCM,ssp585,optimized,historical,1994,2014,120.0,china_mask,32.95235013533235,805,0.0,0.0,0.35307490825653076,1.3805071783065797,20.35577964782715,33.403536668771544,34.5810514312415,144.33110412597662,226.46331787109375,17.209216503544745
CESM2-WACCM,ssp585,optimized,mid_century,2040,2060,120.0,china_mask,33.53271242846513,805,0.0,0.0,0.4151467978954315,1.464746503829956,20.232973098754883,33.90454416656346,35.90101652763423,152.66819580078135,231.73536682128906,17.05194137284898
CESM2-WACCM,ssp585,optimized,late_century,2080,2100,120.0,china_mask,32.23030474609847,805,0.0,0.0,0.40356674790382385,1.3954172468185426,19.65235710144043,32.54688936919899,34.81281144192698,150.26137817382815,246.09658813476562,17.133337247892456
CMCC-CM2-SR5,ssp126,paper_qm,historical,1994,2014,80.0,china_mask,23.154165887239202,805,0.0,0.0,0.19550533592700958,0.8072207307815553,13.894485473632812,23.425080783489328,25.68681941636815,108.99546264648441,169.10897827148438,-17.556857871994612
CMCC-CM2-SR5,ssp126,paper_qm,mid_century,2040,2060,80.0,china_mask,20.84103693214856,805,0.0,0.0,0.1879553645849228,0.5368476533889771,11.645223617553711,21.23226970584126,24.221830909565455,105.54540802001962,146.11831665039062,-17.569813011256517
CMCC-CM2-SR5,ssp126,paper_qm,late_century,2080,2100,80.0,china_mask,19.91755693350847,805,0.0,0.0,0.18161486089229584,0.4107763159275055,10.716833114624023,20.121001018704096,23.81312487360334,104.01198486328128,161.577392578125,-17.568715374788923
CMCC-CM2-SR5,ssp126,paper_qm,historical,1994,2014,100.0,china_mask,28.085011426770798,805,0.0,0.0,0.2688758671283722,1.0699256563186648,17.23335838317871,28.413626596757343,30.36737305579927,128.31256164550783,198.06224060058594,0.0
CMCC-CM2-SR5,ssp126,paper_qm,mid_century,2040,2060,100.0,china_mask,25.28325810421196,805,0.0,0.0,0.2588454782962799,0.7214418888092041,14.475683212280273,25.75347821009085,28.661595686515373,124.66199432373057,171.7905731201172,0.0
CMCC-CM2-SR5,ssp126,paper_qm,late_century,2080,2100,100.0,china_mask,24.16261862722059,805,0.0,0.0,0.2504456639289856,0.5518372559547424,13.380134582519531,24.408875562167317,28.149762166502455,122.04872650146484,188.30787658691406,0.0
CMCC-CM2-SR5,ssp126,paper_qm,historical,1994,2014,120.0,china_mask,32.90496413461544,805,0.0,0.0,0.34895679354667664,1.347408905029297,20.55698013305664,33.28964221518232,34.82457266138547,146.67139282226563,225.41419982910156,17.16201084842799
CMCC-CM2-SR5,ssp126,paper_qm,mid_century,2040,2060,120.0,china_mask,29.627456711538585,805,0.0,0.0,0.33631888031959534,0.9187528848648072,17.29107093811035,30.17390188915389,32.89385878914742,142.61311157226572,196.12741088867188,17.182115490894432
CMCC-CM2-SR5,ssp126,paper_qm,late_century,2080,2100,120.0,china_mask,28.314620457189214,805,0.0,0.0,0.3257507383823395,0.7028331518173218,16.033681869506836,28.602367596818794,32.28160171313573,140.01921203613284,213.48574829101562,17.18357556366492
CMCC-CM2-SR5,ssp126,optimized,historical,1994,2014,80.0,china_mask,23.154165887239202,805,0.0,0.0,0.19550533592700958,0.8072207307815553,13.894485473632812,23.425080783489328,25.68681941636815,108.99546264648441,169.10897827148438,-17.556857871994612
CMCC-CM2-SR5,ssp126,optimized,mid_century,2040,2060,80.0,china_mask,22.27872126275551,805,0.0,0.0,0.215217724442482,0.7979724931716919,12.830090522766113,22.677839486143604,24.80069844466087,106.44566467285158,151.48805236816406,-17.65036234018683
CMCC-CM2-SR5,ssp126,optimized,late_century,2080,2100,80.0,china_mask,21.868258267802638,805,0.0,0.0,0.2118123322725296,0.8158677935600281,12.778645515441895,22.137098825921925,24.690117745855765,108.65341735839847,164.72067260742188,-17.646482066389723
CMCC-CM2-SR5,ssp126,optimized,historical,1994,2014,100.0,china_mask,28.085011426770798,805,0.0,0.0,0.2688758671283722,1.0699256563186648,17.23335838317871,28.413626596757343,30.36737305579927,128.31256164550783,198.06224060058594,0.0
CMCC-CM2-SR5,ssp126,optimized,mid_century,2040,2060,100.0,china_mask,27.0538182023205,805,0.0,0.0,0.2956922650337219,1.0619240617752075,15.979190826416016,27.53444892019959,29.359557648750332,126.25551086425783,177.0392608642578,0.0
CMCC-CM2-SR5,ssp126,optimized,late_century,2080,2100,100.0,china_mask,26.55412763961322,805,0.0,0.0,0.29081231355667114,1.0835301637649537,15.909003257751465,26.879964512475528,29.201856427486188,128.0817623901368,192.0518341064453,0.0
CMCC-CM2-SR5,ssp126,optimized,historical,1994,2014,120.0,china_mask,32.90496413461544,805,0.0,0.0,0.34895679354667664,1.347408905029297,20.55698013305664,33.28964221518232,34.82457266138547,146.67139282226563,225.41419982910156,17.16201084842799
CMCC-CM2-SR5,ssp126,optimized,mid_century,2040,2060,120.0,china_mask,31.726421673983364,805,0.0,0.0,0.3834415674209595,1.341612229347229,19.125499725341797,32.28584060187666,33.70610545956218,145.1817779541016,201.16844177246094,17.27151205319357
CMCC-CM2-SR5,ssp126,optimized,late_century,2080,2100,120.0,china_mask,31.139828008124578,805,0.0,0.0,0.37690865993499756,1.366718158721924,19.03514289855957,31.5210093157632,33.50103091003949,146.56573242187508,217.80552673339844,17.269256330870576
CMCC-CM2-SR5,ssp245,paper_qm,historical,1994,2014,80.0,china_mask,23.154165887239202,805,0.0,0.0,0.19550533592700958,0.8072207307815553,13.894485473632812,23.425080783489328,25.68681941636815,108.99546264648441,169.10897827148438,-17.556857871994612
CMCC-CM2-SR5,ssp245,paper_qm,mid_century,2040,2060,80.0,china_mask,20.617042054212824,805,0.0,0.0,0.12194578349590302,0.6896568083763123,12.087315559387207,20.93323069442503,23.370805763265363,100.0657147216798,148.21414184570312,-17.606705524264953
CMCC-CM2-SR5,ssp245,paper_qm,late_century,2080,2100,80.0,china_mask,19.56196940161869,805,0.0,0.0,0.10201432555913925,0.7173445892333984,11.098489761352539,19.792969118651026,22.667519443294704,100.82942382812503,163.79608154296875,-17.637341821262474
CMCC-CM2-SR5,ssp245,paper_qm,historical,1994,2014,100.0,china_mask,28.085011426770798,805,0.0,0.0,0.2688758671283722,1.0699256563186648,17.23335838317871,28.413626596757343,30.36737305579927,128.31256164550783,198.06224060058594,0.0
CMCC-CM2-SR5,ssp245,paper_qm,mid_century,2040,2060,100.0,china_mask,25.02271839644011,805,0.0,0.0,0.16920176148414612,0.9179312682151795,15.086560249328613,25.40420683055931,27.654534346773204,118.03693023681652,173.3169708251953,0.0
CMCC-CM2-SR5,ssp245,paper_qm,late_century,2080,2100,100.0,china_mask,23.75101755356986,805,0.0,0.0,0.1419222205877304,0.9478836870193481,13.886590957641602,24.030972896358982,26.809038415964558,119.46817291259772,191.83787536621094,0.0
CMCC-CM2-SR5,ssp245,paper_qm,historical,1994,2014,120.0,china_mask,32.90496413461544,805,0.0,0.0,0.34895679354667664,1.347408905029297,20.55698013305664,33.28964221518232,34.82457266138547,146.67139282226563,225.41419982910156,17.16201084842799
CMCC-CM2-SR5,ssp245,paper_qm,mid_century,2040,2060,120.0,china_mask,29.332602589740883,805,0.0,0.0,0.2212083637714386,1.1599241161346436,18.01590347290039,29.77729351094791,31.737854007879534,135.14315429687508,197.0286865234375,17.223884811467684
CMCC-CM2-SR5,ssp245,paper_qm,late_century,2080,2100,120.0,china_mask,27.85095228524036,805,0.0,0.0,0.18594439327716827,1.190796685218811,16.68150520324707,28.17842480860512,30.75625157392207,137.2614306640626,218.3318328857422,17.262143495213177
CMCC-CM2-SR5,ssp245,optimized,historical,1994,2014,80.0,china_mask,23.154165887239202,805,0.0,0.0,0.19550533592700958,0.8072207307815553,13.894485473632812,23.425080783489328,25.68681941636815,108.99546264648441,169.10897827148438,-17.556857871994612
CMCC-CM2-SR5,ssp245,optimized,mid_century,2040,2060,80.0,china_mask,22.38526434984799,805,0.0,0.0,0.20432743430137634,0.8783701777458192,13.25667667388916,22.734173661581476,24.53950667429792,104.46202575683603,152.18751525878906,-17.652960703315802
CMCC-CM2-SR5,ssp245,optimized,late_century,2080,2100,80.0,china_mask,21.797576846707837,805,0.0,0.0,0.1997753530740738,0.8773970937728882,12.966310501098633,22.094769914679645,24.0781984017991,106.71830596923837,160.4254913330078,-17.693032053431235
CMCC-CM2-SR5,ssp245,optimized,historical,1994,2014,100.0,china_mask,28.085011426770798,805,0.0,0.0,0.2688758671283722,1.0699256563186648,17.23335838317871,28.413626596757343,30.36737305579927,128.31256164550783,198.06224060058594,0.0
CMCC-CM2-SR5,ssp245,optimized,mid_century,2040,2060,100.0,china_mask,27.18405487439226,805,0.0,0.0,0.2810659110546112,1.1626131296157838,16.573240280151367,27.605287069230346,29.05195687079931,123.98746948242197,178.65994262695312,0.0
CMCC-CM2-SR5,ssp245,optimized,late_century,2080,2100,100.0,china_mask,26.48327036036387,805,0.0,0.0,0.2747630178928375,1.1598370933532716,16.136232376098633,26.84338548860935,28.50078015149476,126.6011886596681,188.0986785888672,0.0
CMCC-CM2-SR5,ssp245,optimized,historical,1994,2014,120.0,china_mask,32.90496413461544,805,0.0,0.0,0.34895679354667664,1.347408905029297,20.55698013305664,33.28964221518232,34.82457266138547,146.67139282226563,225.41419982910156,17.16201084842799
CMCC-CM2-SR5,ssp245,optimized,mid_century,2040,2060,120.0,china_mask,31.879692622475815,805,0.0,0.0,0.36483365297317505,1.4624600744247438,19.827428817749023,32.37096391027759,33.3541463372784,142.2010217285157,203.72320556640625,17.273500107987605
CMCC-CM2-SR5,ssp245,optimized,late_century,2080,2100,120.0,china_mask,31.070575564140007,805,0.0,0.0,0.35661086440086365,1.457501678466797,19.316184997558594,31.491789471029495,32.717496034034575,144.9560247802736,214.26979064941406,17.32152087470933
CMCC-CM2-SR5,ssp585,paper_qm,historical,1994,2014,80.0,china_mask,23.154165887239202,805,0.0,0.0,0.19550533592700958,0.8072207307815553,13.894485473632812,23.425080783489328,25.68681941636815,108.99546264648441,169.10897827148438,-17.556857871994612
CMCC-CM2-SR5,ssp585,paper_qm,mid_century,2040,2060,80.0,china_mask,20.977944275002052,805,0.0,0.0,0.15351800620555878,0.7581369495391846,12.361041069030762,21.301330540657784,23.894009400007374,105.85762542724622,159.40342712402344,-17.575151451365258
CMCC-CM2-SR5,ssp585,paper_qm,late_century,2080,2100,80.0,china_mask,18.970087847616927,805,0.0,0.0,0.12198816239833832,0.6747082734107971,11.424405097961426,19.315822962685402,22.030336516742555,98.36120788574232,165.4227294921875,-17.70619148736754
CMCC-CM2-SR5,ssp585,paper_qm,historical,1994,2014,100.0,china_mask,28.085011426770798,805,0.0,0.0,0.2688758671283722,1.0699256563186648,17.23335838317871,28.413626596757343,30.36737305579927,128.31256164550783,198.06224060058594,0.0
CMCC-CM2-SR5,ssp585,paper_qm,mid_century,2040,2060,100.0,china_mask,25.450995233098944,805,0.0,0.0,0.2122400850057602,1.0085414218902589,15.372443199157715,25.83989845186657,28.25514081146143,125.03920227050797,186.73760986328125,0.0
CMCC-CM2-SR5,ssp585,paper_qm,late_century,2080,2100,100.0,china_mask,23.051658673331342,805,0.0,0.0,0.16897232830524445,0.9008726978302002,14.227485656738281,23.46554830264971,26.09510272676347,116.76102508544939,193.69432067871094,0.0
CMCC-CM2-SR5,ssp585,paper_qm,historical,1994,2014,120.0,china_mask,32.90496413461544,805,0.0,0.0,0.34895679354667664,1.347408905029297,20.55698013305664,33.28964221518232,34.82457266138547,146.67139282226563,225.41419982910156,17.16201084842799
CMCC-CM2-SR5,ssp585,paper_qm,mid_century,2040,2060,120.0,china_mask,29.825314808720773,805,0.0,0.0,0.27663910388946533,1.2738045501708986,18.36528205871582,30.277477984991133,32.40990510932568,143.31074218750018,212.56857299804688,17.18722405767865
CMCC-CM2-SR5,ssp585,paper_qm,late_century,2080,2100,120.0,china_mask,27.048762575962332,805,0.0,0.0,0.22061902284622192,1.1406527137756348,17.015209197998047,27.52817830028741,29.973887018147714,134.3547808837893,220.3939971923828,17.33976699583564
CMCC-CM2-SR5,ssp585,optimized,historical,1994,2014,80.0,china_mask,23.154165887239202,805,0.0,0.0,0.19550533592700958,0.8072207307815553,13.894485473632812,23.425080783489328,25.68681941636815,108.99546264648441,169.10897827148438,-17.556857871994612
CMCC-CM2-SR5,ssp585,optimized,mid_century,2040,2060,80.0,china_mask,22.249993581982874,805,0.0,0.0,0.20726677775382996,0.8992960810661316,13.198736190795898,22.595154745645406,24.45397760442089,104.12842590332038,155.2467041015625,-17.66037347313962
CMCC-CM2-SR5,ssp585,optimized,late_century,2080,2100,80.0,china_mask,20.904305008142412,805,0.0,0.0,0.1987849473953247,0.8965303635597229,12.809141159057617,21.28179635346306,22.94062434350475,98.54176544189455,158.9376220703125,-17.797131244116215
CMCC-CM2-SR5,ssp585,optimized,historical,1994,2014,100.0,china_mask,28.085011426770798,805,0.0,0.0,0.2688758671283722,1.0699256563186648,17.23335838317871,28.413626596757343,30.36737305579927,128.31256164550783,198.06224060058594,0.0
CMCC-CM2-SR5,ssp585,optimized,mid_century,2040,2060,100.0,china_mask,27.022218244728865,805,0.0,0.0,0.2849203050136566,1.188891763687134,16.3859806060791,27.438298120224697,28.94595110348692,123.48578338623054,182.1405487060547,0.0
CMCC-CM2-SR5,ssp585,optimized,late_century,2080,2100,100.0,china_mask,25.43014048599874,805,0.0,0.0,0.27350926399230957,1.1847971439361573,15.914417266845703,25.883639971291796,27.196048869501485,116.49396667480471,186.43917846679688,0.0
CMCC-CM2-SR5,ssp585,optimized,historical,1994,2014,120.0,china_mask,32.90496413461544,805,0.0,0.0,0.34895679354667664,1.347408905029297,20.55698013305664,33.28964221518232,34.82457266138547,146.67139282226563,225.41419982910156,17.16201084842799
CMCC-CM2-SR5,ssp585,optimized,mid_century,2040,2060,120.0,china_mask,31.692349235553223,805,0.0,0.0,0.36964085698127747,1.4940904951095582,19.604658126831055,32.17704399968527,33.22821696101362,141.9778332519532,207.58770751953125,17.282559664528453
CMCC-CM2-SR5,ssp585,optimized,late_century,2080,2100,120.0,china_mask,29.865383371851618,805,0.0,0.0,0.3551037311553955,1.48851722240448,19.0081787109375,30.39221091300064,31.258310201582074,133.61689514160156,212.4544677734375,17.44089022353148
CMCC-ESM2,ssp126,paper_qm,historical,1994,2014,80.0,china_mask,23.60176880476426,805,0.0,0.0,0.18372316658496857,0.8889666342735291,14.11583137512207,23.924513762652502,25.85892761017596,106.59022460937501,173.55068969726562,-17.556298368196632
CMCC-ESM2,ssp126,paper_qm,mid_century,2040,2060,80.0,china_mask,20.355776110049057,805,0.0,0.0,0.19415195286273956,0.5672861409187318,11.46504020690918,20.689163168561386,23.554757322997755,96.15716064453126,172.3038787841797,-17.688953661501706
CMCC-ESM2,ssp126,paper_qm,late_century,2080,2100,80.0,china_mask,19.092106301139783,805,0.0,0.0,0.1611156463623047,0.3818198907375336,10.419235229492188,19.302441940785194,22.543521131590254,95.3557476806642,172.99652099609375,-17.646566598770885
CMCC-ESM2,ssp126,paper_qm,historical,1994,2014,100.0,china_mask,28.62774030958803,805,0.0,0.0,0.25301826000213623,1.1733351421356202,17.543027877807617,29.017575648334457,30.5832398551122,126.13933349609376,203.16815185546875,0.0
CMCC-ESM2,ssp126,paper_qm,mid_century,2040,2060,100.0,china_mask,24.730309011426463,805,0.0,0.0,0.2671000063419342,0.7525013780593873,14.276323318481445,25.131786409483194,27.9010766042721,113.77285064697267,201.50765991210938,0.0
CMCC-ESM2,ssp126,paper_qm,late_century,2080,2100,100.0,china_mask,23.18313337116414,805,0.0,0.0,0.2213202565908432,0.5148375272750855,13.039456367492676,23.43851900048878,26.689242695257242,112.20651336669937,202.2096710205078,0.0
CMCC-ESM2,ssp126,paper_qm,historical,1994,2014,120.0,china_mask,33.54002859809979,805,0.0,0.0,0.32874491810798645,1.4726358652114868,20.845199584960938,33.99483894868667,35.08306316403685,144.98781250000002,231.13697814941406,17.159189776730386
CMCC-ESM2,ssp126,paper_qm,mid_century,2040,2060,120.0,china_mask,29.01294238126019,805,0.0,0.0,0.3467465341091156,0.9484943342208864,17.095857620239258,29.480236831659116,32.04793332155458,131.1605926513672,229.06597900390625,17.317346774174823
CMCC-ESM2,ssp126,paper_qm,late_century,2080,2100,120.0,china_mask,27.187542075094125,805,0.0,0.0,0.2870311737060547,0.6576452827453614,15.719344139099121,27.486708438433475,30.644567150063395,128.22245330810566,229.76556396484375,17.272939942237443
CMCC-ESM2,ssp126,optimized,historical,1994,2014,80.0,china_mask,23.60176880476426,805,0.0,0.0,0.18372316658496857,0.8889666342735291,14.11583137512207,23.924513762652502,25.85892761017596,106.59022460937501,173.55068969726562,-17.556298368196632
CMCC-ESM2,ssp126,optimized,mid_century,2040,2060,80.0,china_mask,21.987564297775076,805,0.0,0.0,0.20781642198562622,0.8427757191658021,13.11068058013916,22.33137389280781,24.257885509967906,101.73996643066407,166.27731323242188,-17.73521243241373
CMCC-ESM2,ssp126,optimized,late_century,2080,2100,80.0,china_mask,21.687234850445687,805,0.0,0.0,0.21062849462032318,0.8053313970565796,12.893213272094727,21.972955527050154,24.06235327842197,102.41457733154297,167.61410522460938,-17.691108878745844
CMCC-ESM2,ssp126,optimized,historical,1994,2014,100.0,china_mask,28.62774030958803,805,0.0,0.0,0.25301826000213623,1.1733351421356202,17.543027877807617,29.017575648334457,30.5832398551122,126.13933349609376,203.16815185546875,0.0
CMCC-ESM2,ssp126,optimized,mid_century,2040,2060,100.0,china_mask,26.727795631527954,805,0.0,0.0,0.28603464365005493,1.1194749879837036,16.34060287475586,27.142402818706465,28.74052102438141,120.60683410644535,194.67678833007812,0.0
CMCC-ESM2,ssp126,optimized,late_century,2080,2100,100.0,china_mask,26.348593153195228,805,0.0,0.0,0.2893947958946228,1.0718345308303834,16.083559036254883,26.69497003148061,28.489057708603074,121.03369110107423,196.17123413085938,0.0
CMCC-ESM2,ssp126,optimized,historical,1994,2014,120.0,china_mask,33.54002859809979,805,0.0,0.0,0.32874491810798645,1.4726358652114868,20.845199584960938,33.99483894868667,35.08306316403685,144.98781250000002,231.13697814941406,17.159189776730386
CMCC-ESM2,ssp126,optimized,mid_century,2040,2060,120.0,china_mask,31.36972651232961,805,0.0,0.0,0.3714486062526703,1.4122539377212526,19.516719818115234,31.852848705852995,33.01716242752943,138.84534179687506,221.50270080566406,17.367428817534282
CMCC-ESM2,ssp126,optimized,late_century,2080,2100,120.0,china_mask,30.912016725014663,805,0.0,0.0,0.37528032064437866,1.3542626094818115,19.19770050048828,31.317313351690398,32.7106857481335,138.40708190917968,223.1387939453125,17.31942022591837
CMCC-ESM2,ssp245,paper_qm,historical,1994,2014,80.0,china_mask,23.60176880476426,805,0.0,0.0,0.18372316658496857,0.8889666342735291,14.11583137512207,23.924513762652502,25.85892761017596,106.59022460937501,173.55068969726562,-17.556298368196632
CMCC-ESM2,ssp245,paper_qm,mid_century,2040,2060,80.0,china_mask,20.90758906255775,805,0.0,0.0,0.12482669949531555,0.6963791584968567,12.23084545135498,21.200083694694946,23.663057526920582,101.8216619873048,162.06976318359375,-17.619359453803042
CMCC-ESM2,ssp245,paper_qm,late_century,2080,2100,80.0,china_mask,18.772449748270564,805,0.0,0.0,0.1101585105061531,0.6907449293136597,11.036130905151367,19.003439612686634,21.54320796782128,89.1454888916016,155.43191528320312,-17.735849619232567
CMCC-ESM2,ssp245,paper_qm,historical,1994,2014,100.0,china_mask,28.62774030958803,805,0.0,0.0,0.25301826000213623,1.1733351421356202,17.543027877807617,29.017575648334457,30.5832398551122,126.13933349609376,203.16815185546875,0.0
CMCC-ESM2,ssp245,paper_qm,mid_century,2040,2060,100.0,china_mask,25.379250420896287,805,0.0,0.0,0.17308436334133148,0.9219238448143006,15.254363059997559,25.732701210409218,27.994389386562656,120.17359558105478,189.6379852294922,0.0
CMCC-ESM2,ssp245,paper_qm,late_century,2080,2100,100.0,china_mask,22.819721180344654,805,0.0,0.0,0.15286430716514587,0.918433449268341,13.755965232849121,23.09934782115569,25.519335062587313,106.04021240234383,182.0247802734375,0.0
CMCC-ESM2,ssp245,paper_qm,historical,1994,2014,120.0,china_mask,33.54002859809979,805,0.0,0.0,0.32874491810798645,1.4726358652114868,20.845199584960938,33.99483894868667,35.08306316403685,144.98781250000002,231.13697814941406,17.159189776730386
CMCC-ESM2,ssp245,paper_qm,mid_century,2040,2060,120.0,china_mask,29.754034029917747,805,0.0,0.0,0.22616146504878998,1.1600723743438721,18.27594757080078,30.16656440309486,32.123051241536075,137.45590881347664,215.6751251220703,17.237639159821015
CMCC-ESM2,ssp245,paper_qm,late_century,2080,2100,120.0,china_mask,26.78502205254679,805,0.0,0.0,0.19988253712654114,1.1596788597106933,16.47443199157715,27.111839065307414,29.314629758653215,122.22347076416028,207.1575164794922,17.376640322921965
CMCC-ESM2,ssp245,optimized,historical,1994,2014,80.0,china_mask,23.60176880476426,805,0.0,0.0,0.18372316658496857,0.8889666342735291,14.11583137512207,23.924513762652502,25.85892761017596,106.59022460937501,173.55068969726562,-17.556298368196632
CMCC-ESM2,ssp245,optimized,mid_century,2040,2060,80.0,china_mask,22.585176596386493,805,0.0,0.0,0.20060835778713226,0.8370177507400512,13.537333488464355,22.91503779449448,24.826130875775473,106.14544677734382,163.6748809814453,-17.65143323030025
CMCC-ESM2,ssp245,optimized,late_century,2080,2100,80.0,china_mask,21.268378495799872,805,0.0,0.0,0.19882214069366455,0.8756360268592835,12.893123626708984,21.569521494533706,23.31826897708513,99.77278381347658,155.93011474609375,-17.756116347262875
CMCC-ESM2,ssp245,optimized,historical,1994,2014,100.0,china_mask,28.62774030958803,805,0.0,0.0,0.25301826000213623,1.1733351421356202,17.543027877807617,29.017575648334457,30.5832398551122,126.13933349609376,203.16815185546875,0.0
CMCC-ESM2,ssp245,optimized,mid_century,2040,2060,100.0,china_mask,27.426314120984475,805,0.0,0.0,0.2760677933692932,1.1074162530899048,16.881488800048828,27.8250754237175,29.37937372668457,124.90822998046882,190.8876495361328,0.0
CMCC-ESM2,ssp245,optimized,late_century,2080,2100,100.0,china_mask,25.86013397130237,805,0.0,0.0,0.27358514070510864,1.1594654846191408,16.0770263671875,26.224711784072543,27.625338116311696,118.20334655761721,182.71823120117188,0.0
CMCC-ESM2,ssp245,optimized,historical,1994,2014,120.0,china_mask,33.54002859809979,805,0.0,0.0,0.32874491810798645,1.4726358652114868,20.845199584960938,33.99483894868667,35.08306316403685,144.98781250000002,231.13697814941406,17.159189776730386
CMCC-ESM2,ssp245,optimized,mid_century,2040,2060,120.0,china_mask,32.163240690083285,805,0.0,0.0,0.358469694852829,1.3926629209518433,20.222522735595703,32.62880270936474,33.719613557749014,142.74072753906256,216.536865234375,17.271466184639372
CMCC-ESM2,ssp245,optimized,late_century,2080,2100,120.0,china_mask,30.358445256201335,805,0.0,0.0,0.35522347688674927,1.458960361480713,19.264066696166992,30.784598532374602,31.735327205220663,136.07604553222663,208.04739379882812,17.394771774542427
CMCC-ESM2,ssp585,paper_qm,historical,1994,2014,80.0,china_mask,23.60176880476426,805,0.0,0.0,0.18372316658496857,0.8889666342735291,14.11583137512207,23.924513762652502,25.85892761017596,106.59022460937501,173.55068969726562,-17.556298368196632
CMCC-ESM2,ssp585,paper_qm,mid_century,2040,2060,80.0,china_mask,20.6200030700631,805,0.0,0.0,0.17716966569423676,0.6981067895889282,12.398526191711426,20.94015454518499,23.078863063775866,97.94306610107432,174.53147888183594,-17.68665307368772
CMCC-ESM2,ssp585,paper_qm,late_century,2080,2100,80.0,china_mask,18.705125941589966,805,0.0,0.0,0.12159660458564758,0.7141634917259216,11.78249740600586,19.057646461488297,21.452110486572252,92.25833892822267,163.5242156982422,-17.77342911359986
CMCC-ESM2,ssp585,paper_qm,historical,1994,2014,100.0,china_mask,28.62774030958803,805,0.0,0.0,0.25301826000213623,1.1733351421356202,17.543027877807617,29.017575648334457,30.5832398551122,126.13933349609376,203.16815185546875,0.0
CMCC-ESM2,ssp585,paper_qm,mid_century,2040,2060,100.0,china_mask,25.050619176647412,805,0.0,0.0,0.24324744939804077,0.9293354511260987,15.425437927246094,25.436446478870344,27.338615959836655,116.08906372070328,204.12496948242188,0.0
CMCC-ESM2,ssp585,paper_qm,late_century,2080,2100,100.0,china_mask,22.74827435943057,805,0.0,0.0,0.16859179735183716,0.9463097596168518,14.660944938659668,23.17066085812468,25.416325115304943,109.30063049316408,191.3572235107422,0.0
CMCC-ESM2,ssp585,paper_qm,historical,1994,2014,120.0,china_mask,33.54002859809979,805,0.0,0.0,0.32874491810798645,1.4726358652114868,20.845199584960938,33.99483894868667,35.08306316403685,144.98781250000002,231.13697814941406,17.159189776730386
CMCC-ESM2,ssp585,paper_qm,mid_century,2040,2060,120.0,china_mask,29.38768697841518,805,0.0,0.0,0.31530600786209106,1.1745222568511964,18.44520378112793,29.83703875415814,31.40297581584988,133.449983520508,232.05331420898438,17.313215977554954
CMCC-ESM2,ssp585,paper_qm,late_century,2080,2100,120.0,china_mask,26.710679711979818,805,0.0,0.0,0.22027957439422607,1.1872550249099731,17.584381103515625,27.200302203841833,29.200836573796803,125.78243316650394,217.6390838623047,17.418487617750156
CMCC-ESM2,ssp585,optimized,historical,1994,2014,80.0,china_mask,23.60176880476426,805,0.0,0.0,0.18372316658496857,0.8889666342735291,14.11583137512207,23.924513762652502,25.85892761017596,106.59022460937501,173.55068969726562,-17.556298368196632
CMCC-ESM2,ssp585,optimized,mid_century,2040,2060,80.0,china_mask,22.107239586453208,805,0.0,0.0,0.2145519256591797,0.9105842351913452,13.493062019348145,22.437272256353626,24.05569412004332,102.47656951904303,171.94247436523438,-17.72496122579943
CMCC-ESM2,ssp585,optimized,late_century,2080,2100,80.0,china_mask,20.77089131523501,805,0.0,0.0,0.18218380212783813,0.8463663411140442,13.119861602783203,21.154045476750557,22.565416810751447,97.08964843750006,158.8575439453125,-17.851121497622003
CMCC-ESM2,ssp585,optimized,historical,1994,2014,100.0,china_mask,28.62774030958803,805,0.0,0.0,0.25301826000213623,1.1733351421356202,17.543027877807617,29.017575648334457,30.5832398551122,126.13933349609376,203.16815185546875,0.0
CMCC-ESM2,ssp585,optimized,mid_century,2040,2060,100.0,china_mask,26.869923023829063,805,0.0,0.0,0.294156551361084,1.2008370351791382,16.793964385986328,27.26825783763613,28.500704099171735,121.60846466064463,201.26516723632812,0.0
CMCC-ESM2,ssp585,optimized,late_century,2080,2100,100.0,china_mask,25.284449031928958,805,0.0,0.0,0.251162588596344,1.1243254899978639,16.306955337524414,25.745322413622223,26.757261496726212,114.87379821777348,186.12696838378906,0.0
CMCC-ESM2,ssp585,optimized,historical,1994,2014,120.0,china_mask,33.54002859809979,805,0.0,0.0,0.32874491810798645,1.4726358652114868,20.845199584960938,33.99483894868667,35.08306316403685,144.98781250000002,231.13697814941406,17.159189776730386
CMCC-ESM2,ssp585,optimized,mid_century,2040,2060,120.0,china_mask,31.53321930725215,805,0.0,0.0,0.3808209300041199,1.5061989688873292,20.033809661865234,31.99770332930251,32.7415274987054,139.89683715820328,228.95628356933594,17.355078685143745
CMCC-ESM2,ssp585,optimized,late_century,2080,2100,120.0,china_mask,29.71008849400231,805,0.0,0.0,0.326616108417511,1.4184426021575929,19.522449493408203,30.24602244892476,30.760182596143014,131.83207885742192,211.90316772460938,17.503404786415146
CanESM5,ssp126,paper_qm,historical,1994,2014,80.0,china_mask,22.967403982471218,123,0.0,0.0,0.6577873229980469,0.9608450865745545,14.458333969116211,23.20991586185083,25.838046321238398,122.73850509643556,132.5504150390625,-17.533843789252835
CanESM5,ssp126,paper_qm,mid_century,2040,2060,80.0,china_mask,21.054116924160738,123,0.0,0.0,0.6212692260742188,0.8819468462467194,12.516142845153809,21.277729892633793,23.88187114341498,107.72893737792968,119.04694366455078,-17.558495999101474
CanESM5,ssp126,paper_qm,late_century,2080,2100,80.0,china_mask,21.151134327120115,123,0.0,0.0,0.5192587375640869,0.9032177186012268,14.264450073242188,21.174332001344943,23.93944339461562,113.17019424438477,142.9173126220703,-17.607057686887394
CanESM5,ssp126,paper_qm,historical,1994,2014,100.0,china_mask,27.850702685567946,123,0.0,0.0,0.8818353414535522,1.2716563653945923,18.015199661254883,28.150097293582387,30.496893400620806,144.21491943359376,155.35862731933594,0.0
CanESM5,ssp126,paper_qm,mid_century,2040,2060,100.0,china_mask,25.53824942826282,123,0.0,0.0,0.8350474238395691,1.1666256928443908,15.436959266662598,25.813262044414273,28.240219164292043,127.57181091308594,139.55812072753906,0.0
CanESM5,ssp126,paper_qm,late_century,2080,2100,100.0,china_mask,25.671051103795783,123,0.0,0.0,0.701779305934906,1.193850221633911,17.673744201660156,25.706286254452497,28.287544293593946,133.74416748046875,168.71006774902344,0.0
CanESM5,ssp126,paper_qm,historical,1994,2014,120.0,china_mask,32.6237379083729,123,0.0,0.0,1.120793342590332,1.5994743728637695,21.540935516357422,32.97903325499558,34.92906202927629,164.56708892822266,176.9408721923828,17.137934639179896
CanESM5,ssp126,paper_qm,mid_century,2040,2060,120.0,china_mask,29.922874815165443,123,0.0,0.0,1.063560962677002,1.4668571758270263,18.452774047851562,30.248288810737733,32.39300611375611,146.50156616210938,158.95913696289062,17.168856460655533
CanESM5,ssp126,paper_qm,late_century,2080,2100,120.0,china_mask,30.092661246516315,123,0.0,0.0,0.8977780342102051,1.5001107215881349,21.06197738647461,30.140423156381623,32.42847736832078,153.33589660644532,193.23683166503906,17.22411024325663
CanESM5,ssp126,optimized,historical,1994,2014,80.0,china_mask,22.967403982471218,123,0.0,0.0,0.6577873229980469,0.9608450865745545,14.458333969116211,23.20991586185083,25.838046321238398,122.73850509643556,132.5504150390625,-17.533843789252835
CanESM5,ssp126,optimized,mid_century,2040,2060,80.0,china_mask,22.09509849798904,123,0.0,0.0,0.6233033537864685,0.939832044839859,14.163132667541504,22.34722975308333,24.588159079733995,115.79284408569337,121.8005142211914,-17.59834521984497
CanESM5,ssp126,optimized,late_century,2080,2100,80.0,china_mask,22.01019470226,123,0.0,0.0,0.5311523675918579,0.9719636821746827,14.931588172912598,22.146660366678624,24.34188474732694,115.03046493530273,128.23170471191406,-17.647261214598696
CanESM5,ssp126,optimized,historical,1994,2014,100.0,china_mask,27.850702685567946,123,0.0,0.0,0.8818353414535522,1.2716563653945923,18.015199661254883,28.150097293582387,30.496893400620806,144.21491943359376,155.35862731933594,0.0
CanESM5,ssp126,optimized,mid_century,2040,2060,100.0,china_mask,26.813901440375258,123,0.0,0.0,0.8359249234199524,1.243963611125946,17.462007522583008,27.12322735834897,29.065764983118928,136.2066619873047,142.8743133544922,0.0
CanESM5,ssp126,optimized,late_century,2080,2100,100.0,china_mask,26.726730679370867,123,0.0,0.0,0.7152835726737976,1.2859296584129334,18.572147369384766,26.897997209211674,28.76089784854862,135.45339569091797,151.7895050048828,0.0
CanESM5,ssp126,optimized,historical,1994,2014,120.0,china_mask,32.6237379083729,123,0.0,0.0,1.120793342590332,1.5994743728637695,21.540935516357422,32.97903325499558,34.92906202927629,164.56708892822266,176.9408721923828,17.137934639179896
CanESM5,ssp126,optimized,mid_century,2040,2060,120.0,china_mask,31.429334559703356,123,0.0,0.0,1.0628176927566528,1.5648150444030762,20.72795295715332,31.79466356203808,33.33063683318881,155.57947326660158,162.8177490234375,17.212836892054707
CanESM5,ssp126,optimized,late_century,2080,2100,120.0,china_mask,31.342302963912424,123,0.0,0.0,0.9124883413314819,1.6169910955429077,22.201141357421875,31.548073740509466,32.968457881426936,155.24975494384765,174.24472045898438,17.269498240965575
CanESM5,ssp245,paper_qm,historical,1994,2014,80.0,china_mask,22.967403982471218,123,0.0,0.0,0.6577873229980469,0.9608450865745545,14.458333969116211,23.20991586185083,25.838046321238398,122.73850509643556,132.5504150390625,-17.533843789252835
CanESM5,ssp245,paper_qm,mid_century,2040,2060,80.0,china_mask,20.578856105572644,123,0.0,0.0,0.4931296408176422,0.850815966129303,13.931870460510254,20.82496105291979,22.87234525103331,109.56076644897462,113.81951904296875,-17.67076012400456
CanESM5,ssp245,paper_qm,late_century,2080,2100,80.0,china_mask,19.03556431744704,123,0.0,0.0,0.52909255027771,0.7331943142414092,12.403271675109863,19.1835667190513,21.557858348147366,105.63994506835938,110.24555969238281,-17.775052241925327
CanESM5,ssp245,paper_qm,historical,1994,2014,100.0,china_mask,27.850702685567946,123,0.0,0.0,0.8818353414535522,1.2716563653945923,18.015199661254883,28.150097293582387,30.496893400620806,144.21491943359376,155.35862731933594,0.0
CanESM5,ssp245,paper_qm,mid_century,2040,2060,100.0,china_mask,24.995804815602064,123,0.0,0.0,0.6675765514373779,1.1285285544395447,17.321836471557617,25.297903673435613,27.061977668162132,128.9617111206055,134.85487365722656,0.0
CanESM5,ssp245,paper_qm,late_century,2080,2100,100.0,china_mask,23.15059460232701,123,0.0,0.0,0.7153961658477783,0.9720373284816742,15.429105758666992,23.33440961246568,25.545063142447678,125.47479034423829,129.55996704101562,0.0
CanESM5,ssp245,paper_qm,historical,1994,2014,120.0,china_mask,32.6237379083729,123,0.0,0.0,1.120793342590332,1.5994743728637695,21.540935516357422,32.97903325499558,34.92906202927629,164.56708892822266,176.9408721923828,17.137934639179896
CanESM5,ssp245,paper_qm,mid_century,2040,2060,120.0,china_mask,29.31957041134111,123,0.0,0.0,0.8551739454269409,1.4220430994033812,20.617618560791016,29.676507386734816,31.056524604265302,147.37893188476562,154.9270782470703,17.29796510908985
CanESM5,ssp245,paper_qm,late_century,2080,2100,120.0,china_mask,27.18331931561536,123,0.0,0.0,0.9155085682868958,1.2244607257843017,18.448543548583984,27.402485074551127,29.351156918588806,144.44058990478516,147.86785888671875,17.419529746691676
CanESM5,ssp245,optimized,historical,1994,2014,80.0,china_mask,22.967403982471218,123,0.0,0.0,0.6577873229980469,0.9608450865745545,14.458333969116211,23.20991586185083,25.838046321238398,122.73850509643556,132.5504150390625,-17.533843789252835
CanESM5,ssp245,optimized,mid_century,2040,2060,80.0,china_mask,21.600646784715234,123,0.0,0.0,0.5190902352333069,0.921780663728714,13.857779502868652,21.859975416485856,23.87152624511844,113.92954376220703,116.70103454589844,-17.68046773372911
CanESM5,ssp245,optimized,late_century,2080,2100,80.0,china_mask,20.810412567427303,123,0.0,0.0,0.5601436495780945,0.944132239818573,13.4583158493042,21.011030469968066,23.191720216234945,109.94712799072266,115.53782653808594,-17.747651884469008
CanESM5,ssp245,optimized,historical,1994,2014,100.0,china_mask,27.850702685567946,123,0.0,0.0,0.8818353414535522,1.2716563653945923,18.015199661254883,28.150097293582387,30.496893400620806,144.21491943359376,155.35862731933594,0.0
CanESM5,ssp245,optimized,mid_century,2040,2060,100.0,china_mask,26.24000184408938,123,0.0,0.0,0.6997752785682678,1.2209848928451539,17.324867248535156,26.55805816931453,28.230279698141217,133.7826315307617,138.1356201171875,0.0
CanESM5,ssp245,optimized,late_century,2080,2100,100.0,china_mask,25.30069115862463,123,0.0,0.0,0.754537045955658,1.2486433696746826,16.742345809936523,25.548596320598104,27.443673782980508,130.12167572021485,135.76673889160156,0.0
CanESM5,ssp245,optimized,historical,1994,2014,120.0,china_mask,32.6237379083729,123,0.0,0.0,1.120793342590332,1.5994743728637695,21.540935516357422,32.97903325499558,34.92906202927629,164.56708892822266,176.9408721923828,17.137934639179896
CanESM5,ssp245,optimized,mid_century,2040,2060,120.0,china_mask,30.78157830481739,123,0.0,0.0,0.8934527635574341,1.5368360543251038,20.80016326904297,31.157119057042813,32.38388145675492,152.599853515625,158.56997680664062,17.307835905320303
CanESM5,ssp245,optimized,late_century,2080,2100,120.0,china_mask,29.69953290144727,123,0.0,0.0,0.9627235531806946,1.5696986484527589,20.017669677734375,29.993968013340865,31.49749119494663,149.35710540771484,154.9403839111328,17.38625128951523
CanESM5,ssp585,paper_qm,historical,1994,2014,80.0,china_mask,22.967403982471218,123,0.0,0.0,0.6577873229980469,0.9608450865745545,14.458333969116211,23.20991586185083,25.838046321238398,122.73850509643556,132.5504150390625,-17.533843789252835
CanESM5,ssp585,paper_qm,mid_century,2040,2060,80.0,china_mask,20.53596020932726,123,0.0,0.0,0.5365033745765686,0.9109629356861114,13.425494194030762,20.781418833306166,22.743099410252487,110.5689533996582,111.60845947265625,-17.623813857466608
CanESM5,ssp585,paper_qm,late_century,2080,2100,80.0,china_mask,16.838633740237164,123,0.0,0.0,0.3231533169746399,0.5749502766132355,10.636842727661133,17.157508784193332,19.24558951884882,101.23664306640629,111.4054946899414,-17.914924533739594
CanESM5,ssp585,paper_qm,historical,1994,2014,100.0,china_mask,27.850702685567946,123,0.0,0.0,0.8818353414535522,1.2716563653945923,18.015199661254883,28.150097293582387,30.496893400620806,144.21491943359376,155.35862731933594,0.0
CanESM5,ssp585,paper_qm,mid_century,2040,2060,100.0,china_mask,24.929486506931042,123,0.0,0.0,0.7240817546844482,1.1989713382720948,16.73509407043457,25.230545085620104,26.902127737179946,129.98073760986327,132.43719482421875,0.0
CanESM5,ssp585,paper_qm,late_century,2080,2100,100.0,china_mask,20.51363618123051,123,0.0,0.0,0.4419146478176117,0.7663307499885559,13.247823715209961,20.90193475237707,22.891055214598616,120.07888641357425,132.02975463867188,0.0
CanESM5,ssp585,paper_qm,historical,1994,2014,120.0,china_mask,32.6237379083729,123,0.0,0.0,1.120793342590332,1.5994743728637695,21.540935516357422,32.97903325499558,34.92906202927629,164.56708892822266,176.9408721923828,17.137934639179896
CanESM5,ssp585,paper_qm,mid_century,2040,2060,120.0,china_mask,29.22878901580186,123,0.0,0.0,0.9252914786338806,1.5014443182945252,20.041080474853516,29.58426603796036,30.86772806737145,148.88287841796875,152.3359375,17.245852647929595
CanESM5,ssp585,paper_qm,late_century,2080,2100,120.0,china_mask,24.12026223459235,123,0.0,0.0,0.5708009004592896,0.9692018711566925,15.855938911437988,24.57624393410799,26.382706360358856,138.07862304687504,151.718017578125,17.581602898182513
CanESM5,ssp585,optimized,historical,1994,2014,80.0,china_mask,22.967403982471218,123,0.0,0.0,0.6577873229980469,0.9608450865745545,14.458333969116211,23.20991586185083,25.838046321238398,122.73850509643556,132.5504150390625,-17.533843789252835
CanESM5,ssp585,optimized,mid_century,2040,2060,80.0,china_mask,21.696239672818606,123,0.0,0.0,0.5756027698516846,0.9657728910446167,14.049674034118652,21.94856179826628,23.85745153003079,112.94492248535157,114.40966033935547,-17.650337416087712
CanESM5,ssp585,optimized,late_century,2080,2100,80.0,china_mask,18.943848254247207,123,0.0,0.0,0.3866349756717682,0.7518570876121521,12.579020500183105,19.265584471022212,20.77401769317053,102.23776260375979,113.37812805175781,-17.9175584804243
CanESM5,ssp585,optimized,historical,1994,2014,100.0,china_mask,27.850702685567946,123,0.0,0.0,0.8818353414535522,1.2716563653945923,18.015199661254883,28.150097293582387,30.496893400620806,144.21491943359376,155.35862731933594,0.0
CanESM5,ssp585,optimized,mid_century,2040,2060,100.0,china_mask,26.34648278092296,123,0.0,0.0,0.7738863229751587,1.2779991030693054,17.374095916748047,26.65604749927676,28.203126312078073,133.5215737915039,134.38133239746094,0.0
CanESM5,ssp585,optimized,late_century,2080,2100,100.0,china_mask,23.079050651446963,123,0.0,0.0,0.5249560475349426,1.0005076456069946,15.702341079711914,23.47091613697812,24.668536366693946,121.40337005615237,134.23109436035156,0.0
CanESM5,ssp585,optimized,historical,1994,2014,120.0,china_mask,32.6237379083729,123,0.0,0.0,1.120793342590332,1.5994743728637695,21.540935516357422,32.97903325499558,34.92906202927629,164.56708892822266,176.9408721923828,17.137934639179896
CanESM5,ssp585,optimized,mid_century,2040,2060,120.0,china_mask,30.897786622537286,123,0.0,0.0,0.985927939414978,1.6072864460945129,20.81188201904297,31.263388161736774,32.34373289417795,152.53959411621094,154.40492248535156,17.274806202632288
CanESM5,ssp585,optimized,late_century,2080,2100,120.0,china_mask,27.137169972542534,123,0.0,0.0,0.6741971373558044,1.2640633177757263,18.826292037963867,27.597401405253063,28.392823309696983,139.7286904907227,154.1173858642578,17.58356261002072
FGOALS-f3-L,ssp126,paper_qm,historical,1994,2014,80.0,china_mask,23.072695521341135,765,0.0,0.0,0.5351555943489075,0.8156814455986023,14.360013008117676,23.467728862030054,25.597482231759006,109.01226226806642,157.61624145507812,-17.59402591224095
FGOALS-f3-L,ssp126,paper_qm,mid_century,2040,2060,80.0,china_mask,24.137669592534795,765,0.0,0.0,0.6325393319129944,1.0696697950363159,15.298578262329102,24.686283072692895,26.438886202259663,116.44812469482422,181.71212768554688,-17.533421910116587
FGOALS-f3-L,ssp126,paper_qm,late_century,2080,2100,80.0,china_mask,24.223031748246935,765,0.0,0.0,0.6569048166275024,1.029599096775055,16.014408111572266,24.699098051061817,26.30740736749914,113.76954345703136,173.65562438964844,-17.528484358251127
FGOALS-f3-L,ssp126,paper_qm,historical,1994,2014,100.0,china_mask,27.9988141354529,765,0.0,0.0,0.7177193760871887,1.0880681848526002,17.87726402282715,28.474494351904376,30.298975966634803,128.77130798339846,185.47048950195312,0.0
FGOALS-f3-L,ssp126,paper_qm,mid_century,2040,2060,100.0,china_mask,29.269638866579676,765,0.0,0.0,0.8445866703987122,1.4171900987625123,19.001083374023438,29.928111627133063,31.258262205491775,137.2813690185547,213.276123046875,0.0
FGOALS-f3-L,ssp126,paper_qm,late_century,2080,2100,100.0,china_mask,29.371391515914752,765,0.0,0.0,0.8830511569976807,1.361693081855774,19.739713668823242,29.942679218139524,31.100524735996768,134.61851318359388,203.95362854003906,0.0
FGOALS-f3-L,ssp126,paper_qm,historical,1994,2014,120.0,china_mask,32.81543046916627,765,0.0,0.0,0.9125867486000061,1.377234787940979,21.386545181274414,33.369098011107226,34.779830219541196,147.58533874511718,211.88897705078125,17.202929775566588
FGOALS-f3-L,ssp126,paper_qm,mid_century,2040,2060,120.0,china_mask,34.28419953030817,765,0.0,0.0,1.0701361894607544,1.7838068675994874,22.686803817749023,35.04860243532393,35.84708059137015,157.0812060546875,243.13821411132812,17.13229427457734
FGOALS-f3-L,ssp126,paper_qm,late_century,2080,2100,120.0,china_mask,34.40154323326834,765,0.0,0.0,1.1247061491012573,1.7116343545913697,23.572776794433594,35.06461102105434,35.663684626558315,154.4796508789064,232.63638305664062,17.126024535228535
FGOALS-f3-L,ssp126,optimized,historical,1994,2014,80.0,china_mask,23.072695521341135,765,0.0,0.0,0.5351555943489075,0.8156814455986023,14.360013008117676,23.467728862030054,25.597482231759006,109.01226226806642,157.61624145507812,-17.59402591224095
FGOALS-f3-L,ssp126,optimized,mid_century,2040,2060,80.0,china_mask,23.413700770509106,765,0.0,0.0,0.6099136471748352,0.9280475950241089,14.740474700927734,23.881928096565545,25.792328821024206,110.29751098632822,173.63192749023438,-17.599256393866714
FGOALS-f3-L,ssp126,optimized,late_century,2080,2100,80.0,china_mask,23.676328323326608,765,0.0,0.0,0.6063482165336609,0.9473040819168091,15.324634552001953,24.102659291457506,25.944365278507068,109.97663116455088,168.09844970703125,-17.578893536264108
FGOALS-f3-L,ssp126,optimized,historical,1994,2014,100.0,china_mask,27.9988141354529,765,0.0,0.0,0.7177193760871887,1.0880681848526002,17.87726402282715,28.474494351904376,30.298975966634803,128.77130798339846,185.47048950195312,0.0
FGOALS-f3-L,ssp126,optimized,mid_century,2040,2060,100.0,china_mask,28.41442897945689,765,0.0,0.0,0.815757691860199,1.2317284393310548,18.33367156982422,28.976980110243254,30.520336538434528,130.3520086669923,203.91336059570312,0.0
FGOALS-f3-L,ssp126,optimized,late_century,2080,2100,100.0,china_mask,28.726050084930435,765,0.0,0.0,0.8114126324653625,1.2594945573806764,19.091463088989258,29.23850625246958,30.6952456089642,130.29666931152354,197.47483825683594,0.0
FGOALS-f3-L,ssp126,optimized,historical,1994,2014,120.0,china_mask,32.81543046916627,765,0.0,0.0,0.9125867486000061,1.377234787940979,21.386545181274414,33.369098011107226,34.779830219541196,147.58533874511718,211.88897705078125,17.202929775566588
FGOALS-f3-L,ssp126,optimized,mid_century,2040,2060,120.0,china_mask,33.30422527668454,765,0.0,0.0,1.0350064039230347,1.552750587463379,21.897470474243164,33.95780856578179,35.02557356672882,149.45312561035172,232.57969665527344,17.20884942211185
FGOALS-f3-L,ssp126,optimized,late_century,2080,2100,120.0,china_mask,33.66248562883634,765,0.0,0.0,1.0299009084701538,1.5899165582656862,22.754772186279297,34.258081950705034,35.221321968176845,149.68442382812512,225.29457092285156,17.1845259940403
FGOALS-f3-L,ssp245,paper_qm,historical,1994,2014,80.0,china_mask,23.072695521341135,765,0.0,0.0,0.5351555943489075,0.8156814455986023,14.360013008117676,23.467728862030054,25.597482231759006,109.01226226806642,157.61624145507812,-17.59402591224095
FGOALS-f3-L,ssp245,paper_qm,mid_century,2040,2060,80.0,china_mask,23.97651861218715,765,0.0,0.0,0.6228328943252563,1.0224671649932862,15.87553882598877,24.480596906141518,26.06290782659107,113.36272552490237,179.27963256835938,-17.57625788240027
FGOALS-f3-L,ssp245,paper_qm,late_century,2080,2100,80.0,china_mask,23.723953513930272,765,0.0,0.0,0.620717465877533,0.9291430401802063,14.856714248657227,24.219122015183267,26.14928965479032,112.03358581542969,175.034423828125,-17.524049297746103
FGOALS-f3-L,ssp245,paper_qm,historical,1994,2014,100.0,china_mask,27.9988141354529,765,0.0,0.0,0.7177193760871887,1.0880681848526002,17.87726402282715,28.474494351904376,30.298975966634803,128.77130798339846,185.47048950195312,0.0
FGOALS-f3-L,ssp245,paper_qm,mid_century,2040,2060,100.0,china_mask,29.089335179635704,765,0.0,0.0,0.8326820731163025,1.356294436454773,19.691789627075195,29.693762197525672,30.837149070038752,133.7996441650391,210.56185913085938,0.0
FGOALS-f3-L,ssp245,paper_qm,late_century,2080,2100,100.0,china_mask,28.764692388422443,765,0.0,0.0,0.8297258019447327,1.2343086290359497,18.575490951538086,29.360310470902064,30.905448852475196,132.4232763671875,205.70437622070312,0.0
FGOALS-f3-L,ssp245,paper_qm,historical,1994,2014,120.0,china_mask,32.81543046916627,765,0.0,0.0,0.9125867486000061,1.377234787940979,21.386545181274414,33.369098011107226,34.779830219541196,147.58533874511718,211.88897705078125,17.202929775566588
FGOALS-f3-L,ssp245,paper_qm,mid_century,2040,2060,120.0,china_mask,34.086752401445864,765,0.0,0.0,1.056093454360962,1.7088747310638428,23.499691009521484,34.78783875789518,35.385327287984374,153.24221191406255,240.17477416992188,17.179551168665608
FGOALS-f3-L,ssp245,paper_qm,late_century,2080,2100,120.0,china_mask,33.69026284749515,765,0.0,0.0,1.0522339344024658,1.55707097530365,22.25361442565918,34.38289219600703,35.433330945237806,151.76016357421875,234.75074768066406,17.123668115620827
FGOALS-f3-L,ssp245,optimized,historical,1994,2014,80.0,china_mask,23.072695521341135,765,0.0,0.0,0.5351555943489075,0.8156814455986023,14.360013008117676,23.467728862030054,25.597482231759006,109.01226226806642,157.61624145507812,-17.59402591224095
FGOALS-f3-L,ssp245,optimized,mid_century,2040,2060,80.0,china_mask,23.41592621132044,765,0.0,0.0,0.5968828201293945,0.9637145042419434,15.082856178283691,23.862471095331355,25.6337647494982,109.85450103759774,167.9099884033203,-17.62828694404207
FGOALS-f3-L,ssp245,optimized,late_century,2080,2100,80.0,china_mask,23.54308083646151,765,0.0,0.0,0.5949370861053467,0.9063654232025147,14.796464920043945,23.971247433057798,26.030836913119536,111.66049346923829,168.4817352294922,-17.561184044677724
FGOALS-f3-L,ssp245,optimized,historical,1994,2014,100.0,china_mask,27.9988141354529,765,0.0,0.0,0.7177193760871887,1.0880681848526002,17.87726402282715,28.474494351904376,30.298975966634803,128.77130798339846,185.47048950195312,0.0
FGOALS-f3-L,ssp245,optimized,mid_century,2040,2060,100.0,china_mask,28.427144880929205,765,0.0,0.0,0.7994048595428467,1.279386854171753,18.738134384155273,28.96337337626351,30.35174228216014,130.10326721191416,197.37429809570312,0.0
FGOALS-f3-L,ssp245,optimized,late_century,2080,2100,100.0,china_mask,28.55824718445821,765,0.0,0.0,0.7961013317108154,1.2035232782363892,18.387676239013672,29.073761346916747,30.78367241717869,131.84975219726564,198.02166748046875,0.0
FGOALS-f3-L,ssp245,optimized,historical,1994,2014,120.0,china_mask,32.81543046916627,765,0.0,0.0,0.9125867486000061,1.377234787940979,21.386545181274414,33.369098011107226,34.779830219541196,147.58533874511718,211.88897705078125,17.202929775566588
FGOALS-f3-L,ssp245,optimized,mid_century,2040,2060,120.0,china_mask,33.328069518558614,765,0.0,0.0,1.0153307914733887,1.6131009435653687,22.380390167236328,33.95080715269824,34.84936807636079,149.41901184082042,225.29185485839844,17.24029851804523
FGOALS-f3-L,ssp245,optimized,late_century,2080,2100,120.0,china_mask,33.46061542960481,765,0.0,0.0,1.0103967189788818,1.517747540473938,21.98276710510254,34.06055276362724,35.31061432344148,151.00827758789063,226.00433349609375,17.166208463292996
FGOALS-f3-L,ssp585,paper_qm,historical,1994,2014,80.0,china_mask,23.072695521341135,765,0.0,0.0,0.5351555943489075,0.8156814455986023,14.360013008117676,23.467728862030054,25.597482231759006,109.01226226806642,157.61624145507812,-17.59402591224095
FGOALS-f3-L,ssp585,paper_qm,mid_century,2040,2060,80.0,china_mask,23.29064457019747,765,0.0,0.0,0.6264146566390991,0.9673955655097962,15.035027503967285,23.78303861602459,25.4400919166494,108.68909576416021,172.81777954101562,-17.61801561571934
FGOALS-f3-L,ssp585,paper_qm,late_century,2080,2100,80.0,china_mask,23.007071665095744,765,0.0,0.0,0.587700366973877,0.905471544265747,15.242619514465332,23.54895048079148,24.99896785498021,106.25240112304692,176.9731903076172,-17.559666958397457
FGOALS-f3-L,ssp585,paper_qm,historical,1994,2014,100.0,china_mask,27.9988141354529,765,0.0,0.0,0.7177193760871887,1.0880681848526002,17.87726402282715,28.474494351904376,30.298975966634803,128.77130798339846,185.47048950195312,0.0
FGOALS-f3-L,ssp585,paper_qm,mid_century,2040,2060,100.0,china_mask,28.27152652885303,765,0.0,0.0,0.836620032787323,1.2850426149368286,18.684158325195312,28.86313992894553,30.11407719153913,128.33643798828132,202.88856506347656,0.0
FGOALS-f3-L,ssp585,paper_qm,late_century,2080,2100,100.0,china_mask,27.907543330138534,765,0.0,0.0,0.7901252508163452,1.205427293777466,18.80698013305664,28.557284963676352,29.576951717148834,125.32102233886725,207.89645385742188,0.0
FGOALS-f3-L,ssp585,paper_qm,historical,1994,2014,120.0,china_mask,32.81543046916627,765,0.0,0.0,0.9125867486000061,1.377234787940979,21.386545181274414,33.369098011107226,34.779830219541196,147.58533874511718,211.88897705078125,17.202929775566588
FGOALS-f3-L,ssp585,paper_qm,mid_century,2040,2060,120.0,china_mask,33.14222235419878,765,0.0,0.0,1.0602729320526123,1.62093412399292,22.30043601989746,33.82958080223183,34.56865628827611,147.03710083007817,231.35150146484375,17.228273189899635
FGOALS-f3-L,ssp585,paper_qm,late_century,2080,2100,120.0,china_mask,32.69745691287125,765,0.0,0.0,1.0065357685089111,1.5232564449310302,22.32189178466797,33.45110551282471,33.93914863274998,143.4597229003907,237.17245483398438,17.163508539857354
FGOALS-f3-L,ssp585,optimized,historical,1994,2014,80.0,china_mask,23.072695521341135,765,0.0,0.0,0.5351555943489075,0.8156814455986023,14.360013008117676,23.467728862030054,25.597482231759006,109.01226226806642,157.61624145507812,-17.59402591224095
FGOALS-f3-L,ssp585,optimized,mid_century,2040,2060,80.0,china_mask,22.882046091252597,765,0.0,0.0,0.5278170108795166,0.9016333174705505,14.370696067810059,23.3086323619668,25.232119936547104,108.80387359619144,166.8851776123047,-17.661963606385022
FGOALS-f3-L,ssp585,optimized,late_century,2080,2100,80.0,china_mask,22.909209543714535,765,0.0,0.0,0.614371657371521,0.8860160779953004,14.641736030578613,23.388721495126585,25.03438506535606,107.39523651123051,168.21961975097656,-17.62167613540343
FGOALS-f3-L,ssp585,optimized,historical,1994,2014,100.0,china_mask,27.9988141354529,765,0.0,0.0,0.7177193760871887,1.0880681848526002,17.87726402282715,28.474494351904376,30.298975966634803,128.77130798339846,185.47048950195312,0.0
FGOALS-f3-L,ssp585,optimized,mid_century,2040,2060,100.0,china_mask,27.790371368422647,765,0.0,0.0,0.708694338798523,1.199274091720581,17.89786148071289,28.303453681359883,29.886453441338535,128.56394165039066,196.06687927246094,0.0
FGOALS-f3-L,ssp585,optimized,late_century,2080,2100,100.0,china_mask,27.809754397734405,765,0.0,0.0,0.820976734161377,1.1789004230499267,18.252700805664062,28.38521295256085,29.64200810882618,127.09124328613285,197.75843811035156,0.0
FGOALS-f3-L,ssp585,optimized,historical,1994,2014,120.0,china_mask,32.81543046916627,765,0.0,0.0,0.9125867486000061,1.377234787940979,21.386545181274414,33.369098011107226,34.779830219541196,147.58533874511718,211.88897705078125,17.202929775566588
FGOALS-f3-L,ssp585,optimized,mid_century,2040,2060,120.0,china_mask,32.59244206094067,765,0.0,0.0,0.9019287824630737,1.514436068534851,21.453495025634766,33.189073711283065,34.32467841282748,147.38372253417973,223.7058868408203,17.279620444275423
FGOALS-f3-L,ssp585,optimized,late_century,2080,2100,120.0,china_mask,32.602719595040874,765,0.0,0.0,1.0408128499984741,1.4891267442703249,21.76089859008789,33.27067420731962,34.035121790547514,145.8704058837891,225.7460174560547,17.234834686986456
FIO-ESM-2-0,ssp126,paper_qm,historical,1994,2014,80.0,china_mask,23.47228372186768,805,0.0,0.0,0.22204582393169403,0.8857574892044068,14.095818519592285,23.799673510393742,25.66407356625636,111.69352813720717,168.4454345703125,-17.58452372911712
FIO-ESM-2-0,ssp126,paper_qm,mid_century,2040,2060,80.0,china_mask,20.8503015745243,805,0.0,0.0,0.17676834762096405,0.5532238864898682,11.270730018615723,21.19878087721256,24.126789504740557,97.83656677246096,165.11331176757812,-17.648068221409662
FIO-ESM-2-0,ssp126,paper_qm,late_century,2080,2100,80.0,china_mask,20.881965584620975,805,0.0,0.0,0.22187259793281555,0.5344978713989258,11.39710807800293,21.176501867971066,24.25110889696019,105.01513854980479,148.50302124023438,-17.66169166560837
FIO-ESM-2-0,ssp126,paper_qm,historical,1994,2014,100.0,china_mask,28.48043205467753,805,0.0,0.0,0.30443236231803894,1.170254716873169,17.5377254486084,28.87659320176018,30.353163388872805,131.85838195800795,196.46978759765625,0.0
FIO-ESM-2-0,ssp126,paper_qm,mid_century,2040,2060,100.0,china_mask,25.31853366910928,805,0.0,0.0,0.24396328628063202,0.73843266248703,14.076047897338867,25.740570647838695,28.59073983156661,116.22133880615236,193.37440490722656,0.0
FIO-ESM-2-0,ssp126,paper_qm,late_century,2080,2100,100.0,china_mask,25.361178784260805,805,0.0,0.0,0.3049038350582123,0.7117443203926086,14.239310264587402,25.717642104403573,28.73743456902861,123.93241668701184,173.61749267578125,0.0
FIO-ESM-2-0,ssp126,paper_qm,historical,1994,2014,120.0,china_mask,33.37704965423092,805,0.0,0.0,0.3941154479980469,1.4699753332138061,20.875667572021484,33.839913822257,34.82016921666946,150.66998779296887,222.87782287597656,17.1929189492376
FIO-ESM-2-0,ssp126,paper_qm,mid_century,2040,2060,120.0,china_mask,29.691119415520944,805,0.0,0.0,0.3175293803215027,0.939241533279419,16.920820236206055,30.184599046640514,32.85142055047389,133.81114685058594,220.07415771484375,17.27029615362987
FIO-ESM-2-0,ssp126,paper_qm,late_century,2080,2100,120.0,china_mask,29.745044656380383,805,0.0,0.0,0.39545080065727234,0.8964804768562317,17.063438415527344,30.1616101903945,33.01954710570294,141.9470800781251,197.3350067138672,17.28573387464234
FIO-ESM-2-0,ssp126,optimized,historical,1994,2014,80.0,china_mask,23.47228372186768,805,0.0,0.0,0.22204582393169403,0.8857574892044068,14.095818519592285,23.799673510393742,25.66407356625636,111.69352813720717,168.4454345703125,-17.58452372911712
FIO-ESM-2-0,ssp126,optimized,mid_century,2040,2060,80.0,china_mask,22.238368788044333,805,0.0,0.0,0.20001308619976044,0.8154589796066285,12.67951488494873,22.59812247521759,24.671392112940158,102.90558593750005,159.39541625976562,-17.67512151538805
FIO-ESM-2-0,ssp126,optimized,late_century,2080,2100,80.0,china_mask,22.399288256465372,805,0.0,0.0,0.2197476476430893,0.8114680600166321,13.230738639831543,22.72319951781205,24.791799641992633,106.33352355957032,154.40061950683594,-17.6858714048834
FIO-ESM-2-0,ssp126,optimized,historical,1994,2014,100.0,china_mask,28.48043205467753,805,0.0,0.0,0.30443236231803894,1.170254716873169,17.5377254486084,28.87659320176018,30.353163388872805,131.85838195800795,196.46978759765625,0.0
FIO-ESM-2-0,ssp126,optimized,mid_century,2040,2060,100.0,china_mask,27.01293849124976,805,0.0,0.0,0.275216281414032,1.0847291326522828,15.81578540802002,27.44801438424898,29.22705873270265,122.22979919433598,186.89166259765625,0.0
FIO-ESM-2-0,ssp126,optimized,late_century,2080,2100,100.0,china_mask,27.21196061813651,805,0.0,0.0,0.30162450671195984,1.0739626693725586,16.505727767944336,27.60351658944758,29.363156229792857,125.68883270263674,180.55184936523438,0.0
FIO-ESM-2-0,ssp126,optimized,historical,1994,2014,120.0,china_mask,33.37704965423092,805,0.0,0.0,0.3941154479980469,1.4699753332138061,20.875667572021484,33.839913822257,34.82016921666946,150.66998779296887,222.87782287597656,17.1929189492376
FIO-ESM-2-0,ssp126,optimized,mid_century,2040,2060,120.0,china_mask,31.68578222711393,805,0.0,0.0,0.3573267161846161,1.3699491357803344,18.951200485229492,32.19391546171644,33.5727584931415,140.71302917480475,212.8950653076172,17.298539132933776
FIO-ESM-2-0,ssp126,optimized,late_century,2080,2100,120.0,china_mask,31.922470124147942,805,0.0,0.0,0.3908291459083557,1.35534809589386,19.69757652282715,32.37960201494442,33.72295966559432,144.1047790527344,205.462158203125,17.31043775975454
FIO-ESM-2-0,ssp245,paper_qm,historical,1994,2014,80.0,china_mask,23.47228372186768,805,0.0,0.0,0.22204582393169403,0.8857574892044068,14.095818519592285,23.799673510393742,25.66407356625636,111.69352813720717,168.4454345703125,-17.58452372911712
FIO-ESM-2-0,ssp245,paper_qm,mid_century,2040,2060,80.0,china_mask,22.23880843247046,805,0.0,0.0,0.16401168704032898,0.8440710496902466,13.359000205993652,22.52383862789373,24.3390225643878,103.94508209228519,166.64630126953125,-17.604992909770534
FIO-ESM-2-0,ssp245,paper_qm,late_century,2080,2100,80.0,china_mask,21.239432675670137,805,0.0,0.0,0.17545825242996216,0.7756810903549195,12.71664047241211,21.547504051945964,23.03159008211969,99.17833953857429,167.5012969970703,-17.72520204223489
FIO-ESM-2-0,ssp245,paper_qm,historical,1994,2014,100.0,china_mask,28.48043205467753,805,0.0,0.0,0.30443236231803894,1.170254716873169,17.5377254486084,28.87659320176018,30.353163388872805,131.85838195800795,196.46978759765625,0.0
FIO-ESM-2-0,ssp245,paper_qm,mid_century,2040,2060,100.0,china_mask,26.990480634484435,805,0.0,0.0,0.22602370381355286,1.118692078590393,16.480527877807617,27.33647151811523,28.785621261216075,122.44059722900396,195.2579345703125,0.0
FIO-ESM-2-0,ssp245,paper_qm,late_century,2080,2100,100.0,china_mask,25.81523528817801,805,0.0,0.0,0.24104474484920502,1.027192120552063,15.844265937805176,26.187009681363282,27.29306088070181,117.66741821289074,195.913330078125,0.0
FIO-ESM-2-0,ssp245,paper_qm,historical,1994,2014,120.0,china_mask,33.37704965423092,805,0.0,0.0,0.3941154479980469,1.4699753332138061,20.875667572021484,33.839913822257,34.82016921666946,150.66998779296887,222.87782287597656,17.1929189492376
FIO-ESM-2-0,ssp245,paper_qm,mid_century,2040,2060,120.0,china_mask,31.63820226488117,805,0.0,0.0,0.2938553988933563,1.408745937347412,19.664852142333984,32.04346394135345,33.02244833271264,139.8457019042969,222.29705810546875,17.219855004947803
FIO-ESM-2-0,ssp245,paper_qm,late_century,2080,2100,120.0,china_mask,30.29611235400464,805,0.0,0.0,0.31260454654693604,1.2927088403701783,18.967348098754883,30.729547139872675,31.36018490738616,135.33874389648454,222.72970581054688,17.357490705802835
FIO-ESM-2-0,ssp245,optimized,historical,1994,2014,80.0,china_mask,23.47228372186768,805,0.0,0.0,0.22204582393169403,0.8857574892044068,14.095818519592285,23.799673510393742,25.66407356625636,111.69352813720717,168.4454345703125,-17.58452372911712
FIO-ESM-2-0,ssp245,optimized,mid_century,2040,2060,80.0,china_mask,23.060400296952043,805,0.0,0.0,0.19669976830482483,0.862542417049408,13.83034610748291,23.369036279368846,25.171914636786198,106.88548858642581,160.5174102783203,-17.60775672398133
FIO-ESM-2-0,ssp245,optimized,late_century,2080,2100,80.0,china_mask,22.30059716803309,805,0.0,0.0,0.21016831696033478,0.8497101640701294,13.300189018249512,22.641991357051808,24.11418407867029,102.82211273193361,165.1083984375,-17.712146340030777
FIO-ESM-2-0,ssp245,optimized,historical,1994,2014,100.0,china_mask,28.48043205467753,805,0.0,0.0,0.30443236231803894,1.170254716873169,17.5377254486084,28.87659320176018,30.353163388872805,131.85838195800795,196.46978759765625,0.0
FIO-ESM-2-0,ssp245,optimized,mid_century,2040,2060,100.0,china_mask,27.98855739331966,805,0.0,0.0,0.2707524001598358,1.143556981086731,17.184568405151367,28.362598258553085,29.779559083491936,126.23760925292974,187.51966857910156,0.0
FIO-ESM-2-0,ssp245,optimized,late_century,2080,2100,100.0,china_mask,27.10071556876895,805,0.0,0.0,0.28843554854393005,1.1258373785018922,16.578641891479492,27.51265577281484,28.573612224248464,122.09038726806645,193.2612762451172,0.0
FIO-ESM-2-0,ssp245,optimized,historical,1994,2014,120.0,china_mask,33.37704965423092,805,0.0,0.0,0.3941154479980469,1.4699753332138061,20.875667572021484,33.839913822257,34.82016921666946,150.66998779296887,222.87782287597656,17.1929189492376
FIO-ESM-2-0,ssp245,optimized,mid_century,2040,2060,120.0,china_mask,32.808426922230936,805,0.0,0.0,0.35163676738739014,1.4404387092590334,20.551963806152344,33.24598458124244,34.170027128268124,144.6743811035157,212.9948272705078,17.22085729956804
FIO-ESM-2-0,ssp245,optimized,late_century,2080,2100,120.0,china_mask,31.800012670780347,805,0.0,0.0,0.3737207055091858,1.4173923349380495,19.791738510131836,32.28023813881489,32.828405927588335,140.51485412597663,219.85215759277344,17.340121850608625
FIO-ESM-2-0,ssp585,paper_qm,historical,1994,2014,80.0,china_mask,23.47228372186768,805,0.0,0.0,0.22204582393169403,0.8857574892044068,14.095818519592285,23.799673510393742,25.66407356625636,111.69352813720717,168.4454345703125,-17.58452372911712
FIO-ESM-2-0,ssp585,paper_qm,mid_century,2040,2060,80.0,china_mask,22.427541456025548,805,0.0,0.0,0.24382807314395905,0.8372810912132265,13.465360641479492,22.76910333642678,24.320911863477814,103.52444732666025,176.34295654296875,-17.636142617357955
FIO-ESM-2-0,ssp585,paper_qm,late_century,2080,2100,80.0,china_mask,20.870413546081128,805,0.0,0.0,0.16842401027679443,0.8657221722602845,13.102863311767578,21.306242691989272,22.70118693130516,98.97756988525394,186.72421264648438,-17.730397340183714
FIO-ESM-2-0,ssp585,paper_qm,historical,1994,2014,100.0,china_mask,28.48043205467753,805,0.0,0.0,0.30443236231803894,1.170254716873169,17.5377254486084,28.87659320176018,30.353163388872805,131.85838195800795,196.46978759765625,0.0
FIO-ESM-2-0,ssp585,paper_qm,mid_century,2040,2060,100.0,china_mask,27.229833775065625,805,0.0,0.0,0.333596408367157,1.1059476852416994,16.71412467956543,27.64230001172664,28.785942413628348,122.93819946289075,206.3887939453125,0.0
FIO-ESM-2-0,ssp585,paper_qm,late_century,2080,2100,100.0,china_mask,25.368316937642216,805,0.0,0.0,0.23241034150123596,1.1431203174591065,16.306987762451172,25.891315051265384,26.894971983170887,117.45775756835945,218.05210876464844,0.0
FIO-ESM-2-0,ssp585,paper_qm,historical,1994,2014,120.0,china_mask,33.37704965423092,805,0.0,0.0,0.3941154479980469,1.4699753332138061,20.875667572021484,33.839913822257,34.82016921666946,150.66998779296887,222.87782287597656,17.1929189492376
FIO-ESM-2-0,ssp585,paper_qm,mid_century,2040,2060,120.0,china_mask,31.92810069375538,805,0.0,0.0,0.4311577379703522,1.3889747667312624,20.039697647094727,32.40921727030174,33.04297788813126,141.50443542480485,234.7559356689453,17.254115311537312
FIO-ESM-2-0,ssp585,paper_qm,late_century,2080,2100,120.0,china_mask,29.773133351624296,805,0.0,0.0,0.30246567726135254,1.4353684949874879,19.49270248413086,30.3801188251987,30.897685286530034,135.125438232422,247.5694122314453,17.363455466160982
FIO-ESM-2-0,ssp585,optimized,historical,1994,2014,80.0,china_mask,23.47228372186768,805,0.0,0.0,0.22204582393169403,0.8857574892044068,14.095818519592285,23.799673510393742,25.66407356625636,111.69352813720717,168.4454345703125,-17.58452372911712
FIO-ESM-2-0,ssp585,optimized,mid_century,2040,2060,80.0,china_mask,23.174907878459514,805,0.0,0.0,0.2311069220304489,0.9131798171997071,13.91304874420166,23.52309795053479,25.08731887118382,105.8042556762696,165.1440887451172,-17.62868126703834
FIO-ESM-2-0,ssp585,optimized,late_century,2080,2100,80.0,china_mask,22.032104897729564,805,0.0,0.0,0.1968415528535843,0.8692699432373048,13.41608715057373,22.453094007380262,23.67016731558238,106.31665435791027,169.2255096435547,-17.742580205951906
FIO-ESM-2-0,ssp585,optimized,historical,1994,2014,100.0,china_mask,28.48043205467753,805,0.0,0.0,0.30443236231803894,1.170254716873169,17.5377254486084,28.87659320176018,30.353163388872805,131.85838195800795,196.46978759765625,0.0
FIO-ESM-2-0,ssp585,optimized,mid_century,2040,2060,100.0,china_mask,28.134681142583013,805,0.0,0.0,0.31675657629966736,1.206436471939087,17.3002986907959,28.555150954508633,29.693394519568663,125.01882293701179,193.4569549560547,0.0
FIO-ESM-2-0,ssp585,optimized,late_century,2080,2100,100.0,china_mask,26.784337452952474,805,0.0,0.0,0.2709134817123413,1.1510470247268678,16.69558334350586,27.290141217678972,28.05024143865464,126.11105865478532,198.0711669921875,0.0
FIO-ESM-2-0,ssp585,optimized,historical,1994,2014,120.0,china_mask,33.37704965423092,805,0.0,0.0,0.3941154479980469,1.4699753332138061,20.875667572021484,33.839913822257,34.82016921666946,150.66998779296887,222.87782287597656,17.1929189492376
FIO-ESM-2-0,ssp585,optimized,mid_century,2040,2060,120.0,china_mask,32.986154436900065,805,0.0,0.0,0.4099625051021576,1.5153469514846802,20.658544540405273,33.47661653790415,34.08396759501829,143.34714538574227,220.21340942382812,17.24374720911319
FIO-ESM-2-0,ssp585,optimized,late_century,2080,2100,120.0,china_mask,31.438173897876258,805,0.0,0.0,0.3518095314502716,1.448504719734192,19.97138023376465,32.02579366683219,32.23016787666663,144.63568237304708,225.30825805664062,17.375215844328395
IPSL-CM6A-LR,ssp126,paper_qm,historical,1994,2014,80.0,china_mask,25.02902677992189,302,0.0,0.0,0.4467296898365021,0.7123409295082093,15.389921188354492,25.304298103151734,28.270854477296105,123.61549774169931,191.32241821289062,-17.44404477797784
IPSL-CM6A-LR,ssp126,paper_qm,mid_century,2040,2060,80.0,china_mask,21.863057771956623,302,0.0,0.0,0.24915409088134766,0.39684640258550646,12.150928020477295,22.038088293265034,27.48059551513836,115.62947875976565,182.13742065429688,-17.36670689758014
IPSL-CM6A-LR,ssp126,paper_qm,late_century,2080,2100,80.0,china_mask,21.942316884776563,302,0.0,0.0,0.22707903385162354,0.30440474092960357,11.744956970214844,22.04798377857895,27.326786566506968,109.90794036865235,172.88760375976562,-17.390782934031712
IPSL-CM6A-LR,ssp126,paper_qm,historical,1994,2014,100.0,china_mask,30.317651479666104,302,0.0,0.0,0.6026895046234131,0.9495261949300766,18.992712020874023,30.649742939022204,33.359029970963135,146.12116912841807,224.7418670654297,0.0
IPSL-CM6A-LR,ssp126,paper_qm,mid_century,2040,2060,100.0,china_mask,26.45792870055227,302,0.0,0.0,0.33405181765556335,0.5362115037441254,15.0973482131958,26.67181089757294,32.43970179670313,136.8204626464844,214.16465759277344,0.0
IPSL-CM6A-LR,ssp126,paper_qm,late_century,2080,2100,100.0,china_mask,26.561584365645714,302,0.0,0.0,0.30554673075675964,0.41344648092985153,14.601044178009033,26.690230919430586,32.274323472326465,130.09905517578125,203.54171752929688,0.0
IPSL-CM6A-LR,ssp126,paper_qm,historical,1994,2014,120.0,china_mask,35.480812933096985,302,0.0,0.0,0.7700355052947998,1.20130695104599,22.56397819519043,35.867895396339975,38.1940444199106,167.5557017517091,256.3691101074219,17.030215737171428
IPSL-CM6A-LR,ssp126,paper_qm,mid_century,2040,2060,120.0,china_mask,30.942395376493142,302,0.0,0.0,0.4248596131801605,0.6859763646125794,18.035064697265625,31.194233186987063,37.156030604222025,157.01626144409184,244.5023651123047,16.94942460044979
IPSL-CM6A-LR,ssp126,paper_qm,late_century,2080,2100,120.0,china_mask,31.070328003082224,302,0.0,0.0,0.3885619640350342,0.5311899530887604,17.467763900756836,31.22134533356752,36.981842404668335,149.3934800720215,232.61248779296875,16.97467882702073
IPSL-CM6A-LR,ssp126,optimized,historical,1994,2014,80.0,china_mask,25.02902677992189,302,0.0,0.0,0.4467296898365021,0.7123409295082093,15.389921188354492,25.304298103151734,28.270854477296105,123.61549774169931,191.32241821289062,-17.44404477797784
IPSL-CM6A-LR,ssp126,optimized,mid_century,2040,2060,80.0,china_mask,22.972122170319523,302,0.0,0.0,0.39557158946990967,0.6319047009944916,13.58085584640503,23.197772005831958,27.762290204975496,115.73983116149903,185.1844940185547,-17.454024954566794
IPSL-CM6A-LR,ssp126,optimized,late_century,2080,2100,80.0,china_mask,23.221375387630587,302,0.0,0.0,0.4994293451309204,0.6207044196128845,13.631874084472656,23.41927387086761,27.720144491353803,112.65545837402345,179.9625701904297,-17.48286824908384
IPSL-CM6A-LR,ssp126,optimized,historical,1994,2014,100.0,china_mask,30.317651479666104,302,0.0,0.0,0.6026895046234131,0.9495261949300766,18.992712020874023,30.649742939022204,33.359029970963135,146.12116912841807,224.7418670654297,0.0
IPSL-CM6A-LR,ssp126,optimized,mid_century,2040,2060,100.0,china_mask,27.829487940115424,302,0.0,0.0,0.5351987481117249,0.8460113716125488,16.85889720916748,28.104595995107235,32.769875307864204,136.97378051757815,217.66305541992188,0.0
IPSL-CM6A-LR,ssp126,optimized,late_century,2080,2100,100.0,china_mask,28.14127793210986,302,0.0,0.0,0.673626720905304,0.8344171118736267,16.903616905212402,28.381394823852755,32.72739380856383,133.4188171386719,211.7185516357422,0.0
IPSL-CM6A-LR,ssp126,optimized,historical,1994,2014,120.0,china_mask,35.480812933096985,302,0.0,0.0,0.7700355052947998,1.20130695104599,22.56397819519043,35.867895396339975,38.1940444199106,167.5557017517091,256.3691101074219,17.030215737171428
IPSL-CM6A-LR,ssp126,optimized,mid_century,2040,2060,120.0,china_mask,32.57401876199542,302,0.0,0.0,0.6853963732719421,1.0741371607780457,20.1221284866333,32.89738673208565,37.530834602820626,157.21352706909184,248.4171905517578,17.04857391587462
IPSL-CM6A-LR,ssp126,optimized,late_century,2080,2100,120.0,china_mask,32.94781091452146,302,0.0,0.0,0.8604212403297424,1.0628478169441222,20.192886352539062,33.22897200059417,37.48855992087099,153.23041854858403,241.81216430664062,17.080009635693315
IPSL-CM6A-LR,ssp245,paper_qm,historical,1994,2014,80.0,china_mask,25.02902677992189,302,0.0,0.0,0.4467296898365021,0.7123409295082093,15.389921188354492,25.304298103151734,28.270854477296105,123.61549774169931,191.32241821289062,-17.44404477797784
IPSL-CM6A-LR,ssp245,paper_qm,mid_century,2040,2060,80.0,china_mask,23.84166482945707,302,0.0,0.0,0.3259584605693817,0.5732624250650407,15.262342929840088,23.99444759957838,26.64111074972686,112.08816246032718,163.97972106933594,-17.421671353840917
IPSL-CM6A-LR,ssp245,paper_qm,late_century,2080,2100,80.0,china_mask,22.22067989201265,302,0.0,0.0,0.2723880708217621,0.44790483176708223,13.525489807128906,22.322547578752435,26.736619030181508,113.82265731811523,178.14967346191406,-17.38519177968264
IPSL-CM6A-LR,ssp245,paper_qm,historical,1994,2014,100.0,china_mask,30.317651479666104,302,0.0,0.0,0.6026895046234131,0.9495261949300766,18.992712020874023,30.649742939022204,33.359029970963135,146.12116912841807,224.7418670654297,0.0
IPSL-CM6A-LR,ssp245,paper_qm,mid_century,2040,2060,100.0,china_mask,28.87157589688757,302,0.0,0.0,0.44133058190345764,0.7685953575372696,18.87607479095459,29.05776619980272,31.453592873050106,132.59153892517094,193.2802276611328,0.0
IPSL-CM6A-LR,ssp245,paper_qm,late_century,2080,2100,100.0,china_mask,26.896727560941002,302,0.0,0.0,0.3703671097755432,0.603187102675438,16.769888877868652,27.022019327278958,31.53401983284005,134.88885208129884,209.53131103515625,0.0
IPSL-CM6A-LR,ssp245,paper_qm,historical,1994,2014,120.0,china_mask,35.480812933096985,302,0.0,0.0,0.7700355052947998,1.20130695104599,22.56397819519043,35.867895396339975,38.1940444199106,167.5557017517091,256.3691101074219,17.030215737171428
IPSL-CM6A-LR,ssp245,paper_qm,mid_century,2040,2060,120.0,china_mask,33.78135725800033,302,0.0,0.0,0.5655595064163208,0.9770185345411301,22.46287250518799,34.000096036108914,36.03043606500997,152.13824035644538,221.09695434570312,17.00558839824897
IPSL-CM6A-LR,ssp245,paper_qm,late_century,2080,2100,120.0,china_mask,31.460738276277755,302,0.0,0.0,0.4762783646583557,0.7695631539821625,20.00193691253662,31.608979395288504,36.09303887050645,154.9938059997559,239.26365661621094,16.96864685488555
IPSL-CM6A-LR,ssp245,optimized,historical,1994,2014,80.0,china_mask,25.02902677992189,302,0.0,0.0,0.4467296898365021,0.7123409295082093,15.389921188354492,25.304298103151734,28.270854477296105,123.61549774169931,191.32241821289062,-17.44404477797784
IPSL-CM6A-LR,ssp245,optimized,mid_century,2040,2060,80.0,china_mask,24.127714879699916,302,0.0,0.0,0.4492858350276947,0.65860799908638,14.814405918121338,24.357784071604147,27.2597378579174,112.94618965148929,174.4047088623047,-17.481998291865033
IPSL-CM6A-LR,ssp245,optimized,late_century,2080,2100,80.0,china_mask,23.15783176494178,302,0.0,0.0,0.4166119396686554,0.5880552119016648,13.893991470336914,23.353576867884357,27.435148538122046,114.7991635131836,185.41732788085938,-17.462294134707857
IPSL-CM6A-LR,ssp245,optimized,historical,1994,2014,100.0,china_mask,30.317651479666104,302,0.0,0.0,0.6026895046234131,0.9495261949300766,18.992712020874023,30.649742939022204,33.359029970963135,146.12116912841807,224.7418670654297,0.0
IPSL-CM6A-LR,ssp245,optimized,mid_century,2040,2060,100.0,china_mask,29.239334909053312,302,0.0,0.0,0.6061886548995972,0.8805208522081375,18.401851654052734,29.51868551041906,32.19392457121027,133.6740760803223,205.34494018554688,0.0
IPSL-CM6A-LR,ssp245,optimized,late_century,2080,2100,100.0,china_mask,28.057275789488422,302,0.0,0.0,0.5629652142524719,0.7901616388559342,17.12472152709961,28.296139170002462,32.37683534616546,136.09140106201176,217.97390747070312,0.0
IPSL-CM6A-LR,ssp245,optimized,historical,1994,2014,120.0,china_mask,35.480812933096985,302,0.0,0.0,0.7700355052947998,1.20130695104599,22.56397819519043,35.867895396339975,38.1940444199106,167.5557017517091,256.3691101074219,17.030215737171428
IPSL-CM6A-LR,ssp245,optimized,mid_century,2040,2060,120.0,china_mask,34.232047908273714,302,0.0,0.0,0.7745570540428162,1.1166810166835786,21.9769287109375,34.55932492886158,36.88694854661222,153.43672698974612,234.6865997314453,17.075330252038377
IPSL-CM6A-LR,ssp245,optimized,late_century,2080,2100,120.0,china_mask,32.842829513735815,302,0.0,0.0,0.7202152609825134,1.0061285364627839,20.416988372802734,33.12378408616742,37.07446768085295,156.41667465209966,248.80422973632812,17.05637339901791
IPSL-CM6A-LR,ssp585,paper_qm,historical,1994,2014,80.0,china_mask,25.02902677992189,302,0.0,0.0,0.4467296898365021,0.7123409295082093,15.389921188354492,25.304298103151734,28.270854477296105,123.61549774169931,191.32241821289062,-17.44404477797784
IPSL-CM6A-LR,ssp585,paper_qm,mid_century,2040,2060,80.0,china_mask,23.156852768019785,302,0.0,0.0,0.3571455776691437,0.515548734664917,14.270105361938477,23.305173999525064,26.408936149709014,109.28033660888677,170.8016815185547,-17.45873438873964
IPSL-CM6A-LR,ssp585,paper_qm,late_century,2080,2100,80.0,china_mask,21.567169627135897,302,0.0,0.0,0.21355442702770233,0.34039056420326236,12.561354160308838,21.635173902951724,25.3249657942103,111.73078208923347,157.81622314453125,-17.396089543003356
IPSL-CM6A-LR,ssp585,paper_qm,historical,1994,2014,100.0,china_mask,30.317651479666104,302,0.0,0.0,0.6026895046234131,0.9495261949300766,18.992712020874023,30.649742939022204,33.359029970963135,146.12116912841807,224.7418670654297,0.0
IPSL-CM6A-LR,ssp585,paper_qm,mid_century,2040,2060,100.0,china_mask,28.05487969748395,302,0.0,0.0,0.48292452096939087,0.6937360954284668,17.76173210144043,28.235174387890773,31.187343820276016,129.38385398864753,201.1117401123047,0.0
IPSL-CM6A-LR,ssp585,paper_qm,late_century,2080,2100,100.0,china_mask,26.109138789941067,302,0.0,0.0,0.29130497574806213,0.4547899553179741,15.569300174713135,26.19214499006603,29.921123110234223,132.1060309600831,186.1070556640625,0.0
IPSL-CM6A-LR,ssp585,paper_qm,historical,1994,2014,120.0,china_mask,35.480812933096985,302,0.0,0.0,0.7700355052947998,1.20130695104599,22.56397819519043,35.867895396339975,38.1940444199106,167.5557017517091,256.3691101074219,17.030215737171428
IPSL-CM6A-LR,ssp585,paper_qm,mid_century,2040,2060,120.0,china_mask,32.83785455580492,302,0.0,0.0,0.618184506893158,0.8844311231374741,21.24488639831543,33.04924975740199,35.73250221114027,148.56312530517587,229.86129760742188,17.04863791930613
IPSL-CM6A-LR,ssp585,paper_qm,late_century,2080,2100,120.0,china_mask,30.542211853294436,302,0.0,0.0,0.37562283873558044,0.5766455352306367,18.536791801452637,30.639799396131213,34.296296644387986,151.51945526123058,212.97976684570312,16.97900914702433
IPSL-CM6A-LR,ssp585,optimized,historical,1994,2014,80.0,china_mask,25.02902677992189,302,0.0,0.0,0.4467296898365021,0.7123409295082093,15.389921188354492,25.304298103151734,28.270854477296105,123.61549774169931,191.32241821289062,-17.44404477797784
IPSL-CM6A-LR,ssp585,optimized,mid_century,2040,2060,80.0,china_mask,23.49367744765762,302,0.0,0.0,0.4410064220428467,0.5911289429664612,14.207580089569092,23.72138853637588,26.919691536717117,112.04426605224614,177.15414428710938,-17.527143055083194
IPSL-CM6A-LR,ssp585,optimized,late_century,2080,2100,80.0,china_mask,22.193561591180384,302,0.0,0.0,0.41938161849975586,0.4711412048339844,13.090045928955078,22.377295146517405,25.79837373728525,114.7484804534913,168.53663635253906,-17.546526919891313
IPSL-CM6A-LR,ssp585,optimized,historical,1994,2014,100.0,china_mask,30.317651479666104,302,0.0,0.0,0.6026895046234131,0.9495261949300766,18.992712020874023,30.649742939022204,33.359029970963135,146.12116912841807,224.7418670654297,0.0
IPSL-CM6A-LR,ssp585,optimized,mid_century,2040,2060,100.0,china_mask,28.486557053975865,302,0.0,0.0,0.5955999493598938,0.793186828494072,17.619232177734375,28.762914464765828,31.800858323585977,132.68632652282722,208.47413635253906,0.0
IPSL-CM6A-LR,ssp585,optimized,late_century,2080,2100,100.0,china_mask,26.916466659467403,302,0.0,0.0,0.5668737888336182,0.6342224091291429,16.22092914581299,27.13983188204418,30.487312399775742,135.72563316345224,198.5758819580078,0.0
IPSL-CM6A-LR,ssp585,optimized,historical,1994,2014,120.0,china_mask,35.480812933096985,302,0.0,0.0,0.7700355052947998,1.20130695104599,22.56397819519043,35.867895396339975,38.1940444199106,167.5557017517091,256.3691101074219,17.030215737171428
IPSL-CM6A-LR,ssp585,optimized,mid_century,2040,2060,120.0,china_mask,33.365658861638394,302,0.0,0.0,0.761614978313446,1.0088695979118347,21.01703929901123,33.68932249471052,36.444123595789364,152.3748254394532,238.16329956054688,17.127734314882925
IPSL-CM6A-LR,ssp585,optimized,late_century,2080,2100,120.0,china_mask,31.53356839646698,302,0.0,0.0,0.7253807783126831,0.8088612312078477,19.33582592010498,31.795509970148668,34.95032184911682,155.71680328369152,227.08200073242188,17.153446607285616
KACE-1-0-G,ssp126,paper_qm,historical,1994,2014,80.0,china_mask,22.367265668844286,407,0.0,0.0,0.49615293741226196,1.1018469381332399,12.655654907226562,22.79770974064342,25.33970597644746,108.3289501953125,174.12229919433594,-17.61692439393574
KACE-1-0-G,ssp126,paper_qm,mid_century,2040,2060,80.0,china_mask,14.060113423938555,407,0.0,0.0,0.2340514063835144,0.3545720368623734,7.184618949890137,14.379607733146857,17.220116520963916,76.04144973754883,107.43646240234375,-18.163831647508598
KACE-1-0-G,ssp126,paper_qm,late_century,2080,2100,80.0,china_mask,14.657157522360743,407,0.0,0.0,0.22237110137939453,0.34347836673259735,7.46971321105957,14.964217986975607,18.051119518073087,80.48038772583008,109.66416931152344,-18.053746314078168
KACE-1-0-G,ssp126,paper_qm,historical,1994,2014,100.0,china_mask,27.150316377843293,407,0.0,0.0,0.6681374907493591,1.4497916269302369,15.837827682495117,27.667470816165867,29.980067763911567,127.97891876220703,204.88287353515625,0.0
KACE-1-0-G,ssp126,paper_qm,mid_century,2040,2060,100.0,china_mask,17.180806123983825,407,0.0,0.0,0.3137187361717224,0.48215729355812076,9.029594421386719,17.56673562599927,20.54561465741062,90.5163069152832,126.76318359375,0.0
KACE-1-0-G,ssp126,paper_qm,late_century,2080,2100,100.0,china_mask,17.886305795671543,407,0.0,0.0,0.29902490973472595,0.46655198812484744,9.368739128112793,18.25612188791467,21.508846837218787,95.77493774414063,129.24058532714844,0.0
KACE-1-0-G,ssp126,paper_qm,historical,1994,2014,120.0,china_mask,31.8292092807912,407,0.0,0.0,0.8523296117782593,1.8149800086021424,19.005462646484375,32.43004799225992,34.401071064646494,146.6949801635742,234.039794921875,17.233290536408763
KACE-1-0-G,ssp126,paper_qm,mid_century,2040,2060,120.0,china_mask,20.252754179218112,407,0.0,0.0,0.39910972118377686,0.6198166120052337,10.888421058654785,20.70316317911816,23.740408437497447,104.39263916015625,145.16273498535156,17.880115944885453
KACE-1-0-G,ssp126,paper_qm,late_century,2080,2100,120.0,china_mask,21.061558338828636,407,0.0,0.0,0.3813612461090088,0.5993940734863281,11.278984069824219,21.492127240216703,24.827254567789097,110.60072982788085,147.86080932617188,17.752422324824057
KACE-1-0-G,ssp126,optimized,historical,1994,2014,80.0,china_mask,22.367265668844286,407,0.0,0.0,0.49615293741226196,1.1018469381332399,12.655654907226562,22.79770974064342,25.33970597644746,108.3289501953125,174.12229919433594,-17.61692439393574
KACE-1-0-G,ssp126,optimized,mid_century,2040,2060,80.0,china_mask,17.38993332213013,407,0.0,0.0,0.45186278223991394,0.7787168204784394,10.931241035461426,17.81206822505161,19.404091194860687,85.64719635009766,132.60128784179688,-18.15485852197852
KACE-1-0-G,ssp126,optimized,late_century,2080,2100,80.0,china_mask,17.795641552731578,407,0.0,0.0,0.47626954317092896,0.818360515832901,10.96234130859375,18.200656080275262,20.022782383545962,92.40508132934569,137.8212432861328,-18.080239827299284
KACE-1-0-G,ssp126,optimized,historical,1994,2014,100.0,china_mask,27.150316377843293,407,0.0,0.0,0.6681374907493591,1.4497916269302369,15.837827682495117,27.667470816165867,29.980067763911567,127.97891876220703,204.88287353515625,0.0
KACE-1-0-G,ssp126,optimized,mid_century,2040,2060,100.0,china_mask,21.24736179581287,407,0.0,0.0,0.6089659333229065,1.0383493375778199,13.646679878234863,21.755627596846963,23.10984757696732,102.10554779052734,157.11549377441406,0.0
KACE-1-0-G,ssp126,optimized,late_century,2080,2100,100.0,china_mask,21.723258851363035,407,0.0,0.0,0.6404886841773987,1.0887873339653016,13.602940559387207,22.21037025577606,23.821716083025475,109.88319183349608,163.21531677246094,0.0
KACE-1-0-G,ssp126,optimized,historical,1994,2014,120.0,china_mask,31.8292092807912,407,0.0,0.0,0.8523296117782593,1.8149800086021424,19.005462646484375,32.43004799225992,34.401071064646494,146.6949801635742,234.039794921875,17.233290536408763
KACE-1-0-G,ssp126,optimized,mid_century,2040,2060,120.0,china_mask,25.042208940898337,407,0.0,0.0,0.7773574590682983,1.313865797519684,16.391494750976562,25.63379451888785,26.661782245861726,117.90257080078125,180.49603271484375,17.86032158511699
KACE-1-0-G,ssp126,optimized,late_century,2080,2100,120.0,china_mask,25.584512666454728,407,0.0,0.0,0.8161957859992981,1.375240912437439,16.283180236816406,26.150971744950926,27.45995470719854,126.15765258789061,187.4207000732422,17.774744763258287
KACE-1-0-G,ssp245,paper_qm,historical,1994,2014,80.0,china_mask,22.367265668844286,407,0.0,0.0,0.49615293741226196,1.1018469381332399,12.655654907226562,22.79770974064342,25.33970597644746,108.3289501953125,174.12229919433594,-17.61692439393574
KACE-1-0-G,ssp245,paper_qm,mid_century,2040,2060,80.0,china_mask,14.52225106611447,407,0.0,0.0,0.21486146748065948,0.35477210879325866,7.676542282104492,14.853622327016378,17.434465716261137,76.66308868408203,102.39078521728516,-18.141430145823602
KACE-1-0-G,ssp245,paper_qm,late_century,2080,2100,80.0,china_mask,15.249363630125053,407,0.0,0.0,0.22130832076072693,0.3588641917705536,7.552349090576172,15.611475797045143,18.489297402765143,77.50336380004883,106.29142761230469,-18.040602022201224
KACE-1-0-G,ssp245,paper_qm,historical,1994,2014,100.0,china_mask,27.150316377843293,407,0.0,0.0,0.6681374907493591,1.4497916269302369,15.837827682495117,27.667470816165867,29.980067763911567,127.97891876220703,204.88287353515625,0.0
KACE-1-0-G,ssp245,paper_qm,mid_century,2040,2060,100.0,china_mask,17.74066061987711,407,0.0,0.0,0.28834593296051025,0.47992584109306335,9.616443634033203,18.140410792549353,20.783563039447355,90.98072525024413,120.94257354736328,0.0
KACE-1-0-G,ssp245,paper_qm,late_century,2080,2100,100.0,china_mask,18.60599761147076,407,0.0,0.0,0.29691702127456665,0.4887638479471207,9.477336883544922,19.042208009474987,22.021894920178475,91.68933334350585,125.46025085449219,0.0
KACE-1-0-G,ssp245,paper_qm,historical,1994,2014,120.0,china_mask,31.8292092807912,407,0.0,0.0,0.8523296117782593,1.8149800086021424,19.005462646484375,32.43004799225992,34.401071064646494,146.6949801635742,234.039794921875,17.233290536408763
KACE-1-0-G,ssp245,paper_qm,mid_century,2040,2060,120.0,china_mask,20.90810637893539,407,0.0,0.0,0.367239773273468,0.616872388124466,11.530296325683594,21.374145784307757,23.99836206724572,104.67295257568358,138.6221466064453,17.85415902443559
KACE-1-0-G,ssp245,paper_qm,late_century,2080,2100,120.0,china_mask,21.905779647452707,407,0.0,0.0,0.37804821133613586,0.629286732673645,11.430506706237793,22.41369576587431,25.40993471293309,105.23320449829102,143.7165985107422,17.735044929531774
KACE-1-0-G,ssp245,optimized,historical,1994,2014,80.0,china_mask,22.367265668844286,407,0.0,0.0,0.49615293741226196,1.1018469381332399,12.655654907226562,22.79770974064342,25.33970597644746,108.3289501953125,174.12229919433594,-17.61692439393574
KACE-1-0-G,ssp245,optimized,mid_century,2040,2060,80.0,china_mask,17.78708920378762,407,0.0,0.0,0.4905879497528076,0.7565181303024292,11.089674949645996,18.218778821262152,19.667561885668956,89.11039596557617,130.15040588378906,-18.12405682424313
KACE-1-0-G,ssp245,optimized,late_century,2080,2100,80.0,china_mask,18.35519278782846,407,0.0,0.0,0.4742879271507263,0.7432340717315674,11.336441040039062,18.809260914747487,20.43503064825133,87.7109487915039,137.15225219726562,-18.046931876721207
KACE-1-0-G,ssp245,optimized,historical,1994,2014,100.0,china_mask,27.150316377843293,407,0.0,0.0,0.6681374907493591,1.4497916269302369,15.837827682495117,27.667470816165867,29.980067763911567,127.97891876220703,204.88287353515625,0.0
KACE-1-0-G,ssp245,optimized,mid_century,2040,2060,100.0,china_mask,21.72443884475984,407,0.0,0.0,0.6597371697425842,1.0092909574508668,13.867293357849121,22.243850637858856,23.41033087302952,106.16574340820313,154.3288116455078,0.0
KACE-1-0-G,ssp245,optimized,late_century,2080,2100,100.0,china_mask,22.397200261273273,407,0.0,0.0,0.6387215256690979,0.9911500310897827,14.130242347717285,22.94326054698419,24.308161516248802,104.04620834350585,162.4034423828125,0.0
KACE-1-0-G,ssp245,optimized,historical,1994,2014,120.0,china_mask,31.8292092807912,407,0.0,0.0,0.8523296117782593,1.8149800086021424,19.005462646484375,32.43004799225992,34.401071064646494,146.6949801635742,234.039794921875,17.233290536408763
KACE-1-0-G,ssp245,optimized,mid_century,2040,2060,120.0,china_mask,25.596712056567,407,0.0,0.0,0.8406988978385925,1.2776827955245973,16.66641616821289,26.20092717494074,26.99595981911467,122.52557205200195,177.4033203125,17.824502807542906
KACE-1-0-G,ssp245,optimized,late_century,2080,2100,120.0,china_mask,26.36913364347834,407,0.0,0.0,0.8148630261421204,1.254311285018921,16.922788619995117,27.00406586845618,28.016382313417214,119.66860549926757,186.47189331054688,17.73406200717367
KACE-1-0-G,ssp585,paper_qm,historical,1994,2014,80.0,china_mask,22.367265668844286,407,0.0,0.0,0.49615293741226196,1.1018469381332399,12.655654907226562,22.79770974064342,25.33970597644746,108.3289501953125,174.12229919433594,-17.61692439393574
KACE-1-0-G,ssp585,paper_qm,mid_century,2040,2060,80.0,china_mask,15.131477669923747,407,0.0,0.0,0.17250250279903412,0.37868072986602785,8.515922546386719,15.527739980699682,17.99497290368458,74.04279357910156,98.30203247070312,-18.048982184066176
KACE-1-0-G,ssp585,paper_qm,late_century,2080,2100,80.0,china_mask,14.723522647911881,407,0.0,0.0,0.18882261216640472,0.4195450621843338,8.826876640319824,15.124933979544943,16.700495700266494,69.4380714416504,91.51187896728516,-18.209659531859668
KACE-1-0-G,ssp585,paper_qm,historical,1994,2014,100.0,china_mask,27.150316377843293,407,0.0,0.0,0.6681374907493591,1.4497916269302369,15.837827682495117,27.667470816165867,29.980067763911567,127.97891876220703,204.88287353515625,0.0
KACE-1-0-G,ssp585,paper_qm,mid_century,2040,2060,100.0,china_mask,18.46405093333901,407,0.0,0.0,0.2340274304151535,0.5148289275169373,10.693055152893066,18.940642376899426,21.442919397634945,88.01887512207031,116.33750915527344,0.0
KACE-1-0-G,ssp585,paper_qm,late_century,2080,2100,100.0,china_mask,18.001542191461,407,0.0,0.0,0.25580665469169617,0.567746068239212,11.070591926574707,18.484594293762484,19.946725231124468,83.0177781677246,108.52777099609375,0.0
KACE-1-0-G,ssp585,paper_qm,historical,1994,2014,120.0,china_mask,31.8292092807912,407,0.0,0.0,0.8523296117782593,1.8149800086021424,19.005462646484375,32.43004799225992,34.401071064646494,146.6949801635742,234.039794921875,17.233290536408763
KACE-1-0-G,ssp585,paper_qm,mid_century,2040,2060,120.0,china_mask,21.740549985907627,407,0.0,0.0,0.30069416761398315,0.6618798065185547,12.88279914855957,22.2948495610926,24.751562635998116,101.40054306030274,133.5521240234375,17.745288205702003
KACE-1-0-G,ssp585,paper_qm,late_century,2080,2100,120.0,china_mask,21.228796710912093,407,0.0,0.0,0.32822537422180176,0.7272173500061035,13.426118850708008,21.790818292546916,23.06755814900559,96.08814651489257,124.79806518554688,17.927655781524866
KACE-1-0-G,ssp585,optimized,historical,1994,2014,80.0,china_mask,22.367265668844286,407,0.0,0.0,0.49615293741226196,1.1018469381332399,12.655654907226562,22.79770974064342,25.33970597644746,108.3289501953125,174.12229919433594,-17.61692439393574
KACE-1-0-G,ssp585,optimized,mid_century,2040,2060,80.0,china_mask,18.16419121377029,407,0.0,0.0,0.4707036018371582,0.752459522485733,11.6220703125,18.641337472625096,19.996107130429042,88.70000640869141,130.94015502929688,-18.061063407163513
KACE-1-0-G,ssp585,optimized,late_century,2080,2100,80.0,china_mask,17.679772325584022,407,0.0,0.0,0.4863942265510559,0.7653708672523498,11.765987396240234,18.155396712207093,18.889736845101197,84.85226623535156,133.1607666015625,-18.194656808798225
KACE-1-0-G,ssp585,optimized,historical,1994,2014,100.0,china_mask,27.150316377843293,407,0.0,0.0,0.6681374907493591,1.4497916269302369,15.837827682495117,27.667470816165867,29.980067763911567,127.97891876220703,204.88287353515625,0.0
KACE-1-0-G,ssp585,optimized,mid_century,2040,2060,100.0,china_mask,22.16796064126404,407,0.0,0.0,0.6333387494087219,1.0052606439590455,14.478520393371582,22.74085243621095,23.797540104920817,105.67177932739257,155.2185516357422,0.0
KACE-1-0-G,ssp585,optimized,late_century,2080,2100,100.0,china_mask,21.612001900977898,407,0.0,0.0,0.6535901427268982,1.0244888806343078,14.654994010925293,22.183129132086872,22.518106535976568,101.16518020629883,157.82029724121094,0.0
KACE-1-0-G,ssp585,optimized,historical,1994,2014,120.0,china_mask,31.8292092807912,407,0.0,0.0,0.8523296117782593,1.8149800086021424,19.005462646484375,32.43004799225992,34.401071064646494,146.6949801635742,234.039794921875,17.233290536408763
KACE-1-0-G,ssp585,optimized,mid_century,2040,2060,120.0,china_mask,26.10296621933088,407,0.0,0.0,0.8074361085891724,1.2740101194381714,17.332353591918945,26.76827995665829,27.438960885276575,121.95144744873046,178.38339233398438,17.750868660160446
KACE-1-0-G,ssp585,optimized,late_century,2080,2100,120.0,china_mask,25.481188946889986,407,0.0,0.0,0.8323783278465271,1.3003592824935912,17.541179656982422,26.144474455267556,25.998393245283864,116.8210107421875,181.34310913085938,17.902955328432647
MPI-ESM1-2-HR,ssp126,paper_qm,historical,1994,2014,80.0,china_mask,25.102309156302532,1083,0.0,0.0,0.4287576973438263,0.9625879466533661,15.688462257385254,25.494994549127167,28.292540070315777,125.1148094177247,258.1754150390625,-17.462377705159437
MPI-ESM1-2-HR,ssp126,paper_qm,mid_century,2040,2060,80.0,china_mask,21.54504758626535,1083,0.0,0.0,0.29588600993156433,0.6960499954223632,12.095745086669922,21.81134868284562,26.414470058203563,118.76562728881903,253.99349975585938,-17.54365783172618
MPI-ESM1-2-HR,ssp126,paper_qm,late_century,2080,2100,80.0,china_mask,22.95466877347509,1083,0.0,0.0,0.3008909821510315,0.6798928546905517,12.904370307922363,23.16228997850462,27.878362394726103,120.39146286010788,228.8457489013672,-17.399859414245643
MPI-ESM1-2-HR,ssp126,paper_qm,historical,1994,2014,100.0,china_mask,30.41317214909846,1083,0.0,0.0,0.578495979309082,1.2763115072250366,19.480880737304688,30.887461574949388,33.360004530465446,147.60249053955084,300.3488464355469,0.0
MPI-ESM1-2-HR,ssp126,paper_qm,mid_century,2040,2060,100.0,china_mask,26.129036311478654,1083,0.0,0.0,0.4027198851108551,0.9304603922367096,15.067721366882324,26.452551854917107,31.188445999296118,139.94116333007892,295.20843505859375,0.0
MPI-ESM1-2-HR,ssp126,paper_qm,late_century,2080,2100,100.0,china_mask,27.790108601139558,1083,0.0,0.0,0.4038200378417969,0.9076720786094665,16.01659393310547,28.043386230095603,32.880540592023124,141.93435485839893,266.4295349121094,0.0
MPI-ESM1-2-HR,ssp126,paper_qm,historical,1994,2014,120.0,china_mask,35.59929019623639,1083,0.0,0.0,0.739142656326294,1.6076150679588317,23.194347381591797,36.15260112197556,38.17521521628946,168.9858697509766,339.9374084472656,17.052210212447893
MPI-ESM1-2-HR,ssp126,paper_qm,mid_century,2040,2060,120.0,china_mask,30.610645132046635,1083,0.0,0.0,0.5182874798774719,1.179823455810547,18.032018661499023,30.98981008365654,35.73185186922815,159.95390136718837,333.8714904785156,17.15183356608978
MPI-ESM1-2-HR,ssp126,paper_qm,late_century,2080,2100,120.0,china_mask,32.51032572626159,1083,0.0,0.0,0.5140164494514465,1.1498458433151246,19.23265266418457,32.808111125907736,37.63681520736851,162.4190515136724,301.74224853515625,16.985241737876745
MPI-ESM1-2-HR,ssp126,optimized,historical,1994,2014,80.0,china_mask,25.102309156302532,1083,0.0,0.0,0.4287576973438263,0.9625879466533661,15.688462257385254,25.494994549127167,28.292540070315777,125.1148094177247,258.1754150390625,-17.462377705159437
MPI-ESM1-2-HR,ssp126,optimized,mid_century,2040,2060,80.0,china_mask,22.344970461708236,1083,0.0,0.0,0.41219785809516907,0.837618144750595,13.288792610168457,22.65990195451571,26.7005108700391,117.91437469482426,249.3308563232422,-17.587471075402995
MPI-ESM1-2-HR,ssp126,optimized,late_century,2080,2100,80.0,china_mask,23.427899147669596,1083,0.0,0.0,0.4018383026123047,0.86669788479805,13.455536842346191,23.69537775764725,27.809580496613954,119.61557647705125,230.90843200683594,-17.4698443266317
MPI-ESM1-2-HR,ssp126,optimized,historical,1994,2014,100.0,china_mask,30.41317214909846,1083,0.0,0.0,0.578495979309082,1.2763115072250366,19.480880737304688,30.887461574949388,33.360004530465446,147.60249053955084,300.3488464355469,0.0
MPI-ESM1-2-HR,ssp126,optimized,mid_century,2040,2060,100.0,china_mask,27.113559980852756,1083,0.0,0.0,0.5576958060264587,1.1119757962226868,16.528249740600586,27.495456853126445,31.529811954273992,139.4967877197266,289.8926696777344,0.0
MPI-ESM1-2-HR,ssp126,optimized,late_century,2080,2100,100.0,china_mask,28.387077373742986,1083,0.0,0.0,0.5421721935272217,1.1512304520606995,16.723695755004883,28.712450797097723,32.797188075249075,140.64014373779352,268.9951477050781,0.0
MPI-ESM1-2-HR,ssp126,optimized,historical,1994,2014,120.0,china_mask,35.59929019623639,1083,0.0,0.0,0.739142656326294,1.6076150679588317,23.194347381591797,36.15260112197556,38.17521521628946,168.9858697509766,339.9374084472656,17.052210212447893
MPI-ESM1-2-HR,ssp126,optimized,mid_century,2040,2060,120.0,china_mask,31.777267882434753,1083,0.0,0.0,0.71419358253479,1.4053864574432373,19.75412940979004,32.224224189807174,36.12545673624105,160.06726348876956,327.9556884765625,17.200647590635263
MPI-ESM1-2-HR,ssp126,optimized,late_century,2080,2100,120.0,china_mask,33.231460610291975,1083,0.0,0.0,0.6927706003189087,1.4536654734611512,20.042213439941406,33.61317875940053,37.53812037757896,161.2621170043951,304.79644775390625,17.06545260989025
MPI-ESM1-2-HR,ssp245,paper_qm,historical,1994,2014,80.0,china_mask,25.102309156302532,1083,0.0,0.0,0.4287576973438263,0.9625879466533661,15.688462257385254,25.494994549127167,28.292540070315777,125.1148094177247,258.1754150390625,-17.462377705159437
MPI-ESM1-2-HR,ssp245,paper_qm,mid_century,2040,2060,80.0,china_mask,24.645447758027235,1083,0.0,0.0,0.4454856812953949,0.9864724886417389,15.306083679199219,24.871608193974087,27.171484792748586,120.81728012084997,242.24818420410156,-17.423185241620498
MPI-ESM1-2-HR,ssp245,paper_qm,late_century,2080,2100,80.0,china_mask,23.377395690404892,1083,0.0,0.0,0.38777559995651245,0.9657721412181854,14.266919136047363,23.615297500996927,26.122086210888714,118.57492126464871,214.63441467285156,-17.57232471827518
MPI-ESM1-2-HR,ssp245,paper_qm,historical,1994,2014,100.0,china_mask,30.41317214909846,1083,0.0,0.0,0.578495979309082,1.2763115072250366,19.480880737304688,30.887461574949388,33.360004530465446,147.60249053955084,300.3488464355469,0.0
MPI-ESM1-2-HR,ssp245,paper_qm,mid_century,2040,2060,100.0,china_mask,29.845481240878613,1083,0.0,0.0,0.5981701612472534,1.308645577430725,19.001745223999023,30.12060329375835,32.02589989558162,142.79221649169958,281.7801818847656,0.0
MPI-ESM1-2-HR,ssp245,paper_qm,late_century,2080,2100,100.0,china_mask,28.361100334935607,1083,0.0,0.0,0.5262702703475952,1.27586354970932,17.731029510498047,28.649378004606852,30.855263799872237,140.35879638671906,250.31948852539062,0.0
MPI-ESM1-2-HR,ssp245,paper_qm,historical,1994,2014,120.0,china_mask,35.59929019623639,1083,0.0,0.0,0.739142656326294,1.6076150679588317,23.194347381591797,36.15260112197556,38.17521521628946,168.9858697509766,339.9374084472656,17.052210212447893
MPI-ESM1-2-HR,ssp245,paper_qm,mid_century,2040,2060,120.0,china_mask,34.921625792659334,1083,0.0,0.0,0.7613427639007568,1.649005205631256,22.680377960205078,35.24436531607354,36.63807962450206,163.88472656250033,318.8941955566406,17.00808410764727
MPI-ESM1-2-HR,ssp245,paper_qm,late_century,2080,2100,120.0,china_mask,33.233077019028926,1083,0.0,0.0,0.6756255626678467,1.6023928761482238,21.15482521057129,33.57022536720045,35.35990966528835,161.12815399169955,283.9017639160156,17.178376813864116
MPI-ESM1-2-HR,ssp245,optimized,historical,1994,2014,80.0,china_mask,25.102309156302532,1083,0.0,0.0,0.4287576973438263,0.9625879466533661,15.688462257385254,25.494994549127167,28.292540070315777,125.1148094177247,258.1754150390625,-17.462377705159437
MPI-ESM1-2-HR,ssp245,optimized,mid_century,2040,2060,80.0,china_mask,24.381960915214467,1083,0.0,0.0,0.40790989995002747,0.919950122833252,14.710945129394531,24.67627601423202,27.68263797604256,125.46747909545907,245.6639862060547,-17.4470558672327
MPI-ESM1-2-HR,ssp245,optimized,late_century,2080,2100,80.0,china_mask,22.971934047589283,1083,0.0,0.0,0.37187039852142334,0.9067318046092987,14.02487850189209,23.27163990473483,26.213780036268258,116.56074859619156,216.92291259765625,-17.60944610680857
MPI-ESM1-2-HR,ssp245,optimized,historical,1994,2014,100.0,china_mask,30.41317214909846,1083,0.0,0.0,0.578495979309082,1.2763115072250366,19.480880737304688,30.887461574949388,33.360004530465446,147.60249053955084,300.3488464355469,0.0
MPI-ESM1-2-HR,ssp245,optimized,mid_century,2040,2060,100.0,china_mask,29.534938058661755,1083,0.0,0.0,0.5496933460235596,1.2231066036224365,18.23320198059082,29.892406093611942,32.6399924421784,147.4701892089845,285.6523132324219,0.0
MPI-ESM1-2-HR,ssp245,optimized,late_century,2080,2100,100.0,china_mask,27.88175702443922,1083,0.0,0.0,0.5024012327194214,1.205287561416626,17.39366340637207,28.24508264702113,30.974692228243168,138.02768035888687,253.03306579589844,0.0
MPI-ESM1-2-HR,ssp245,optimized,historical,1994,2014,120.0,china_mask,35.59929019623639,1083,0.0,0.0,0.739142656326294,1.6076150679588317,23.194347381591797,36.15260112197556,38.17521521628946,168.9858697509766,339.9374084472656,17.052210212447893
MPI-ESM1-2-HR,ssp245,optimized,mid_century,2040,2060,120.0,china_mask,34.56667365086763,1083,0.0,0.0,0.7016937732696533,1.5440102696418763,21.73434066772461,34.98553386905737,37.35105214937061,168.34093200683608,323.1831359863281,17.036553732436932
MPI-ESM1-2-HR,ssp245,optimized,late_century,2080,2100,120.0,china_mask,32.68370623853632,1083,0.0,0.0,0.6426535844802856,1.521299090385437,20.77732276916504,33.10882089755542,35.506993852220425,158.50252624511737,287.0187072753906,17.222548815298964
MPI-ESM1-2-HR,ssp585,paper_qm,historical,1994,2014,80.0,china_mask,25.102309156302532,1083,0.0,0.0,0.4287576973438263,0.9625879466533661,15.688462257385254,25.494994549127167,28.292540070315777,125.1148094177247,258.1754150390625,-17.462377705159437
MPI-ESM1-2-HR,ssp585,paper_qm,mid_century,2040,2060,80.0,china_mask,23.720273428037224,1083,0.0,0.0,0.5142659544944763,0.9262501788139343,14.955425262451172,24.049334417805007,26.38343700266111,122.4994580078125,281.0403137207031,-17.553472948795058
MPI-ESM1-2-HR,ssp585,paper_qm,late_century,2080,2100,80.0,china_mask,23.072972165861177,1083,0.0,0.0,0.41731226444244385,0.8213019800186158,14.624032974243164,23.32627448084612,25.96792640311795,117.03459014892587,305.919189453125,-17.524342665072446
MPI-ESM1-2-HR,ssp585,paper_qm,historical,1994,2014,100.0,china_mask,30.41317214909846,1083,0.0,0.0,0.578495979309082,1.2763115072250366,19.480880737304688,30.887461574949388,33.360004530465446,147.60249053955084,300.3488464355469,0.0
MPI-ESM1-2-HR,ssp585,paper_qm,mid_century,2040,2060,100.0,china_mask,28.770494375469944,1083,0.0,0.0,0.6944617629051208,1.2271593403816223,18.562082290649414,29.16851376199326,31.122498623445722,143.65713653564458,326.04107666015625,0.0
MPI-ESM1-2-HR,ssp585,paper_qm,late_century,2080,2100,100.0,china_mask,27.975493510968384,1083,0.0,0.0,0.5616472363471985,1.0876600253582,18.146520614624023,28.28273579414972,30.603245203918345,138.6091390991212,354.32818603515625,0.0
MPI-ESM1-2-HR,ssp585,paper_qm,historical,1994,2014,120.0,china_mask,35.59929019623639,1083,0.0,0.0,0.739142656326294,1.6076150679588317,23.194347381591797,36.15260112197556,38.17521521628946,168.9858697509766,339.9374084472656,17.052210212447893
MPI-ESM1-2-HR,ssp585,paper_qm,mid_century,2040,2060,120.0,china_mask,33.70649723126725,1083,0.0,0.0,0.887843668460846,1.5448360633850098,22.15032196044922,34.171331032161234,35.628650692552874,163.67135528564467,368.1844177246094,17.156475628746225
MPI-ESM1-2-HR,ssp585,paper_qm,late_century,2080,2100,120.0,china_mask,32.76641006148297,1083,0.0,0.0,0.716267466545105,1.3695244002342224,21.66227912902832,33.12597068365481,35.00854908849956,158.92684387207032,399.5942687988281,17.125404950000988
MPI-ESM1-2-HR,ssp585,optimized,historical,1994,2014,80.0,china_mask,25.102309156302532,1083,0.0,0.0,0.4287576973438263,0.9625879466533661,15.688462257385254,25.494994549127167,28.292540070315777,125.1148094177247,258.1754150390625,-17.462377705159437
MPI-ESM1-2-HR,ssp585,optimized,mid_century,2040,2060,80.0,china_mask,23.458997266932453,1083,0.0,0.0,0.41798627376556396,0.882081754207611,14.700151443481445,23.816235112654095,26.689578235448476,122.15705688476581,271.885986328125,-17.571460540614314
MPI-ESM1-2-HR,ssp585,optimized,late_century,2080,2100,80.0,china_mask,23.030822902767696,1083,0.0,0.0,0.4457285702228546,0.9408027219772339,14.516278266906738,23.359899639120172,26.427393235921073,119.65531433105474,292.21258544921875,-17.570064032924236
MPI-ESM1-2-HR,ssp585,optimized,historical,1994,2014,100.0,china_mask,30.41317214909846,1083,0.0,0.0,0.578495979309082,1.2763115072250366,19.480880737304688,30.887461574949388,33.360004530465446,147.60249053955084,300.3488464355469,0.0
MPI-ESM1-2-HR,ssp585,optimized,mid_century,2040,2060,100.0,china_mask,28.459799749929097,1083,0.0,0.0,0.5631687045097351,1.1745388221740722,18.299015045166016,28.89197150811154,31.499620715642784,144.2236883544923,315.4990539550781,0.0
MPI-ESM1-2-HR,ssp585,optimized,late_century,2080,2100,100.0,china_mask,27.939877221264236,1083,0.0,0.0,0.5988888144493103,1.2501767444610596,18.096757888793945,28.338645815959378,31.17064688237304,141.6276937866212,338.5392150878906,0.0
MPI-ESM1-2-HR,ssp585,optimized,historical,1994,2014,120.0,china_mask,35.59929019623639,1083,0.0,0.0,0.739142656326294,1.6076150679588317,23.194347381591797,36.15260112197556,38.17521521628946,168.9858697509766,339.9374084472656,17.052210212447893
MPI-ESM1-2-HR,ssp585,optimized,mid_century,2040,2060,120.0,china_mask,33.348727046554494,1083,0.0,0.0,0.7187793254852295,1.4845173645019532,21.916309356689453,33.85354321044788,36.0750203258562,165.22138061523444,356.3561096191406,17.178361547106725
MPI-ESM1-2-HR,ssp585,optimized,late_century,2080,2100,120.0,china_mask,32.739668650877896,1083,0.0,0.0,0.7626746892929077,1.5770658373832702,21.620973587036133,33.20605613446742,35.68131516394222,162.55468170166026,381.8749084472656,17.178999720015508
MPI-ESM1-2-LR,ssp126,paper_qm,historical,1994,2014,80.0,china_mask,23.107817468104827,275,0.0,0.0,0.30756938457489014,0.7449402463436127,14.9530611038208,23.415759717767887,24.947894459110447,103.2385345458984,130.02499389648438,-17.631750127178826
MPI-ESM1-2-LR,ssp126,paper_qm,mid_century,2040,2060,80.0,china_mask,19.621879177823647,275,0.0,0.0,0.14515474438667297,0.26559170186519626,10.659399032592773,19.898787425160407,24.00282836988895,98.2106808471679,118.36886596679688,-17.639386697229675
MPI-ESM1-2-LR,ssp126,paper_qm,late_century,2080,2100,80.0,china_mask,20.325236992148728,275,0.0,0.0,0.13209958374500275,0.2981683212518692,11.753602027893066,20.636113095066765,23.847318108447688,102.4596704101562,125.42219543457031,-17.652055557229176
MPI-ESM1-2-LR,ssp126,paper_qm,historical,1994,2014,100.0,china_mask,28.05427759334929,275,0.0,0.0,0.4194594621658325,0.9929973196983338,18.54655647277832,28.427034274881535,29.543325723529673,121.95340316772457,152.299560546875,0.0
MPI-ESM1-2-LR,ssp126,paper_qm,mid_century,2040,2060,100.0,china_mask,23.824348060268314,275,0.0,0.0,0.20027483999729156,0.35946047127246855,13.42545223236084,24.158995496142996,28.459634153595108,116.34375289916984,138.7904510498047,0.0
MPI-ESM1-2-LR,ssp126,paper_qm,late_century,2080,2100,100.0,china_mask,24.682142498740955,275,0.0,0.0,0.18282660841941833,0.3995868194103241,14.564376831054688,25.054735784205523,28.291870855968217,121.16505096435542,148.14552307128906,0.0
MPI-ESM1-2-LR,ssp126,paper_qm,historical,1994,2014,120.0,china_mask,32.89262518027333,275,0.0,0.0,0.5406376123428345,1.2562529587745668,22.139307022094727,33.32830034169284,33.92448766019574,139.77258697509762,173.34666442871094,17.246380951441953
MPI-ESM1-2-LR,ssp126,paper_qm,mid_century,2040,2060,120.0,china_mask,27.936933836580017,275,0.0,0.0,0.26066529750823975,0.4605790197849274,16.162723541259766,28.327592638947745,32.71481597132877,133.65655212402334,158.10523986816406,17.262112549347087
MPI-ESM1-2-LR,ssp126,paper_qm,late_century,2080,2100,120.0,china_mask,28.945358465561,275,0.0,0.0,0.23853455483913422,0.5094406116008758,17.452783584594727,29.37741124266928,32.537929712343434,138.99032928466792,169.7746124267578,17.272471249355736
MPI-ESM1-2-LR,ssp126,optimized,historical,1994,2014,80.0,china_mask,23.107817468104827,275,0.0,0.0,0.30756938457489014,0.7449402463436127,14.9530611038208,23.415759717767887,24.947894459110447,103.2385345458984,130.02499389648438,-17.631750127178826
MPI-ESM1-2-LR,ssp126,optimized,mid_century,2040,2060,80.0,china_mask,21.225015147581985,275,0.0,0.0,0.25439926981925964,0.6475073236227036,12.823352813720703,21.5378291098638,24.228096661561143,98.73221023559564,119.30300903320312,-17.719884010634168
MPI-ESM1-2-LR,ssp126,optimized,late_century,2080,2100,80.0,china_mask,21.539030059140206,275,0.0,0.0,0.26125720143318176,0.7000431543588639,13.360516548156738,21.890139646638524,23.894438257446975,101.72692703247064,119.01067352294922,-17.73846369608948
MPI-ESM1-2-LR,ssp126,optimized,historical,1994,2014,100.0,china_mask,28.05427759334929,275,0.0,0.0,0.4194594621658325,0.9929973196983338,18.54655647277832,28.427034274881535,29.543325723529673,121.95340316772457,152.299560546875,0.0
MPI-ESM1-2-LR,ssp126,optimized,mid_century,2040,2060,100.0,china_mask,25.796044271893322,275,0.0,0.0,0.3476313352584839,0.8616307437419892,15.979561805725098,26.17402480884032,28.722625137961604,117.24992416381829,140.03016662597656,0.0
MPI-ESM1-2-LR,ssp126,optimized,late_century,2080,2100,100.0,china_mask,26.183598102964545,275,0.0,0.0,0.35744786262512207,0.9333377528190614,16.61603546142578,26.605262281027706,28.34009906611433,120.65700790405266,140.7874298095703,0.0
MPI-ESM1-2-LR,ssp126,optimized,historical,1994,2014,120.0,china_mask,32.89262518027333,275,0.0,0.0,0.5406376123428345,1.2562529587745668,22.139307022094727,33.32830034169284,33.92448766019574,139.77258697509762,173.34666442871094,17.246380951441953
MPI-ESM1-2-LR,ssp126,optimized,mid_century,2040,2060,120.0,china_mask,30.272232846317735,275,0.0,0.0,0.4488205015659332,1.088821406364441,19.10297393798828,30.713411321748385,33.01189474071439,134.9594323730468,159.65362548828125,17.352228610111165
MPI-ESM1-2-LR,ssp126,optimized,late_century,2080,2100,120.0,china_mask,30.73202074898906,275,0.0,0.0,0.46193650364875793,1.181027445793152,19.881122589111328,31.221760141524403,32.584557582207694,138.74396972656243,161.54197692871094,17.371266653797047
MPI-ESM1-2-LR,ssp245,paper_qm,historical,1994,2014,80.0,china_mask,23.107817468104827,275,0.0,0.0,0.30756938457489014,0.7449402463436127,14.9530611038208,23.415759717767887,24.947894459110447,103.2385345458984,130.02499389648438,-17.631750127178826
MPI-ESM1-2-LR,ssp245,paper_qm,mid_century,2040,2060,80.0,china_mask,21.01003438817573,275,0.0,0.0,0.3204714059829712,0.8524788343906403,13.250395774841309,21.1755647491325,23.001455721076702,94.52808822631836,115.96488952636719,-17.693092044597314
MPI-ESM1-2-LR,ssp245,paper_qm,late_century,2080,2100,80.0,china_mask,20.28607461702881,275,0.0,0.0,0.2176421731710434,0.5320793151855469,12.348325729370117,20.525922582962295,22.607941338950248,99.34486236572262,107.96318817138672,-17.719898449433412
MPI-ESM1-2-LR,ssp245,paper_qm,historical,1994,2014,100.0,china_mask,28.05427759334929,275,0.0,0.0,0.4194594621658325,0.9929973196983338,18.54655647277832,28.427034274881535,29.543325723529673,121.95340316772457,152.299560546875,0.0
MPI-ESM1-2-LR,ssp245,paper_qm,mid_century,2040,2060,100.0,china_mask,25.526453259014225,275,0.0,0.0,0.4353778064250946,1.1215976858139038,16.40923500061035,25.727630447582765,27.259827511789258,111.7533152770996,135.94049072265625,0.0
MPI-ESM1-2-LR,ssp245,paper_qm,late_century,2080,2100,100.0,china_mask,24.654897398931464,275,0.0,0.0,0.2955962121486664,0.713230242729187,15.389083862304688,24.943923558321867,26.8256816734522,117.75343749999995,127.8952865600586,0.0
MPI-ESM1-2-LR,ssp245,paper_qm,historical,1994,2014,120.0,china_mask,32.89262518027333,275,0.0,0.0,0.5406376123428345,1.2562529587745668,22.139307022094727,33.32830034169284,33.92448766019574,139.77258697509762,173.34666442871094,17.246380951441953
MPI-ESM1-2-LR,ssp245,paper_qm,mid_century,2040,2060,120.0,china_mask,29.947856127333733,275,0.0,0.0,0.5594357848167419,1.4032020711898805,19.5494384765625,30.183720241459934,31.32354785903241,128.08108001708985,154.828369140625,17.320866410448787
MPI-ESM1-2-LR,ssp245,paper_qm,late_century,2080,2100,120.0,china_mask,28.932620705127896,275,0.0,0.0,0.3798556625843048,0.9066554319858551,18.461458206176758,29.269216121435164,30.855045954534607,135.33872344970698,146.91957092285156,17.350399950891003
MPI-ESM1-2-LR,ssp245,optimized,historical,1994,2014,80.0,china_mask,23.107817468104827,275,0.0,0.0,0.30756938457489014,0.7449402463436127,14.9530611038208,23.415759717767887,24.947894459110447,103.2385345458984,130.02499389648438,-17.631750127178826
MPI-ESM1-2-LR,ssp245,optimized,mid_century,2040,2060,80.0,china_mask,21.837776969874795,275,0.0,0.0,0.31203359365463257,0.7481514477729798,14.275279998779297,22.085417292768305,23.611570155696842,97.17023559570312,118.16020202636719,-17.7319650178715
MPI-ESM1-2-LR,ssp245,optimized,late_century,2080,2100,80.0,china_mask,21.31070207799437,275,0.0,0.0,0.2834033966064453,0.6834472513198853,13.584177017211914,21.640174862146377,23.21524104623227,97.10749557495113,109.88406372070312,-17.769396783264924
MPI-ESM1-2-LR,ssp245,optimized,historical,1994,2014,100.0,china_mask,28.05427759334929,275,0.0,0.0,0.4194594621658325,0.9929973196983338,18.54655647277832,28.427034274881535,29.543325723529673,121.95340316772457,152.299560546875,0.0
MPI-ESM1-2-LR,ssp245,optimized,mid_century,2040,2060,100.0,china_mask,26.54466825981528,275,0.0,0.0,0.4246741533279419,0.996673585176468,17.672945022583008,26.844942042177372,27.98904741153003,114.91082275390625,138.63514709472656,0.0
MPI-ESM1-2-LR,ssp245,optimized,late_century,2080,2100,100.0,china_mask,25.915779824484304,275,0.0,0.0,0.38657185435295105,0.912460926771164,17.008731842041016,26.312921101938596,27.54702688786123,115.05880905151362,130.32090759277344,0.0
MPI-ESM1-2-LR,ssp245,optimized,historical,1994,2014,120.0,china_mask,32.89262518027333,275,0.0,0.0,0.5406376123428345,1.2562529587745668,22.139307022094727,33.32830034169284,33.92448766019574,139.77258697509762,173.34666442871094,17.246380951441953
MPI-ESM1-2-LR,ssp245,optimized,mid_century,2040,2060,120.0,china_mask,31.154022973007766,275,0.0,0.0,0.5464702248573303,1.2603392934799196,21.219837188720703,31.505454227274114,32.16633630729165,131.8085202026367,158.0150146484375,17.364521824408598
MPI-ESM1-2-LR,ssp245,optimized,late_century,2080,2100,120.0,china_mask,30.42690547830078,275,0.0,0.0,0.49834421277046204,1.1558904361724853,20.440702438354492,30.889536754759874,31.684216613718288,132.20175445556634,149.8400115966797,17.40686826469535
MPI-ESM1-2-LR,ssp585,paper_qm,historical,1994,2014,80.0,china_mask,23.107817468104827,275,0.0,0.0,0.30756938457489014,0.7449402463436127,14.9530611038208,23.415759717767887,24.947894459110447,103.2385345458984,130.02499389648438,-17.631750127178826
MPI-ESM1-2-LR,ssp585,paper_qm,mid_century,2040,2060,80.0,china_mask,21.922556446130056,275,0.0,0.0,0.31392019987106323,0.6138780653476715,14.30540657043457,22.248965962258254,23.826190242501493,101.27040863037095,116.4715805053711,-17.671245165597828
MPI-ESM1-2-LR,ssp585,paper_qm,late_century,2080,2100,80.0,china_mask,19.637826568317365,275,0.0,0.0,0.2325737178325653,0.48589519977569584,12.07495403289795,19.93206981041215,22.102262675208134,95.76115951538078,113.89219665527344,-17.70391420781394
MPI-ESM1-2-LR,ssp585,paper_qm,historical,1994,2014,100.0,china_mask,28.05427759334929,275,0.0,0.0,0.4194594621658325,0.9929973196983338,18.54655647277832,28.427034274881535,29.543325723529673,121.95340316772457,152.299560546875,0.0
MPI-ESM1-2-LR,ssp585,paper_qm,mid_century,2040,2060,100.0,china_mask,26.62806754483966,275,0.0,0.0,0.4222296476364136,0.8199264323711396,17.699199676513672,27.0210037178343,28.244642840858866,119.63767349243147,137.3944854736328,0.0
MPI-ESM1-2-LR,ssp585,paper_qm,late_century,2080,2100,100.0,china_mask,23.862406552246934,275,0.0,0.0,0.3159758746623993,0.6517104858160019,15.068914413452148,24.216982611092654,26.22931451430021,113.33480804443352,134.1395721435547,0.0
MPI-ESM1-2-LR,ssp585,paper_qm,historical,1994,2014,120.0,china_mask,32.89262518027333,275,0.0,0.0,0.5406376123428345,1.2562529587745668,22.139307022094727,33.32830034169284,33.92448766019574,139.77258697509762,173.34666442871094,17.246380951441953
MPI-ESM1-2-LR,ssp585,paper_qm,mid_century,2040,2060,120.0,china_mask,31.232265447159133,275,0.0,0.0,0.5383248925209045,1.0391065347194672,21.135820388793945,31.689500863552095,32.461253223281936,137.27344512939436,157.2840576171875,17.29076995379537
MPI-ESM1-2-LR,ssp585,paper_qm,late_century,2080,2100,120.0,china_mask,27.998283050335097,275,0.0,0.0,0.4060888886451721,0.8288669180870056,17.876401901245117,28.411219915043223,30.173217202984766,130.09358001708978,153.3638916015625,17.332185205346427
MPI-ESM1-2-LR,ssp585,optimized,historical,1994,2014,80.0,china_mask,23.107817468104827,275,0.0,0.0,0.30756938457489014,0.7449402463436127,14.9530611038208,23.415759717767887,24.947894459110447,103.2385345458984,130.02499389648438,-17.631750127178826
MPI-ESM1-2-LR,ssp585,optimized,mid_century,2040,2060,80.0,china_mask,22.42667431650985,275,0.0,0.0,0.3128374516963959,0.7303614985942841,14.809109687805176,22.773018651550466,24.126087449315257,101.69523132324206,115.43030548095703,-17.714582996777082
MPI-ESM1-2-LR,ssp585,optimized,late_century,2080,2100,80.0,china_mask,20.74421489839256,275,0.0,0.0,0.3215050995349884,0.7426917123794556,13.479354858398438,21.068542809811504,22.55561802541156,97.71470123291007,111.42132568359375,-17.801064407884105
MPI-ESM1-2-LR,ssp585,optimized,historical,1994,2014,100.0,china_mask,28.05427759334929,275,0.0,0.0,0.4194594621658325,0.9929973196983338,18.54655647277832,28.427034274881535,29.543325723529673,121.95340316772457,152.299560546875,0.0
MPI-ESM1-2-LR,ssp585,optimized,mid_century,2040,2060,100.0,china_mask,27.25473739244884,275,0.0,0.0,0.4256179630756378,0.9705327820777894,18.454051971435547,27.671868557388134,28.610329023756847,120.68682388305649,136.60855102539062,0.0
MPI-ESM1-2-LR,ssp585,optimized,late_century,2080,2100,100.0,china_mask,25.236597954660425,275,0.0,0.0,0.4370209276676178,0.9890421688556672,16.74396514892578,25.62781625043262,26.774981940643734,115.85182540893545,131.37232971191406,0.0
MPI-ESM1-2-LR,ssp585,optimized,historical,1994,2014,120.0,china_mask,32.89262518027333,275,0.0,0.0,0.5406376123428345,1.2562529587745668,22.139307022094727,33.32830034169284,33.92448766019574,139.77258697509762,173.34666442871094,17.246380951441953
MPI-ESM1-2-LR,ssp585,optimized,mid_century,2040,2060,120.0,china_mask,31.980905149870097,275,0.0,0.0,0.5475256443023682,1.2249642205238342,22.093151092529297,32.46648688446392,32.8904061811593,138.83877288818343,156.80221557617188,17.34072021816906
MPI-ESM1-2-LR,ssp585,optimized,late_century,2080,2100,120.0,china_mask,29.638826224626523,275,0.0,0.0,0.5617921948432922,1.2503267216682434,19.996713638305664,30.094813694953917,30.806855661163542,133.17666290283194,150.33615112304688,17.443826136450944
MRI-ESM2-0,ssp126,paper_qm,historical,1994,2014,80.0,china_mask,24.76996101307484,760,0.0,0.0,0.40421128273010254,0.7771160572767257,14.504956722259521,25.06404429709441,32.126173052363875,123.86812828063964,483.908447265625,-17.35230073338274
MRI-ESM2-0,ssp126,paper_qm,mid_century,2040,2060,80.0,china_mask,25.507564900572326,760,0.0,0.0,0.6231536865234375,0.9946642512083054,15.428595066070557,25.905010939663963,32.69168417070031,133.16379119873042,504.1202087402344,-17.287173698503565
MRI-ESM2-0,ssp126,paper_qm,late_century,2080,2100,80.0,china_mask,26.133059908602714,760,0.0,0.0,0.5854832530021667,0.9139164054393768,16.19347858428955,26.53729255183747,33.039242655425454,129.9725280761718,510.66986083984375,-17.30867964634204
MRI-ESM2-0,ssp126,paper_qm,historical,1994,2014,100.0,china_mask,29.9705390868392,760,0.0,0.0,0.5485923290252686,1.0367557251453399,18.002914428710938,30.32914012921484,37.57430380372473,145.98960205078123,551.7261962890625,0.0
MRI-ESM2-0,ssp126,paper_qm,mid_century,2040,2060,100.0,china_mask,30.838705483953273,760,0.0,0.0,0.8339804410934448,1.3148913896083831,19.112018585205078,31.319104454627162,38.179330075147845,156.56377120971675,574.6777954101562,0.0
MRI-ESM2-0,ssp126,paper_qm,late_century,2080,2100,100.0,china_mask,31.603147460743966,760,0.0,0.0,0.7862686514854431,1.2181463062763214,20.008424758911133,32.091884466770445,38.62418014074562,152.83253250122064,582.674072265625,0.0
MRI-ESM2-0,ssp126,paper_qm,historical,1994,2014,120.0,china_mask,35.045093729343755,760,0.0,0.0,0.7042387127876282,1.3124548447132112,21.481528282165527,35.466494902733125,42.72869835102068,166.9721270751953,614.2739868164062,16.93180969418371
MRI-ESM2-0,ssp126,paper_qm,mid_century,2040,2060,120.0,china_mask,36.03742236077013,760,0.0,0.0,1.0584747791290283,1.6529865860939026,22.75118350982666,36.5980422237986,43.36400382224286,178.75586547851555,639.7477416992188,16.85776622342976
MRI-ESM2-0,ssp126,paper_qm,late_century,2080,2100,120.0,china_mask,36.937093510049486,760,0.0,0.0,1.000677227973938,1.540845901966095,23.79128646850586,37.50758644577704,43.90468011863148,174.52039596557609,649.11767578125,16.87789501324548
MRI-ESM2-0,ssp126,optimized,historical,1994,2014,80.0,china_mask,24.76996101307484,760,0.0,0.0,0.40421128273010254,0.7771160572767257,14.504956722259521,25.06404429709441,32.126173052363875,123.86812828063964,483.908447265625,-17.35230073338274
MRI-ESM2-0,ssp126,optimized,mid_century,2040,2060,80.0,china_mask,25.39358477816064,760,0.0,0.0,0.5726723074913025,0.9006874388456345,14.991257190704346,25.744077149896246,32.918339678300065,128.07902755737294,503.26171875,-17.318480844646356
MRI-ESM2-0,ssp126,optimized,late_century,2080,2100,80.0,china_mask,25.661786052627125,760,0.0,0.0,0.5620501637458801,0.9143963861465454,15.278080463409424,26.02548439181165,32.92211287886948,127.98012046813953,494.98272705078125,-17.327927908556084
MRI-ESM2-0,ssp126,optimized,historical,1994,2014,100.0,china_mask,29.9705390868392,760,0.0,0.0,0.5485923290252686,1.0367557251453399,18.002914428710938,30.32914012921484,37.57430380372473,145.98960205078123,551.7261962890625,0.0
MRI-ESM2-0,ssp126,optimized,mid_century,2040,2060,100.0,china_mask,30.712528068633585,760,0.0,0.0,0.7717043161392212,1.2008460569381714,18.610058784484863,31.13810146380412,38.46359497714363,151.1879988098143,573.581787109375,0.0
MRI-ESM2-0,ssp126,optimized,late_century,2080,2100,100.0,china_mask,31.040453448708192,760,0.0,0.0,0.7570664286613464,1.2132237696647643,18.90290641784668,31.48185065600433,38.51393569750324,150.66254272460924,564.6934814453125,0.0
MRI-ESM2-0,ssp126,optimized,historical,1994,2014,120.0,china_mask,35.045093729343755,760,0.0,0.0,0.7042387127876282,1.3124548447132112,21.481528282165527,35.466494902733125,42.72869835102068,166.9721270751953,614.2739868164062,16.93180969418371
MRI-ESM2-0,ssp126,optimized,mid_century,2040,2060,120.0,china_mask,35.90112097146803,760,0.0,0.0,0.9848684668540955,1.5167066025733948,22.251720428466797,36.39954218542889,43.70556212491974,173.1680667114256,638.4151000976562,16.89405994595903
MRI-ESM2-0,ssp126,optimized,late_century,2080,2100,120.0,china_mask,36.28679922116761,760,0.0,0.0,0.9658586978912354,1.529078915119171,22.585573196411133,36.80358472184131,43.80413420238066,172.2024313354491,629.013427734375,16.901640245457685
MRI-ESM2-0,ssp245,paper_qm,historical,1994,2014,80.0,china_mask,24.76996101307484,760,0.0,0.0,0.40421128273010254,0.7771160572767257,14.504956722259521,25.06404429709441,32.126173052363875,123.86812828063964,483.908447265625,-17.35230073338274
MRI-ESM2-0,ssp245,paper_qm,mid_century,2040,2060,80.0,china_mask,24.22917353435043,760,0.0,0.0,0.49750351905822754,0.8427640658617019,14.31541633605957,24.57677740117437,31.62897680485929,120.17461181640584,493.6163330078125,-17.330623694065373
MRI-ESM2-0,ssp245,paper_qm,late_century,2080,2100,80.0,china_mask,26.09201907410834,760,0.0,0.0,0.49397993087768555,0.9184843742847443,15.992905616760254,26.459760283953266,33.01130637310889,131.6985861206054,476.66717529296875,-17.220918027609176
MRI-ESM2-0,ssp245,paper_qm,historical,1994,2014,100.0,china_mask,29.9705390868392,760,0.0,0.0,0.5485923290252686,1.0367557251453399,18.002914428710938,30.32914012921484,37.57430380372473,145.98960205078123,551.7261962890625,0.0
MRI-ESM2-0,ssp245,paper_qm,mid_century,2040,2060,100.0,china_mask,29.308523442448035,760,0.0,0.0,0.6720256209373474,1.1240812957286834,17.8209228515625,29.730551487913257,36.96964987615503,141.95708007812456,563.0133666992188,0.0
MRI-ESM2-0,ssp245,paper_qm,late_century,2080,2100,100.0,china_mask,31.520063345001542,760,0.0,0.0,0.6640547513961792,1.2227887415885925,19.79893970489502,31.96704069626959,38.59251752720778,155.56182983398432,544.47265625,0.0
MRI-ESM2-0,ssp245,paper_qm,historical,1994,2014,120.0,china_mask,35.045093729343755,760,0.0,0.0,0.7042387127876282,1.3124548447132112,21.481528282165527,35.466494902733125,42.72869835102068,166.9721270751953,614.2739868164062,16.93180969418371
MRI-ESM2-0,ssp245,paper_qm,mid_century,2040,2060,120.0,china_mask,34.26370347460043,760,0.0,0.0,0.8593581914901733,1.4226942992210387,21.313535690307617,34.7579573011712,42.01969156266204,162.69939376831007,627.0208740234375,16.906958966672914
MRI-ESM2-0,ssp245,paper_qm,late_century,2080,2100,120.0,china_mask,36.80907881114602,760,0.0,0.0,0.8458939790725708,1.5451685845851897,23.602654457092285,37.3329879229006,43.867083588208,178.27208465576166,607.1041259765625,16.779837680698108
MRI-ESM2-0,ssp245,optimized,historical,1994,2014,80.0,china_mask,24.76996101307484,760,0.0,0.0,0.40421128273010254,0.7771160572767257,14.504956722259521,25.06404429709441,32.126173052363875,123.86812828063964,483.908447265625,-17.35230073338274
MRI-ESM2-0,ssp245,optimized,mid_century,2040,2060,80.0,china_mask,24.867208378810886,760,0.0,0.0,0.47970396280288696,0.8620475780963898,14.909193992614746,25.193741107379136,32.293519379920895,120.21983909606917,494.2900695800781,-17.350960255000103
MRI-ESM2-0,ssp245,optimized,late_century,2080,2100,80.0,china_mask,25.86666136511477,760,0.0,0.0,0.3010338842868805,0.8956834334135055,15.496853828430176,26.196805388401998,32.869201668883605,129.2041334533691,476.526611328125,-17.282868859665335
MRI-ESM2-0,ssp245,optimized,historical,1994,2014,100.0,china_mask,29.9705390868392,760,0.0,0.0,0.5485923290252686,1.0367557251453399,18.002914428710938,30.32914012921484,37.57430380372473,145.98960205078123,551.7261962890625,0.0
MRI-ESM2-0,ssp245,optimized,mid_century,2040,2060,100.0,china_mask,30.08771602856439,760,0.0,0.0,0.6490011811256409,1.143749907016754,18.46167755126953,30.484892733787234,37.76600564416351,141.70939224243142,563.886962890625,0.0
MRI-ESM2-0,ssp245,optimized,late_century,2080,2100,100.0,china_mask,31.271226417693814,760,0.0,0.0,0.4105209708213806,1.1921936678886413,19.224780082702637,31.67347821005081,38.458068237349465,152.4640078735351,544.2125854492188,0.0
MRI-ESM2-0,ssp245,optimized,historical,1994,2014,120.0,china_mask,35.045093729343755,760,0.0,0.0,0.7042387127876282,1.3124548447132112,21.481528282165527,35.466494902733125,42.72869835102068,166.9721270751953,614.2739868164062,16.93180969418371
MRI-ESM2-0,ssp245,optimized,mid_century,2040,2060,120.0,china_mask,35.181541562068155,760,0.0,0.0,0.830966591835022,1.441910011768341,22.011085510253906,35.64735988127558,42.94234084915251,162.14046874999974,628.0880126953125,16.929917607131873
MRI-ESM2-0,ssp245,optimized,late_century,2080,2100,120.0,china_mask,36.54093091126769,760,0.0,0.0,0.5291296243667603,1.5063067770004273,22.93451976776123,37.01331387264164,43.7443138351618,174.58249053955072,606.7197265625,16.851608002787444
MRI-ESM2-0,ssp585,paper_qm,historical,1994,2014,80.0,china_mask,24.76996101307484,760,0.0,0.0,0.40421128273010254,0.7771160572767257,14.504956722259521,25.06404429709441,32.126173052363875,123.86812828063964,483.908447265625,-17.35230073338274
MRI-ESM2-0,ssp585,paper_qm,mid_century,2040,2060,80.0,china_mask,24.53345695154339,760,0.0,0.0,0.06781093031167984,0.6283649015426636,14.46471881866455,24.978009725852232,31.252512272382166,129.07435699462889,451.31414794921875,-17.28307446245433
MRI-ESM2-0,ssp585,paper_qm,late_century,2080,2100,80.0,china_mask,25.834823359923696,760,0.0,0.0,0.0653449073433876,0.7333627092838287,14.587162971496582,26.306581552277663,33.35277907900087,134.55879882812482,468.1073303222656,-17.16802264033156
MRI-ESM2-0,ssp585,paper_qm,historical,1994,2014,100.0,china_mask,29.9705390868392,760,0.0,0.0,0.5485923290252686,1.0367557251453399,18.002914428710938,30.32914012921484,37.57430380372473,145.98960205078123,551.7261962890625,0.0
MRI-ESM2-0,ssp585,paper_qm,mid_century,2040,2060,100.0,china_mask,29.65953677812592,760,0.0,0.0,0.09567508846521378,0.8457319748401642,17.97026538848877,30.197390723395113,36.58834634738399,151.88698104858398,515.4022216796875,0.0
MRI-ESM2-0,ssp585,paper_qm,late_century,2080,2100,100.0,china_mask,31.18943212926712,760,0.0,0.0,0.09223489463329315,0.9794765222072601,18.117934226989746,31.759063105971407,38.99381921013691,158.41893264770488,534.195068359375,0.0
MRI-ESM2-0,ssp585,paper_qm,historical,1994,2014,120.0,china_mask,35.045093729343755,760,0.0,0.0,0.7042387127876282,1.3124548447132112,21.481528282165527,35.466494902733125,42.72869835102068,166.9721270751953,614.2739868164062,16.93180969418371
MRI-ESM2-0,ssp585,paper_qm,mid_century,2040,2060,120.0,china_mask,34.65770227752775,760,0.0,0.0,0.1267934888601303,1.0782927107810973,21.440085411071777,35.285948593581196,41.63915321651534,173.54056884765626,574.5994873046875,16.851798923198302
MRI-ESM2-0,ssp585,paper_qm,late_century,2080,2100,120.0,china_mask,36.40400425385935,760,0.0,0.0,0.12227876484394073,1.2410416197776795,21.635083198547363,37.06830893735352,44.324999853338944,181.0651799011228,595.2003173828125,16.719035162230632
MRI-ESM2-0,ssp585,optimized,historical,1994,2014,80.0,china_mask,24.76996101307484,760,0.0,0.0,0.40421128273010254,0.7771160572767257,14.504956722259521,25.06404429709441,32.126173052363875,123.86812828063964,483.908447265625,-17.35230073338274
MRI-ESM2-0,ssp585,optimized,mid_century,2040,2060,80.0,china_mask,24.88749680946099,760,0.0,0.0,0.18302558362483978,0.7641138356924057,14.996123790740967,25.298176456772183,32.0240155026454,127.2099938201904,461.37225341796875,-17.329296402819317
MRI-ESM2-0,ssp585,optimized,late_century,2080,2100,80.0,china_mask,25.440501544284203,760,0.0,0.0,0.1880095899105072,0.8149254459142685,14.56928539276123,25.84673692278172,33.12867476316213,130.105648498535,475.3829650878906,-17.26469900344152
MRI-ESM2-0,ssp585,optimized,historical,1994,2014,100.0,china_mask,29.9705390868392,760,0.0,0.0,0.5485923290252686,1.0367557251453399,18.002914428710938,30.32914012921484,37.57430380372473,145.98960205078123,551.7261962890625,0.0
MRI-ESM2-0,ssp585,optimized,mid_century,2040,2060,100.0,china_mask,30.104372802640246,760,0.0,0.0,0.2527545988559723,1.0207088261842727,18.512548446655273,30.602793060321556,37.500910332210665,150.27244491577147,526.7415771484375,0.0
MRI-ESM2-0,ssp585,optimized,late_century,2080,2100,100.0,china_mask,30.749270550599007,760,0.0,0.0,0.25957420468330383,1.0870902752876281,18.098885536193848,31.24208846143202,38.761784145709676,153.23279418945293,542.5602416992188,0.0
MRI-ESM2-0,ssp585,optimized,historical,1994,2014,120.0,china_mask,35.045093729343755,760,0.0,0.0,0.7042387127876282,1.3124548447132112,21.481528282165527,35.466494902733125,42.72869835102068,166.9721270751953,614.2739868164062,16.93180969418371
MRI-ESM2-0,ssp585,optimized,mid_century,2040,2060,120.0,china_mask,35.193604339999695,760,0.0,0.0,0.3291347920894623,1.2934175670146941,22.027356147766113,35.777209288783766,42.68626252161373,172.13762390136716,587.1021728515625,16.90529004116341
MRI-ESM2-0,ssp585,optimized,late_century,2080,2100,120.0,china_mask,35.92471651099458,760,0.0,0.0,0.3379381597042084,1.375979447364807,21.612895011901855,36.501569301948734,44.090188948585705,175.199011993408,604.571044921875,16.831117837020535
TaiESM1,ssp126,paper_qm,historical,1994,2014,80.0,china_mask,23.16423825071892,805,0.0,0.0,0.18823201954364777,0.8656049704551698,13.921431541442871,23.498766712538945,25.203819108304646,104.81954040527347,161.75120544433594,-17.598510997632676
TaiESM1,ssp126,paper_qm,mid_century,2040,2060,80.0,china_mask,22.53824363347256,805,0.0,0.0,0.2742038369178772,0.8398546934127811,14.507054328918457,22.878075986915494,23.890863744110643,104.29128234863288,202.08901977539062,-17.649728605634397
TaiESM1,ssp126,paper_qm,late_century,2080,2100,80.0,china_mask,23.400870821498177,805,0.0,0.0,0.2145119309425354,0.98973831653595,15.150522232055664,23.60844294854573,24.933013586000733,107.49019561767582,209.58856201171875,-17.544613362603744
TaiESM1,ssp126,paper_qm,historical,1994,2014,100.0,china_mask,28.11143163936447,805,0.0,0.0,0.2594263553619385,1.1446865749359132,17.30813217163086,28.515643150762003,29.8312398848815,124.37104400634772,189.54946899414062,0.0
TaiESM1,ssp126,paper_qm,mid_century,2040,2060,100.0,china_mask,27.368754530922683,805,0.0,0.0,0.37538906931877136,1.1168133544921879,18.019479751586914,27.775912125399394,28.251276184068168,122.65621948242192,235.87876892089844,0.0
TaiESM1,ssp126,paper_qm,late_century,2080,2100,100.0,china_mask,28.380038922630078,805,0.0,0.0,0.29484087228775024,1.3137407016754155,18.797927856445312,28.629094564248316,29.42121884889591,127.15460510253914,244.3719024658203,0.0
TaiESM1,ssp126,paper_qm,historical,1994,2014,120.0,china_mask,32.949030278493886,805,0.0,0.0,0.33727049827575684,1.4389164924621582,20.579242706298828,33.42074848294999,34.24179777025472,143.0526348876954,215.82479858398438,17.208652697557113
TaiESM1,ssp126,paper_qm,mid_century,2040,2060,120.0,china_mask,32.09506167349703,805,0.0,0.0,0.4853478968143463,1.410062203407288,21.522525787353516,32.5669382415573,32.40488934355987,140.09984985351562,267.6981506347656,17.26898875589793
TaiESM1,ssp126,paper_qm,late_century,2080,2100,120.0,china_mask,33.24694214704544,805,0.0,0.0,0.3824554979801178,1.6561387348175054,22.35306167602539,33.535869734072534,33.68989131236522,145.8401824951173,277.09906005859375,17.149036467791866
TaiESM1,ssp126,optimized,historical,1994,2014,80.0,china_mask,23.16423825071892,805,0.0,0.0,0.18823201954364777,0.8656049704551698,13.921431541442871,23.498766712538945,25.203819108304646,104.81954040527347,161.75120544433594,-17.598510997632676
TaiESM1,ssp126,optimized,mid_century,2040,2060,80.0,china_mask,22.814443445640904,805,0.0,0.0,0.24335233867168427,1.0165206718444824,14.362112045288086,23.182896758366077,24.503810093608323,107.12782653808603,178.29949951171875,-17.675878862041237
TaiESM1,ssp126,optimized,late_century,2080,2100,80.0,china_mask,23.552745289722466,805,0.0,0.0,0.21883690357208252,1.0001957464218139,14.59768295288086,23.839368478259686,25.440690145809057,110.49007873535166,189.47409057617188,-17.585177270272812
TaiESM1,ssp126,optimized,historical,1994,2014,100.0,china_mask,28.11143163936447,805,0.0,0.0,0.2594263553619385,1.1446865749359132,17.30813217163086,28.515643150762003,29.8312398848815,124.37104400634772,189.54946899414062,0.0
TaiESM1,ssp126,optimized,mid_century,2040,2060,100.0,china_mask,27.71295111357273,805,0.0,0.0,0.3334343433380127,1.3446933460235595,17.80292320251465,28.156407027733252,29.006189394173923,127.00682952880871,208.5361785888672,0.0
TaiESM1,ssp126,optimized,late_century,2080,2100,100.0,china_mask,28.57828787299805,805,0.0,0.0,0.3006134331226349,1.3223370027542114,18.097105026245117,28.924238865456967,30.061475446552695,130.29946289062508,221.28013610839844,0.0
TaiESM1,ssp126,optimized,historical,1994,2014,120.0,china_mask,32.949030278493886,805,0.0,0.0,0.33727049827575684,1.4389164924621582,20.579242706298828,33.42074848294999,34.24179777025472,143.0526348876954,215.82479858398438,17.208652697557113
TaiESM1,ssp126,optimized,mid_century,2040,2060,120.0,china_mask,32.50678102095217,805,0.0,0.0,0.4314197599887848,1.6905846118927002,21.179384231567383,33.022674368072,33.298320210995506,145.8438287353517,237.06649780273438,17.298157412876925
TaiESM1,ssp126,optimized,late_century,2080,2100,120.0,china_mask,33.492246668447386,805,0.0,0.0,0.38976141810417175,1.6617697191238403,21.538898468017578,33.895600370849884,34.46071441494317,149.1490002441407,251.25521850585938,17.194727750266136
TaiESM1,ssp245,paper_qm,historical,1994,2014,80.0,china_mask,23.16423825071892,805,0.0,0.0,0.18823201954364777,0.8656049704551698,13.921431541442871,23.498766712538945,25.203819108304646,104.81954040527347,161.75120544433594,-17.598510997632676
TaiESM1,ssp245,paper_qm,mid_century,2040,2060,80.0,china_mask,22.317846551481733,805,0.0,0.0,0.20476219058036804,0.8650784301757815,14.629789352416992,22.63584548346004,23.069297878092467,98.3551657104493,184.46401977539062,-17.721324328278477
TaiESM1,ssp245,paper_qm,late_century,2080,2100,80.0,china_mask,21.91847277342429,805,0.0,0.0,0.2278377115726471,0.9463777160644533,14.461419105529785,22.153736504449608,23.074259019828666,96.40636230468755,207.74037170410156,-17.67961519979322
TaiESM1,ssp245,paper_qm,historical,1994,2014,100.0,china_mask,28.11143163936447,805,0.0,0.0,0.2594263553619385,1.1446865749359132,17.30813217163086,28.515643150762003,29.8312398848815,124.37104400634772,189.54946899414062,0.0
TaiESM1,ssp245,paper_qm,mid_century,2040,2060,100.0,china_mask,27.12470317403539,805,0.0,0.0,0.28137025237083435,1.150549182891846,18.1474609375,27.50570831828236,27.313857606605897,116.6922836303712,215.54031372070312,0.0
TaiESM1,ssp245,paper_qm,late_century,2080,2100,100.0,china_mask,26.625814282356504,805,0.0,0.0,0.3121071755886078,1.2553645849227908,17.917512893676758,26.908442189567577,27.28398371203022,114.1432122802735,241.95460510253906,0.0
TaiESM1,ssp245,paper_qm,historical,1994,2014,120.0,china_mask,32.949030278493886,805,0.0,0.0,0.33727049827575684,1.4389164924621582,20.579242706298828,33.42074848294999,34.24179777025472,143.0526348876954,215.82479858398438,17.208652697557113
TaiESM1,ssp245,paper_qm,mid_century,2040,2060,120.0,china_mask,31.83066629009129,805,0.0,0.0,0.3649267256259918,1.4528352403640752,21.660463333129883,32.27225640305081,31.36158146870224,134.22770629882822,244.83621215820312,17.349362630300025
TaiESM1,ssp245,paper_qm,late_century,2080,2100,120.0,china_mask,31.2331650375645,805,0.0,0.0,0.4037798047065735,1.5818051099777224,21.352819442749023,31.561381490408262,31.295185849395423,130.86224304199223,274.1199645996094,17.304074558429704
TaiESM1,ssp245,optimized,historical,1994,2014,80.0,china_mask,23.16423825071892,805,0.0,0.0,0.18823201954364777,0.8656049704551698,13.921431541442871,23.498766712538945,25.203819108304646,104.81954040527347,161.75120544433594,-17.598510997632676
TaiESM1,ssp245,optimized,mid_century,2040,2060,80.0,china_mask,22.815692731761366,805,0.0,0.0,0.20581358671188354,0.9331434345245363,14.730222702026367,23.18508162713199,24.085766387284114,103.61213684082036,170.16973876953125,-17.71136846607313
TaiESM1,ssp245,optimized,late_century,2080,2100,80.0,china_mask,22.812181263438568,805,0.0,0.0,0.23059292137622833,1.062636241912842,14.55048656463623,23.121044639715496,24.313991049361796,102.83615509033206,189.84829711914062,-17.68405590373636
TaiESM1,ssp245,optimized,historical,1994,2014,100.0,china_mask,28.11143163936447,805,0.0,0.0,0.2594263553619385,1.1446865749359132,17.30813217163086,28.515643150762003,29.8312398848815,124.37104400634772,189.54946899414062,0.0
TaiESM1,ssp245,optimized,mid_century,2040,2060,100.0,china_mask,27.726421385868665,805,0.0,0.0,0.2829548120498657,1.2375998640060426,18.13912582397461,28.17078179617106,28.533678084293335,122.72682403564458,199.2053985595703,0.0
TaiESM1,ssp245,optimized,late_century,2080,2100,100.0,china_mask,27.712955872511245,805,0.0,0.0,0.3160534203052521,1.4049858140945435,18.011396408081055,28.08562499206999,28.774674768910096,121.5261120605469,221.61851501464844,0.0
TaiESM1,ssp245,optimized,historical,1994,2014,120.0,china_mask,32.949030278493886,805,0.0,0.0,0.33727049827575684,1.4389164924621582,20.579242706298828,33.42074848294999,34.24179777025472,143.0526348876954,215.82479858398438,17.208652697557113
TaiESM1,ssp245,optimized,mid_century,2040,2060,120.0,china_mask,32.53336039889767,805,0.0,0.0,0.36712196469306946,1.559213743209839,21.658138275146484,33.05011577136028,32.77671211924031,140.72800476074224,226.62457275390625,17.337033676762047
TaiESM1,ssp245,optimized,late_century,2080,2100,120.0,china_mask,32.50933906563216,805,0.0,0.0,0.4090438485145569,1.7656163358688357,21.43863296508789,32.94373731057836,33.026976131071834,139.91205566406256,251.54786682128906,17.30736777118207
TaiESM1,ssp585,paper_qm,historical,1994,2014,80.0,china_mask,23.16423825071892,805,0.0,0.0,0.18823201954364777,0.8656049704551698,13.921431541442871,23.498766712538945,25.203819108304646,104.81954040527347,161.75120544433594,-17.598510997632676
TaiESM1,ssp585,paper_qm,mid_century,2040,2060,80.0,china_mask,23.43161684319153,805,0.0,0.0,0.2535898983478546,0.8958466291427615,15.270566940307617,23.694472084689586,24.82583177808093,104.60488830566413,202.0714111328125,-17.51987105032039
TaiESM1,ssp585,paper_qm,late_century,2080,2100,80.0,china_mask,21.722297294471097,805,0.0,0.0,0.2750019133090973,1.0281242990493775,14.555583000183105,22.050620022730797,22.76059516917082,103.68581848144535,212.89076232910156,-17.72827248642008
TaiESM1,ssp585,paper_qm,historical,1994,2014,100.0,china_mask,28.11143163936447,805,0.0,0.0,0.2594263553619385,1.1446865749359132,17.30813217163086,28.515643150762003,29.8312398848815,124.37104400634772,189.54946899414062,0.0
TaiESM1,ssp585,paper_qm,mid_century,2040,2060,100.0,china_mask,28.408802388617687,805,0.0,0.0,0.3473679721355438,1.1903679227828983,18.96792221069336,28.72403728632453,29.310063595032503,123.56770385742193,235.87905883789062,0.0
TaiESM1,ssp585,paper_qm,late_century,2080,2100,100.0,china_mask,26.403113136144583,805,0.0,0.0,0.3757428526878357,1.3559907817840577,18.063812255859375,26.794221773651074,26.9345805109862,122.45565368652348,247.94546508789062,0.0
TaiESM1,ssp585,paper_qm,historical,1994,2014,120.0,china_mask,32.949030278493886,805,0.0,0.0,0.33727049827575684,1.4389164924621582,20.579242706298828,33.42074848294999,34.24179777025472,143.0526348876954,215.82479858398438,17.208652697557113
TaiESM1,ssp585,paper_qm,mid_century,2040,2060,120.0,china_mask,33.272355636466635,805,0.0,0.0,0.44933176040649414,1.5019615793228152,22.58226776123047,33.637947138940326,33.576416995424744,141.6296636962891,267.7142639160156,17.11988130058446
TaiESM1,ssp585,paper_qm,late_century,2080,2100,120.0,china_mask,30.98631386968228,805,0.0,0.0,0.48504552245140076,1.7006555366516114,21.582782745361328,31.437444222380655,30.914357006149437,140.33448547363284,280.8948059082031,17.35856188588427
TaiESM1,ssp585,optimized,historical,1994,2014,80.0,china_mask,23.16423825071892,805,0.0,0.0,0.18823201954364777,0.8656049704551698,13.921431541442871,23.498766712538945,25.203819108304646,104.81954040527347,161.75120544433594,-17.598510997632676
TaiESM1,ssp585,optimized,mid_century,2040,2060,80.0,china_mask,23.519069628544237,805,0.0,0.0,0.2262333184480667,0.9744459962844849,14.383365631103516,23.825697911692703,25.443851853014994,109.84156585693371,179.42848205566406,-17.566611093606433
TaiESM1,ssp585,optimized,late_century,2080,2100,80.0,china_mask,22.270898735234184,805,0.0,0.0,0.23235224187374115,0.9850967407226564,14.568218231201172,22.65881661189639,23.487680299234373,102.60966125488284,183.9345245361328,-17.76495669525945
TaiESM1,ssp585,optimized,historical,1994,2014,100.0,china_mask,28.11143163936447,805,0.0,0.0,0.2594263553619385,1.1446865749359132,17.30813217163086,28.515643150762003,29.8312398848815,124.37104400634772,189.54946899414062,0.0
TaiESM1,ssp585,optimized,mid_century,2040,2060,100.0,china_mask,28.530999320252487,805,0.0,0.0,0.3103654682636261,1.2900990581512453,17.854045867919922,28.90079696056265,30.074699092499948,129.24601837158212,209.95811462402344,0.0
TaiESM1,ssp585,optimized,late_century,2080,2100,100.0,china_mask,27.0820052379669,805,0.0,0.0,0.31851351261138916,1.3035150671005251,18.054241180419922,27.54705382518887,27.82961944858646,121.27755249023437,214.90658569335938,0.0
TaiESM1,ssp585,optimized,historical,1994,2014,120.0,china_mask,32.949030278493886,805,0.0,0.0,0.33727049827575684,1.4389164924621582,20.579242706298828,33.42074848294999,34.24179777025472,143.0526348876954,215.82479858398438,17.208652697557113
TaiESM1,ssp585,optimized,mid_century,2040,2060,120.0,china_mask,33.43071678724275,805,0.0,0.0,0.4019833505153656,1.623062653541565,21.24675941467285,33.861606482948574,34.48433998947086,147.68121765136726,238.77296447753906,17.173311779206557
TaiESM1,ssp585,optimized,late_century,2080,2100,120.0,china_mask,31.794175915556657,805,0.0,0.0,0.4122749865055084,1.6391875028610232,21.531919479370117,32.33346669388854,31.97247906387514,139.55803344726564,244.1056671142578,17.39963727273657
