model,scenario,historical_baseline,start_year,end_year,months,variable,unit,qc_region,area_weighted_spatial_mean,all_samples_finite_count,all_samples_missing_percent,all_samples_negative_percent,all_samples_minimum,all_samples_p01,all_samples_median,all_samples_mean,all_samples_std,all_samples_p99,all_samples_maximum,mean_map_finite_count,mean_map_missing_percent,mean_map_negative_percent,mean_map_minimum,mean_map_p01,mean_map_median,mean_map_mean,mean_map_std,mean_map_p99,mean_map_maximum,era5_area_weighted_spatial_mean,absolute_difference_from_era5,relative_difference_from_era5_percent
ACCESS-CM2,historical,qm_historical,1994,2014,252,tas_c,degree_Celsius,china_intersection,7.122231631994337,127512,0.0,30.59163059163059,-33.129920959472656,-22.385769424438475,8.579935073852539,7.296800341788473,13.730462671988251,29.00230110168457,32.643089294433594,506,0.0,22.92490118577075,-14.442904472351074,-10.140276622772216,7.307613372802734,7.296795858324251,8.940665274739791,25.420072841644284,26.705167770385742,7.13367357378289,-0.011441941788552512,-0.16039340278483083
ACCESS-CM2,historical,qm_historical,1994,2014,252,rsds,W m-2,china_intersection,191.98588590823468,127512,0.0,0.0,33.385860443115234,60.68763042449951,188.8351821899414,190.87937738725043,68.4192367944606,338.7922375488281,405.7303161621094,506,0.0,0.0,122.85071563720703,128.9162452697754,185.12316131591797,190.8793763473571,33.93313572423714,263.77168426513674,269.3907470703125,193.95339743016066,-1.967511521925985,-1.0144248814380585
ACCESS-CM2,historical,qm_historical,1994,2014,252,sfcWind_10m,m s-1,china_intersection,1.3081667114623636,127512,0.0,0.0,0.035292014479637146,0.1683650863170624,1.1215383410453796,1.470100951447463,1.264977651235979,6.7013121652603145,14.371042251586914,506,0.0,0.0,0.2849729061126709,0.3770086392760277,1.2250593304634094,1.4701009832116454,0.9564232814157887,5.644169807434081,6.773394584655762,1.3341530330447366,-0.025986321582373018,-1.9477766746943792
ACCESS-CM2,historical,qm_historical,1994,2014,252,tcell,degree_Celsius,china_intersection,14.392994730243368,127512,0.0,18.80215195432587,-27.862154006958008,-17.45142988204956,16.088090896606445,14.2791908096624,13.920556364471764,36.43946002960205,41.71005630493164,506,0.0,2.371541501976284,-4.883211135864258,-0.5241045758128167,14.359742641448975,14.279190808381856,7.770107673634891,28.232994174957273,30.54832649230957,14.419162328149186,-0.02616759790581824,-0.18147793408729296
ACCESS-CM2,historical,qm_historical,1994,2014,252,performance_ratio,1,china_intersection,1.053035025201901,127512,0.0,0.0,0.9164497256278992,0.9428026759624482,1.0445595383644104,1.0536040460217686,0.06960278179882916,1.2122571659088135,1.2643107175827026,506,0.0,0.0,0.9722586274147034,0.983835107088089,1.0532012581825256,1.053604043048361,0.038850522089749866,1.127620279788971,1.1494160890579224,1.0529042146263572,0.00013081057554376052,0.012423786867477027
ACCESS-CM2,historical,qm_historical,1994,2014,252,pvpot,W m-2,china_intersection,200.29452013994654,127512,0.0,0.0,40.46360778808594,70.09227600097657,196.19567108154297,198.9497675554345,68.2261730912373,363.37077880859374,449.7098388671875,506,0.0,0.0,123.71822357177734,128.43232498168945,190.74127960205078,198.94976954403603,40.40653479305491,289.11484680175784,300.6372985839844,202.26575407338478,-1.971233933438242,-0.9745762165566885
ACCESS-CM2,historical,qm_historical,1994,2014,252,wind_speed_hub,m s-1,china_intersection,2.8015422462974486,127512,0.0,0.0,0.16303901374340057,0.5665168046951294,2.5686737298965454,3.0447317535385223,1.9907329693919076,10.67989333152771,19.6192684173584,506,0.0,0.0,0.850307285785675,1.0638402700424194,2.7223891019821167,3.044731774113395,1.4997664318233779,9.083990001678465,10.429802894592285,2.8492993467510703,-0.04775710045362169,-1.6760997930272525
ACCESS-CM2,historical,qm_historical,1994,2014,252,wpd,W m-2,china_intersection,29.09315982013957,127512,0.0,0.0,0.0026544874999672174,0.11136392697691919,10.380849838256836,49.40849058292809,166.97646521980272,746.1168829345703,4625.45556640625,506,0.0,0.0,0.5021485686302185,0.9554224163293839,17.616929054260254,49.40849097455914,115.47950290015272,685.3314208984372,1180.070556640625,29.787790225772014,-0.694630405632445,-2.331929963141277
ACCESS-CM2,historical,era5_reference,1994,2014,252,tas_c,degree_Celsius,china_intersection,7.13367357378289,127512,0.0,30.441840767927726,-33.30272674560547,-22.772473831176757,8.728448867797852,7.295680661234065,13.788899959764493,28.762300186157226,32.992820739746094,506,0.0,22.33201581027668,-14.655017852783203,-10.42708773612976,7.495671510696411,7.295681802342414,9.001094666618089,25.416192722320556,26.719079971313477,7.13367357378289,0.0,0.0
ACCESS-CM2,historical,era5_reference,1994,2014,252,rsds,W m-2,china_intersection,193.95339743016066,127512,0.0,0.0,31.41185188293457,61.076681289672855,192.35150146484375,192.80298515333646,67.56044710589103,335.73129974365236,388.8014831542969,506,0.0,0.0,125.14080047607422,133.95380630493165,187.0827865600586,192.8029836873292,32.305299148534864,263.45686798095704,269.05706787109375,193.95339743016066,0.0,0.0
ACCESS-CM2,historical,era5_reference,1994,2014,252,sfcWind_10m,m s-1,china_intersection,1.3341530330447366,127512,0.0,0.0,0.03724966198205948,0.16614646211266518,1.1503535509109497,1.4921963150934436,1.257681752026966,6.656848964691162,14.495918273925781,506,0.0,0.0,0.26907941699028015,0.38726978451013566,1.2559980750083923,1.4921963316178604,0.9554481737881375,5.6399983882904055,6.866516590118408,1.3341530330447366,0.0,0.0
ACCESS-CM2,historical,era5_reference,1994,2014,252,tcell,degree_Celsius,china_intersection,14.419162328149186,127512,0.0,18.94802057845536,-27.962421417236328,-17.710374660491944,16.166492462158203,14.29823424971104,13.985018823280717,36.213533325195314,40.34626770019531,506,0.0,2.371541501976284,-5.050341606140137,-0.7989737093448639,14.427647113800049,14.298234390418814,7.87314887642384,28.39918222427368,30.75731658935547,14.419162328149186,0.0,0.0
ACCESS-CM2,historical,era5_reference,1994,2014,252,performance_ratio,1,china_intersection,1.0529042146263572,127512,0.0,0.0,0.9232686758041382,0.9439323604106903,1.0441675186157227,1.0535088288554233,0.06992509423620412,1.2135518562793732,1.2648121118545532,506,0.0,0.0,0.971213698387146,0.9830039203166961,1.0528615713119507,1.0535088531349017,0.03936576432524378,1.1289950072765351,1.1502519845962524,1.0529042146263572,0.0,0.0
ACCESS-CM2,historical,era5_reference,1994,2014,252,pvpot,W m-2,china_intersection,202.26575407338478,127512,0.0,0.0,33.09952926635742,70.99324020385743,199.25091552734375,200.8868830552087,67.16244862486778,361.7722576904297,431.6601867675781,506,0.0,0.0,126.03407287597656,132.8834426879883,192.2589874267578,200.8868828875274,38.81624173634155,289.1465698242187,299.9909973144531,202.26575407338478,0.0,0.0
ACCESS-CM2,historical,era5_reference,1994,2014,252,wind_speed_hub,m s-1,china_intersection,2.8492993467510703,127512,0.0,0.0,0.17020849883556366,0.5605579614639282,2.621146082878113,3.085542233407346,1.9791535548119166,10.623368778228759,19.75504493713379,506,0.0,0.0,0.8085072040557861,1.0875212728977204,2.7661346197128296,3.0855421820883695,1.4969980361352624,9.128981781005859,10.588505744934082,2.8492993467510703,0.0,0.0
ACCESS-CM2,historical,era5_reference,1994,2014,252,wpd,W m-2,china_intersection,29.787790225772014,127512,0.0,0.0,0.0030202982015907764,0.1078866381198168,11.030108451843262,49.804664941427774,164.8074522600647,734.3327740478516,4722.15478515625,506,0.0,0.0,0.47973906993865967,1.0019601821899413,18.51455783843994,49.804664800054,114.63400540315467,667.3906494140624,1172.441650390625,29.787790225772014,0.0,0.0
ACCESS-ESM1-5,historical,qm_historical,1994,2014,252,tas_c,degree_Celsius,china_intersection,7.141077688972795,125748,0.0,30.824347106912235,-34.71422576904297,-22.697922744750976,8.485498428344727,7.229126368753814,13.826806107072736,29.03023414611816,33.20122528076172,499,0.0,24.448897795591183,-13.086075782775879,-10.86417495727539,7.425750732421875,7.229121583549377,8.968659292647901,24.820784225463864,26.624744415283203,7.1129024205184725,0.028175268454322833,0.39611493014506394
ACCESS-ESM1-5,historical,qm_historical,1994,2014,252,rsds,W m-2,china_intersection,191.82830710545142,125748,0.0,0.0,30.762826919555664,58.42444820404053,189.57373809814453,190.32326439724824,68.76383557066053,337.0086685180664,401.3667297363281,499,0.0,0.0,118.22325134277344,125.77863082885742,184.40298461914062,190.32326380666606,34.214926687797075,264.1415649414063,267.8828430175781,194.13451363363183,-2.306206528180411,-1.1879425687967293
ACCESS-ESM1-5,historical,qm_historical,1994,2014,252,sfcWind_10m,m s-1,china_intersection,1.3477988422052365,125748,0.0,0.0,0.013880809769034386,0.13362596437335014,1.1324430108070374,1.4519028605824347,1.2151094875978474,6.2487730550765965,13.790675163269043,499,0.0,0.0,0.1926833838224411,0.3859054005146027,1.2491365671157837,1.4519028757999322,0.9027487254938057,5.365014495849609,6.694578647613525,1.347286530337138,0.000512311868098525,0.038025457581780664
ACCESS-ESM1-5,historical,qm_historical,1994,2014,252,tcell,degree_Celsius,china_intersection,14.345796362011477,125748,0.0,19.20189585520247,-29.624326705932617,-17.572835426330567,16.093149185180664,14.227609771145511,14.073192557268424,36.70738594055176,41.3131103515625,499,0.0,2.6052104208416833,-3.3767030239105225,-1.750104238986969,14.604433059692383,14.22760965987174,7.867059592012087,28.172232437133786,30.143239974975586,14.384577921008189,-0.038781558996712207,-0.2696051229982399
ACCESS-ESM1-5,historical,qm_historical,1994,2014,252,performance_ratio,1,china_intersection,1.0532710310952724,125748,0.0,0.0,0.9184344410896301,0.941463075876236,1.0445342659950256,1.0538619511170966,0.07036596264746052,1.2128641664981843,1.2731215953826904,499,0.0,0.0,0.9742839336395264,0.9841384816169739,1.0519778728485107,1.0538619659945578,0.03933530978827298,1.1337502002716064,1.1418837308883667,1.0530771171720479,0.00019391392322454237,0.018414028760327383
ACCESS-ESM1-5,historical,qm_historical,1994,2014,252,pvpot,W m-2,china_intersection,200.17340201941025,125748,0.0,0.0,36.379150390625,67.37153823852539,196.5246810913086,198.3937033565497,68.62109217249682,363.08004119873044,425.4953308105469,499,0.0,0.0,118.52559661865234,126.35438110351562,189.92396545410156,198.39370125137972,40.85479094089883,289.3310278320312,297.22650146484375,202.48132293022843,-2.307920910818183,-1.1398191583395834
ACCESS-ESM1-5,historical,qm_historical,1994,2014,252,wind_speed_hub,m s-1,china_intersection,2.8615665559675274,125748,0.0,0.0,0.07748905569314957,0.4712058287858963,2.5885629653930664,3.0163482427261097,1.938336849944519,10.10093639373779,18.98505210876465,499,0.0,0.0,0.6114984154701233,1.0691038894653322,2.7334389686584473,3.0163482483737694,1.4363670614682291,8.78799659729004,10.376117706298828,2.864178288649053,-0.0026117326815255915,-0.09118610708963582
ACCESS-ESM1-5,historical,qm_historical,1994,2014,252,wpd,W m-2,china_intersection,32.70661869563196,125748,0.0,0.0,0.000284988374914974,0.06408230118453503,10.623857498168945,45.9465940304413,145.67129499428447,631.2348889160149,4191.2294921875,499,0.0,0.0,0.2404828518629074,1.0009692180156708,18.106775283813477,45.94659297729661,100.43492496167883,565.7933227539061,1092.4019775390625,32.0121140891141,0.6945046065178602,2.169505595864507
ACCESS-ESM1-5,historical,era5_reference,1994,2014,252,tas_c,degree_Celsius,china_intersection,7.1129024205184725,125748,0.0,30.657346438909567,-33.82274627685547,-23.112717208862303,8.492609024047852,7.181754682153442,13.83905292185566,28.841584854125976,32.872947692871094,499,0.0,24.849699398797593,-13.089142799377441,-11.097088222503663,7.4290666580200195,7.181755781009465,8.993508526020698,24.725368957519525,26.626218795776367,7.1129024205184725,0.0,0.0
ACCESS-ESM1-5,historical,era5_reference,1994,2014,252,rsds,W m-2,china_intersection,194.13451363363183,125748,0.0,0.0,30.376296997070312,59.84000015258789,191.88516235351562,192.41993802161898,67.80036538014825,335.4356509399414,381.6711120605469,499,0.0,0.0,125.09713745117188,132.70120239257812,187.57760620117188,192.41993765362756,32.67771207743091,263.0104425048828,267.2380676269531,194.13451363363183,0.0,0.0
ACCESS-ESM1-5,historical,era5_reference,1994,2014,252,sfcWind_10m,m s-1,china_intersection,1.347286530337138,125748,0.0,0.0,0.004316515754908323,0.1266336277127266,1.1469026803970337,1.4573941087769644,1.212750057004381,6.312826585769649,14.122241020202637,499,0.0,0.0,0.2126210778951645,0.38828725636005407,1.2635014057159424,1.4573941064143707,0.9032494000909608,5.5089306735992425,6.774971961975098,1.347286530337138,0.0,0.0
ACCESS-ESM1-5,historical,era5_reference,1994,2014,252,tcell,degree_Celsius,china_intersection,14.384577921008189,125748,0.0,19.09771924801985,-29.075244903564453,-17.921053943634032,16.108869552612305,14.23325450450183,14.070806774585277,36.503829650878906,41.70487976074219,499,0.0,2.80561122244489,-3.327558994293213,-1.881810131072998,14.549421310424805,14.233254524872976,7.905291172487175,28.296241493225097,30.430377960205078,14.384577921008189,0.0,0.0
ACCESS-ESM1-5,historical,era5_reference,1994,2014,252,performance_ratio,1,china_intersection,1.0530771171720479,125748,0.0,0.0,0.9164755940437317,0.9424808567762375,1.044455647468567,1.0538337275352203,0.07035403386506461,1.2146052980422974,1.270376205444336,499,0.0,0.0,0.972848117351532,0.9835187137126923,1.0522528886795044,1.0538337388353978,0.03952645580964467,1.1344088792800904,1.1416374444961548,1.0530771171720479,0.0,0.0
ACCESS-ESM1-5,historical,era5_reference,1994,2014,252,pvpot,W m-2,china_intersection,202.48132293022843,125748,0.0,0.0,35.859046936035156,69.81840866088868,198.69664001464844,200.51731269929982,67.39225674706073,362.1196606445312,423.7215881347656,499,0.0,0.0,125.52608489990234,132.5264126586914,191.77044677734375,200.51731152429372,39.18106522305613,288.9230010986328,296.92816162109375,202.48132293022843,0.0,0.0
ACCESS-ESM1-5,historical,era5_reference,1994,2014,252,wind_speed_hub,m s-1,china_intersection,2.864178288649053,125748,0.0,0.0,0.030539706349372864,0.4514440470933914,2.6148762702941895,3.027892903848556,1.9292038268612912,10.183386898040766,19.34803009033203,499,0.0,0.0,0.6652379631996155,1.0945444083213807,2.781958818435669,3.0278929184099477,1.4294628328965784,8.944205265045165,10.490199089050293,2.864178288649053,0.0,0.0
ACCESS-ESM1-5,historical,era5_reference,1994,2014,252,wpd,W m-2,china_intersection,32.0121140891141,125748,0.0,0.0,1.7446192941861227e-05,0.0563531257212162,10.951144695281982,46.187577203410704,151.08627282797926,646.8191778564443,4436.25390625,499,0.0,0.0,0.2821315824985504,0.9438518369197846,18.023929595947266,46.18757643913458,104.26529149293576,624.8597229003906,1108.7681884765625,32.0121140891141,0.0,0.0
AWI-CM-1-1-MR,historical,qm_historical,1994,2014,252,tas_c,degree_Celsius,china_intersection,7.054667368923564,317772,0.0,31.142139647294286,-33.13007354736328,-22.128816452026367,8.157724380493164,7.023996066509549,13.607500515972731,29.06242927551269,33.338096618652344,1261,0.0,24.028548770816812,-15.42097282409668,-10.34924545288086,7.281688213348389,7.023991565175744,8.686172273394686,24.463739395141616,26.82924461364746,7.116946870908612,-0.06227950198504839,-0.8750873529718706
AWI-CM-1-1-MR,historical,qm_historical,1994,2014,252,rsds,W m-2,china_intersection,191.6832023706956,317772,0.0,0.0,31.045133590698242,59.93518268585205,188.80033111572266,190.39677058339677,68.56704269080521,336.2714044189453,398.7917785644531,1261,0.0,0.0,120.5429458618164,129.3535949707031,184.10626220703125,190.39676935496925,34.533997334795195,263.7381530761719,270.089111328125,194.11449475102418,-2.4312923803285855,-1.2525042931219588
AWI-CM-1-1-MR,historical,qm_historical,1994,2014,252,sfcWind_10m,m s-1,china_intersection,1.3517081565782434,317772,0.0,0.0,0.0347302220761776,0.171537928879261,1.1633179187774658,1.4448680204711641,1.1349496144409636,5.577383456230155,14.231369972229004,1261,0.0,0.0,0.24019737541675568,0.38727830052375795,1.2898797988891602,1.44486800595988,0.8180235305552808,5.083428668975832,6.821834087371826,1.336162805853727,0.01554535072451646,1.1634323793786372
AWI-CM-1-1-MR,historical,qm_historical,1994,2014,252,tcell,degree_Celsius,china_intersection,14.254275445650299,317772,0.0,18.936533111790844,-28.00641632080078,-17.190204315185547,15.735913276672363,14.046979309066359,13.838202636708514,36.50892105102538,41.968318939208984,1261,0.0,2.0618556701030926,-3.6602838039398193,-1.4536411285400392,14.21311092376709,14.046979561829193,7.589398179121192,27.92327384948732,29.840373992919922,14.40483422675992,-0.15055878110962162,-1.0451962080197164
AWI-CM-1-1-MR,historical,qm_historical,1994,2014,252,performance_ratio,1,china_intersection,1.0537286374679886,317772,0.0,0.0,0.9151583909988403,0.9424554079771041,1.0463204383850098,1.0547651034573249,0.06919101320089395,1.2109509992599485,1.2650320529937744,1261,0.0,0.0,0.9757983684539795,0.9853833436965942,1.0539345741271973,1.0547651115341097,0.03794700069335176,1.1322681903839111,1.1433013677597046,1.0529758302871561,0.0007528071808324821,0.07149330109763596
AWI-CM-1-1-MR,historical,qm_historical,1994,2014,252,pvpot,W m-2,china_intersection,200.10984435869165,317772,0.0,0.0,38.423072814941406,69.4865550994873,196.31201934814453,198.67510406614713,68.47097525116868,361.5359738159179,439.9617614746094,1261,0.0,0.0,121.7666015625,130.19006958007813,189.30690002441406,198.6751035891479,41.11752581822445,290.1034606933594,300.1153869628906,202.44993520742108,-2.3400908487294316,-1.1558861929651276
AWI-CM-1-1-MR,historical,qm_historical,1994,2014,252,wind_speed_hub,m s-1,china_intersection,2.8811645890798947,317772,0.0,0.0,0.16096681356430054,0.5750109678506852,2.644666910171509,3.0199533891157273,1.8191153218622982,9.225954446792592,19.467119216918945,1261,0.0,0.0,0.7398190498352051,1.0907917737960815,2.828746795654297,3.0199534098464853,1.3045486409250933,8.435981559753426,10.481937408447266,2.851100557330876,0.030064031749018838,1.054471111926114
AWI-CM-1-1-MR,historical,qm_historical,1994,2014,252,wpd,W m-2,china_intersection,30.21766894552642,317772,0.0,0.0,0.0025545540265738964,0.11644866116344929,11.329716682434082,42.11782003053546,135.52423111946658,480.9943395996077,4518.67529296875,1261,0.0,0.0,0.35473865270614624,1.0269950866699218,19.149280548095703,42.117819791980246,92.26353625359258,519.3283996582089,1201.939453125,29.884854764339998,0.33281418118642137,1.1136550062259332
AWI-CM-1-1-MR,historical,era5_reference,1994,2014,252,tas_c,degree_Celsius,china_intersection,7.116946870908612,317772,0.0,30.893533728585275,-34.276084899902344,-22.763078842163086,8.348520278930664,7.0764953527172,13.716875757535497,28.814159927368163,33.468894958496094,1261,0.0,24.028548770816812,-15.58466911315918,-10.681410980224609,7.380146503448486,7.076490884610584,8.802292048223165,24.530490112304705,26.746383666992188,7.116946870908612,0.0,0.0
AWI-CM-1-1-MR,historical,era5_reference,1994,2014,252,rsds,W m-2,china_intersection,194.11449475102418,317772,0.0,0.0,30.52030372619629,60.88506187438965,192.19387817382812,192.8526257763123,67.8009669802739,335.4024957275389,387.3932800292969,1261,0.0,0.0,121.93207550048828,132.14222412109376,187.0588836669922,192.85262712422673,32.81557763389121,263.7605163574219,270.43768310546875,194.11449475102418,0.0,0.0
AWI-CM-1-1-MR,historical,era5_reference,1994,2014,252,sfcWind_10m,m s-1,china_intersection,1.336162805853727,317772,0.0,0.0,0.008522043004631996,0.15670362398028373,1.1427279114723206,1.4333189635826875,1.1379063117717734,5.529806766509989,14.77669906616211,1261,0.0,0.0,0.23403361439704895,0.38388255834579466,1.2631593942642212,1.4333189692315744,0.8299836614276569,5.059959411621116,6.953031063079834,1.336162805853727,0.0,0.0
AWI-CM-1-1-MR,historical,era5_reference,1994,2014,252,tcell,degree_Celsius,china_intersection,14.40483422675992,317772,0.0,19.062724217363392,-28.846935272216797,-17.707911338806152,15.965921878814697,14.18289703671007,13.990574070157791,36.4495143508911,41.883358001708984,1261,0.0,2.379064234734338,-3.799525737762451,-1.639297103881836,14.452533721923828,14.182897214955021,7.797399142028848,28.35767707824709,30.209550857543945,14.40483422675992,0.0,0.0
AWI-CM-1-1-MR,historical,era5_reference,1994,2014,252,performance_ratio,1,china_intersection,1.0529758302871561,317772,0.0,0.0,0.9155831933021545,0.9427524316310882,1.0451703667640686,1.0540855147840453,0.06995287035923536,1.213539547920227,1.2692346572875977,1261,0.0,0.0,0.9739522337913513,0.983211350440979,1.0527369976043701,1.0540855164853096,0.038986998193599826,1.133196544647217,1.1439975500106812,1.0529758302871561,0.0,0.0
AWI-CM-1-1-MR,historical,era5_reference,1994,2014,252,pvpot,W m-2,china_intersection,202.44993520742108,317772,0.0,0.0,33.66402053833008,70.63854583740235,199.26624298095703,201.0543415865167,67.43858036222076,361.5848107910155,423.4967041015625,1261,0.0,0.0,122.73958587646484,132.01600036621093,192.33067321777344,201.05434251947122,39.41465596116086,290.7043029785156,301.072021484375,202.44993520742108,0.0,0.0
AWI-CM-1-1-MR,historical,era5_reference,1994,2014,252,wind_speed_hub,m s-1,china_intersection,2.851100557330876,317772,0.0,0.0,0.0525229312479496,0.535011956691742,2.607285976409912,2.9975111635281144,1.8283944918178405,9.163164787292452,20.059476852416992,1261,0.0,0.0,0.7229537963867188,1.0720372676849366,2.7733962535858154,2.997511104210136,1.3259744840677667,8.401173400878925,10.697344779968262,2.851100557330876,0.0,0.0
AWI-CM-1-1-MR,historical,era5_reference,1994,2014,252,wpd,W m-2,china_intersection,29.884854764339998,317772,0.0,0.0,8.874685590853915e-05,0.09379864610731602,10.85605764389038,41.78361708565479,134.38070125608428,471.24044097899963,4943.84521484375,1261,0.0,0.0,0.35163989663124084,1.0392033338546753,18.45876121520996,41.783616905336245,92.15723640470009,523.9336120605541,1196.5848388671875,29.884854764339998,0.0,0.0
BCC-CSM2-MR,historical,qm_historical,1994,2014,252,tas_c,degree_Celsius,china_intersection,6.865873880399607,226044,0.0,31.726566509175203,-33.54749298095703,-22.749462814331054,8.021814346313477,6.78569305584658,13.663077903007736,28.71347694396973,33.288902282714844,897,0.0,24.30323299888517,-16.275482177734375,-11.04836196899414,6.7167439460754395,6.785688431720678,8.692574990310103,24.50307182312011,26.577089309692383,7.122879021732887,-0.2570051413332797,-3.608163785305374
BCC-CSM2-MR,historical,qm_historical,1994,2014,252,rsds,W m-2,china_intersection,191.6818218350886,226044,0.0,0.0,31.975656509399414,60.61093879699707,188.69156646728516,190.43170402540727,68.54374629323561,337.1400723266602,394.94390869140625,897,0.0,0.0,119.13520812988281,128.0902685546875,184.3525848388672,190.43170589587362,34.562213976562965,264.3418566894531,268.9494323730469,194.10884720592136,-2.4270253708327516,-1.250342478340527
BCC-CSM2-MR,historical,qm_historical,1994,2014,252,sfcWind_10m,m s-1,china_intersection,1.3512050286024995,226044,0.0,0.0,0.027894247323274612,0.1674470689892769,1.149399757385254,1.4414594126519675,1.1453200540773005,5.648112430572516,14.988102912902832,897,0.0,0.0,0.25734859704971313,0.37133103251457217,1.2589348554611206,1.4414594237886809,0.8354135845205733,5.242028675079345,6.829437255859375,1.354176156685563,-0.0029711280830635456,-0.21940484392632964
BCC-CSM2-MR,historical,qm_historical,1994,2014,252,tcell,degree_Celsius,china_intersection,14.07697306820141,226044,0.0,19.52230539187061,-28.932161331176758,-17.611371212005615,15.61866569519043,13.828446058774082,13.923758417897048,36.23895126342775,42.522438049316406,897,0.0,2.341137123745819,-5.099723815917969,-2.089968042373657,13.799539566040039,13.828446108735724,7.649794235759165,27.967935333251937,30.086727142333984,14.382745808661953,-0.3057727404605437,-2.1259691614405996
BCC-CSM2-MR,historical,qm_historical,1994,2014,252,performance_ratio,1,china_intersection,1.0546151394103669,226044,0.0,0.0,0.9123878479003906,0.9438052242994308,1.0469067096710205,1.0558577696612075,0.06961879208798756,1.2130568063259126,1.2696608304977417,897,0.0,0.0,0.9745664596557617,0.9851605010032654,1.0560022592544556,1.0558577749375648,0.038248967743767674,1.1354496574401856,1.1504985094070435,1.0530862730692785,0.0015288663410883974,0.14517959071220776
BCC-CSM2-MR,historical,qm_historical,1994,2014,252,pvpot,W m-2,china_intersection,200.28737638862367,226044,0.0,0.0,39.082176208496094,70.0554795074463,195.83658599853516,198.9110992044541,68.50956910326231,362.4930099487305,431.4889831542969,897,0.0,0.0,120.44550323486328,129.22237274169922,190.5956573486328,198.91109726819704,41.208004689909565,291.047314453125,299.93597412109375,202.4711695230908,-2.1837931344671233,-1.078569921639172
BCC-CSM2-MR,historical,qm_historical,1994,2014,252,wind_speed_hub,m s-1,china_intersection,2.8785993093205975,226044,0.0,0.0,0.13516181707382202,0.5640530902147293,2.6194136142730713,3.0118243107723983,1.8349139308318099,9.319098854064949,20.287912368774414,897,0.0,0.0,0.7793188095092773,1.047981858253479,2.766007900238037,3.011824334810676,1.3318166907054307,8.648194465637205,10.503729820251465,2.8832597651096576,-0.004660455789060158,-0.16163842902593428
BCC-CSM2-MR,historical,qm_historical,1994,2014,252,wpd,W m-2,china_intersection,30.506573297021983,226044,0.0,0.0,0.0015124054625630379,0.1099173142760992,11.008250713348389,42.44209507635863,135.95215553245885,495.7101794433606,5114.67626953125,897,0.0,0.0,0.45830583572387695,0.9658889436721801,18.892032623291016,42.4420952472001,92.59318220488858,569.4605859374999,1213.8348388671875,30.598947380883832,-0.09237408386184853,-0.3018864757405315
BCC-CSM2-MR,historical,era5_reference,1994,2014,252,tas_c,degree_Celsius,china_intersection,7.122879021732887,226044,0.0,30.878501530675447,-34.171302795410156,-22.951291580200195,8.348657608032227,7.029891396401044,13.69491787117137,28.726687393188477,32.87767791748047,897,0.0,23.411371237458194,-16.301494598388672,-11.055949172973632,7.1251044273376465,7.029886845957152,8.756856633039373,24.47927673339843,26.623079299926758,7.122879021732887,0.0,0.0
BCC-CSM2-MR,historical,era5_reference,1994,2014,252,rsds,W m-2,china_intersection,194.10884720592136,226044,0.0,0.0,31.853084564208984,61.08631839752197,192.07684326171875,192.79021900414142,67.8150875357966,335.57988037109385,386.9685974121094,897,0.0,0.0,123.3951416015625,132.111298828125,187.2406005859375,192.7902163077092,32.708302635104445,264.0816125488281,268.61700439453125,194.10884720592136,0.0,0.0
BCC-CSM2-MR,historical,era5_reference,1994,2014,252,sfcWind_10m,m s-1,china_intersection,1.354176156685563,226044,0.0,0.0,0.018049607053399086,0.1532825720310211,1.156622052192688,1.4452871482076168,1.1465345047950808,5.674084305763245,14.994853019714355,897,0.0,0.0,0.2570382058620453,0.35859369397163393,1.2703875303268433,1.445287152576606,0.8368953869224832,5.211215419769284,6.97936487197876,1.354176156685563,0.0,0.0
BCC-CSM2-MR,historical,era5_reference,1994,2014,252,tcell,degree_Celsius,china_intersection,14.382745808661953,226044,0.0,19.17989417989418,-28.73847770690918,-17.809029502868654,15.95794677734375,14.11891473232925,13.990095648190596,36.361491203308105,41.526275634765625,897,0.0,2.341137123745819,-5.1177568435668945,-1.969030828475952,14.213530540466309,14.118914672554602,7.765586020896022,28.436516418457018,30.36463165283203,14.382745808661953,0.0,0.0
BCC-CSM2-MR,historical,era5_reference,1994,2014,252,performance_ratio,1,china_intersection,1.0530862730692785,226044,0.0,0.0,0.9173686504364014,0.94319256067276,1.0452103018760681,1.0544054262978584,0.0699504782165149,1.2140451741218568,1.2686923742294312,897,0.0,0.0,0.973176896572113,0.982817325592041,1.0539319515228271,1.054405426035491,0.038827941949997384,1.1348453998565673,1.1505887508392334,1.0530862730692785,0.0,0.0
BCC-CSM2-MR,historical,era5_reference,1994,2014,252,pvpot,W m-2,china_intersection,202.4711695230908,226044,0.0,0.0,34.4151496887207,70.79808135986327,199.17642974853516,201.04609977041528,67.46500807618034,362.0797018432618,426.5362548828125,897,0.0,0.0,124.30328369140625,132.17871459960938,192.64918518066406,201.04609913225292,39.3215765771823,290.3310607910156,300.09759521484375,202.4711695230908,0.0,0.0
BCC-CSM2-MR,historical,era5_reference,1994,2014,252,wind_speed_hub,m s-1,china_intersection,2.8832597651096576,226044,0.0,0.0,0.09553373605012894,0.525680518746376,2.6325255632400513,3.017784042673324,1.838438814676237,9.353242626190186,20.295194625854492,897,0.0,0.0,0.7789427638053894,1.0238283443450928,2.778153896331787,3.0177839882796427,1.3333831621079673,8.61029140472412,10.712693214416504,2.8832597651096576,0.0,0.0
BCC-CSM2-MR,historical,era5_reference,1994,2014,252,wpd,W m-2,china_intersection,30.598947380883832,226044,0.0,0.0,0.0005340432398952544,0.08897576466202735,11.17439079284668,42.602586300963495,135.9110732207323,501.1787539672852,5120.1865234375,897,0.0,0.0,0.4509536623954773,0.9210841464996338,18.787031173706055,42.60258652148571,93.36356972623247,562.795446777343,1240.167236328125,30.598947380883832,0.0,0.0
CAS-ESM2-0,historical,qm_historical,1994,2014,252,tas_c,degree_Celsius,china_intersection,7.023101141881332,146916,0.0,30.747501973917068,-37.530311584472656,-22.997211837768553,8.453454971313477,7.0751135720991245,13.770134536945363,28.70826454162598,32.448692321777344,583,0.0,24.1852487135506,-14.891226768493652,-10.764303588867188,7.602829933166504,7.075109244600628,8.7938929721118,24.832609672546358,26.581310272216797,7.105582361476629,-0.08248121959529708,-1.1607946456644314
CAS-ESM2-0,historical,qm_historical,1994,2014,252,rsds,W m-2,china_intersection,191.65835047549425,146916,0.0,0.0,34.038360595703125,59.30447998046875,188.29866790771484,190.18640979939877,68.60168794076033,337.8697235107423,403.0870361328125,583,0.0,0.0,120.45271301269531,129.72616516113283,183.10751342773438,190.18640962473114,34.08211657408932,263.0362493896484,270.60528564453125,194.0250687130133,-2.366718237519052,-1.2198002315977563
CAS-ESM2-0,historical,qm_historical,1994,2014,252,sfcWind_10m,m s-1,china_intersection,1.3212494230128353,146916,0.0,0.0,0.03115049935877323,0.1540582299232483,1.127895474433899,1.4453123436002226,1.20464766563702,6.010375833511361,14.251500129699707,583,0.0,0.0,0.23968222737312317,0.34087162554264067,1.2430609464645386,1.4453123337101976,0.8998720622353532,5.340038747787471,6.765712261199951,1.3482565767352581,-0.027007153722422794,-2.003116779731895
CAS-ESM2-0,historical,qm_historical,1994,2014,252,tcell,degree_Celsius,china_intersection,14.270353085734264,146916,0.0,19.263388603011244,-31.22897720336914,-17.936169815063476,16.075648307800293,14.088614085469672,14.021544495647792,36.219446945190434,41.37287902832031,583,0.0,3.2590051457975986,-3.5880541801452637,-2.2328407907485963,14.470643997192383,14.088614044696616,7.72546911409536,28.032598075866687,31.35325813293457,14.373133861777001,-0.10278077604273683,-0.7150895346217157
CAS-ESM2-0,historical,qm_historical,1994,2014,252,performance_ratio,1,china_intersection,1.0536482374766345,146916,0.0,0.0,0.9181355834007263,0.9439027667045593,1.044621765613556,1.0545569295675976,0.07010772237281737,1.2146808981895447,1.2811448574066162,583,0.0,0.0,0.9682338237762451,0.9848369038105012,1.0526469945907593,1.0545569202298775,0.038627342985704485,1.1361638045310973,1.1429400444030762,1.053134320102053,0.0005139173745813963,0.04879884405737389
CAS-ESM2-0,historical,qm_historical,1994,2014,252,pvpot,W m-2,china_intersection,200.08678302935476,146916,0.0,0.0,41.2130126953125,68.79851150512695,195.91046905517578,198.37599044526547,68.47765295809148,364.5433471679688,434.61163330078125,583,0.0,0.0,121.41583251953125,129.2854718017578,188.841552734375,198.37598885066717,40.59059384837237,289.9421398925781,301.09075927734375,202.39014125760312,-2.3033582282483565,-1.1380782749277452
CAS-ESM2-0,historical,qm_historical,1994,2014,252,wind_speed_hub,m s-1,china_intersection,2.820253301509741,146916,0.0,0.0,0.14759692549705505,0.527799928188324,2.580273389816284,3.007044469493891,1.922127419659879,9.792541360855115,19.489065170288086,583,0.0,0.0,0.738862931728363,0.9773647487163544,2.742504835128784,3.007044488222276,1.432255380508585,8.652322349548326,10.43874740600586,2.8687820050150497,-0.0485287035053088,-1.6916134938267713
CAS-ESM2-0,historical,qm_historical,1994,2014,252,wpd,W m-2,china_intersection,30.085748506861993,146916,0.0,0.0,0.001969418488442898,0.090056287124753,10.522119522094727,45.264582194636,146.83666952503316,575.1648223876973,4533.9755859375,583,0.0,0.0,0.3535453975200653,0.8246407854557037,18.201175689697266,45.26458268360862,101.62479699307721,593.9940161132785,1148.97119140625,31.102762930224202,-1.017014423362209,-3.2698523460561235
CAS-ESM2-0,historical,era5_reference,1994,2014,252,tas_c,degree_Celsius,china_intersection,7.105582361476629,146916,0.0,30.561000844019716,-34.84082794189453,-23.136066055297853,8.538873672485352,7.145036948055814,13.773548006971177,28.712451553344728,33.12700653076172,583,0.0,23.842195540308747,-14.973711013793945,-10.867673416137695,7.736287593841553,7.145032593319081,8.863320778187774,24.88612560272214,26.612939834594727,7.105582361476629,0.0,0.0
CAS-ESM2-0,historical,era5_reference,1994,2014,252,rsds,W m-2,china_intersection,194.0250687130133,146916,0.0,0.0,32.05758285522461,60.191853523254395,191.71253204345703,192.44804179133868,67.81590935444929,336.07099609375,382.24267578125,583,0.0,0.0,124.12654876708984,133.04100860595702,186.21046447753906,192.44804438595912,32.633953904256536,263.0918963623046,270.44696044921875,194.0250687130133,0.0,0.0
CAS-ESM2-0,historical,era5_reference,1994,2014,252,sfcWind_10m,m s-1,china_intersection,1.3482565767352581,146916,0.0,0.0,0.023871347308158875,0.15264444872736932,1.1553626656532288,1.471999106981055,1.2147648764988654,6.122835159301761,14.346014976501465,583,0.0,0.0,0.25025850534439087,0.34754583418369295,1.2839109897613525,1.4719990987209268,0.9072545017055981,5.427385015487665,6.924347400665283,1.3482565767352581,0.0,0.0
CAS-ESM2-0,historical,era5_reference,1994,2014,252,tcell,degree_Celsius,china_intersection,14.373133861777001,146916,0.0,19.10207193226061,-29.1578369140625,-18.03741521835327,16.09889793395996,14.177100150891041,14.038539226885788,36.32894229888917,40.71978759765625,583,0.0,3.430531732418525,-3.6567161083221436,-2.250600366592407,14.499083518981934,14.17710022598275,7.826500170149834,28.260551757812493,31.5954532623291,14.373133861777001,0.0,0.0
CAS-ESM2-0,historical,era5_reference,1994,2014,252,performance_ratio,1,china_intersection,1.053134320102053,146916,0.0,0.0,0.9214010834693909,0.9433553129434585,1.0445054769515991,1.0541144992457672,0.07019269607744721,1.2151870846748352,1.2707891464233398,583,0.0,0.0,0.9670225977897644,0.983697464466095,1.052504301071167,1.054114488447101,0.03913251091875886,1.136253113746643,1.1432833671569824,1.053134320102053,0.0,0.0
CAS-ESM2-0,historical,era5_reference,1994,2014,252,pvpot,W m-2,china_intersection,202.39014125760312,146916,0.0,0.0,35.82695770263672,70.14303398132324,198.94471740722656,200.59366817311303,67.39731273944648,363.0306610107422,425.7215881347656,583,0.0,0.0,124.95498657226562,132.542578125,191.6841278076172,200.59366854999732,39.11623554588972,290.0952923583984,301.13787841796875,202.39014125760312,0.0,0.0
CAS-ESM2-0,historical,era5_reference,1994,2014,252,wind_speed_hub,m s-1,china_intersection,2.8687820050150497,146916,0.0,0.0,0.11938153952360153,0.5239352822303772,2.630240321159363,3.0537547769301914,1.9319159020546792,9.938324069976812,19.59202766418457,583,0.0,0.0,0.762337327003479,0.9962947273254394,2.8214683532714844,3.053754764703289,1.4368336639750445,8.771120281219467,10.666038513183594,2.8687820050150497,0.0,0.0
CAS-ESM2-0,historical,era5_reference,1994,2014,252,wpd,W m-2,china_intersection,31.102762930224202,146916,0.0,0.0,0.0010421196930110455,0.08809252083301544,11.145316123962402,46.73512376854594,151.52414650529212,601.2367431640635,4606.21533203125,583,0.0,0.0,0.41448405385017395,0.8228861224651337,18.965030670166016,46.735124647463984,104.93439208185744,629.8858276367182,1181.2425537109375,31.102762930224202,0.0,0.0
CESM2-WACCM,historical,qm_historical,1994,2014,252,tas_c,degree_Celsius,china_intersection,7.11080765199172,240660,0.0,31.150585888805782,-34.20606231689453,-22.324259567260743,8.249368667602539,7.100362749730664,13.632859818609065,28.97491584777832,33.488243103027344,955,0.0,23.24607329842932,-16.88730812072754,-10.713482570648193,7.190335750579834,7.100358356409633,8.701347025676295,24.592838516235357,26.724159240722656,7.050997725360794,0.059809926630925325,0.8482477084881701
CESM2-WACCM,historical,qm_historical,1994,2014,252,rsds,W m-2,china_intersection,191.24001671145342,240660,0.0,0.0,25.539573669433594,59.65665805816651,188.36829376220703,190.18758697960726,68.19751326934615,335.83269165039064,398.92840576171875,955,0.0,0.0,116.85437774658203,127.35175155639648,183.6617431640625,190.18758899628804,34.019248279184566,262.3329382324219,269.3751220703125,194.09360478841592,-2.8535880769624953,-1.4702123133182199
CESM2-WACCM,historical,qm_historical,1994,2014,252,sfcWind_10m,m s-1,china_intersection,1.329407020959608,240660,0.0,0.0,0.02545791119337082,0.14879652410745622,1.1316716074943542,1.422612553055361,1.134833904979485,5.493664622306826,13.705377578735352,955,0.0,0.0,0.21168725192546844,0.36045316576957703,1.2365832328796387,1.4226125693602087,0.8245068573602743,5.111901998519899,6.642962455749512,1.3457218232442734,-0.01631480228466531,-1.2123458208720628
CESM2-WACCM,historical,qm_historical,1994,2014,252,tcell,degree_Celsius,china_intersection,14.328882406779789,240660,0.0,18.898445940330756,-28.841535568237305,-17.173659019470215,15.81752872467041,14.147142305617148,13.911472535738511,36.6092569732666,42.05951690673828,955,0.0,2.7225130890052354,-5.467555046081543,-1.4767657136917114,14.28382396697998,14.147142482513845,7.65725818532972,28.590097999572755,30.219961166381836,14.327453058113228,0.001429348666560415,0.00997629279093637
CESM2-WACCM,historical,qm_historical,1994,2014,252,performance_ratio,1,china_intersection,1.0533555941748693,240660,0.0,0.0,0.9147024154663086,0.941953734755516,1.0459123253822327,1.0542642885554534,0.06955736255217163,1.210868308544159,1.2692077159881592,955,0.0,0.0,0.9739003777503967,0.9820493936538697,1.053580403327942,1.054264293603248,0.03828629075389018,1.1323839616775513,1.152337908744812,1.0533627369266978,-7.142751828448368e-06,-0.0006780904220460293
CESM2-WACCM,historical,qm_historical,1994,2014,252,pvpot,W m-2,china_intersection,199.57516249296705,240660,0.0,0.0,26.414306640625,68.76984344482422,195.57623291015625,198.35566205831773,67.99801189303936,360.749841003418,432.3440246582031,955,0.0,0.0,118.13619232177734,127.45859954833985,189.3649444580078,198.35566121845346,40.53175522903367,288.45683349609374,300.5338134765625,202.51211395081162,-2.9369514578445717,-1.4502596415333135
CESM2-WACCM,historical,qm_historical,1994,2014,252,wind_speed_hub,m s-1,china_intersection,2.8392353717521317,240660,0.0,0.0,0.12566488981246948,0.5133797532320022,2.5871572494506836,2.9785321832870957,1.82533841158895,9.115392446517948,18.891387939453125,955,0.0,0.0,0.6659690141677856,1.0148771047592162,2.7251293659210205,2.9785322165614025,1.3182895484582962,8.48830390930176,10.2875394821167,2.868906449155181,-0.029671077403049306,-1.0342295201639207
CESM2-WACCM,historical,qm_historical,1994,2014,252,wpd,W m-2,china_intersection,29.560203368191292,240660,0.0,0.0,0.0012154805008322,0.0828747719526291,10.606559753417969,41.30338416385315,135.3181041439692,463.90839050293016,4129.501953125,955,0.0,0.0,0.27217110991477966,0.971075760126114,17.710617065429688,41.30338439788494,92.70870636227953,482.7675830078125,1097.5709228515625,30.091671090479437,-0.531467722288145,-1.766162207110833
CESM2-WACCM,historical,era5_reference,1994,2014,252,tas_c,degree_Celsius,china_intersection,7.050997725360794,240660,0.0,31.12233025845591,-34.347877502441406,-22.812958602905272,8.290460586547852,7.02509218488748,13.756393994297275,28.830976943969727,33.40178680419922,955,0.0,24.083769633507853,-17.02479362487793,-11.149252376556396,7.15504789352417,7.025087621724184,8.859419786516755,24.603600234985354,26.712074279785156,7.050997725360794,0.0,0.0
CESM2-WACCM,historical,era5_reference,1994,2014,252,rsds,W m-2,china_intersection,194.09360478841592,240660,0.0,0.0,31.243343353271484,60.900362701416014,192.10184478759766,192.85765140544225,67.83474605508263,336.1186254882813,386.9350280761719,955,0.0,0.0,120.43400573730469,132.5654833984375,187.68971252441406,192.8576530895932,32.78189316685828,264.0018200683594,270.60491943359375,194.09360478841592,0.0,0.0
CESM2-WACCM,historical,era5_reference,1994,2014,252,sfcWind_10m,m s-1,china_intersection,1.3457218232442734,240660,0.0,0.0,0.015543824061751366,0.1473732729256153,1.1514101028442383,1.439400594738458,1.136022149499617,5.502190704345704,14.214532852172852,955,0.0,0.0,0.22797557711601257,0.37595082163810734,1.2682929039001465,1.4394005875312845,0.8289692372867126,5.094941473007204,6.796074390411377,1.3457218232442734,0.0,0.0
CESM2-WACCM,historical,era5_reference,1994,2014,252,tcell,degree_Celsius,china_intersection,14.327453058113228,240660,0.0,19.273248566442284,-29.095718383789062,-17.724349842071533,15.914431095123291,14.12527183609607,14.031827827135562,36.45903469085694,42.38505554199219,955,0.0,3.1413612565445024,-5.552730083465576,-1.7329343819618224,14.143739700317383,14.125271908345958,7.8439720620660625,28.710082893371585,30.404211044311523,14.327453058113228,0.0,0.0
CESM2-WACCM,historical,era5_reference,1994,2014,252,performance_ratio,1,china_intersection,1.0533627369266978,240660,0.0,0.0,0.9130747318267822,0.942704826593399,1.0454278588294983,1.0543736408453852,0.07015913911853647,1.213621770143509,1.27047860622406,955,0.0,0.0,0.9729793667793274,0.9814497947692871,1.0542809963226318,1.0543736451583383,0.03921985517718086,1.133664803504944,1.1527639627456665,1.0533627369266978,0.0,0.0
CESM2-WACCM,historical,era5_reference,1994,2014,252,pvpot,W m-2,china_intersection,202.51211395081162,240660,0.0,0.0,32.89448928833008,70.63044631958007,199.3521957397461,201.1215283883576,67.53342514090937,362.8370788574219,427.58428955078125,955,0.0,0.0,121.46622467041016,132.4089093017578,192.40530395507812,201.12152785056549,39.46492641993148,290.34740844726565,302.1614990234375,202.51211395081162,0.0,0.0
CESM2-WACCM,historical,era5_reference,1994,2014,252,wind_speed_hub,m s-1,china_intersection,2.868906449155181,240660,0.0,0.0,0.08480361849069595,0.5094615799188614,2.6230649948120117,3.008783612932973,1.8247393212419487,9.126668024063113,19.44875717163086,955,0.0,0.0,0.7082247138023376,1.0480374908447265,2.7751829624176025,3.0087836092055156,1.3216022374457885,8.486988029479983,10.515104293823242,2.868906449155181,0.0,0.0
CESM2-WACCM,historical,era5_reference,1994,2014,252,wpd,W m-2,china_intersection,30.091671090479437,240660,0.0,0.0,0.00037355039967224,0.08099167861044407,11.05435037612915,41.935571136330765,136.17460397592276,465.6320056152346,4505.9013671875,955,0.0,0.0,0.31175097823143005,1.0730064272880555,18.690845489501953,41.93557114978736,93.93514546369919,474.8247296142581,1118.86767578125,30.091671090479437,0.0,0.0
CMCC-CM2-SR5,historical,qm_historical,1994,2014,252,tas_c,degree_Celsius,china_intersection,6.943923225923504,240660,0.0,31.52621956286878,-36.297325134277344,-22.57494789123535,8.129205703735352,6.939926333276568,13.794027574176209,29.065163345336913,33.798545837402344,955,0.0,23.979057591623036,-16.924251556396484,-11.23969274520874,6.93048095703125,6.939921946911365,8.779872661467381,24.534395790100103,26.73558807373047,7.050997725360794,-0.10707449943729053,-1.5185723156904252
CMCC-CM2-SR5,historical,qm_historical,1994,2014,252,rsds,W m-2,china_intersection,191.6579088062805,240660,0.0,0.0,29.365215301513672,59.76281604766846,188.7802734375,190.50539335163515,68.65971942634391,337.4758877563477,393.5151062011719,955,0.0,0.0,118.03084564208984,128.789833984375,184.1495819091797,190.5053948926676,34.069641848019664,262.92871032714845,270.4247741699219,194.09360478841592,-2.435695982135428,-1.254907901159652
CMCC-CM2-SR5,historical,qm_historical,1994,2014,252,sfcWind_10m,m s-1,china_intersection,1.3211653044234966,240660,0.0,0.0,0.02160070091485977,0.14665841698646545,1.1196897625923157,1.4132498778501874,1.1438734178973518,5.564249892234803,14.94129467010498,955,0.0,0.0,0.21147887408733368,0.36012025356292726,1.2305365800857544,1.4132498818698354,0.8270132108594106,5.17270899772644,6.646111011505127,1.3457218232442734,-0.024556518820776807,-1.8247841713360802
CMCC-CM2-SR5,historical,qm_historical,1994,2014,252,tcell,degree_Celsius,china_intersection,14.195804594786923,240660,0.0,19.474362170697248,-30.002017974853516,-17.588900985717775,15.741354942321777,14.019055509877221,14.086839652747944,36.65658935546875,41.309913635253906,955,0.0,3.0366492146596857,-5.524993896484375,-1.6571980214118958,14.109140396118164,14.019055675087175,7.71295583237371,28.487766571044926,30.05991554260254,14.327453058113228,-0.13164846332630553,-0.9188546128354402
CMCC-CM2-SR5,historical,qm_historical,1994,2014,252,performance_ratio,1,china_intersection,1.0540209899316981,240660,0.0,0.0,0.9184504151344299,0.941717051267624,1.0462932586669922,1.0549047224229187,0.07043419821524695,1.2129444873332977,1.275010108947754,955,0.0,0.0,0.9747003316879272,0.9825608217716217,1.0544545650482178,1.0549047367110926,0.03856478846499064,1.1332861137390138,1.1526252031326294,1.0533627369266978,0.000658253005000331,0.06249062947878414
CMCC-CM2-SR5,historical,qm_historical,1994,2014,252,pvpot,W m-2,china_intersection,200.1080259635417,240660,0.0,0.0,30.01920509338379,68.72291542053223,196.39908599853516,198.77685335529898,68.50149208044078,363.0980569458008,428.28289794921875,955,0.0,0.0,119.21858978271484,128.77662811279296,190.33148193359375,198.77685413460458,40.785155078940384,289.49694396972654,301.68695068359375,202.51211395081162,-2.404087987269918,-1.1871329276893827
CMCC-CM2-SR5,historical,qm_historical,1994,2014,252,wind_speed_hub,m s-1,china_intersection,2.822786762521934,240660,0.0,0.0,0.11023866385221481,0.5074907058477401,2.5652981996536255,2.960168758849546,1.8381026257358934,9.208632001876833,20.237388610839844,955,0.0,0.0,0.6661766171455383,1.0176380038261414,2.729703664779663,2.960168812973961,1.3192329436999055,8.588300304412842,10.269845008850098,2.868906449155181,-0.04611968663324717,-1.6075702519623203
CMCC-CM2-SR5,historical,qm_historical,1994,2014,252,wpd,W m-2,china_intersection,29.575677845759362,240660,0.0,0.0,0.000820555433165282,0.0800553410500288,10.339979648590088,41.428945994629935,138.76424367975244,478.2901562500001,5076.56005859375,955,0.0,0.0,0.2688758373260498,0.955941561460495,17.989524841308594,41.42894676330826,94.96013664218361,491.36852294921897,1126.968505859375,30.091671090479437,-0.5159932447200752,-1.7147377530765562
CMCC-CM2-SR5,historical,era5_reference,1994,2014,252,tas_c,degree_Celsius,china_intersection,7.050997725360794,240660,0.0,31.12233025845591,-34.347877502441406,-22.812958602905272,8.290460586547852,7.02509218488748,13.756393994297275,28.830976943969727,33.40178680419922,955,0.0,24.083769633507853,-17.02479362487793,-11.149252376556396,7.15504789352417,7.025087621724184,8.859419786516755,24.603600234985354,26.712074279785156,7.050997725360794,0.0,0.0
CMCC-CM2-SR5,historical,era5_reference,1994,2014,252,rsds,W m-2,china_intersection,194.09360478841592,240660,0.0,0.0,31.243343353271484,60.900362701416014,192.10184478759766,192.85765140544225,67.83474605508263,336.1186254882813,386.9350280761719,955,0.0,0.0,120.43400573730469,132.5654833984375,187.68971252441406,192.8576530895932,32.78189316685828,264.0018200683594,270.60491943359375,194.09360478841592,0.0,0.0
CMCC-CM2-SR5,historical,era5_reference,1994,2014,252,sfcWind_10m,m s-1,china_intersection,1.3457218232442734,240660,0.0,0.0,0.015543824061751366,0.1473732729256153,1.1514101028442383,1.439400594738458,1.136022149499617,5.502190704345704,14.214532852172852,955,0.0,0.0,0.22797557711601257,0.37595082163810734,1.2682929039001465,1.4394005875312845,0.8289692372867126,5.094941473007204,6.796074390411377,1.3457218232442734,0.0,0.0
CMCC-CM2-SR5,historical,era5_reference,1994,2014,252,tcell,degree_Celsius,china_intersection,14.327453058113228,240660,0.0,19.273248566442284,-29.095718383789062,-17.724349842071533,15.914431095123291,14.12527183609607,14.031827827135562,36.45903469085694,42.38505554199219,955,0.0,3.1413612565445024,-5.552730083465576,-1.7329343819618224,14.143739700317383,14.125271908345958,7.8439720620660625,28.710082893371585,30.404211044311523,14.327453058113228,0.0,0.0
CMCC-CM2-SR5,historical,era5_reference,1994,2014,252,performance_ratio,1,china_intersection,1.0533627369266978,240660,0.0,0.0,0.9130747318267822,0.942704826593399,1.0454278588294983,1.0543736408453852,0.07015913911853647,1.213621770143509,1.27047860622406,955,0.0,0.0,0.9729793667793274,0.9814497947692871,1.0542809963226318,1.0543736451583383,0.03921985517718086,1.133664803504944,1.1527639627456665,1.0533627369266978,0.0,0.0
CMCC-CM2-SR5,historical,era5_reference,1994,2014,252,pvpot,W m-2,china_intersection,202.51211395081162,240660,0.0,0.0,32.89448928833008,70.63044631958007,199.3521957397461,201.1215283883576,67.53342514090937,362.8370788574219,427.58428955078125,955,0.0,0.0,121.46622467041016,132.4089093017578,192.40530395507812,201.12152785056549,39.46492641993148,290.34740844726565,302.1614990234375,202.51211395081162,0.0,0.0
CMCC-CM2-SR5,historical,era5_reference,1994,2014,252,wind_speed_hub,m s-1,china_intersection,2.868906449155181,240660,0.0,0.0,0.08480361849069595,0.5094615799188614,2.6230649948120117,3.008783612932973,1.8247393212419487,9.126668024063113,19.44875717163086,955,0.0,0.0,0.7082247138023376,1.0480374908447265,2.7751829624176025,3.0087836092055156,1.3216022374457885,8.486988029479983,10.515104293823242,2.868906449155181,0.0,0.0
CMCC-CM2-SR5,historical,era5_reference,1994,2014,252,wpd,W m-2,china_intersection,30.091671090479437,240660,0.0,0.0,0.00037355039967224,0.08099167861044407,11.05435037612915,41.935571136330765,136.17460397592276,465.6320056152346,4505.9013671875,955,0.0,0.0,0.31175097823143005,1.0730064272880555,18.690845489501953,41.93557114978736,93.93514546369919,474.8247296142581,1118.86767578125,30.091671090479437,0.0,0.0
CMCC-ESM2,historical,qm_historical,1994,2014,252,tas_c,degree_Celsius,china_intersection,6.962330680866176,240660,0.0,31.44103714784343,-33.438926696777344,-22.706110153198242,8.149194717407227,6.95451285239776,13.77850582535649,29.02390663146973,33.721214294433594,955,0.0,24.18848167539267,-16.936386108398438,-11.099478340148925,6.971877098083496,6.954508376310711,8.797956560390292,24.52004344940186,26.692779541015625,7.050997725360794,-0.08866704449461871,-1.2575106098205668
CMCC-ESM2,historical,qm_historical,1994,2014,252,rsds,W m-2,china_intersection,191.94253223667494,240660,0.0,0.0,32.68610763549805,59.994039154052736,188.87088775634766,190.697792196785,68.43808042163805,339.0904385375977,401.829833984375,955,0.0,0.0,118.03548431396484,129.45361328125,184.25125122070312,190.69779170970017,34.174333701486795,264.1020837402344,270.791259765625,194.09360478841592,-2.151072551740981,-1.1082655474846215
CMCC-ESM2,historical,qm_historical,1994,2014,252,sfcWind_10m,m s-1,china_intersection,1.337283695260386,240660,0.0,0.0,0.02175193466246128,0.14772475868463517,1.1359041333198547,1.4316108634285436,1.1456606525928759,5.546050662994392,13.610235214233398,955,0.0,0.0,0.20587193965911865,0.3617266124486923,1.2545123100280762,1.431610892143549,0.833109437945187,5.209444847106935,6.651881694793701,1.3457218232442734,-0.008438127983887433,-0.6270335992281661
CMCC-ESM2,historical,qm_historical,1994,2014,252,tcell,degree_Celsius,china_intersection,14.196503347324365,240660,0.0,19.45150835203191,-28.480318069458008,-17.641779804229735,15.735501766204834,14.010142179067538,14.063827280766994,36.52047218322754,42.264705657958984,955,0.0,3.0366492146596857,-5.474616050720215,-1.6178510808944702,14.067062377929688,14.010142073780298,7.737413980267488,28.46684955596924,30.004627227783203,14.327453058113228,-0.13094971078886353,-0.9139775943269313
CMCC-ESM2,historical,qm_historical,1994,2014,252,performance_ratio,1,china_intersection,1.0540175060052352,240660,0.0,0.0,0.9136765003204346,0.9423976373672486,1.0463224649429321,1.05494928913036,0.07031913645273233,1.2132088661193847,1.2674015760421753,955,0.0,0.0,0.9749765992164612,0.9826657891273498,1.054664969444275,1.0549493090020425,0.03868708401754073,1.1330894041061401,1.152373194694519,1.0533627369266978,0.0006547690785374538,0.06215988619910906
CMCC-ESM2,historical,qm_historical,1994,2014,252,pvpot,W m-2,china_intersection,200.41433206881456,240660,0.0,0.0,35.58256912231445,69.51400444030762,196.38743591308594,198.99643263560444,68.31977557678161,364.5780392456055,445.7412109375,955,0.0,0.0,119.19087219238281,129.09748596191406,190.48033142089844,198.99643290255082,40.82474241858186,290.38634826660154,302.0779724121094,202.51211395081162,-2.097781881997065,-1.0358797017479104
CMCC-ESM2,historical,qm_historical,1994,2014,252,wind_speed_hub,m s-1,china_intersection,2.8515049185914974,240660,0.0,0.0,0.11085347831249237,0.510429920554161,2.5948675870895386,2.9923650066418515,1.8417592414393311,9.184615001678477,18.786773681640625,955,0.0,0.0,0.6519405245780945,1.0206917572021486,2.754551410675049,2.9923649969525363,1.328970443908943,8.64534643173218,10.300033569335938,2.868906449155181,-0.017401530563683654,-0.6065562217550835
CMCC-ESM2,historical,qm_historical,1994,2014,252,wpd,W m-2,china_intersection,30.106479465890875,240660,0.0,0.0,0.0008343611261807382,0.08145438522100448,10.701673030853271,42.04507929928532,136.0667706979755,474.5576275634781,4061.27783203125,955,0.0,0.0,0.25301826000213623,0.971721215248108,18.59425163269043,42.04507973593567,94.10968093209907,492.70279296875003,1100.306884765625,30.091671090479437,0.014808375411437424,0.049210877544525466
CMCC-ESM2,historical,era5_reference,1994,2014,252,tas_c,degree_Celsius,china_intersection,7.050997725360794,240660,0.0,31.12233025845591,-34.347877502441406,-22.812958602905272,8.290460586547852,7.02509218488748,13.756393994297275,28.830976943969727,33.40178680419922,955,0.0,24.083769633507853,-17.02479362487793,-11.149252376556396,7.15504789352417,7.025087621724184,8.859419786516755,24.603600234985354,26.712074279785156,7.050997725360794,0.0,0.0
CMCC-ESM2,historical,era5_reference,1994,2014,252,rsds,W m-2,china_intersection,194.09360478841592,240660,0.0,0.0,31.243343353271484,60.900362701416014,192.10184478759766,192.85765140544225,67.83474605508263,336.1186254882813,386.9350280761719,955,0.0,0.0,120.43400573730469,132.5654833984375,187.68971252441406,192.8576530895932,32.78189316685828,264.0018200683594,270.60491943359375,194.09360478841592,0.0,0.0
CMCC-ESM2,historical,era5_reference,1994,2014,252,sfcWind_10m,m s-1,china_intersection,1.3457218232442734,240660,0.0,0.0,0.015543824061751366,0.1473732729256153,1.1514101028442383,1.439400594738458,1.136022149499617,5.502190704345704,14.214532852172852,955,0.0,0.0,0.22797557711601257,0.37595082163810734,1.2682929039001465,1.4394005875312845,0.8289692372867126,5.094941473007204,6.796074390411377,1.3457218232442734,0.0,0.0
CMCC-ESM2,historical,era5_reference,1994,2014,252,tcell,degree_Celsius,china_intersection,14.327453058113228,240660,0.0,19.273248566442284,-29.095718383789062,-17.724349842071533,15.914431095123291,14.12527183609607,14.031827827135562,36.45903469085694,42.38505554199219,955,0.0,3.1413612565445024,-5.552730083465576,-1.7329343819618224,14.143739700317383,14.125271908345958,7.8439720620660625,28.710082893371585,30.404211044311523,14.327453058113228,0.0,0.0
CMCC-ESM2,historical,era5_reference,1994,2014,252,performance_ratio,1,china_intersection,1.0533627369266978,240660,0.0,0.0,0.9130747318267822,0.942704826593399,1.0454278588294983,1.0543736408453852,0.07015913911853647,1.213621770143509,1.27047860622406,955,0.0,0.0,0.9729793667793274,0.9814497947692871,1.0542809963226318,1.0543736451583383,0.03921985517718086,1.133664803504944,1.1527639627456665,1.0533627369266978,0.0,0.0
CMCC-ESM2,historical,era5_reference,1994,2014,252,pvpot,W m-2,china_intersection,202.51211395081162,240660,0.0,0.0,32.89448928833008,70.63044631958007,199.3521957397461,201.1215283883576,67.53342514090937,362.8370788574219,427.58428955078125,955,0.0,0.0,121.46622467041016,132.4089093017578,192.40530395507812,201.12152785056549,39.46492641993148,290.34740844726565,302.1614990234375,202.51211395081162,0.0,0.0
CMCC-ESM2,historical,era5_reference,1994,2014,252,wind_speed_hub,m s-1,china_intersection,2.868906449155181,240660,0.0,0.0,0.08480361849069595,0.5094615799188614,2.6230649948120117,3.008783612932973,1.8247393212419487,9.126668024063113,19.44875717163086,955,0.0,0.0,0.7082247138023376,1.0480374908447265,2.7751829624176025,3.0087836092055156,1.3216022374457885,8.486988029479983,10.515104293823242,2.868906449155181,0.0,0.0
CMCC-ESM2,historical,era5_reference,1994,2014,252,wpd,W m-2,china_intersection,30.091671090479437,240660,0.0,0.0,0.00037355039967224,0.08099167861044407,11.05435037612915,41.935571136330765,136.17460397592276,465.6320056152346,4505.9013671875,955,0.0,0.0,0.31175097823143005,1.0730064272880555,18.690845489501953,41.93557114978736,93.93514546369919,474.8247296142581,1118.86767578125,30.091671090479437,0.0,0.0
CanESM5,historical,qm_historical,1994,2014,252,tas_c,degree_Celsius,china_intersection,7.492039814223325,43848,0.0,29.317186644772853,-37.06865692138672,-23.26667900085449,9.437051773071289,7.960245580655053,13.948566615113524,29.18541511535644,33.42351531982422,174,0.0,22.988505747126435,-12.392087936401367,-7.525297169685364,7.79010534286499,7.960241117097181,9.172379001389414,25.993015289306644,26.870792388916016,7.344543533817575,0.14749628040575047,2.00824298646487
CanESM5,historical,qm_historical,1994,2014,252,rsds,W m-2,china_intersection,190.340818600072,43848,0.0,0.0,28.905609130859375,56.21674949645996,185.9267578125,187.702498975537,67.75840198354061,332.81444732666006,376.5343322753906,174,0.0,0.0,127.13813781738281,128.99155746459962,182.24005889892578,187.7024989511775,32.79529801562404,259.63477691650394,261.7444763183594,194.1030443119473,-3.7622257118752884,-1.9382620840448728
CanESM5,historical,qm_historical,1994,2014,252,sfcWind_10m,m s-1,china_intersection,1.3306581856879034,43848,0.0,0.0,0.022422779351472855,0.14065852016210556,1.1562703251838684,1.5323325310864508,1.3947564826737457,7.961225705146788,12.412710189819336,174,0.0,0.0,0.20712034404277802,0.3650563508272171,1.2983394265174866,1.532332549578157,1.0668529838813618,5.7594283580780035,6.067591667175293,1.3468396305631352,-0.016181444875231765,-1.201438130274357
CanESM5,historical,qm_historical,1994,2014,252,tcell,degree_Celsius,china_intersection,14.661294697833451,43848,0.0,18.40448823207444,-31.342985153198242,-18.149747066497802,16.798531532287598,14.720777206276923,14.14209933869056,36.708078956604005,42.254295349121094,174,0.0,0.5747126436781609,-2.599721670150757,0.2666792740486562,14.136871814727783,14.720776972938971,7.999776465610934,31.120033645629885,31.48427391052246,14.602823271185729,0.058471426647722424,0.40041179408847327
CanESM5,historical,qm_historical,1994,2014,252,performance_ratio,1,china_intersection,1.051693521331449,43848,0.0,0.0,0.9137285351753235,0.9414595925807953,1.041007399559021,1.0513961141838295,0.07071049676699365,1.2157486963272095,1.281714916229248,174,0.0,0.0,0.9675785303115845,0.9693999397754669,1.0543159246444702,1.0513961167856194,0.03999887867158791,1.1236666083335876,1.137998342514038,1.051985913263844,-0.000292391932394942,-0.027794282100968015
CanESM5,historical,qm_historical,1994,2014,252,pvpot,W m-2,china_intersection,198.2931312494669,43848,0.0,0.0,35.84300994873047,65.39567070007324,192.0415802001953,195.00020596007104,66.9940875004817,355.0600778198242,420.0721130371094,174,0.0,0.0,126.19503021240234,129.45361579895018,185.55028533935547,195.00021064144443,38.35528639683395,284.0811199951172,294.57977294921875,202.18166095110354,-3.888529701636628,-1.923285071130687
CanESM5,historical,qm_historical,1994,2014,252,wind_speed_hub,m s-1,china_intersection,2.8302075469452723,43848,0.0,0.0,0.11357032507658005,0.4908707442879677,2.631887435913086,3.1327360349786657,2.16242043450003,12.252061805725097,17.456907272338867,174,0.0,0.0,0.6543556451797485,1.0379154980182648,2.835620880126953,3.132736130692493,1.6519143052660834,9.239100275039673,9.587532997131348,2.85831773900365,-0.028110192058377503,-0.9834523179419574
CanESM5,historical,qm_historical,1994,2014,252,wpd,W m-2,china_intersection,32.73432544516993,43848,0.0,0.0,0.0008972235955297947,0.07244488760828972,11.166266441345215,58.896785055733794,199.09583282247863,1126.5062902832026,3258.427001953125,174,0.0,0.0,0.27431342005729675,0.875350661277771,19.549147605895996,58.89678560779698,136.73694079754364,748.3895941162116,887.754150390625,33.38008812451919,-0.6457626793492608,-1.9345745192174024
CanESM5,historical,era5_reference,1994,2014,252,tas_c,degree_Celsius,china_intersection,7.344543533817575,43848,0.0,29.46314541142127,-34.93267059326172,-23.806462173461913,9.388483047485352,7.797370476255172,14.075206219863064,28.92426429748535,33.50243377685547,174,0.0,24.137931034482758,-12.93017864227295,-8.294061641693116,7.728510141372681,7.797365580995877,9.300316878087367,25.903960933685305,26.81100082397461,7.344543533817575,0.0,0.0
CanESM5,historical,era5_reference,1994,2014,252,rsds,W m-2,china_intersection,194.1030443119473,43848,0.0,0.0,28.466596603393555,56.76827117919922,191.36492156982422,191.1675961630076,67.5994730441868,333.09874359130856,374.5937805175781,174,0.0,0.0,131.4351043701172,134.4797004699707,186.23399353027344,191.1675900864875,31.658401764374105,260.89029876708986,263.4822692871094,194.1030443119473,0.0,0.0
CanESM5,historical,era5_reference,1994,2014,252,sfcWind_10m,m s-1,china_intersection,1.3468396305631352,43848,0.0,0.0,0.009174247272312641,0.13661353036761284,1.1714773774147034,1.5493930879099256,1.4010088195170312,7.946472530364984,13.102442741394043,174,0.0,0.0,0.22020889818668365,0.36718944340944293,1.3084971904754639,1.549393075379147,1.0795637403579907,5.82318563938141,6.098015308380127,1.3468396305631352,0.0,0.0
CanESM5,historical,era5_reference,1994,2014,252,tcell,degree_Celsius,china_intersection,14.602823271185729,43848,0.0,18.773946360153257,-28.8975830078125,-18.823495750427245,16.92187786102295,14.638140177825631,14.30135781441608,36.48321350097656,40.93690872192383,174,0.0,1.7241379310344827,-3.096846342086792,-0.7263326513767242,14.075381755828857,14.638139899349076,8.161279678674378,30.992430934906007,31.898536682128906,14.602823271185729,0.0,0.0
CanESM5,historical,era5_reference,1994,2014,252,performance_ratio,1,china_intersection,1.051985913263844,43848,0.0,0.0,0.9203154444694519,0.9425839072465897,1.0403906106948853,1.0518092990405497,0.07150678923333581,1.2191175174713136,1.2694878578186035,174,0.0,0.0,0.9655073881149292,0.9700382387638092,1.054622769355774,1.0518093414005192,0.04080640377756237,1.128631570339203,1.14048433303833,1.051985913263844,0.0,0.0
CanESM5,historical,era5_reference,1994,2014,252,pvpot,W m-2,china_intersection,202.18166095110354,43848,0.0,0.0,35.200965881347656,67.15088401794434,197.8096923828125,198.59868090745633,66.64100438594596,357.2584509277343,424.7023620605469,174,0.0,0.0,130.451171875,134.98006759643556,189.92989349365234,198.5986800796684,37.36788520796644,286.29353607177734,297.2754821777344,202.18166095110354,0.0,0.0
CanESM5,historical,era5_reference,1994,2014,252,wind_speed_hub,m s-1,china_intersection,2.85831773900365,43848,0.0,0.0,0.05570302903652191,0.4795849168300629,2.6594430208206177,3.1615370066649224,2.171338225419856,12.233959131240836,18.225889205932617,174,0.0,0.0,0.6881009340286255,1.0414022707939148,2.8396496772766113,3.161537030647541,1.6689620418143363,9.346353254318238,9.643022537231445,2.85831773900365,0.0,0.0
CanESM5,historical,era5_reference,1994,2014,252,wpd,W m-2,china_intersection,33.38008812451919,43848,0.0,0.0,0.0001058625930454582,0.06756202384829521,11.520682334899902,59.851655844031356,199.77164699446456,1121.5207141113258,3708.27734375,174,0.0,0.0,0.3116593062877655,0.8936461460590363,20.22080421447754,59.85165469177153,138.15296919737412,751.2790563964852,882.5531005859375,33.38008812451919,0.0,0.0
FGOALS-f3-L,historical,qm_historical,1994,2014,252,tas_c,degree_Celsius,china_intersection,6.98375571786124,228312,0.0,31.33694242965766,-35.366783142089844,-22.991598892211915,8.200571060180664,6.955557939144855,13.803850275804301,28.924040298461904,33.44475555419922,906,0.0,24.392935982339957,-17.349931716918945,-10.96208667755127,7.135418176651001,6.9555534684442595,8.928470827230552,24.457614803314218,26.600053787231445,7.095287879749236,-0.11153216188799586,-1.571918768882108
FGOALS-f3-L,historical,qm_historical,1994,2014,252,rsds,W m-2,china_intersection,192.77734668059642,228312,0.0,0.0,31.84979820251465,60.76229427337646,190.112548828125,191.4979658018311,68.51191804553477,338.70179138183573,392.5659484863281,906,0.0,0.0,119.79708099365234,129.48163604736328,185.17621612548828,191.49796761687492,34.22724413555001,262.7515548706055,270.699462890625,194.2562574784222,-1.4789107978257903,-0.7613195152748498
FGOALS-f3-L,historical,qm_historical,1994,2014,252,sfcWind_10m,m s-1,china_intersection,1.3261447777791138,228312,0.0,0.0,0.02947566658258438,0.15389253333210945,1.1301796436309814,1.4388153869377247,1.1824210483279955,5.931855983734114,14.458354949951172,906,0.0,0.0,0.22935818135738373,0.36651101857423785,1.2660962343215942,1.4388153821591774,0.8730538846963166,5.372579145431532,6.849658012390137,1.3299610365479528,-0.003816258768839065,-0.28694515583287394
FGOALS-f3-L,historical,qm_historical,1994,2014,252,tcell,degree_Celsius,china_intersection,14.257102125464904,228312,0.0,19.241651774764357,-29.912260055541992,-17.705173664093017,15.784486293792725,14.02252404207529,14.007759833364206,36.54162654876709,42.39254379272461,906,0.0,2.6490066225165565,-5.963201522827148,-2.142250770330429,14.289737701416016,14.022523981153093,7.816102125750687,27.887240123748782,29.87618637084961,14.397849693680108,-0.14074756821520396,-0.9775596440417367
FGOALS-f3-L,historical,qm_historical,1994,2014,252,performance_ratio,1,china_intersection,1.05371448258268,228312,0.0,0.0,0.9130373001098633,0.9422918683290482,1.04607754945755,1.0548873799182574,0.07003879917822828,1.2135258412361145,1.2745612859725952,906,0.0,0.0,0.9756192564964294,0.9855640441179275,1.053551435470581,1.0548873769394873,0.039080516562278365,1.1357117712497713,1.154815912246704,1.053010753358495,0.0007037292241851567,0.06683020300985998
FGOALS-f3-L,historical,qm_historical,1994,2014,252,pvpot,W m-2,china_intersection,201.23679991930595,228312,0.0,0.0,39.04636764526367,70.12277107238769,197.50880432128906,199.84478323029973,68.44253450469108,364.3104431152342,436.4456787109375,906,0.0,0.0,119.52106475830078,130.48403244018556,190.2472381591797,199.8447833955946,40.893462482086555,290.93695068359375,301.10577392578125,202.60783104968934,-1.3710311303833862,-0.6766920722067971
FGOALS-f3-L,historical,qm_historical,1994,2014,252,wind_speed_hub,m s-1,china_intersection,2.831950895445444,228312,0.0,0.0,0.14123579859733582,0.5273473632335663,2.584437847137451,2.99996558541748,1.8888375256406305,9.690426807403544,19.7142276763916,906,0.0,0.0,0.7107012271881104,1.0406708240509033,2.7666879892349243,2.999965549436363,1.3875104075923708,8.81899023056032,10.511674880981445,2.8389903587323193,-0.007039463286875325,-0.24795657601383025
FGOALS-f3-L,historical,qm_historical,1994,2014,252,wpd,W m-2,china_intersection,29.550761347662256,228312,0.0,0.0,0.0017256013816222548,0.08982482984662056,10.573150157928467,44.06242193106904,144.90340164196678,557.3586761474572,4692.94482421875,906,0.0,0.0,0.3475642800331116,0.9028208792209625,18.6345853805542,44.062422691131005,100.18729617043445,569.7016235351579,1216.8299560546875,29.511938444295442,0.03882290336681393,0.1315498249635283
FGOALS-f3-L,historical,era5_reference,1994,2014,252,tas_c,degree_Celsius,china_intersection,7.095287879749236,228312,0.0,30.90376327131294,-34.11498260498047,-23.10809928894043,8.368127822875977,7.05811216716404,13.790114694699604,28.857786026000973,33.546775817871094,906,0.0,24.061810154525386,-17.386531829833984,-10.99349660873413,7.326969623565674,7.0581132245021845,8.942114443080394,24.388941383361818,26.68825340270996,7.095287879749236,0.0,0.0
FGOALS-f3-L,historical,era5_reference,1994,2014,252,rsds,W m-2,china_intersection,194.2562574784222,228312,0.0,0.0,31.525924682617188,61.04360641479492,192.24730682373047,192.98739644089227,67.89887263120873,336.53826873779286,385.22076416015625,906,0.0,0.0,122.29802703857422,132.5465980529785,187.19193267822266,192.98739689706966,32.918426326101326,262.813899230957,270.4500427246094,194.2562574784222,0.0,0.0
FGOALS-f3-L,historical,era5_reference,1994,2014,252,sfcWind_10m,m s-1,china_intersection,1.3299610365479528,228312,0.0,0.0,0.011967338621616364,0.14208639651536942,1.1398323774337769,1.4401267413359544,1.1770272263473618,5.893781070709226,14.730132102966309,906,0.0,0.0,0.22471873462200165,0.37340551912784575,1.2665021419525146,1.4401267322713702,0.872469088111901,5.307880830764782,7.016703128814697,1.3299610365479528,0.0,0.0
FGOALS-f3-L,historical,era5_reference,1994,2014,252,tcell,degree_Celsius,china_intersection,14.397849693680108,228312,0.0,19.01301727460668,-29.139766693115234,-17.868926105499266,15.977173328399658,14.158932989410099,14.00906104760019,36.5069863128662,41.287139892578125,906,0.0,2.5386313465783665,-5.975803375244141,-2.1901301860809324,14.585187911987305,14.15893297922483,7.8628418331516725,28.21764478683472,29.97150421142578,14.397849693680108,0.0,0.0
FGOALS-f3-L,historical,era5_reference,1994,2014,252,performance_ratio,1,china_intersection,1.053010753358495,228312,0.0,0.0,0.9185643196105957,0.9424650830030441,1.0451140999794006,1.054205335029747,0.07004530516471386,1.2143446087837217,1.2706987857818604,906,0.0,0.0,0.9751423001289368,0.9839120477437973,1.052073895931244,1.0542053363838997,0.03931419989856239,1.1359503269195557,1.1548784971237183,1.053010753358495,0.0,0.0
FGOALS-f3-L,historical,era5_reference,1994,2014,252,pvpot,W m-2,china_intersection,202.60783104968934,228312,0.0,0.0,33.4783935546875,70.68419303894044,199.26242065429688,201.23668398635397,67.63832815158169,363.4203573608398,432.455810546875,906,0.0,0.0,123.50778198242188,133.3008140563965,192.1255645751953,201.23668433183076,39.60724150061776,291.0697723388672,301.15911865234375,202.60783104968934,0.0,0.0
FGOALS-f3-L,historical,era5_reference,1994,2014,252,wind_speed_hub,m s-1,china_intersection,2.8389903587323193,228312,0.0,0.0,0.0688478946685791,0.4948388561606407,2.602018356323242,3.002897234342998,1.8818308557932093,9.640812292098996,20.009069442749023,906,0.0,0.0,0.6993807554244995,1.0581121683120727,2.7839043140411377,3.0028972286920146,1.3857978522837417,8.737176370620743,10.768279075622559,2.8389903587323193,0.0,0.0
FGOALS-f3-L,historical,era5_reference,1994,2014,252,wpd,W m-2,china_intersection,29.511938444295442,228312,0.0,0.0,0.00019988401618320495,0.07421598613262177,10.790390491485596,43.87356853820811,145.60242180618934,548.8414624023432,4906.66845703125,906,0.0,0.0,0.33619004487991333,0.9198941797018051,19.068888664245605,43.87356790104186,100.79903227313245,550.9475830078135,1236.5731201171875,29.511938444295442,0.0,0.0
FIO-ESM-2-0,historical,qm_historical,1994,2014,252,tas_c,degree_Celsius,china_intersection,6.94521917912984,240660,0.0,31.42898695254716,-32.220802307128906,-22.823498611450194,8.150583267211914,6.930771931759886,13.78549789866028,28.915797805786134,33.06676483154297,955,0.0,24.083769633507853,-17.10696029663086,-11.09094970703125,7.0225348472595215,6.930767600319753,8.813136083824697,24.654520263671877,26.791471481323242,7.050997725360794,-0.10577854623095462,-1.5001926018284428
FIO-ESM-2-0,historical,qm_historical,1994,2014,252,rsds,W m-2,china_intersection,191.7890377556856,240660,0.0,0.0,30.786169052124023,59.7260147857666,188.53599548339844,190.62455875237742,69.23110488425951,339.020071105957,409.4880676269531,955,0.0,0.0,117.78817749023438,127.81274154663086,184.2050323486328,190.624557966462,34.95873818142403,264.4703485107422,271.34527587890625,194.09360478841592,-2.3045670327303185,-1.1873482566530535
FIO-ESM-2-0,historical,qm_historical,1994,2014,252,sfcWind_10m,m s-1,china_intersection,1.3409085918013337,240660,0.0,0.0,0.021462680771946907,0.1566191218793392,1.1469426155090332,1.4335853203734465,1.1304471648466923,5.503533120155341,14.213666915893555,955,0.0,0.0,0.22373826801776886,0.3724796336889267,1.2558492422103882,1.4335853447932847,0.8240178508727697,5.070376491546633,6.616915225982666,1.3457218232442734,-0.004813231442939658,-0.35766912297936493
FIO-ESM-2-0,historical,qm_historical,1994,2014,252,tcell,degree_Celsius,china_intersection,14.170530414276612,240660,0.0,19.321449347627357,-27.280712127685547,-17.686746425628662,15.725690841674805,13.982686983809172,14.030811412143088,36.47152038574219,41.740028381347656,955,0.0,3.0366492146596857,-5.631461143493652,-1.7703707218170164,14.112995147705078,13.982686952396213,7.740359697799898,28.48792747497559,30.073455810546875,14.327453058113228,-0.1569226438366158,-1.0952584747625838
FIO-ESM-2-0,historical,qm_historical,1994,2014,252,performance_ratio,1,china_intersection,1.0541473496151037,240660,0.0,0.0,0.9162998795509338,0.9426424139738083,1.046371579170227,1.0550865650548509,0.07015405697681402,1.2134337663650512,1.2614035606384277,955,0.0,0.0,0.9746327996253967,0.9825603604316712,1.0544352531433105,1.055086569386627,0.038701789101956825,1.1338521456718444,1.1531574726104736,1.0533627369266978,0.0007846126884059057,0.07448646709253826
FIO-ESM-2-0,historical,qm_historical,1994,2014,252,pvpot,W m-2,china_intersection,200.29467243125174,240660,0.0,0.0,32.207942962646484,68.87527519226074,195.9556427001953,198.95996166214348,69.21777749716472,364.69002075195317,433.9617004394531,955,0.0,0.0,119.04664611816406,127.87732803344727,190.18646240234375,198.959962000023,41.714122264455334,290.91007934570314,302.5646057128906,202.51211395081162,-2.217441519559884,-1.0949673460514453
FIO-ESM-2-0,historical,qm_historical,1994,2014,252,wind_speed_hub,m s-1,china_intersection,2.860745611574469,240660,0.0,0.0,0.10967680811882019,0.5347819846868516,2.614948868751526,2.999537230955698,1.8168303158788495,9.12844275474549,19.447813034057617,955,0.0,0.0,0.6975839734077454,1.045873510837555,2.7659971714019775,2.9995372838998966,1.3162699251208725,8.458284282684328,10.236315727233887,2.868906449155181,-0.008160837580712066,-0.28445812804789306
FIO-ESM-2-0,historical,qm_historical,1994,2014,252,wpd,W m-2,china_intersection,29.920864680401795,240660,0.0,0.0,0.0008080728002823889,0.09367773286998272,10.952056884765625,41.484627351952795,134.033034769186,465.90375640869263,4505.24462890625,955,0.0,0.0,0.30443233251571655,1.0487462973594666,18.435714721679688,41.48462744851387,92.5081463452163,470.383336181641,1102.7392578125,30.091671090479437,-0.17080641007764186,-0.5676202214362269
FIO-ESM-2-0,historical,era5_reference,1994,2014,252,tas_c,degree_Celsius,china_intersection,7.050997725360794,240660,0.0,31.12233025845591,-34.347877502441406,-22.812958602905272,8.290460586547852,7.02509218488748,13.756393994297275,28.830976943969727,33.40178680419922,955,0.0,24.083769633507853,-17.02479362487793,-11.149252376556396,7.15504789352417,7.025087621724184,8.859419786516755,24.603600234985354,26.712074279785156,7.050997725360794,0.0,0.0
FIO-ESM-2-0,historical,era5_reference,1994,2014,252,rsds,W m-2,china_intersection,194.09360478841592,240660,0.0,0.0,31.243343353271484,60.900362701416014,192.10184478759766,192.85765140544225,67.83474605508263,336.1186254882813,386.9350280761719,955,0.0,0.0,120.43400573730469,132.5654833984375,187.68971252441406,192.8576530895932,32.78189316685828,264.0018200683594,270.60491943359375,194.09360478841592,0.0,0.0
FIO-ESM-2-0,historical,era5_reference,1994,2014,252,sfcWind_10m,m s-1,china_intersection,1.3457218232442734,240660,0.0,0.0,0.015543824061751366,0.1473732729256153,1.1514101028442383,1.439400594738458,1.136022149499617,5.502190704345704,14.214532852172852,955,0.0,0.0,0.22797557711601257,0.37595082163810734,1.2682929039001465,1.4394005875312845,0.8289692372867126,5.094941473007204,6.796074390411377,1.3457218232442734,0.0,0.0
FIO-ESM-2-0,historical,era5_reference,1994,2014,252,tcell,degree_Celsius,china_intersection,14.327453058113228,240660,0.0,19.273248566442284,-29.095718383789062,-17.724349842071533,15.914431095123291,14.12527183609607,14.031827827135562,36.45903469085694,42.38505554199219,955,0.0,3.1413612565445024,-5.552730083465576,-1.7329343819618224,14.143739700317383,14.125271908345958,7.8439720620660625,28.710082893371585,30.404211044311523,14.327453058113228,0.0,0.0
FIO-ESM-2-0,historical,era5_reference,1994,2014,252,performance_ratio,1,china_intersection,1.0533627369266978,240660,0.0,0.0,0.9130747318267822,0.942704826593399,1.0454278588294983,1.0543736408453852,0.07015913911853647,1.213621770143509,1.27047860622406,955,0.0,0.0,0.9729793667793274,0.9814497947692871,1.0542809963226318,1.0543736451583383,0.03921985517718086,1.133664803504944,1.1527639627456665,1.0533627369266978,0.0,0.0
FIO-ESM-2-0,historical,era5_reference,1994,2014,252,pvpot,W m-2,china_intersection,202.51211395081162,240660,0.0,0.0,32.89448928833008,70.63044631958007,199.3521957397461,201.1215283883576,67.53342514090937,362.8370788574219,427.58428955078125,955,0.0,0.0,121.46622467041016,132.4089093017578,192.40530395507812,201.12152785056549,39.46492641993148,290.34740844726565,302.1614990234375,202.51211395081162,0.0,0.0
FIO-ESM-2-0,historical,era5_reference,1994,2014,252,wind_speed_hub,m s-1,china_intersection,2.868906449155181,240660,0.0,0.0,0.08480361849069595,0.5094615799188614,2.6230649948120117,3.008783612932973,1.8247393212419487,9.126668024063113,19.44875717163086,955,0.0,0.0,0.7082247138023376,1.0480374908447265,2.7751829624176025,3.0087836092055156,1.3216022374457885,8.486988029479983,10.515104293823242,2.868906449155181,0.0,0.0
FIO-ESM-2-0,historical,era5_reference,1994,2014,252,wpd,W m-2,china_intersection,30.091671090479437,240660,0.0,0.0,0.00037355039967224,0.08099167861044407,11.05435037612915,41.935571136330765,136.17460397592276,465.6320056152346,4505.9013671875,955,0.0,0.0,0.31175097823143005,1.0730064272880555,18.690845489501953,41.93557114978736,93.93514546369919,474.8247296142581,1118.86767578125,30.091671090479437,0.0,0.0
IPSL-CM6A-LR,historical,qm_historical,1994,2014,252,tas_c,degree_Celsius,china_intersection,7.061806159796621,96264,0.0,30.880703066566937,-35.047889709472656,-22.65078498840332,8.609796524047852,7.268461146539397,13.902648887470674,28.985904006958005,33.43114471435547,382,0.0,23.82198952879581,-17.28284454345703,-10.43926103591919,7.573551654815674,7.2684561080294445,9.105629689797746,25.52591859817505,26.701457977294922,7.103302440774296,-0.041496280977675326,-0.5841829391844411
IPSL-CM6A-LR,historical,qm_historical,1994,2014,252,rsds,W m-2,china_intersection,192.45407606233985,96264,0.0,0.0,32.80030059814453,59.626811790466306,189.89967346191406,191.05447322516076,68.2698527137505,337.3009454345703,392.96478271484375,382,0.0,0.0,121.3305435180664,130.19842697143554,184.7788543701172,191.05446778542085,33.43328670375038,262.3989614868164,267.01190185546875,194.1719323789338,-1.7178563165939522,-0.8847088740104314
IPSL-CM6A-LR,historical,qm_historical,1994,2014,252,sfcWind_10m,m s-1,china_intersection,1.385302736318771,96264,0.0,0.0,0.026351232081651688,0.16264836713671685,1.187467098236084,1.5359046380134649,1.3009231365726994,6.833909015655515,14.160172462463379,382,0.0,0.0,0.30155497789382935,0.35755238562822345,1.300858497619629,1.5359046290682248,0.9775637144706849,5.379615120887756,6.520471096038818,1.376051180951632,0.009251555367139064,0.6723264000064955
IPSL-CM6A-LR,historical,qm_historical,1994,2014,252,tcell,degree_Celsius,china_intersection,14.23125897269073,96264,0.0,19.19720767888307,-29.076322555541992,-17.585904445648193,16.015048027038574,14.156821598586296,14.042305846758113,36.2693984222412,40.86499786376953,382,0.0,2.094240837696335,-6.395531177520752,-1.395154320001602,14.459696292877197,14.15682124676846,7.818299467797075,28.47969367980957,30.84508514404297,14.332626069835051,-0.1013670971443208,-0.7072472040393296
IPSL-CM6A-LR,historical,qm_historical,1994,2014,252,performance_ratio,1,china_intersection,1.0538437080775975,96264,0.0,0.0,0.9206749796867371,0.9436530250310898,1.044924795627594,1.054215891900492,0.07021152913521887,1.2129295146465302,1.2703815698623657,382,0.0,0.0,0.9707745313644409,0.9826013976335526,1.0527017712593079,1.0542158866740021,0.03909149145574405,1.1319755268096925,1.1569777727127075,1.0533368784484671,0.0005068296291304009,0.04811657500085609
IPSL-CM6A-LR,historical,qm_historical,1994,2014,252,pvpot,W m-2,china_intersection,200.9086356444337,96264,0.0,0.0,39.843650817871094,68.9450122833252,197.38216400146484,199.20814823575282,68.07338747108932,362.7279504394531,436.7416687011719,382,0.0,0.0,122.48033905029297,130.681678314209,189.75103759765625,199.20814512162931,39.99641368137203,290.4820251464844,303.7281494140625,202.5816040154913,-1.6729683710576069,-0.8258244272415172
IPSL-CM6A-LR,historical,qm_historical,1994,2014,252,wind_speed_hub,m s-1,china_intersection,2.9317832536975548,96264,0.0,0.0,0.12916763126850128,0.5511297076940537,2.688338875770569,3.1547745138202115,2.0393079035127766,10.848009824752806,19.38944435119629,382,0.0,0.0,0.8869799971580505,1.0152980321645737,2.837164044380188,3.1547745116718153,1.5284338004863867,8.829161891937256,10.109492301940918,2.915258917196616,0.016524336500938652,0.5668222607420725
IPSL-CM6A-LR,historical,qm_historical,1994,2014,252,wpd,W m-2,china_intersection,33.95590320034932,96264,0.0,0.0,0.001319979433901608,0.10253391876816749,11.900306701660156,53.564350607846556,172.9918115918532,781.9092510986322,4464.80224609375,382,0.0,0.0,0.6026894450187683,0.9207902818918228,19.694238662719727,53.564350918949586,118.26348935782967,576.7406756591795,1107.9251708984375,33.53766517261125,0.4182380277380702,1.2470696024469374
IPSL-CM6A-LR,historical,era5_reference,1994,2014,252,tas_c,degree_Celsius,china_intersection,7.103302440774296,96264,0.0,30.584642233856897,-34.35466766357422,-22.831697158813476,8.662164688110352,7.290745983970141,13.870855506311472,28.793140335083006,33.476036071777344,382,0.0,24.345549738219894,-17.267019271850586,-10.61309468269348,7.59453558921814,7.290741607488294,9.121491690141115,25.493449954986573,26.622615814208984,7.103302440774296,0.0,0.0
IPSL-CM6A-LR,historical,era5_reference,1994,2014,252,rsds,W m-2,china_intersection,194.1719323789338,96264,0.0,0.0,32.42049026489258,60.613715705871584,192.30512237548828,192.70043978270652,67.7746041657617,336.0734899902343,389.95263671875,382,0.0,0.0,125.35997772216797,134.13149200439454,186.65705108642578,192.70043861429104,32.423949068511604,263.0199118041992,268.0907897949219,194.1719323789338,0.0,0.0
IPSL-CM6A-LR,historical,era5_reference,1994,2014,252,sfcWind_10m,m s-1,china_intersection,1.376051180951632,96264,0.0,0.0,0.01069600973278284,0.15422429263591766,1.1821411848068237,1.5339646534154385,1.3075442657414045,6.914885859489438,14.418778419494629,382,0.0,0.0,0.29645809531211853,0.38801405936479566,1.3011582493782043,1.5339646642120721,0.9903435499074656,5.532665147781372,6.633370876312256,1.376051180951632,0.0,0.0
IPSL-CM6A-LR,historical,era5_reference,1994,2014,252,tcell,degree_Celsius,china_intersection,14.332626069835051,96264,0.0,19.051774287376382,-29.092641830444336,-17.825645999908446,16.124037742614746,14.226887559752655,14.02465834216062,36.23154369354248,41.18525695800781,382,0.0,2.094240837696335,-6.3339104652404785,-1.3341403388977051,14.476661682128906,14.226887537780856,7.890711989116212,28.716202583312988,31.047588348388672,14.332626069835051,0.0,0.0
IPSL-CM6A-LR,historical,era5_reference,1994,2014,252,performance_ratio,1,china_intersection,1.0533368784484671,96264,0.0,0.0,0.9190737009048462,0.9438422745466233,1.0443798303604126,1.053865562163762,0.0701232918328994,1.2141282057762144,1.270463228225708,382,0.0,0.0,0.9697620272636414,0.9814190870523453,1.0526168942451477,1.0538655706725195,0.039453556798418665,1.1316705703735352,1.1566691398620605,1.0533368784484671,0.0,0.0
IPSL-CM6A-LR,historical,era5_reference,1994,2014,252,pvpot,W m-2,china_intersection,202.5816040154913,96264,0.0,0.0,35.73930740356445,70.4968155670166,199.3900909423828,200.8411834104632,67.43748380322722,362.5663525390624,432.6187744140625,382,0.0,0.0,126.34756469726562,134.39919219970704,191.31578826904297,200.84118188987853,38.984372965893066,291.29471405029295,304.89959716796875,202.5816040154913,0.0,0.0
IPSL-CM6A-LR,historical,era5_reference,1994,2014,252,wind_speed_hub,m s-1,china_intersection,2.915258917196616,96264,0.0,0.0,0.06295198202133179,0.528253378868103,2.6787229776382446,3.15032357079875,2.04760408220447,10.950353336334224,19.671199798583984,382,0.0,0.0,0.8744811415672302,1.081889227628708,2.849273204803467,3.150323549958424,1.5444955602923116,9.011840753555298,10.272177696228027,2.915258917196616,0.0,0.0
IPSL-CM6A-LR,historical,era5_reference,1994,2014,252,wpd,W m-2,china_intersection,33.53766517261125,96264,0.0,0.0,0.00015280387015081942,0.09028860889375209,11.773064136505127,53.88744243737694,175.7921627931464,804.248874511718,4662.283203125,382,0.0,0.0,0.5830512046813965,1.0276259183883667,19.842984199523926,53.88744317112169,121.45343026573023,628.9218542480469,1123.5272216796875,33.53766517261125,0.0,0.0
KACE-1-0-G,historical,qm_historical,1994,2014,252,tas_c,degree_Celsius,china_intersection,7.092602313033396,127512,0.0,30.603394190350713,-33.80571746826172,-22.480258560180665,8.608682632446289,7.272635867105956,13.75341101103524,28.948559341430663,33.16600799560547,506,0.0,22.727272727272727,-14.68332290649414,-10.309405040740966,7.359191179275513,7.272631141463877,8.974584476009703,25.521971988677976,26.798675537109375,7.13367357378289,-0.04107126074949363,-0.5757378764909449
KACE-1-0-G,historical,qm_historical,1994,2014,252,rsds,W m-2,china_intersection,191.1096095347695,127512,0.0,0.0,32.65971755981445,59.872527542114256,188.2951202392578,190.15300832287463,68.45294267232313,337.520920715332,393.1997375488281,506,0.0,0.0,120.36981964111328,127.22325286865234,184.3365478515625,190.15300792950416,34.358790593143034,263.7146743774414,269.30804443359375,193.95339743016066,-2.8437878953911593,-1.4662222642504386
KACE-1-0-G,historical,qm_historical,1994,2014,252,sfcWind_10m,m s-1,china_intersection,1.3183074394957437,127512,0.0,0.0,0.03493732959032059,0.1690460678935051,1.128815233707428,1.4795875428460663,1.2625428773838383,6.650604791641234,13.685646057128906,506,0.0,0.0,0.291734904050827,0.3870959416031837,1.2222161293029785,1.4795875694794145,0.9619169889690096,5.628668546676636,6.8093342781066895,1.3341530330447366,-0.015845593548992953,-1.1876893547084988
KACE-1-0-G,historical,qm_historical,1994,2014,252,tcell,degree_Celsius,china_intersection,14.32502351956469,127512,0.0,18.90567162306293,-28.374513626098633,-17.38998140335083,16.019808769226074,14.221569867064735,13.912874156687876,36.2275830078125,40.74449157714844,506,0.0,2.5691699604743086,-5.030629634857178,-0.7684001415967942,14.34156322479248,14.221569847293463,7.791031646848968,28.151550102233884,30.69471549987793,14.419162328149186,-0.0941388085844963,-0.6528729370132491
KACE-1-0-G,historical,qm_historical,1994,2014,252,performance_ratio,1,china_intersection,1.0533748952428368,127512,0.0,0.0,0.9212775230407715,0.9438620990514756,1.0449009537696838,1.0538921506961023,0.06956437077937837,1.2119498693943023,1.266872525215149,506,0.0,0.0,0.9715263247489929,0.984242194890976,1.0532923340797424,1.053892162948729,0.038955169881211046,1.1288425266742705,1.150153636932373,1.0529042146263572,0.0004706806164795907,0.044703080293651
KACE-1-0-G,historical,qm_historical,1994,2014,252,pvpot,W m-2,china_intersection,199.46295668463233,127512,0.0,0.0,39.45480728149414,69.00971633911132,195.4705810546875,198.26125123167407,68.33469116692824,362.2726425170898,428.3934631347656,506,0.0,0.0,121.20850372314453,126.44191932678223,190.24138641357422,198.26124966285917,40.87159785859006,288.6857681274414,300.67535400390625,202.26575407338478,-2.8027973887524524,-1.3857004126044736
KACE-1-0-G,historical,qm_historical,1994,2014,252,wind_speed_hub,m s-1,china_intersection,2.819379643849,127512,0.0,0.0,0.1617315262556076,0.5683426332473756,2.581950545310974,3.0616337142822094,1.9891624018748646,10.615425338745116,18.86970329284668,506,0.0,0.0,0.8649088740348816,1.0871577918529511,2.7199493646621704,3.0616336824158905,1.5086312218502242,9.138009166717527,10.518025398254395,2.8492993467510703,-0.029919702902070355,-1.0500722900942838
KACE-1-0-G,historical,qm_historical,1994,2014,252,wpd,W m-2,china_intersection,29.578733568881148,127512,0.0,0.0,0.002591135445982218,0.11244412668049336,10.542650699615479,49.51856889563727,161.90877223803287,732.6865960693356,4115.29833984375,506,0.0,0.0,0.5398154258728027,1.0346261143684388,17.32380199432373,49.51856963519051,113.55747155613275,667.4612548828122,1150.21875,29.787790225772014,-0.2090566568908656,-0.7018199581316775
KACE-1-0-G,historical,era5_reference,1994,2014,252,tas_c,degree_Celsius,china_intersection,7.13367357378289,127512,0.0,30.441840767927726,-33.30272674560547,-22.772473831176757,8.728448867797852,7.295680661234065,13.788899959764493,28.762300186157226,32.992820739746094,506,0.0,22.33201581027668,-14.655017852783203,-10.42708773612976,7.495671510696411,7.295681802342414,9.001094666618089,25.416192722320556,26.719079971313477,7.13367357378289,0.0,0.0
KACE-1-0-G,historical,era5_reference,1994,2014,252,rsds,W m-2,china_intersection,193.95339743016066,127512,0.0,0.0,31.41185188293457,61.076681289672855,192.35150146484375,192.80298515333646,67.56044710589103,335.73129974365236,388.8014831542969,506,0.0,0.0,125.14080047607422,133.95380630493165,187.0827865600586,192.8029836873292,32.305299148534864,263.45686798095704,269.05706787109375,193.95339743016066,0.0,0.0
KACE-1-0-G,historical,era5_reference,1994,2014,252,sfcWind_10m,m s-1,china_intersection,1.3341530330447366,127512,0.0,0.0,0.03724966198205948,0.16614646211266518,1.1503535509109497,1.4921963150934436,1.257681752026966,6.656848964691162,14.495918273925781,506,0.0,0.0,0.26907941699028015,0.38726978451013566,1.2559980750083923,1.4921963316178604,0.9554481737881375,5.6399983882904055,6.866516590118408,1.3341530330447366,0.0,0.0
KACE-1-0-G,historical,era5_reference,1994,2014,252,tcell,degree_Celsius,china_intersection,14.419162328149186,127512,0.0,18.94802057845536,-27.962421417236328,-17.710374660491944,16.166492462158203,14.29823424971104,13.985018823280717,36.213533325195314,40.34626770019531,506,0.0,2.371541501976284,-5.050341606140137,-0.7989737093448639,14.427647113800049,14.298234390418814,7.87314887642384,28.39918222427368,30.75731658935547,14.419162328149186,0.0,0.0
KACE-1-0-G,historical,era5_reference,1994,2014,252,performance_ratio,1,china_intersection,1.0529042146263572,127512,0.0,0.0,0.9232686758041382,0.9439323604106903,1.0441675186157227,1.0535088288554233,0.06992509423620412,1.2135518562793732,1.2648121118545532,506,0.0,0.0,0.971213698387146,0.9830039203166961,1.0528615713119507,1.0535088531349017,0.03936576432524378,1.1289950072765351,1.1502519845962524,1.0529042146263572,0.0,0.0
KACE-1-0-G,historical,era5_reference,1994,2014,252,pvpot,W m-2,china_intersection,202.26575407338478,127512,0.0,0.0,33.09952926635742,70.99324020385743,199.25091552734375,200.8868830552087,67.16244862486778,361.7722576904297,431.6601867675781,506,0.0,0.0,126.03407287597656,132.8834426879883,192.2589874267578,200.8868828875274,38.81624173634155,289.1465698242187,299.9909973144531,202.26575407338478,0.0,0.0
KACE-1-0-G,historical,era5_reference,1994,2014,252,wind_speed_hub,m s-1,china_intersection,2.8492993467510703,127512,0.0,0.0,0.17020849883556366,0.5605579614639282,2.621146082878113,3.085542233407346,1.9791535548119166,10.623368778228759,19.75504493713379,506,0.0,0.0,0.8085072040557861,1.0875212728977204,2.7661346197128296,3.0855421820883695,1.4969980361352624,9.128981781005859,10.588505744934082,2.8492993467510703,0.0,0.0
KACE-1-0-G,historical,era5_reference,1994,2014,252,wpd,W m-2,china_intersection,29.787790225772014,127512,0.0,0.0,0.0030202982015907764,0.1078866381198168,11.030108451843262,49.804664941427774,164.8074522600647,734.3327740478516,4722.15478515625,506,0.0,0.0,0.47973906993865967,1.0019601821899413,18.51455783843994,49.804664800054,114.63400540315467,667.3906494140624,1172.441650390625,29.787790225772014,0.0,0.0
MPI-ESM1-2-HR,historical,qm_historical,1994,2014,252,tas_c,degree_Celsius,china_intersection,6.997004113184001,317772,0.0,31.354870787860477,-34.476036071777344,-22.82374397277832,8.099832534790039,6.944963733308232,13.641230877026981,28.881782913208006,33.31163787841797,1261,0.0,24.504361617763678,-15.592243194580078,-10.386444664001464,7.178229808807373,6.944959372335204,8.740049186482945,24.44873695373537,26.738525390625,7.116946870908614,-0.11994275772461283,-1.6853119729598243
MPI-ESM1-2-HR,historical,qm_historical,1994,2014,252,rsds,W m-2,china_intersection,191.45619563424682,317772,0.0,0.0,31.287654876708984,60.19431846618652,188.26407623291016,190.26712167423742,68.37987682621231,336.925862121582,390.9361572265625,1261,0.0,0.0,120.1183090209961,128.49908142089845,184.04656982421875,190.2671223095161,34.53108277160438,264.20818481445315,270.9640808105469,194.1144947510242,-2.6582991167773855,-1.3694490564380435
MPI-ESM1-2-HR,historical,qm_historical,1994,2014,252,sfcWind_10m,m s-1,china_intersection,1.3797701871967496,317772,0.0,0.0,0.029795309528708458,0.1795838914811611,1.195199429988861,1.4750238322635785,1.135927516123794,5.566973404884337,14.354426383972168,1261,0.0,0.0,0.24077150225639343,0.3817568302154541,1.3264151811599731,1.4750238378826916,0.8263913570215371,5.089387512207033,6.8259172439575195,1.3361628058537274,0.04360738134302222,3.263627841755379
MPI-ESM1-2-HR,historical,qm_historical,1994,2014,252,tcell,degree_Celsius,china_intersection,14.15066350731768,317772,0.0,19.098913686542552,-29.713153839111328,-17.878383045196532,15.632714748382568,13.922743569561293,13.871632870565977,36.22145137786865,42.236995697021484,1261,0.0,2.141157811260904,-3.8520326614379883,-1.5994901895523073,14.059744834899902,13.92274359458338,7.664098000906403,27.903863906860355,29.899383544921875,14.404834226759924,-0.2541707194422447,-1.7644820859518906
MPI-ESM1-2-HR,historical,qm_historical,1994,2014,252,performance_ratio,1,china_intersection,1.05424668758543,317772,0.0,0.0,0.9138150215148926,0.9438927483558655,1.0468364357948303,1.0553862821748876,0.0693581643412741,1.2143919575214386,1.2735657691955566,1261,0.0,0.0,0.9755030274391174,0.985480546951294,1.0547014474868774,1.0553862931329423,0.03832049561889916,1.1329974412918091,1.144260048866272,1.0529758302871561,0.0012708572982738087,0.12069197238147034
MPI-ESM1-2-HR,historical,qm_historical,1994,2014,252,pvpot,W m-2,china_intersection,199.98926042323126,317772,0.0,0.0,35.61484909057617,69.76029838562012,195.84716796875,198.66825732176676,68.3563181105688,362.14933807373046,424.74603271484375,1261,0.0,0.0,121.41310119628906,129.09945373535157,189.88294982910156,198.66825677930694,41.09509817275849,290.9870483398438,301.17156982421875,202.4499352074211,-2.460674784189848,-1.2154485412251392
MPI-ESM1-2-HR,historical,qm_historical,1994,2014,252,wind_speed_hub,m s-1,china_intersection,2.9303622148884063,317772,0.0,0.0,0.14245536923408508,0.5964101564884186,2.702284097671509,3.073037448420933,1.8215820978494592,9.212224626541136,19.60118293762207,1261,0.0,0.0,0.7420386672019958,1.077108335494995,2.890425205230713,3.0730374482867266,1.320845654966143,8.426359748840344,10.524543762207031,2.8511005573308768,0.07926165755752956,2.7800372510092153
MPI-ESM1-2-HR,historical,qm_historical,1994,2014,252,wpd,W m-2,china_intersection,31.383864915219213,317772,0.0,0.0,0.0017706900835037231,0.12993948221206664,12.086459159851074,43.094033068047565,132.13762635924434,478.8501998901365,4612.67626953125,1261,0.0,0.0,0.352339506149292,0.9976338624954224,20.334692001342773,43.09403250857443,90.13218435097194,504.96958007813083,1169.250732421875,29.88485476434001,1.4990101508792044,5.015952604420537
MPI-ESM1-2-HR,historical,era5_reference,1994,2014,252,tas_c,degree_Celsius,china_intersection,7.116946870908614,317772,0.0,30.893533728585275,-34.276084899902344,-22.763078842163086,8.348520278930664,7.0764953527172,13.716875757535497,28.814159927368163,33.468894958496094,1261,0.0,24.028548770816812,-15.58466911315918,-10.681410980224609,7.380146503448486,7.076490884610584,8.802292048223165,24.530490112304705,26.746383666992188,7.116946870908614,0.0,0.0
MPI-ESM1-2-HR,historical,era5_reference,1994,2014,252,rsds,W m-2,china_intersection,194.1144947510242,317772,0.0,0.0,30.52030372619629,60.88506187438965,192.19387817382812,192.8526257763123,67.8009669802739,335.4024957275389,387.3932800292969,1261,0.0,0.0,121.93207550048828,132.14222412109376,187.0588836669922,192.85262712422673,32.81557763389121,263.7605163574219,270.43768310546875,194.1144947510242,0.0,0.0
MPI-ESM1-2-HR,historical,era5_reference,1994,2014,252,sfcWind_10m,m s-1,china_intersection,1.3361628058537274,317772,0.0,0.0,0.008522043004631996,0.15670362398028373,1.1427279114723206,1.4333189635826875,1.1379063117717734,5.529806766509989,14.77669906616211,1261,0.0,0.0,0.23403361439704895,0.38388255834579466,1.2631593942642212,1.4333189692315744,0.8299836614276569,5.059959411621116,6.953031063079834,1.3361628058537274,0.0,0.0
MPI-ESM1-2-HR,historical,era5_reference,1994,2014,252,tcell,degree_Celsius,china_intersection,14.404834226759924,317772,0.0,19.062724217363392,-28.846935272216797,-17.707911338806152,15.965921878814697,14.18289703671007,13.990574070157791,36.4495143508911,41.883358001708984,1261,0.0,2.379064234734338,-3.799525737762451,-1.639297103881836,14.452533721923828,14.182897214955021,7.797399142028848,28.35767707824709,30.209550857543945,14.404834226759924,0.0,0.0
MPI-ESM1-2-HR,historical,era5_reference,1994,2014,252,performance_ratio,1,china_intersection,1.0529758302871561,317772,0.0,0.0,0.9155831933021545,0.9427524316310882,1.0451703667640686,1.0540855147840453,0.06995287035923536,1.213539547920227,1.2692346572875977,1261,0.0,0.0,0.9739522337913513,0.983211350440979,1.0527369976043701,1.0540855164853096,0.038986998193599826,1.133196544647217,1.1439975500106812,1.0529758302871561,0.0,0.0
MPI-ESM1-2-HR,historical,era5_reference,1994,2014,252,pvpot,W m-2,china_intersection,202.4499352074211,317772,0.0,0.0,33.66402053833008,70.63854583740235,199.26624298095703,201.0543415865167,67.43858036222076,361.5848107910155,423.4967041015625,1261,0.0,0.0,122.73958587646484,132.01600036621093,192.33067321777344,201.05434251947122,39.41465596116086,290.7043029785156,301.072021484375,202.4499352074211,0.0,0.0
MPI-ESM1-2-HR,historical,era5_reference,1994,2014,252,wind_speed_hub,m s-1,china_intersection,2.8511005573308768,317772,0.0,0.0,0.0525229312479496,0.535011956691742,2.607285976409912,2.9975111635281144,1.8283944918178405,9.163164787292452,20.059476852416992,1261,0.0,0.0,0.7229537963867188,1.0720372676849366,2.7733962535858154,2.997511104210136,1.3259744840677667,8.401173400878925,10.697344779968262,2.8511005573308768,0.0,0.0
MPI-ESM1-2-HR,historical,era5_reference,1994,2014,252,wpd,W m-2,china_intersection,29.88485476434001,317772,0.0,0.0,8.874685590853915e-05,0.09379864610731602,10.85605764389038,41.78361708565479,134.38070125608428,471.24044097899963,4943.84521484375,1261,0.0,0.0,0.35163989663124084,1.0392033338546753,18.45876121520996,41.783616905336245,92.15723640470009,523.9336120605541,1196.5848388671875,29.88485476434001,0.0,0.0
MPI-ESM1-2-LR,historical,qm_historical,1994,2014,252,tas_c,degree_Celsius,china_intersection,7.0604635302376115,87192,0.0,30.55211487292412,-31.29250144958496,-22.738975601196287,8.759881973266602,7.435344652294249,13.892667653711234,29.054109573364254,33.06688690185547,346,0.0,22.832369942196532,-12.909080505371094,-10.762531328201295,7.633942365646362,7.4353400743378035,9.207062320355279,26.10253438949585,26.756284713745117,7.131144147047264,-0.07068061680965254,-0.9911539488220655
MPI-ESM1-2-LR,historical,qm_historical,1994,2014,252,rsds,W m-2,china_intersection,191.71853335931857,87192,0.0,0.0,26.39095687866211,59.362937469482425,188.5407257080078,190.07825123949854,68.73827814124232,337.6209243774413,385.8813781738281,346,0.0,0.0,119.36744689941406,129.3634506225586,183.78441619873047,190.07824984864692,34.405488620646594,263.96255645751955,270.8623352050781,194.43852942658694,-2.7199960672683687,-1.3988976749051862
MPI-ESM1-2-LR,historical,qm_historical,1994,2014,252,sfcWind_10m,m s-1,china_intersection,1.3635334254095457,87192,0.0,0.0,0.0280911885201931,0.15112874194979667,1.1720606684684753,1.5249759671764083,1.3220470756089295,7.247815632820125,13.538959503173828,346,0.0,0.0,0.2631574869155884,0.31606028974056244,1.3084630966186523,1.524976004496475,1.0065218734900492,5.410346794128418,6.674801349639893,1.3684519188283122,-0.00491849341876649,-0.35942025811018796
MPI-ESM1-2-LR,historical,qm_historical,1994,2014,252,tcell,degree_Celsius,china_intersection,14.242660976233342,87192,0.0,18.84347187815396,-26.402536392211914,-17.40677837371826,16.190478324890137,14.303557536340012,13.998624547774936,36.46605140686033,41.9326171875,346,0.0,3.1791907514450863,-2.832484006881714,-1.3717335522174834,14.758646488189697,14.303557339538902,7.917754933784746,28.595686244964607,30.61022186279297,14.377957314540105,-0.13529633830676246,-0.9409983306178038
MPI-ESM1-2-LR,historical,qm_historical,1994,2014,252,performance_ratio,1,china_intersection,1.053786702456335,87192,0.0,0.0,0.9153369069099426,0.9426697093248367,1.0440475940704346,1.0534822123716683,0.06999312289584024,1.2120338666439054,1.2570127248764038,346,0.0,0.0,0.9719487428665161,0.9820213079452514,1.0512068271636963,1.0534822138058657,0.03958877587416179,1.1318588137626648,1.1391618251800537,1.053110194053236,0.0006765084030990742,0.06423908978558934
MPI-ESM1-2-LR,historical,qm_historical,1994,2014,252,pvpot,W m-2,china_intersection,200.14832860588746,87192,0.0,0.0,28.17053985595703,68.54220703125,195.6549530029297,198.06154341220375,68.59762259450191,362.7866323852537,417.8091735839844,346,0.0,0.0,120.71440887451172,129.00778274536134,187.69715118408203,198.06154295199178,40.90584105323588,289.4128372192383,300.8698425292969,202.81898354896586,-2.6706549430784037,-1.3167677385749421
MPI-ESM1-2-LR,historical,qm_historical,1994,2014,252,wind_speed_hub,m s-1,china_intersection,2.894572269522304,87192,0.0,0.0,0.13592198491096497,0.5197839689254761,2.66049861907959,3.1320407557979615,2.067006193858637,11.368612232208248,18.70830535888672,346,0.0,0.0,0.797117292881012,0.9184745490550995,2.8505425453186035,3.1320407275175084,1.5719463453343212,8.8650887966156,10.368793487548828,2.9033222532315834,-0.008749983709279263,-0.30137831580837604
MPI-ESM1-2-LR,historical,qm_historical,1994,2014,252,wpd,W m-2,china_intersection,32.6341955589208,87192,0.0,0.0,0.0015380666591227055,0.08601510010659695,11.534404754638672,54.36532219925351,176.80912228761662,899.9708673095691,4010.600830078125,346,0.0,0.0,0.41945943236351013,0.7039119720458985,19.977164268493652,54.365322133795374,121.87932743055953,591.746908569336,1070.2821044921875,32.6483601016414,-0.014164542720600082,-0.04338515832496004
MPI-ESM1-2-LR,historical,era5_reference,1994,2014,252,tas_c,degree_Celsius,china_intersection,7.131144147047264,87192,0.0,30.070419304523348,-34.43639373779297,-23.137694931030275,8.956476211547852,7.502352640431072,13.923816391826222,28.871406631469725,33.154930114746094,346,0.0,22.832369942196532,-12.864957809448242,-10.897653532028198,7.838568210601807,7.502347932428639,9.260751665591808,26.07001419067383,26.720537185668945,7.131144147047264,0.0,0.0
MPI-ESM1-2-LR,historical,era5_reference,1994,2014,252,rsds,W m-2,china_intersection,194.43852942658694,87192,0.0,0.0,32.04005813598633,60.450888557434084,192.21322631835938,192.7318130268374,67.70233561891584,336.2790667724609,377.5985107421875,346,0.0,0.0,125.86183166503906,133.3289306640625,187.35765838623047,192.73181491917958,32.45039476424365,263.5144500732422,270.4720458984375,194.43852942658694,0.0,0.0
MPI-ESM1-2-LR,historical,era5_reference,1994,2014,252,sfcWind_10m,m s-1,china_intersection,1.3684519188283122,87192,0.0,0.0,0.013356883078813553,0.14741579458117485,1.1799628734588623,1.5320315091137326,1.3230819224634205,7.261862020492521,13.514958381652832,346,0.0,0.0,0.26458626985549927,0.3141853839159012,1.3083111643791199,1.532031533087609,1.0093833970566575,5.529091453552247,6.568048477172852,1.3684519188283122,0.0,0.0
MPI-ESM1-2-LR,historical,era5_reference,1994,2014,252,tcell,degree_Celsius,china_intersection,14.377957314540105,87192,0.0,18.787274061840538,-29.05565643310547,-17.81041675567627,16.410669326782227,14.430264926787743,14.072255899656803,36.48320999145508,42.377010345458984,346,0.0,3.1791907514450863,-3.113356590270996,-1.5321473658084868,14.903999328613281,14.430264733387212,8.04287635036998,28.880014801025396,30.885265350341797,14.377957314540105,0.0,0.0
MPI-ESM1-2-LR,historical,era5_reference,1994,2014,252,performance_ratio,1,china_intersection,1.053110194053236,87192,0.0,0.0,0.9131149649620056,0.9425839298963546,1.0429466366767883,1.052848675491717,0.07036127955267465,1.2140521132946014,1.2702783346176147,346,0.0,0.0,0.9705734848976135,0.9806001961231232,1.0504801869392395,1.0528486655282148,0.040214384447859866,1.1326608896255494,1.1405669450759888,1.053110194053236,0.0,0.0
MPI-ESM1-2-LR,historical,era5_reference,1994,2014,252,pvpot,W m-2,china_intersection,202.81898354896586,87192,0.0,0.0,37.53389358520508,70.50276504516602,199.0424346923828,200.67139134965737,67.31383192866187,362.94034790039063,424.99005126953125,346,0.0,0.0,127.17462158203125,133.6382843017578,191.34115600585938,200.67139130520684,38.937340545966606,289.9965957641602,300.8126525878906,202.81898354896586,0.0,0.0
MPI-ESM1-2-LR,historical,era5_reference,1994,2014,252,wind_speed_hub,m s-1,china_intersection,2.9033222532315834,87192,0.0,0.0,0.07514850795269012,0.509578732252121,2.6747875213623047,3.1441776702858637,2.068509644132498,11.386171617507895,18.68186378479004,346,0.0,0.0,0.7956421971321106,0.9147303730249405,2.8458449840545654,3.1441775798108536,1.5755953606733455,9.01105227470398,10.240352630615234,2.9033222532315834,0.0,0.0
MPI-ESM1-2-LR,historical,era5_reference,1994,2014,252,wpd,W m-2,china_intersection,32.6483601016414,87192,0.0,0.0,0.00025993643794208765,0.08104757383465767,11.721251010894775,54.67912574294866,177.45842032954332,904.1477172851465,3993.619140625,346,0.0,0.0,0.44548553228378296,0.6882862389087677,19.99251937866211,54.67912204744499,122.19356968347965,623.7132293701172,1022.6923828125,32.6483601016414,0.0,0.0
MRI-ESM2-0,historical,qm_historical,1994,2014,252,tas_c,degree_Celsius,china_intersection,6.943158879534926,226044,0.0,31.394772699120526,-33.51207733154297,-22.653483657836915,8.035058975219727,6.866566354040022,13.671815096009604,28.776748733520513,32.72380828857422,897,0.0,23.857302118171685,-16.377382278442383,-11.010057830810547,6.901428699493408,6.866561836957591,8.703695517360654,24.59442794799804,26.514251708984375,7.122877643423006,-0.17971876388808017,-2.523120189408634
MRI-ESM2-0,historical,qm_historical,1994,2014,252,rsds,W m-2,china_intersection,190.45839032608362,226044,0.0,0.0,30.630390167236328,60.19817642211914,186.94418334960938,189.3098073613462,68.7894862895219,335.52571228027347,389.1788330078125,897,0.0,0.0,117.15735626220703,124.4499267578125,183.9097442626953,189.3098067982141,34.902531942376,263.6901062011719,267.9998474121094,194.10884790611027,-3.6504575800266537,-1.8806240000931673
MRI-ESM2-0,historical,qm_historical,1994,2014,252,sfcWind_10m,m s-1,china_intersection,1.3428319446525292,226044,0.0,0.0,0.02587456814944744,0.15773980051279068,1.1409956216812134,1.4318066753743421,1.1430122282647743,5.57881641864777,14.155206680297852,897,0.0,0.0,0.26117464900016785,0.35360782384872436,1.255492925643921,1.431806672277259,0.8305049235797295,5.14157356262207,6.767096996307373,1.3541760836441867,-0.011344138991657537,-0.8377152076951222
MRI-ESM2-0,historical,qm_historical,1994,2014,252,tcell,degree_Celsius,china_intersection,14.128390733810532,226044,0.0,19.507706464228203,-28.82821273803711,-17.57345151901245,15.602153301239014,13.888045856897655,13.946671927195071,36.39792602539063,41.83808898925781,897,0.0,2.4526198439241917,-5.242064476013184,-2.124251546859741,13.971311569213867,13.888045897212091,7.655709954150664,28.09855087280273,30.16201400756836,14.382744514943191,-0.25435378113265905,-1.7684648494478483
MRI-ESM2-0,historical,qm_historical,1994,2014,252,performance_ratio,1,china_intersection,1.054358048736127,226044,0.0,0.0,0.9158095717430115,0.943010390996933,1.0469892024993896,1.0555597706648028,0.06973335962163422,1.2128672862052918,1.2691410779953003,897,0.0,0.0,0.974189817905426,0.9845074033737182,1.0551432371139526,1.0555597667975836,0.03827855449293013,1.1356215476989746,1.151209831237793,1.0530862752658938,0.0012717734702332173,0.12076631327400111
MRI-ESM2-0,historical,qm_historical,1994,2014,252,pvpot,W m-2,china_intersection,198.9862019619332,226044,0.0,0.0,37.38459014892578,68.90072120666504,194.34242248535156,197.7142042117608,68.81561001946113,361.26421905517583,428.3985595703125,897,0.0,0.0,118.14049530029297,125.1234848022461,188.55288696289062,197.7142052283654,41.546034175334135,290.07538452148435,299.0138854980469,202.47117037664322,-3.4849684147100106,-1.7212171037620627
MRI-ESM2-0,historical,qm_historical,1994,2014,252,wind_speed_hub,m s-1,china_intersection,2.8613994738277064,226044,0.0,0.0,0.1273016631603241,0.5378301131725312,2.6041349172592163,2.993221660627189,1.8384250808868496,9.227843666076666,19.384023666381836,897,0.0,0.0,0.7903991341590881,1.0084784030914307,2.7559449672698975,2.9932216364005737,1.3303487142021153,8.416768035888667,10.430793762207031,2.8832596377986546,-0.021860163970948143,-0.7581753541848313
MRI-ESM2-0,historical,qm_historical,1994,2014,252,wpd,W m-2,china_intersection,30.437643173007242,226044,0.0,0.0,0.0012635963503271341,0.09528870552778244,10.81674337387085,41.891174297211656,131.64654703255832,481.28993774414135,4461.05859375,897,0.0,0.0,0.4490065276622772,0.8931298065185548,18.51827621459961,41.89117387083329,89.29562226150692,535.6804150390619,1178.1749267578125,30.598938968635895,-0.1612957956286536,-0.5271287210121378
MRI-ESM2-0,historical,era5_reference,1994,2014,252,tas_c,degree_Celsius,china_intersection,7.122877643423006,226044,0.0,30.878501530675447,-34.17131805419922,-22.95128074645996,8.348657608032227,7.0298901296955485,13.694918304641524,28.72670478820801,32.87767791748047,897,0.0,23.411371237458194,-16.301496505737305,-11.055950202941894,7.125104904174805,7.0298856689793,8.756857486890642,24.479278564453114,26.62308120727539,7.122877643423006,0.0,0.0
MRI-ESM2-0,historical,era5_reference,1994,2014,252,rsds,W m-2,china_intersection,194.10884790611027,226044,0.0,0.0,31.853076934814453,61.086319007873534,192.07682037353516,192.7902213448127,67.815088495967,335.5799325561524,386.96868896484375,897,0.0,0.0,123.3951416015625,132.111298828125,187.24061584472656,192.79021896141163,32.708304577994106,264.0817028808594,268.6170349121094,194.10884790611027,0.0,0.0
MRI-ESM2-0,historical,era5_reference,1994,2014,252,sfcWind_10m,m s-1,china_intersection,1.3541760836441867,226044,0.0,0.0,0.018050437793135643,0.15328460693359375,1.1566243767738342,1.4452871059813153,1.1465343160245816,5.674102091789246,14.994853019714355,897,0.0,0.0,0.257038414478302,0.3585935616493225,1.2703871726989746,1.4452871138701338,0.8368952167931815,5.2112117576599095,6.979366779327393,1.3541760836441867,0.0,0.0
MRI-ESM2-0,historical,era5_reference,1994,2014,252,tcell,degree_Celsius,china_intersection,14.382744514943191,226044,0.0,19.17989417989418,-28.738475799560547,-17.80903360366821,15.957934379577637,14.118913666411101,13.990095968676886,36.361502685546874,41.52627944946289,897,0.0,2.341137123745819,-5.117780685424805,-1.9690348625183103,14.21358585357666,14.118913589967384,7.765586736810377,28.436509323120102,30.36463165283203,14.382744514943191,0.0,0.0
MRI-ESM2-0,historical,era5_reference,1994,2014,252,performance_ratio,1,china_intersection,1.0530862752658938,226044,0.0,0.0,0.9173685908317566,0.9431924837827682,1.045210361480713,1.0544054316448837,0.06995047982099183,1.2140451741218568,1.2686923742294312,897,0.0,0.0,0.973176896572113,0.982817325592041,1.053931713104248,1.0544054274973662,0.03882794855493299,1.1348453998565673,1.1505889892578125,1.0530862752658938,0.0,0.0
MRI-ESM2-0,historical,era5_reference,1994,2014,252,pvpot,W m-2,china_intersection,202.47117037664322,226044,0.0,0.0,34.415157318115234,70.79808471679688,199.1763916015625,201.04610369620664,67.46501093117568,362.0797103881836,426.5364074707031,897,0.0,0.0,124.30328369140625,132.17871459960938,192.649169921875,201.0461018710099,39.321578924095704,290.3310559082031,300.0976867675781,202.47117037664322,0.0,0.0
MRI-ESM2-0,historical,era5_reference,1994,2014,252,wind_speed_hub,m s-1,china_intersection,2.8832596377986546,226044,0.0,0.0,0.09553724527359009,0.5256861037015915,2.6325297355651855,3.017783994171806,1.8384385608743057,9.353265523910522,20.295194625854492,897,0.0,0.0,0.7789434790611267,1.0238281345367433,2.778153419494629,3.0177839353863347,1.3333828765450508,8.610288581848144,10.712696075439453,2.8832596377986546,0.0,0.0
MRI-ESM2-0,historical,era5_reference,1994,2014,252,wpd,W m-2,china_intersection,30.598938968635895,226044,0.0,0.0,0.000534102029632777,0.0889785910397768,11.174444675445557,42.602576798179136,135.911082047359,501.18249603271494,5120.1865234375,897,0.0,0.0,0.4509545862674713,0.9210787105560303,18.787006378173828,42.6025764702621,93.36357354709239,562.7956323242181,1240.167724609375,30.598938968635895,0.0,0.0
TaiESM1,historical,qm_historical,1994,2014,252,tas_c,degree_Celsius,china_intersection,6.9937776790463,240660,0.0,31.417767805202363,-33.470848083496094,-22.343628921508788,8.172876358032227,6.991534825368649,13.71518816906304,29.004054641723634,35.326927185058594,955,0.0,23.874345549738223,-17.04868507385254,-11.044907608032226,7.153401851654053,6.991530315642348,8.813331957095375,24.59036071777344,26.652179718017578,7.050997725360794,-0.05722004631449451,-0.8115170156513751
TaiESM1,historical,qm_historical,1994,2014,252,rsds,W m-2,china_intersection,191.63351735184213,240660,0.0,0.0,32.025028228759766,60.07679878234863,188.57508850097656,190.49961912078592,68.53273936756544,337.8681707763672,397.82830810546875,955,0.0,0.0,118.5803451538086,129.2565267944336,184.00282287597656,190.49962112666424,34.092377508787905,263.5472888183594,270.6003112792969,194.09360478841592,-2.4600874365737866,-1.267474752326625
TaiESM1,historical,qm_historical,1994,2014,252,sfcWind_10m,m s-1,china_intersection,1.329838440203514,240660,0.0,0.0,0.022019393742084503,0.15458954960107804,1.1298587918281555,1.4230080007893633,1.1325658473086135,5.4789466762542745,14.355209350585938,955,0.0,0.0,0.21123206615447998,0.3600507390499115,1.2374200820922852,1.4230080013187767,0.821598431049953,5.12417175292969,6.585290908813477,1.3457218232442734,-0.015883383040759425,-1.180287245581535
TaiESM1,historical,qm_historical,1994,2014,252,tcell,degree_Celsius,china_intersection,14.228881781699917,240660,0.0,19.254134463558547,-28.45625114440918,-17.35072217941284,15.792766094207764,14.052650227260367,13.973852709267172,36.62240566253662,43.416961669921875,955,0.0,2.8272251308900525,-5.606476783752441,-1.5372966241836548,14.17016887664795,14.052650255943936,7.753067095257878,28.54029357910156,30.15277862548828,14.327453058113228,-0.09857127641331154,-0.6879888282550928
TaiESM1,historical,qm_historical,1994,2014,252,performance_ratio,1,china_intersection,1.0538555833162948,240660,0.0,0.0,0.9079151749610901,0.941887976527214,1.0460361242294312,1.0547367489794628,0.06986926352496672,1.211753571033478,1.2672812938690186,955,0.0,0.0,0.9742361307144165,0.9822985219955445,1.0541491508483887,1.05473674086376,0.038765326748996486,1.1326866245269775,1.1530327796936035,1.0533627369266978,0.0004928463895970125,0.04678790812697731
TaiESM1,historical,qm_historical,1994,2014,252,pvpot,W m-2,china_intersection,200.09240630767,240660,0.0,0.0,38.54559326171875,68.99254341125489,196.33935546875,198.78188770859754,68.48129364060439,363.9622146606446,433.9075622558594,955,0.0,0.0,119.69300842285156,129.10001159667968,189.90170288085938,198.78188543669216,40.80342400853505,289.64409301757814,301.8310852050781,202.51211395081162,-2.419707643141635,-1.1948458765925318
TaiESM1,historical,qm_historical,1994,2014,252,wind_speed_hub,m s-1,china_intersection,2.840401524654698,240660,0.0,0.0,0.11193866282701492,0.5292504245042801,2.583853006362915,2.9798926568426407,1.8214099498075198,9.095920486450199,19.602035522460938,955,0.0,0.0,0.66666179895401,1.0196683955192567,2.7410776615142822,2.9798926728558164,1.3135350434065565,8.502782058715821,10.207529067993164,2.868906449155181,-0.028504924500483142,-0.9935815268175441
TaiESM1,historical,qm_historical,1994,2014,252,wpd,W m-2,china_intersection,29.56157348778471,240660,0.0,0.0,0.0008591054356656969,0.0908008175343275,10.565973281860352,41.22143537727799,135.35179113976307,460.94174560546924,4613.2783203125,955,0.0,0.0,0.2594262957572937,0.9461580610275269,18.250932693481445,41.22143618392695,92.33877083334032,479.15949829101567,1090.9429931640625,30.091671090479437,-0.5300976026947275,-1.761609054880442
TaiESM1,historical,era5_reference,1994,2014,252,tas_c,degree_Celsius,china_intersection,7.050997725360794,240660,0.0,31.12233025845591,-34.347877502441406,-22.812958602905272,8.290460586547852,7.02509218488748,13.756393994297275,28.830976943969727,33.40178680419922,955,0.0,24.083769633507853,-17.02479362487793,-11.149252376556396,7.15504789352417,7.025087621724184,8.859419786516755,24.603600234985354,26.712074279785156,7.050997725360794,0.0,0.0
TaiESM1,historical,era5_reference,1994,2014,252,rsds,W m-2,china_intersection,194.09360478841592,240660,0.0,0.0,31.243343353271484,60.900362701416014,192.10184478759766,192.85765140544225,67.83474605508263,336.1186254882813,386.9350280761719,955,0.0,0.0,120.43400573730469,132.5654833984375,187.68971252441406,192.8576530895932,32.78189316685828,264.0018200683594,270.60491943359375,194.09360478841592,0.0,0.0
TaiESM1,historical,era5_reference,1994,2014,252,sfcWind_10m,m s-1,china_intersection,1.3457218232442734,240660,0.0,0.0,0.015543824061751366,0.1473732729256153,1.1514101028442383,1.439400594738458,1.136022149499617,5.502190704345704,14.214532852172852,955,0.0,0.0,0.22797557711601257,0.37595082163810734,1.2682929039001465,1.4394005875312845,0.8289692372867126,5.094941473007204,6.796074390411377,1.3457218232442734,0.0,0.0
TaiESM1,historical,era5_reference,1994,2014,252,tcell,degree_Celsius,china_intersection,14.327453058113228,240660,0.0,19.273248566442284,-29.095718383789062,-17.724349842071533,15.914431095123291,14.12527183609607,14.031827827135562,36.45903469085694,42.38505554199219,955,0.0,3.1413612565445024,-5.552730083465576,-1.7329343819618224,14.143739700317383,14.125271908345958,7.8439720620660625,28.710082893371585,30.404211044311523,14.327453058113228,0.0,0.0
TaiESM1,historical,era5_reference,1994,2014,252,performance_ratio,1,china_intersection,1.0533627369266978,240660,0.0,0.0,0.9130747318267822,0.942704826593399,1.0454278588294983,1.0543736408453852,0.07015913911853647,1.213621770143509,1.27047860622406,955,0.0,0.0,0.9729793667793274,0.9814497947692871,1.0542809963226318,1.0543736451583383,0.03921985517718086,1.133664803504944,1.1527639627456665,1.0533627369266978,0.0,0.0
TaiESM1,historical,era5_reference,1994,2014,252,pvpot,W m-2,china_intersection,202.51211395081162,240660,0.0,0.0,32.89448928833008,70.63044631958007,199.3521957397461,201.1215283883576,67.53342514090937,362.8370788574219,427.58428955078125,955,0.0,0.0,121.46622467041016,132.4089093017578,192.40530395507812,201.12152785056549,39.46492641993148,290.34740844726565,302.1614990234375,202.51211395081162,0.0,0.0
TaiESM1,historical,era5_reference,1994,2014,252,wind_speed_hub,m s-1,china_intersection,2.868906449155181,240660,0.0,0.0,0.08480361849069595,0.5094615799188614,2.6230649948120117,3.008783612932973,1.8247393212419487,9.126668024063113,19.44875717163086,955,0.0,0.0,0.7082247138023376,1.0480374908447265,2.7751829624176025,3.0087836092055156,1.3216022374457885,8.486988029479983,10.515104293823242,2.868906449155181,0.0,0.0
TaiESM1,historical,era5_reference,1994,2014,252,wpd,W m-2,china_intersection,30.091671090479437,240660,0.0,0.0,0.00037355039967224,0.08099167861044407,11.05435037612915,41.935571136330765,136.17460397592276,465.6320056152346,4505.9013671875,955,0.0,0.0,0.31175097823143005,1.0730064272880555,18.690845489501953,41.93557114978736,93.93514546369919,474.8247296142581,1118.86767578125,30.091671090479437,0.0,0.0
