model,scenario,method,variable,qc_region,time_steps,unit,finite_count,missing_percent,negative_percent,minimum,p01,median,mean,std,p99,maximum
ACCESS-CM2,ssp126,paper_qm,tas_c,china_mask,1284,degree_Celsius,522588,0.0,28.842797768031414,-33.12991943359373,-20.04413436889646,9.309365844726585,8.38154692282344,13.346864152197016,31.18250885009768,35.7169128417969
ACCESS-CM2,ssp126,paper_qm,rsds,china_mask,1284,W m-2,522588,0.0,0.0,31.48149299621582,62.70564491271973,197.98108673095703,198.51855447950078,68.79826937825241,341.05802307128914,465.2722473144531
ACCESS-CM2,ssp126,paper_qm,sfcWind_10m,china_mask,1284,m s-1,522588,0.0,0.0,0.03289777785539627,0.16365136682987214,1.0688665509223938,1.2948940185308773,0.8855736837613987,4.246267890930176,7.735167503356934
ACCESS-CM2,ssp126,paper_qm,tcell,china_mask,1284,degree_Celsius,522588,0.0,16.204352185660596,-27.862153292846656,-15.200087608623482,17.221726559925102,15.783720213333345,13.838646594761029,38.75941833093645,44.69682188801767
ACCESS-CM2,ssp126,paper_qm,performance_ratio,china_mask,1284,1,522588,0.0,0.0,0.9015158905599117,0.9312029083453178,1.0388913672003746,1.0460813989333333,0.06919323297380514,1.2010004380431174,1.2643107664642332
ACCESS-CM2,ssp126,paper_qm,pvpot,china_mask,1284,W m-2,522588,0.0,0.0,38.41703454166505,72.19566294489819,204.18447313969594,205.33857903553454,67.6058173762039,363.3664787652383,493.2544596533413
ACCESS-CM2,ssp126,paper_qm,roughness_exponent,china_mask,1284,1,522588,0.0,0.0,0.18976703405054754,0.24260383601862595,0.36413264670561707,0.3675415642726313,0.0624400275119574,0.5294624911811066,0.6708042496141224
ACCESS-CM2,ssp126,paper_qm,wind_speed_hub,china_mask,1284,m s-1,522588,0.0,0.0,0.15415968466195565,0.5538372065246838,2.4720436395828376,2.7823259966621112,1.5097793779368944,7.423542953005419,11.973931153094314
ACCESS-CM2,ssp126,paper_qm,wpd,china_mask,1284,W m-2,522588,0.0,0.0,0.0022439776802790465,0.1040524900036275,9.252828073147324,27.09601713453456,49.86028423560277,250.5761719467788,1051.5171571020876
ACCESS-CM2,ssp126,optimized,tas_c,china_mask,1284,degree_Celsius,522588,0.0,29.45302992031964,-33.12991943359373,-20.040569610595682,9.332147216796898,8.330025535126328,13.60691770499182,31.143121337890648,35.65493164062502
ACCESS-CM2,ssp126,optimized,rsds,china_mask,1284,W m-2,522588,0.0,0.0,31.48149299621582,62.70564491271973,197.98108673095703,198.51855447950078,68.79826937825241,341.05802307128914,465.2722473144531
ACCESS-CM2,ssp126,optimized,sfcWind_10m,china_mask,1284,m s-1,522588,0.0,0.0,0.03289777785539627,0.17596330046653746,1.0918685793876648,1.3111491683068792,0.874664100409313,4.220959739685059,7.735167503356934
ACCESS-CM2,ssp126,optimized,tcell,china_mask,1284,degree_Celsius,522588,0.0,16.86012690685588,-27.862153292846656,-15.27528118896482,17.20239210038187,15.710297675877237,14.06567378831524,38.84148656649115,44.61250040237905
ACCESS-CM2,ssp126,optimized,performance_ratio,china_mask,1284,1,522588,0.0,0.0,0.9019374979881047,0.9307925671675443,1.0389880394980906,1.046448511620614,0.0703283689415762,1.2013764059448242,1.2643107664642332
ACCESS-CM2,ssp126,optimized,pvpot,china_mask,1284,W m-2,522588,0.0,0.0,38.28403837906634,72.26529552114903,204.3248246607082,205.40622009846754,67.67334713808981,364.2435421823706,496.78400705634454
ACCESS-CM2,ssp126,optimized,roughness_exponent,china_mask,1284,1,522588,0.0,0.0,0.18976703405054754,0.24313049122546307,0.3622568450528519,0.365351689949372,0.060575517421757465,0.5230719726507064,0.6708042496141224
ACCESS-CM2,ssp126,optimized,wind_speed_hub,china_mask,1284,m s-1,522588,0.0,0.0,0.15415968466195565,0.5868053596997176,2.5143585788363016,2.8148743453897596,1.488473057796711,7.388252016860542,11.973931153094314
ACCESS-CM2,ssp126,optimized,wpd,china_mask,1284,W m-2,522588,0.0,0.0,0.0022439776802790465,0.12376228206340971,9.736160704867327,27.265618752036833,49.17375911874312,247.019475982551,1051.5171571020876
ACCESS-CM2,ssp245,paper_qm,tas_c,china_mask,1284,degree_Celsius,522588,0.0,28.174202239622804,-33.12991943359373,-19.793153991699196,9.56263122558596,8.722724470932057,13.353225234657266,31.77212005615237,36.62624511718752
ACCESS-CM2,ssp245,paper_qm,rsds,china_mask,1284,W m-2,522588,0.0,0.0,32.39082336425781,61.672592620849606,195.79644012451172,196.61731436468534,68.77721825896064,339.95847595214843,428.01788330078125
ACCESS-CM2,ssp245,paper_qm,sfcWind_10m,china_mask,1284,m s-1,522588,0.0,0.0,0.03527616709470749,0.15755156308412552,1.0464234352111816,1.2768625488108107,0.886482241913732,4.247621102333069,8.819427490234375
ACCESS-CM2,ssp245,paper_qm,tcell,china_mask,1284,degree_Celsius,522588,0.0,15.558910652368596,-27.862153292846656,-14.968695649871805,17.39710797529223,16.0797680037172,13.835565107868463,39.340220294446965,45.29084839015008
ACCESS-CM2,ssp245,paper_qm,performance_ratio,china_mask,1284,1,522588,0.0,0.0,0.8985457580492496,0.9282988985277653,1.0380144601235388,1.0446011599814138,0.06917782553934232,1.1998434782493592,1.2643107664642332
ACCESS-CM2,ssp245,paper_qm,pvpot,china_mask,1284,W m-2,522588,0.0,0.0,39.3410178803127,70.9922510357273,201.41424497664502,203.10157390808706,67.64005489649192,362.1292785972606,456.3259557156394
ACCESS-CM2,ssp245,paper_qm,roughness_exponent,china_mask,1284,1,522588,0.0,0.0,0.17821009204357494,0.24257576455957547,0.3660021896098097,0.3692508765702048,0.0631109853633528,0.5328090196077991,0.6646546520339713
ACCESS-CM2,ssp245,paper_qm,wind_speed_hub,china_mask,1284,m s-1,522588,0.0,0.0,0.16298064909632803,0.5373184278004549,2.4305784719047656,2.7490655524991885,1.5127064846401757,7.425428734112771,13.29384118083963
ACCESS-CM2,ssp245,paper_qm,wpd,china_mask,1284,W m-2,522588,0.0,0.0,0.00265163792813188,0.095016997796142,8.794983598741599,26.61656949878397,50.413106014263896,250.76717986910165,1438.989255249098
ACCESS-CM2,ssp245,optimized,tas_c,china_mask,1284,degree_Celsius,522588,0.0,28.879346636355983,-33.12991943359373,-19.806716003417947,9.599176025390648,8.669044107888872,13.633361754115516,31.807397460937523,36.58052978515627
ACCESS-CM2,ssp245,optimized,rsds,china_mask,1284,W m-2,522588,0.0,0.0,32.39082336425781,61.672592620849606,195.79644012451172,196.61731436468534,68.77721825896064,339.95847595214843,428.01788330078125
ACCESS-CM2,ssp245,optimized,sfcWind_10m,china_mask,1284,m s-1,522588,0.0,0.0,0.03527616709470749,0.17487374395132066,1.0843140482902527,1.3049844900484933,0.8753980670553688,4.229484095573426,8.819427490234375
ACCESS-CM2,ssp245,optimized,tcell,china_mask,1284,degree_Celsius,522588,0.0,16.252956439872328,-27.862153292846656,-15.054022495508171,17.369734458851834,15.986177095156297,14.071822463320276,39.41078123033049,44.977441763210315
ACCESS-CM2,ssp245,optimized,performance_ratio,china_mask,1284,1,522588,0.0,0.0,0.9001127911839484,0.9279460938483476,1.0381513277057408,1.0450691145242186,0.07035911231660139,1.200270112477541,1.2643107664642332
ACCESS-CM2,ssp245,optimized,pvpot,china_mask,1284,W m-2,522588,0.0,0.0,39.25529704686159,71.05678596294149,201.5785534472236,203.19061645091568,67.72058637666818,363.0167894131813,457.30860648190145
ACCESS-CM2,ssp245,optimized,roughness_exponent,china_mask,1284,1,522588,0.0,0.0,0.17821009204357494,0.24295275002776515,0.362868518774444,0.3658717620477345,0.060696621149466654,0.5236191796775442,0.6646546520339713
ACCESS-CM2,ssp245,optimized,wind_speed_hub,china_mask,1284,m s-1,522588,0.0,0.0,0.16298064909632803,0.5839071425426938,2.5004812555053553,2.803686577051693,1.4892481157554691,7.400143581372007,13.29384118083963
ACCESS-CM2,ssp245,optimized,wpd,china_mask,1284,W m-2,522588,0.0,0.0,0.00265163792813188,0.12193754789291912,9.575840482759611,27.123832843598198,49.943867172357564,248.2141476650192,1438.989255249098
ACCESS-CM2,ssp585,paper_qm,tas_c,china_mask,1284,degree_Celsius,522588,0.0,26.674933216989295,-33.12991943359373,-19.317728271484352,10.293664550781273,9.602441983241707,13.527725974572293,33.82714202880862,41.6524597167969
ACCESS-CM2,ssp585,paper_qm,rsds,china_mask,1284,W m-2,522588,0.0,0.0,31.75149154663086,61.05347129821777,196.28321075439453,196.73252608899875,69.24533780103013,341.17955993652345,443.4716491699219
ACCESS-CM2,ssp585,paper_qm,sfcWind_10m,china_mask,1284,m s-1,522588,0.0,0.0,0.03486049920320511,0.15431611314415933,1.0360612869262695,1.2635044544009641,0.8821441765967795,4.243895864486696,8.587011337280273
ACCESS-CM2,ssp585,paper_qm,tcell,china_mask,1284,degree_Celsius,522588,0.0,14.370976754154324,-27.862153292846656,-14.38330655325887,18.07490538649561,16.93297871436422,14.01159867465019,41.37901803373339,49.838907336998005
ACCESS-CM2,ssp585,paper_qm,performance_ratio,china_mask,1284,1,522588,0.0,0.0,0.87580546331501,0.9181049098313331,1.034625473067522,1.0403351064281787,0.07005799337325096,1.1969165327662943,1.2643107664642332
ACCESS-CM2,ssp585,paper_qm,pvpot,china_mask,1284,W m-2,522588,0.0,0.0,38.024304050027084,69.70873042772907,200.92376782330527,202.3193905919486,67.75506810662819,361.69557204762117,468.54123383405664
ACCESS-CM2,ssp585,paper_qm,roughness_exponent,china_mask,1284,1,522588,0.0,0.0,0.18056290875112072,0.24265306371996112,0.3668789430273701,0.3704681673766745,0.06362017866935353,0.5346370598239633,0.6656989209430344
ACCESS-CM2,ssp585,paper_qm,wind_speed_hub,china_mask,1284,m s-1,522588,0.0,0.0,0.16144794552958763,0.5285040694778519,2.4113729751049986,2.724965198258915,1.508416500021743,7.420237097699755,13.013824480569697
ACCESS-CM2,ssp585,paper_qm,wpd,china_mask,1284,W m-2,522588,0.0,0.0,0.002577529601668186,0.0904172097149853,8.588142879155042,26.09907259334643,49.6175170221063,250.24156116146324,1349.9600865429213
ACCESS-CM2,ssp585,optimized,tas_c,china_mask,1284,degree_Celsius,522588,0.0,27.496995721294788,-33.12991943359373,-19.328559265136697,10.323205566406273,9.557794275209162,13.817048052919377,33.931123352050804,41.51717529296877
ACCESS-CM2,ssp585,optimized,rsds,china_mask,1284,W m-2,522588,0.0,0.0,31.75149154663086,61.05347129821777,196.28321075439453,196.73252608899875,69.24533780103013,341.17955993652345,443.4716491699219
ACCESS-CM2,ssp585,optimized,sfcWind_10m,china_mask,1284,m s-1,522588,0.0,0.0,0.03486049920320511,0.17448901042342185,1.0787912011146545,1.297766038605035,0.8707033187705718,4.221059203147888,8.587011337280273
ACCESS-CM2,ssp585,optimized,tcell,china_mask,1284,degree_Celsius,522588,0.0,15.08492349613845,-27.862153292846656,-14.406074699745155,18.04082863883974,16.838524225025708,14.248926964817,41.39864513569357,49.45151890783311
ACCESS-CM2,ssp585,optimized,performance_ratio,china_mask,1284,1,522588,0.0,0.0,0.8777424054608345,0.9180067743215322,1.0347958568058013,1.0408073788748715,0.071244634824085,1.1970303734987258,1.2643107664642332
ACCESS-CM2,ssp585,optimized,pvpot,china_mask,1284,W m-2,522588,0.0,0.0,37.9075476615966,69.80872101766371,201.14142420747163,202.41043834188594,67.84047381351907,362.67075378493723,467.74809963680985
ACCESS-CM2,ssp585,optimized,roughness_exponent,china_mask,1284,1,522588,0.0,0.0,0.18056290875112072,0.2431284152457951,0.36331839415009026,0.3663542095196028,0.060671615320031236,0.5238132188340505,0.6656989209430344
ACCESS-CM2,ssp585,optimized,wind_speed_hub,china_mask,1284,m s-1,522588,0.0,0.0,0.16144794552958763,0.5828828783158563,2.4903236313289563,2.7913177201508215,1.482799557168181,7.3883907974877525,13.013824480569697
ACCESS-CM2,ssp585,optimized,wpd,china_mask,1284,W m-2,522588,0.0,0.0,0.002577529601668186,0.12129698010060254,9.45961502111799,26.771891299079094,49.260405430944374,247.03339625870564,1349.9600865429213
ACCESS-ESM1-5,ssp126,paper_qm,tas_c,china_mask,1284,degree_Celsius,522588,0.0,29.1774782428988,-31.941732788085915,-19.935353851318336,9.27411804199221,8.269914557095158,13.319570247306222,30.767874450683617,35.75716552734377
ACCESS-ESM1-5,ssp126,paper_qm,rsds,china_mask,1284,W m-2,522588,0.0,0.0,34.092063903808594,62.81301448822021,196.6246337890625,197.28112816716626,69.119091416841,337.17939422607424,401.38616943359375
ACCESS-ESM1-5,ssp126,paper_qm,sfcWind_10m,china_mask,1284,m s-1,522588,0.0,0.0,0.016803471371531487,0.12841770187020302,1.11402827501297,1.3366761673876615,0.9290441203367656,4.44126284122467,12.387899398803711
ACCESS-ESM1-5,ssp126,paper_qm,tcell,china_mask,1284,degree_Celsius,522588,0.0,16.462873238574176,-28.27036698265073,-15.04961070827482,17.116942109394095,15.579959832253042,13.770753691766885,38.39966247330429,44.046780136871355
ACCESS-ESM1-5,ssp126,paper_qm,performance_ratio,china_mask,1284,1,522588,0.0,0.0,0.9047660993156432,0.9330016876334786,1.0394152894530295,1.0471002008387347,0.06885376845883442,1.2002480535413742,1.2663518349132536
ACCESS-ESM1-5,ssp126,paper_qm,pvpot,china_mask,1284,W m-2,522588,0.0,0.0,36.379152167773576,71.71919395102837,203.26430869372095,204.25684076731983,67.93712385312662,359.59978061498225,426.90894038220216
ACCESS-ESM1-5,ssp126,paper_qm,roughness_exponent,china_mask,1284,1,522588,0.0,0.0,0.14827695555857212,0.23864829527023407,0.36048673974994694,0.3660855748431217,0.0657790749940362,0.5508223455364756,0.7299915580285444
ACCESS-ESM1-5,ssp126,paper_qm,wind_speed_hub,china_mask,1284,m s-1,522588,0.0,0.0,0.09023823005906063,0.4565067875076318,2.554953224042779,2.8497683699995506,1.5739677371628809,7.694045875843062,17.429086503540763
ACCESS-ESM1-5,ssp126,paper_qm,wpd,china_mask,1284,W m-2,522588,0.0,0.0,0.00045006765054294835,0.0582703746677922,10.215390044623394,29.727253485987465,57.74539415448854,278.97828967781805,3242.8732118762355
ACCESS-ESM1-5,ssp126,optimized,tas_c,china_mask,1284,degree_Celsius,522588,0.0,29.99265195526878,-31.94963684082029,-20.253284606933573,9.083779907226585,8.154174111421545,13.655610321690597,31.014410095214867,35.74700317382815
ACCESS-ESM1-5,ssp126,optimized,rsds,china_mask,1284,W m-2,522588,0.0,0.0,34.092063903808594,62.81301448822021,196.6246337890625,197.28112816716626,69.119091416841,337.17939422607424,401.38616943359375
ACCESS-ESM1-5,ssp126,optimized,sfcWind_10m,china_mask,1284,m s-1,522588,0.0,0.0,0.016803471371531487,0.1456611068546772,1.1138096451759338,1.3382797251479994,0.9319561339136188,4.438852062225343,12.387899398803711
ACCESS-ESM1-5,ssp126,optimized,tcell,china_mask,1284,degree_Celsius,522588,0.0,17.291250468820564,-28.16867405624387,-15.515576827650047,16.93784725575449,15.468366355725031,14.110401005089631,38.824353546614674,44.04144395713808
ACCESS-ESM1-5,ssp126,optimized,performance_ratio,china_mask,1284,1,522588,0.0,0.0,0.9047927802143096,0.9308782322669267,1.0403107637212274,1.0476581682213746,0.07055200502544816,1.2025778841382504,1.2658433702812193
ACCESS-ESM1-5,ssp126,optimized,pvpot,china_mask,1284,W m-2,522588,0.0,0.0,36.379152167773576,71.83617190237717,203.32898545930016,204.33738297065804,67.98547505407133,360.61105580247147,426.8771355634914
ACCESS-ESM1-5,ssp126,optimized,roughness_exponent,china_mask,1284,1,522588,0.0,0.0,0.14827695555857212,0.238696130175048,0.3605040312134443,0.3653770199280872,0.06425506792422273,0.5397222310879212,0.7299915580285444
ACCESS-ESM1-5,ssp126,optimized,wind_speed_hub,china_mask,1284,m s-1,522588,0.0,0.0,0.09023823005906063,0.504737807056158,2.554553518060966,2.8539222042887564,1.5712596820590452,7.6907164796558,17.429086503540763
ACCESS-ESM1-5,ssp126,optimized,wpd,china_mask,1284,W m-2,522588,0.0,0.0,0.00045006765054294835,0.07875961893780957,10.210596398766866,29.97990998883041,63.08728339395253,278.616285043297,3242.8732118762355
ACCESS-ESM1-5,ssp245,paper_qm,tas_c,china_mask,1284,degree_Celsius,522588,0.0,28.213238727257416,-31.05748596191404,-19.692323760986305,9.655450439453148,8.715237714199612,13.309488926410417,31.34358978271487,38.9277282714844
ACCESS-ESM1-5,ssp245,paper_qm,rsds,china_mask,1284,W m-2,522588,0.0,0.0,32.35685348510742,62.01578357696533,194.56731414794922,195.36499440906064,69.45417000613,335.84923278808594,418.6263122558594
ACCESS-ESM1-5,ssp245,paper_qm,sfcWind_10m,china_mask,1284,m s-1,522588,0.0,0.0,0.017112551257014275,0.13766343161463737,1.1000434160232544,1.3240432407639269,0.9235544960129582,4.410630941390991,10.34247875213623
ACCESS-ESM1-5,ssp245,paper_qm,tcell,china_mask,1284,degree_Celsius,522588,0.0,15.679464511240212,-26.383279637527444,-14.863877485723473,17.444998192834873,15.965550936056651,13.749427132120973,38.96733647487642,46.802964540290844
ACCESS-ESM1-5,ssp245,paper_qm,performance_ratio,china_mask,1284,1,522588,0.0,0.0,0.8909851772985458,0.9301633176256179,1.0377750090358258,1.0451722453197168,0.06874713566060486,1.1993193874286174,1.2569163981876372
ACCESS-ESM1-5,ssp245,paper_qm,pvpot,china_mask,1284,W m-2,522588,0.0,0.0,36.379152167773576,70.24588313922267,200.86011311606518,201.89369705296966,68.22135695942795,357.47959322380194,433.7024507455998
ACCESS-ESM1-5,ssp245,paper_qm,roughness_exponent,china_mask,1284,1,522588,0.0,0.0,0.16417553232976304,0.23925803623965275,0.36159969599917463,0.36676616620470454,0.06517390413248929,0.5446973201059636,0.7283857864999415
ACCESS-ESM1-5,ssp245,paper_qm,wind_speed_hub,china_mask,1284,m s-1,522588,0.0,0.0,0.09155889622941846,0.4825206579057595,2.529353452669947,2.8282624285407465,1.5648895095890596,7.651714477689812,15.093854863482049
ACCESS-ESM1-5,ssp245,paper_qm,wpd,china_mask,1284,W m-2,522588,0.0,0.0,0.0004701189294160944,0.06881035962212594,9.911392139881652,29.197639956677826,58.32512182947985,274.39889690567446,2106.2339172701795
ACCESS-ESM1-5,ssp245,optimized,tas_c,china_mask,1284,degree_Celsius,522588,0.0,29.19489157806915,-31.05748596191404,-20.011405029296853,9.454553222656273,8.591697622964052,13.681873459820379,31.64248443603518,38.8823181152344
ACCESS-ESM1-5,ssp245,optimized,rsds,china_mask,1284,W m-2,522588,0.0,0.0,32.35685348510742,62.01578357696533,194.56731414794922,195.36499440906064,69.45417000613,335.84923278808594,418.6263122558594
ACCESS-ESM1-5,ssp245,optimized,sfcWind_10m,china_mask,1284,m s-1,522588,0.0,0.0,0.017112551257014275,0.14601118251681328,1.1083523035049438,1.3320201332317005,0.9272666447141857,4.415075511932374,11.313360214233398
ACCESS-ESM1-5,ssp245,optimized,tcell,china_mask,1284,degree_Celsius,522588,0.0,16.60906871187245,-26.383279637527444,-15.373954302072502,17.224120984363577,15.83686393833076,14.119327872078461,39.430001772289295,47.340753793525714
ACCESS-ESM1-5,ssp245,optimized,performance_ratio,china_mask,1284,1,522588,0.0,0.0,0.8882962310323714,0.9278499911385535,1.0388793950781823,1.045815680308346,0.0705966393603923,1.2018697715103623,1.2569163981876372
ACCESS-ESM1-5,ssp245,optimized,pvpot,china_mask,1284,W m-2,522588,0.0,0.0,36.379152167773576,70.39481204347237,200.9307239108618,201.99270766875168,68.29553928365772,358.5574012059625,436.1410820556809
ACCESS-ESM1-5,ssp245,optimized,roughness_exponent,china_mask,1284,1,522588,0.0,0.0,0.15627077901412234,0.23916930302844944,0.36093675644108725,0.36561378597054733,0.06392478740491357,0.5395107495814497,0.7283857864999415
ACCESS-ESM1-5,ssp245,optimized,wind_speed_hub,china_mask,1284,m s-1,522588,0.0,0.0,0.09155889622941846,0.5057045568901501,2.5445710665496657,2.8439053062042023,1.5623689936004967,7.657860289854402,16.21296309654368
ACCESS-ESM1-5,ssp245,optimized,wpd,china_mask,1284,W m-2,522588,0.0,0.0,0.0004701189294160944,0.0792130439105907,10.091363427401852,29.68536731849864,65.55757003978019,275.0606150232529,2610.3171429377576
ACCESS-ESM1-5,ssp585,paper_qm,tas_c,china_mask,1284,degree_Celsius,522588,0.0,26.706889557356845,-31.05748596191404,-19.161635742187478,10.460382080078148,9.516264936067337,13.383643001207115,32.77006774902346,40.2984558105469
ACCESS-ESM1-5,ssp585,paper_qm,rsds,china_mask,1284,W m-2,522588,0.0,0.0,30.39932632446289,60.743580741882326,195.76113891601562,195.6814184996218,69.64712841002478,335.61058624267577,442.23785400390625
ACCESS-ESM1-5,ssp585,paper_qm,sfcWind_10m,china_mask,1284,m s-1,522588,0.0,0.0,0.01696457341313362,0.13797596246004104,1.104656457901001,1.3291301185215028,0.9264749983577202,4.457370052337648,9.441633224487305
ACCESS-ESM1-5,ssp585,paper_qm,tcell,china_mask,1284,degree_Celsius,522588,0.0,14.575726958904529,-26.383279637527444,-14.223029223098731,18.154412359046955,16.722006731600054,13.814406070887145,40.29319232106688,48.71159933691027
ACCESS-ESM1-5,ssp585,paper_qm,performance_ratio,china_mask,1284,1,522588,0.0,0.0,0.8814420033154486,0.9235340383946655,1.0342279382047652,1.0413899663419997,0.06907203035443572,1.1961151461154937,1.2569163981876372
ACCESS-ESM1-5,ssp585,paper_qm,pvpot,china_mask,1284,W m-2,522588,0.0,0.0,34.469067028518054,68.67682974708846,201.172775989767,201.43027588068762,68.09745694940081,355.84810276614184,452.42475209444456
ACCESS-ESM1-5,ssp585,paper_qm,roughness_exponent,china_mask,1284,1,522588,0.0,0.0,0.17220413719138028,0.238329359367737,0.36123102034653176,0.3664500358297458,0.06518181303253744,0.544497537519137,0.7291509291061515
ACCESS-ESM1-5,ssp585,paper_qm,wind_speed_hub,china_mask,1284,m s-1,522588,0.0,0.0,0.09092721148975423,0.4833936817384325,2.5378050436274155,2.836797662849201,1.5699550571069496,7.7162812742780735,14.036255426491842
ACCESS-ESM1-5,ssp585,paper_qm,wpd,china_mask,1284,W m-2,522588,0.0,0.0,0.0004604555486455571,0.06918453128590074,10.011078377890321,29.415896240447246,56.75848414518104,281.4039854775823,1693.791235419752
ACCESS-ESM1-5,ssp585,optimized,tas_c,china_mask,1284,degree_Celsius,522588,0.0,27.77044249006866,-31.05748596191404,-19.521310424804664,10.235513305664085,9.392566368361575,13.790759915715302,33.11253845214846,40.19014892578127
ACCESS-ESM1-5,ssp585,optimized,rsds,china_mask,1284,W m-2,522588,0.0,0.0,30.39932632446289,60.743580741882326,195.76113891601562,195.6814184996218,69.64712841002478,335.61058624267577,442.23785400390625
ACCESS-ESM1-5,ssp585,optimized,sfcWind_10m,china_mask,1284,m s-1,522588,0.0,0.0,0.01696457341313362,0.1472878211736679,1.107213020324707,1.33189447841726,0.9226382939997824,4.447987875938416,10.577288627624512
ACCESS-ESM1-5,ssp585,optimized,tcell,china_mask,1284,degree_Celsius,522588,0.0,15.492318996991894,-26.383279637527444,-14.695842379817941,17.92826855711939,16.601135040332803,14.222474301435039,40.79785957825663,48.753615956592576
ACCESS-ESM1-5,ssp585,optimized,performance_ratio,china_mask,1284,1,522588,0.0,0.0,0.8812319202170371,0.9210107021087168,1.035358657214403,1.041994324798336,0.07111237150717518,1.1984792118990897,1.2569163981876372
ACCESS-ESM1-5,ssp585,optimized,pvpot,china_mask,1284,W m-2,522588,0.0,0.0,34.471000163961975,68.79155961162245,201.23725304553176,201.51317321107075,68.15324205584393,357.1197128916935,454.6769889144412
ACCESS-ESM1-5,ssp585,optimized,roughness_exponent,china_mask,1284,1,522588,0.0,0.0,0.16219772650993133,0.23851499368234724,0.3610273616306665,0.3655859271472039,0.06384407190076051,0.5387438009365109,0.7291509291061515
ACCESS-ESM1-5,ssp585,optimized,wind_speed_hub,china_mask,1284,m s-1,522588,0.0,0.0,0.09092721148975423,0.5092260808147655,2.542485857655511,2.8438951041478786,1.5585595006003088,7.7033315188268086,15.366398152646024
ACCESS-ESM1-5,ssp585,optimized,wpd,china_mask,1284,W m-2,522588,0.0,0.0,0.0004604555486455571,0.08087941644224847,10.06657493371863,29.45190929029948,59.283952760664306,279.98957327394373,2222.400563578094
AWI-CM-1-1-MR,ssp126,paper_qm,tas_c,china_mask,1284,degree_Celsius,1390572,0.0,29.94976168080473,-32.88194885253904,-20.403717193603494,8.60950622558596,7.704439672902007,13.33575723992303,30.3134103393555,34.94704589843752
AWI-CM-1-1-MR,ssp126,paper_qm,rsds,china_mask,1284,W m-2,1390572,0.0,0.0,23.102901458740234,62.1466556930542,192.66917419433594,193.89364427174127,68.07895018546076,335.57841827392576,456.83978271484375
AWI-CM-1-1-MR,ssp126,paper_qm,sfcWind_10m,china_mask,1284,m s-1,1390572,0.0,0.0,0.028855666518211365,0.1327744294703007,1.0550947189331055,1.2812980010594286,0.9110341669194212,4.312879362106323,9.098772048950195
AWI-CM-1-1-MR,ssp126,paper_qm,tcell,china_mask,1284,degree_Celsius,1390572,0.0,17.27871695963963,-27.191236750793433,-15.520311884250619,16.457027212905906,15.03648530553654,13.764448281549862,38.214604547863026,44.31684774904253
AWI-CM-1-1-MR,ssp126,paper_qm,performance_ratio,china_mask,1284,1,1390572,0.0,0.0,0.9034157612547873,0.9339269772606849,1.0427148639354704,1.0498175734723174,0.06882224140774931,1.2026015594212531,1.2609561837539671
AWI-CM-1-1-MR,ssp126,paper_qm,pvpot,china_mask,1284,W m-2,1390572,0.0,0.0,24.01067403461176,71.1957711486203,199.49036082194746,201.40445864877748,67.47960128489628,359.1933353296361,468.41262975629377
AWI-CM-1-1-MR,ssp126,paper_qm,roughness_exponent,china_mask,1284,1,1390572,0.0,0.0,0.17546291315624524,0.2412325337321899,0.3652751490844204,0.3707104401933214,0.06670465289074147,0.5478830280100954,0.6823540474032586
AWI-CM-1-1-MR,ssp126,paper_qm,wind_speed_hub,china_mask,1284,m s-1,1390572,0.0,0.0,0.1388625568731222,0.4688106531653465,2.4466204325458936,2.750701050765127,1.5560737008475958,7.516226243113897,13.628425924583683
AWI-CM-1-1-MR,ssp126,paper_qm,wpd,china_mask,1284,W m-2,1390572,0.0,0.0,0.001640066908530969,0.06311004776650202,8.970277700847138,27.45592547401965,52.73702465271848,260.0792029422117,1550.3979552506557
AWI-CM-1-1-MR,ssp126,optimized,tas_c,china_mask,1284,degree_Celsius,1390572,0.0,30.096823465451628,-33.04331054687498,-20.39059661865232,8.71888122558596,7.711785631058057,13.43382682330513,30.019390258789088,34.9201599121094
AWI-CM-1-1-MR,ssp126,optimized,rsds,china_mask,1284,W m-2,1390572,0.0,0.0,23.102901458740234,62.1466556930542,192.66917419433594,193.89364427174127,68.07895018546076,335.57841827392576,456.83978271484375
AWI-CM-1-1-MR,ssp126,optimized,sfcWind_10m,china_mask,1284,m s-1,1390572,0.0,0.0,0.028855666518211365,0.16916412070393563,1.101843774318695,1.3208424325597272,0.8936829649270547,4.295310225486757,9.098772048950195
AWI-CM-1-1-MR,ssp126,optimized,tcell,china_mask,1284,degree_Celsius,1390572,0.0,17.670713922040715,-27.191236750793433,-15.504063648509955,16.449582542467137,14.982988652745242,13.829825455890433,37.881199364261654,44.409879940557495
AWI-CM-1-1-MR,ssp126,optimized,performance_ratio,china_mask,1284,1,1390572,0.0,0.0,0.9029506002972125,0.9355940031786918,1.0427520872876643,1.0500850567362738,0.06914912727945216,1.20252031824255,1.2609561837539671
AWI-CM-1-1-MR,ssp126,optimized,pvpot,china_mask,1284,W m-2,1390572,0.0,0.0,23.97046182614068,71.18195358134302,199.594482334211,201.45772741105364,67.50278591550672,359.27086230566846,468.4204522034826
AWI-CM-1-1-MR,ssp126,optimized,roughness_exponent,china_mask,1284,1,1390572,0.0,0.0,0.17546291315624524,0.2415921547818482,0.3614556272186382,0.3653524652992299,0.06183646606163834,0.5265436483963658,0.6823540474032586
AWI-CM-1-1-MR,ssp126,optimized,wind_speed_hub,china_mask,1284,m s-1,1390572,0.0,0.0,0.1388625568731222,0.5686589830821817,2.532652757311821,2.8288443765305344,1.5173174144504298,7.4918088955921505,13.628425924583683
AWI-CM-1-1-MR,ssp126,optimized,wpd,china_mask,1284,W m-2,1390572,0.0,0.0,0.001640066908530969,0.11263200242016574,9.950228201645338,28.1412929595976,52.25811764358335,257.55273437864804,1550.3979552506557
AWI-CM-1-1-MR,ssp245,paper_qm,tas_c,china_mask,1284,degree_Celsius,1390572,0.0,29.170154440043376,-34.107748413085915,-19.930512084960913,8.979058837890648,8.168973337808827,13.306240169425234,31.079187011718773,36.72628173828127
AWI-CM-1-1-MR,ssp245,paper_qm,rsds,china_mask,1284,W m-2,1390572,0.0,0.0,29.74171257019043,62.092635765075684,191.1757583618164,192.39382165681144,67.90870608310694,334.30219177246096,407.93292236328125
AWI-CM-1-1-MR,ssp245,paper_qm,sfcWind_10m,china_mask,1284,m s-1,1390572,0.0,0.0,0.027035148814320564,0.14902845442295073,1.107840120792389,1.3231238400036038,0.9026947310141873,4.302758536338809,8.409219741821289
AWI-CM-1-1-MR,ssp245,paper_qm,tcell,china_mask,1284,degree_Celsius,1390572,0.0,16.46991310050828,-27.43794531173704,-15.04178020923612,16.72742451815607,15.368635636418938,13.681937698538363,38.67141022902968,45.46437530498506
AWI-CM-1-1-MR,ssp245,paper_qm,performance_ratio,china_mask,1284,1,1390572,0.0,0.0,0.8976781234750747,0.9316429488548517,1.0413628774092196,1.0481568218179054,0.06840968849269181,1.2002089010461805,1.2621897265586852
AWI-CM-1-1-MR,ssp245,paper_qm,pvpot,china_mask,1284,W m-2,1390572,0.0,0.0,32.443713092805986,70.98812819013962,197.6861142376772,199.5404057624862,67.28864502893278,357.3338378752966,426.22676246994274
AWI-CM-1-1-MR,ssp245,paper_qm,roughness_exponent,china_mask,1284,1,1390572,0.0,0.0,0.18240614221262813,0.24143951670385655,0.3609774779029685,0.3662132555433519,0.06411733942634369,0.5377087477396529,0.6880953974910069
AWI-CM-1-1-MR,ssp245,paper_qm,wind_speed_hub,china_mask,1284,m s-1,1390572,0.0,0.0,0.131833008180773,0.5140175474611547,2.5436336818482532,2.8296300114193387,1.5370421062961115,7.502162926060941,12.798581649858203
AWI-CM-1-1-MR,ssp245,paper_qm,wpd,china_mask,1284,W m-2,1390572,0.0,0.0,0.0014033906506824884,0.08318402459315725,10.080214980177239,28.430151720632747,52.315402410395976,258.6220606830102,1284.0786444935504
AWI-CM-1-1-MR,ssp245,optimized,tas_c,china_mask,1284,degree_Celsius,1390572,0.0,29.33814286495054,-34.1107238769531,-19.930977020263647,9.120080566406273,8.192454516341057,13.432951835710062,30.802227172851588,36.73269042968752
AWI-CM-1-1-MR,ssp245,optimized,rsds,china_mask,1284,W m-2,1390572,0.0,0.0,29.74171257019043,62.092635765075684,191.1757583618164,192.39382165681144,67.90870608310694,334.30219177246096,407.93292236328125
AWI-CM-1-1-MR,ssp245,optimized,sfcWind_10m,china_mask,1284,m s-1,1390572,0.0,0.0,0.027035148814320564,0.17281793713569643,1.1215134263038635,1.3367829151619002,0.8945408965758137,4.301185126304631,8.409219741821289
AWI-CM-1-1-MR,ssp245,optimized,tcell,china_mask,1284,degree_Celsius,1390572,0.0,16.90879724314886,-28.06722715015409,-15.044765136117912,16.77266517238619,15.369907320932956,13.796735057939179,38.36944723634722,45.43067356233598
AWI-CM-1-1-MR,ssp245,optimized,performance_ratio,china_mask,1284,1,1390572,0.0,0.0,0.8978466321883201,0.933152763818264,1.041136674138069,1.0481504633953351,0.0689836752896959,1.2002238256805897,1.2653361357507704
AWI-CM-1-1-MR,ssp245,optimized,pvpot,china_mask,1284,W m-2,1390572,0.0,0.0,32.5087657459922,70.96044716172017,197.71786921528854,199.54244091888208,67.31368031811334,357.32945916201584,426.1555880479906
AWI-CM-1-1-MR,ssp245,optimized,roughness_exponent,china_mask,1284,1,1390572,0.0,0.0,0.18240614221262813,0.24147173854289478,0.35989677599064757,0.3640489997943101,0.061546330432398405,0.5246610146954661,0.6880953974910069
AWI-CM-1-1-MR,ssp245,optimized,wind_speed_hub,china_mask,1284,m s-1,1390572,0.0,0.0,0.131833008180773,0.5784286975831185,2.568628241039065,2.857488455704575,1.5180892933099284,7.4999760036062195,12.798581649858203
AWI-CM-1-1-MR,ssp245,optimized,wpd,china_mask,1284,W m-2,1390572,0.0,0.0,0.0014033906506824884,0.11853745204182352,10.380298739345978,28.631193694836902,52.176348462475154,258.39595732218777,1284.0786444935504
AWI-CM-1-1-MR,ssp585,paper_qm,tas_c,china_mask,1284,degree_Celsius,1390572,0.0,27.699464680721313,-32.88194885253904,-19.42085235595701,9.666802978515648,8.91384039055615,13.36745560819217,32.448794250488305,41.32393798828127
AWI-CM-1-1-MR,ssp585,paper_qm,rsds,china_mask,1284,W m-2,1390572,0.0,0.0,24.78527069091797,62.01053310394287,191.55255889892578,192.43704139659366,67.47138298930771,333.318395690918,429.2267150878906
AWI-CM-1-1-MR,ssp585,paper_qm,sfcWind_10m,china_mask,1284,m s-1,1390572,0.0,0.0,0.028173159807920456,0.1472248613834381,1.097918152809143,1.315121233303234,0.9036101413636858,4.287125849723818,8.758760452270508
AWI-CM-1-1-MR,ssp585,paper_qm,tcell,china_mask,1284,degree_Celsius,1390572,0.0,15.339874526453862,-27.772770144653297,-14.537797702140782,17.377645892190955,16.084483402911733,13.74460652288109,39.98790015619995,49.96913869004251
AWI-CM-1-1-MR,ssp585,paper_qm,performance_ratio,china_mask,1284,1,1390572,0.0,0.0,0.8751543065497874,0.9250604992190002,1.0381117705390452,1.0445775829854413,0.06872303261440545,1.197688988510704,1.2638638507232665
AWI-CM-1-1-MR,ssp585,paper_qm,pvpot,china_mask,1284,W m-2,1390572,0.0,0.0,25.63766380059478,70.73785017030022,197.26761563836726,198.88985958135336,66.61837094707724,355.7459441165302,437.84670655298106
AWI-CM-1-1-MR,ssp585,paper_qm,roughness_exponent,china_mask,1284,1,1390572,0.0,0.0,0.17881820788386518,0.2417601825350778,0.3617700681749969,0.3670656374052795,0.06460381487907949,0.5387814682871015,0.684462865556774
AWI-CM-1-1-MR,ssp585,paper_qm,wind_speed_hub,china_mask,1284,m s-1,1390572,0.0,0.0,0.13623805170531164,0.5090525559502659,2.525457322910805,2.8145623439690457,1.5402497289384016,7.480427447147854,13.220895017150358
AWI-CM-1-1-MR,ssp585,paper_qm,wpd,china_mask,1284,W m-2,1390572,0.0,0.0,0.0015488214902268046,0.08079676270207974,9.865661143855199,28.21046516613869,52.176312933497165,256.38070547653655,1415.4308694239223
AWI-CM-1-1-MR,ssp585,optimized,tas_c,china_mask,1284,degree_Celsius,1390572,0.0,27.92800372796231,-33.52635803222654,-19.431967163085915,9.850305175781273,8.964659573401086,13.509093273569249,32.22716766357425,41.32344970703127
AWI-CM-1-1-MR,ssp585,optimized,rsds,china_mask,1284,W m-2,1390572,0.0,0.0,24.78527069091797,62.01053310394287,191.55255889892578,192.43704139659366,67.47138298930771,333.318395690918,429.2267150878906
AWI-CM-1-1-MR,ssp585,optimized,sfcWind_10m,china_mask,1284,m s-1,1390572,0.0,0.0,0.028173159807920456,0.17189380645751953,1.1170815825462341,1.3328891943156551,0.8930321541065898,4.281218390464787,8.758760452270508
AWI-CM-1-1-MR,ssp585,optimized,tcell,china_mask,1284,degree_Celsius,1390572,0.0,15.771351645222254,-28.450953263473487,-14.513291064796425,17.439465700674077,16.105256447907525,13.868431310828086,39.71109869504455,49.862109195041675
AWI-CM-1-1-MR,ssp585,optimized,performance_ratio,china_mask,1284,1,1390572,0.0,0.0,0.8756894540247916,0.9264445065247774,1.0378026714966295,1.0444737177604624,0.06934215655414043,1.1975664553239822,1.2672547663173674
AWI-CM-1-1-MR,ssp585,optimized,pvpot,china_mask,1284,W m-2,1390572,0.0,0.0,25.65544583282333,70.7229663384488,197.29904102227022,198.87458681168735,66.64190956934243,355.66429327507075,437.9185970501535
AWI-CM-1-1-MR,ssp585,optimized,roughness_exponent,china_mask,1284,1,1390572,0.0,0.0,0.17881820788386518,0.2418816639423009,0.36024560723846644,0.36438259239025056,0.061680347141390104,0.5251333867897735,0.684462865556774
AWI-CM-1-1-MR,ssp585,optimized,wind_speed_hub,china_mask,1284,m s-1,1390572,0.0,0.0,0.13623805170531164,0.5759617141972027,2.560533716214798,2.85053604951055,1.5167143532448795,7.472209610989894,13.220895017150358
AWI-CM-1-1-MR,ssp585,optimized,wpd,china_mask,1284,W m-2,1390572,0.0,0.0,0.0015488214902268046,0.11702723385660643,10.282473278792171,28.460271021725763,51.83002336122619,255.53667050251497,1415.4308694239223
BCC-CSM2-MR,ssp126,paper_qm,tas_c,china_mask,1284,degree_Celsius,975840,0.0,30.30138137399574,-33.19481506347654,-21.13147994995115,8.535089111328148,7.526632479664403,13.43907731744805,30.08948791503908,36.59743652343752
BCC-CSM2-MR,ssp126,paper_qm,rsds,china_mask,1284,W m-2,975840,0.0,0.0,26.15489959716797,61.92055797576904,193.6038818359375,194.53009091671774,68.65737118445315,337.28233642578124,409.51715087890625
BCC-CSM2-MR,ssp126,paper_qm,sfcWind_10m,china_mask,1284,m s-1,975840,0.0,0.0,0.030879586935043335,0.16887714132666587,1.1523929238319397,1.3725355519873816,0.9238452860788504,4.437717614173888,11.860852241516113
BCC-CSM2-MR,ssp126,paper_qm,tcell,china_mask,1284,degree_Celsius,975840,0.0,18.011559272011805,-28.449042903137183,-16.18588968599317,16.269343491005916,14.747222650554908,13.864503585122025,37.80501152935984,44.94452844505312
BCC-CSM2-MR,ssp126,paper_qm,performance_ratio,china_mask,1284,1,975840,0.0,0.0,0.9002773577747344,0.9359749423532008,1.0436532825449705,1.0512638867472255,0.06932251792561013,1.2059294484299659,1.267245214515686
BCC-CSM2-MR,ssp126,paper_qm,pvpot,china_mask,1284,W m-2,975840,0.0,0.0,31.632617132982755,70.95934702866639,200.41072728155427,202.25533744757053,67.94698182708282,360.4937861776551,452.1582617570493
BCC-CSM2-MR,ssp126,paper_qm,roughness_exponent,china_mask,1284,1,975840,0.0,0.0,0.15210726972230063,0.23871864896601605,0.35750384456419815,0.36183180168437346,0.06187634766165375,0.5266932330296523,0.6763818398656742
BCC-CSM2-MR,ssp126,paper_qm,wind_speed_hub,china_mask,1284,m s-1,975840,0.0,0.0,0.14657277902559104,0.5678898438929147,2.624849620610133,2.9178788930274284,1.5554194690041285,7.689149628382172,16.835389375303027
BCC-CSM2-MR,ssp126,paper_qm,wpd,china_mask,1284,W m-2,975840,0.0,0.0,0.0019287061244276135,0.11217559934512006,11.076929084724961,30.741851004804445,60.585842358415775,278.44602972176165,2922.641785240728
BCC-CSM2-MR,ssp126,optimized,tas_c,china_mask,1284,degree_Celsius,975840,0.0,30.13106656828988,-33.19481506347654,-21.00192169189451,8.61359558105471,7.649912476496634,13.506657614658678,30.133565673828144,36.57219848632815
BCC-CSM2-MR,ssp126,optimized,rsds,china_mask,1284,W m-2,975840,0.0,0.0,26.15489959716797,61.92055797576904,193.6038818359375,194.53009091671774,68.65737118445315,337.28233642578124,409.51715087890625
BCC-CSM2-MR,ssp126,optimized,sfcWind_10m,china_mask,1284,m s-1,975840,0.0,0.0,0.030879586935043335,0.174262737929821,1.1474822759628296,1.3679866723470295,0.9208502582274951,4.422107744216919,11.860852241516113
BCC-CSM2-MR,ssp126,optimized,tcell,china_mask,1284,degree_Celsius,975840,0.0,17.96892933267749,-28.449042903137183,-16.000705484657264,16.328473462390917,14.87042637565816,13.932727029512913,37.979346597137464,45.83214387683871
BCC-CSM2-MR,ssp126,optimized,performance_ratio,china_mask,1284,1,975840,0.0,0.0,0.8958392806158064,0.9351032670143127,1.0433576326880454,1.050647868121709,0.06966363514756457,1.2050035274232864,1.267245214515686
BCC-CSM2-MR,ssp126,optimized,pvpot,china_mask,1284,W m-2,975840,0.0,0.0,31.56898115198864,70.86708630704818,200.26223181358847,202.14870825933315,67.9641518433601,360.6284807800666,452.9691103281376
BCC-CSM2-MR,ssp126,optimized,roughness_exponent,china_mask,1284,1,975840,0.0,0.0,0.15210726972230063,0.2390290909635471,0.3578800638779782,0.3620020528933202,0.061527579097129526,0.5239275386060216,0.6763818398656742
BCC-CSM2-MR,ssp126,optimized,wind_speed_hub,china_mask,1284,m s-1,975840,0.0,0.0,0.14657277902559104,0.5822802660551456,2.615929587696018,2.910421557330189,1.5505061154027784,7.667581676724725,16.835389375303027
BCC-CSM2-MR,ssp126,optimized,wpd,china_mask,1284,W m-2,975840,0.0,0.0,0.0019287061244276135,0.12092116103144313,10.96438414845111,30.50829907130001,60.185257350096414,276.10948484224167,2922.641785240728
BCC-CSM2-MR,ssp245,paper_qm,tas_c,china_mask,1284,degree_Celsius,975840,0.0,29.31453926873258,-33.675253295898415,-20.53728530883787,9.062554931640648,8.042718015387152,13.3632379234069,30.682215881347677,37.36367187500002
BCC-CSM2-MR,ssp245,paper_qm,rsds,china_mask,1284,W m-2,975840,0.0,0.0,24.979127883911133,61.5313374710083,192.62992095947266,193.7875207033621,68.58872088134122,337.2930374145508,406.0775451660156
BCC-CSM2-MR,ssp245,paper_qm,sfcWind_10m,china_mask,1284,m s-1,975840,0.0,0.0,0.028949163854122162,0.1719008556008339,1.1467435359954834,1.3656230524812631,0.9158329309746783,4.397274518013001,11.860852241516113
BCC-CSM2-MR,ssp245,paper_qm,tcell,china_mask,1284,degree_Celsius,975840,0.0,17.01190768978521,-28.449042903137183,-15.50525440330503,16.733490788745904,15.223661644012852,13.768165771757191,38.29227282914163,45.97097873477938
BCC-CSM2-MR,ssp245,paper_qm,performance_ratio,china_mask,1284,1,975840,0.0,0.0,0.8951451063261031,0.9335386358542919,1.0413325460562706,1.0488816917799357,0.06884082885878595,1.202526272016525,1.267245214515686
BCC-CSM2-MR,ssp245,paper_qm,pvpot,china_mask,1284,W m-2,975840,0.0,0.0,30.405378606584897,70.43781990553656,198.96969221915697,201.06116700282323,67.84685566574963,359.6229253968867,436.2544685471612
BCC-CSM2-MR,ssp245,paper_qm,roughness_exponent,china_mask,1284,1,975840,0.0,0.0,0.15210726972230063,0.2395252284356505,0.35793680022277413,0.36203332255542736,0.06136464918419938,0.5251297740003369,0.6820690496816496
BCC-CSM2-MR,ssp245,paper_qm,wind_speed_hub,china_mask,1284,m s-1,975840,0.0,0.0,0.13922110424691275,0.5759805421740795,2.6145870210453617,2.907047380371677,1.5430783792659921,7.63323806821114,16.835389375303027
BCC-CSM2-MR,ssp245,paper_qm,wpd,china_mask,1284,W m-2,975840,0.0,0.0,0.0016528038480905444,0.11703871098322269,10.947511145121062,30.272522934747187,59.5490641939575,272.4159397243749,2922.641785240728
BCC-CSM2-MR,ssp245,optimized,tas_c,china_mask,1284,degree_Celsius,975840,0.0,29.080586981472372,-33.651937866210915,-20.341180725097633,9.183877563476585,8.223929923830495,13.438892221350205,30.777515563964865,37.29900512695315
BCC-CSM2-MR,ssp245,optimized,rsds,china_mask,1284,W m-2,975840,0.0,0.0,24.979127883911133,61.5313374710083,192.62992095947266,193.7875207033621,68.58872088134122,337.2930374145508,406.0775451660156
BCC-CSM2-MR,ssp245,optimized,sfcWind_10m,china_mask,1284,m s-1,975840,0.0,0.0,0.028949163854122162,0.17551928341388703,1.1450234055519104,1.3642818426342285,0.9156695064262553,4.392197904586792,11.860852241516113
BCC-CSM2-MR,ssp245,optimized,tcell,china_mask,1284,degree_Celsius,975840,0.0,16.867929168716184,-28.449042903137183,-15.278557692823387,16.828625090408345,15.396593842321195,13.845040095273756,38.51611814265252,45.85150223045351
BCC-CSM2-MR,ssp245,optimized,performance_ratio,china_mask,1284,1,975840,0.0,0.0,0.8957424888477324,0.9324194092867374,1.0408568745479583,1.048017030788394,0.06922520047636878,1.2013927884641167,1.267245214515686
BCC-CSM2-MR,ssp245,optimized,pvpot,china_mask,1284,W m-2,975840,0.0,0.0,30.47466013005436,70.32085016065348,198.7941623240945,200.9117189291892,67.85692706468195,359.6390439259035,436.566133236612
BCC-CSM2-MR,ssp245,optimized,roughness_exponent,china_mask,1284,1,975840,0.0,0.0,0.15210726972230063,0.23962699784159952,0.3580690505993651,0.3621181972143302,0.061305228300326926,0.5232945607678495,0.6820690496816496
BCC-CSM2-MR,ssp245,optimized,wind_speed_hub,china_mask,1284,m s-1,975840,0.0,0.0,0.13922110424691275,0.5856247164061696,2.6114602209053315,2.9046751575186733,1.542903806929773,7.626212426009511,16.835389375303027
BCC-CSM2-MR,ssp245,optimized,wpd,china_mask,1284,W m-2,975840,0.0,0.0,0.0016528038480905444,0.1230167606758671,10.908281516788065,30.224646139658045,59.42158737796243,271.66443588566915,2922.641785240728
BCC-CSM2-MR,ssp585,paper_qm,tas_c,china_mask,1284,degree_Celsius,975840,0.0,28.0607476635514,-33.19481506347654,-20.096641540527322,9.74463806152346,8.767218306917213,13.453759844235043,32.28665374755862,38.39107666015627
BCC-CSM2-MR,ssp585,paper_qm,rsds,china_mask,1284,W m-2,975840,0.0,0.0,23.138137817382812,61.00331943511963,192.89788818359375,193.82388444569565,68.76041698748541,336.3690148925781,402.96868896484375
BCC-CSM2-MR,ssp585,paper_qm,sfcWind_10m,china_mask,1284,m s-1,975840,0.0,0.0,0.03128992021083832,0.17249432623386382,1.1454824805259705,1.3653371774804486,0.9183526957400232,4.40834030151367,11.860852241516113
BCC-CSM2-MR,ssp585,paper_qm,tcell,china_mask,1284,degree_Celsius,975840,0.0,16.05375881292015,-28.449042903137183,-15.094821546649909,17.383667112875003,15.908320420712283,13.866212788519073,39.751169693593994,47.09613317947389
BCC-CSM2-MR,ssp585,paper_qm,performance_ratio,china_mask,1284,1,975840,0.0,0.0,0.8895193341026305,0.92624415153203,1.038081664435625,1.0454583978964387,0.06933106394259536,1.2004741077332495,1.267245214515686
BCC-CSM2-MR,ssp585,paper_qm,pvpot,china_mask,1284,W m-2,975840,0.0,0.0,27.564546176387253,69.59534902813104,198.38067744742398,200.36955980148772,67.66629820968384,357.71551236729414,441.6780429342587
BCC-CSM2-MR,ssp585,paper_qm,roughness_exponent,china_mask,1284,1,975840,0.0,0.0,0.15210726972230063,0.2393038024444342,0.3580337356883677,0.3621682196196904,0.06154332505536208,0.5248261413268119,0.6752188618009825
BCC-CSM2-MR,ssp585,paper_qm,wind_speed_hub,china_mask,1284,m s-1,975840,0.0,0.0,0.1481232790182491,0.5775651176979707,2.6122948064155516,2.9060159371189918,1.5471037270916752,7.648546562226579,16.835389375303027
BCC-CSM2-MR,ssp585,paper_qm,wpd,china_mask,1284,W m-2,975840,0.0,0.0,0.0019905635420604147,0.11800732365635838,10.918743253951455,30.346892328237857,60.230160792616246,274.05822330889725,2922.641785240728
BCC-CSM2-MR,ssp585,optimized,tas_c,china_mask,1284,degree_Celsius,975840,0.0,27.745532054435152,-33.19481506347654,-19.8746318054199,9.879357910156273,8.993314651849547,13.545509206285155,32.54915863037111,38.26088867187502
BCC-CSM2-MR,ssp585,optimized,rsds,china_mask,1284,W m-2,975840,0.0,0.0,23.138137817382812,61.00331943511963,192.89788818359375,193.82388444569565,68.76041698748541,336.3690148925781,402.96868896484375
BCC-CSM2-MR,ssp585,optimized,sfcWind_10m,china_mask,1284,m s-1,975840,0.0,0.0,0.03128992021083832,0.174637094438076,1.1455599069595337,1.3651620652614878,0.9178025886865001,4.40262363910675,11.860852241516113
BCC-CSM2-MR,ssp585,optimized,tcell,china_mask,1284,degree_Celsius,975840,0.0,15.84624528611248,-28.449042903137183,-14.834832374725318,17.49701511220934,16.121796845454046,13.955799415256667,40.04144868738177,46.72527320294382
BCC-CSM2-MR,ssp585,optimized,performance_ratio,china_mask,1284,1,975840,0.0,0.0,0.8913736339852809,0.9247927565630911,1.0375149244389532,1.0443910157727296,0.06977899707628334,1.1991741618736267,1.267245214515686
BCC-CSM2-MR,ssp585,optimized,pvpot,china_mask,1284,W m-2,975840,0.0,0.0,27.491962897940137,69.41593918018087,198.1573074273977,200.1875294084821,67.6853206245254,357.8174723535327,440.1256555579762
BCC-CSM2-MR,ssp585,optimized,roughness_exponent,china_mask,1284,1,975840,0.0,0.0,0.15210726972230063,0.23941812319084096,0.3580277809589018,0.3621275542760406,0.061428364786663026,0.5237384825079048,0.6752188618009825
BCC-CSM2-MR,ssp585,optimized,wind_speed_hub,china_mask,1284,m s-1,975840,0.0,0.0,0.1481232790182491,0.5832771720243047,2.6124355588267734,2.9058869238754124,1.5459772038151194,7.640639060044788,16.835389375303027
BCC-CSM2-MR,ssp585,optimized,wpd,china_mask,1284,W m-2,975840,0.0,0.0,0.0019905635420604147,0.12154330232963526,10.92050827937111,30.325656721490517,60.08624429821242,273.2090907775812,2922.641785240728
CAS-ESM2-0,ssp126,paper_qm,tas_c,china_mask,1284,degree_Celsius,612468,0.0,28.98175904700327,-35.97037353515623,-20.94933654785154,9.173516845703148,8.158907601597264,13.473920301447427,30.896427307128928,36.6966491699219
CAS-ESM2-0,ssp126,paper_qm,rsds,china_mask,1284,W m-2,612468,0.0,0.0,21.66211700439453,59.745212669372556,192.22174835205078,193.74885125574625,69.08339440169507,337.6159497070312,453.92144775390625
CAS-ESM2-0,ssp126,paper_qm,sfcWind_10m,china_mask,1284,m s-1,612468,0.0,0.0,0.03525219112634659,0.15770337149500846,1.1048215627670288,1.328430359120721,0.9118481423028232,4.336077384948728,7.751986503601074
CAS-ESM2-0,ssp126,paper_qm,tcell,china_mask,1284,degree_Celsius,612468,0.0,16.91092432584233,-30.1060989562988,-16.20517373182056,16.985248999881765,15.388976114730655,13.945155755740203,38.581283002347945,43.6049018228531
CAS-ESM2-0,ssp126,paper_qm,performance_ratio,china_mask,1284,1,612468,0.0,0.0,0.9069754908857345,0.9320935849882601,1.0400737550005912,1.0480551194263465,0.06972577877870101,1.2060258686591028,1.275530494781494
CAS-ESM2-0,ssp126,paper_qm,pvpot,china_mask,1284,W m-2,612468,0.0,0.0,23.66330312436159,68.8615300294091,199.28844899505833,200.73047242642224,67.99285425654263,360.94819600306073,461.62710187520827
CAS-ESM2-0,ssp126,paper_qm,roughness_exponent,china_mask,1284,1,612468,0.0,0.0,0.18957568133288685,0.24075993321657924,0.361217853672119,0.3657961052402005,0.06363845853456115,0.5327241716912738,0.66471455085899
CAS-ESM2-0,ssp126,paper_qm,wind_speed_hub,china_mask,1284,m s-1,612468,0.0,0.0,0.16289234180064205,0.5377310936384337,2.5381074007061972,2.8381470610002872,1.548962958220553,7.548435658711995,11.994680638636614
CAS-ESM2-0,ssp126,paper_qm,wpd,china_mask,1284,W m-2,612468,0.0,0.0,0.0026473300770128933,0.09523608689052895,10.014656999134022,28.880034701179156,52.62797541472978,263.4371175144827,1056.9931208091552
CAS-ESM2-0,ssp126,optimized,tas_c,china_mask,1284,degree_Celsius,612468,0.0,29.573136882253444,-35.97037353515623,-20.838562622070288,9.02558288574221,8.04877336226371,13.517439668617017,30.481306457519548,36.66927490234377
CAS-ESM2-0,ssp126,optimized,rsds,china_mask,1284,W m-2,612468,0.0,0.0,21.66211700439453,59.745212669372556,192.22174835205078,193.74885125574625,69.08339440169507,337.6159497070312,453.92144775390625
CAS-ESM2-0,ssp126,optimized,sfcWind_10m,china_mask,1284,m s-1,612468,0.0,0.0,0.03525219112634659,0.16657770559191704,1.119543194770813,1.3400892165501301,0.9076089068424321,4.340087790489178,7.751986503601074
CAS-ESM2-0,ssp126,optimized,tcell,china_mask,1284,degree_Celsius,612468,0.0,17.249717536263116,-30.1060989562988,-16.027664253702138,16.792158602762242,15.267304792886973,13.979678427743194,38.27264877268793,43.5950884988785
CAS-ESM2-0,ssp126,optimized,performance_ratio,china_mask,1284,1,612468,0.0,0.0,0.9070245575056075,0.9336367561365604,1.0410392069861887,1.048663476035565,0.06989839213871597,1.2051383212685107,1.275530494781494
CAS-ESM2-0,ssp126,optimized,pvpot,china_mask,1284,W m-2,612468,0.0,0.0,23.66368962867457,68.8139748989412,199.38167981450607,200.90136750365903,68.22631342988126,362.382607334532,463.20294094907194
CAS-ESM2-0,ssp126,optimized,roughness_exponent,china_mask,1284,1,612468,0.0,0.0,0.18957568133288685,0.24067848795187857,0.3600516827798383,0.3643325706330135,0.06236820015933642,0.5279010466181707,0.66471455085899
CAS-ESM2-0,ssp126,optimized,wind_speed_hub,china_mask,1284,m s-1,612468,0.0,0.0,0.16289234180064205,0.5617174589072738,2.5650305215026545,2.8608212859918978,1.5390448907659506,7.554000377337175,11.994680638636614
CAS-ESM2-0,ssp126,optimized,wpd,china_mask,1284,W m-2,612468,0.0,0.0,0.0026473300770128933,0.10855750683116558,10.336742665347735,29.119226928282814,52.580863186293406,264.0201671323834,1056.9931208091552
CAS-ESM2-0,ssp245,paper_qm,tas_c,china_mask,1284,degree_Celsius,612468,0.0,28.251924998530537,-35.97037353515623,-20.685160369873024,9.48127136230471,8.470879862420434,13.400065071471825,31.271640319824233,36.83443603515627
CAS-ESM2-0,ssp245,paper_qm,rsds,china_mask,1284,W m-2,612468,0.0,0.0,25.137378692626953,58.8742622756958,190.23739624023438,191.80390822227912,68.67982506791185,336.3153665161131,408.4226989746094
CAS-ESM2-0,ssp245,paper_qm,sfcWind_10m,china_mask,1284,m s-1,612468,0.0,0.0,0.033728957176208496,0.14815160632133484,1.085960865020752,1.3119199915384532,0.9122069427425783,4.328760838508605,7.28246545791626
CAS-ESM2-0,ssp245,paper_qm,tcell,china_mask,1284,degree_Celsius,612468,0.0,16.252440943853394,-30.1060989562988,-15.977431033115364,17.218822792816184,15.653935393415527,13.856317806625919,38.88270109499931,44.352031006622326
CAS-ESM2-0,ssp245,paper_qm,performance_ratio,china_mask,1284,1,612468,0.0,0.0,0.9032398449668884,0.9305864945250033,1.038905886035919,1.0467303230329223,0.06928158903312959,1.2048871551655767,1.275530494781494
CAS-ESM2-0,ssp245,paper_qm,pvpot,china_mask,1284,W m-2,612468,0.0,0.0,26.814441882396512,67.76653759441976,196.91703251744363,198.50379444692942,67.68341924289518,358.87335208159965,437.84507300006453
CAS-ESM2-0,ssp245,paper_qm,roughness_exponent,china_mask,1284,1,612468,0.0,0.0,0.19508013998572857,0.24090871565793442,0.3627348172041911,0.3675165766355029,0.06469146205823166,0.5382286382240483,0.6686060120074648
CAS-ESM2-0,ssp245,paper_qm,wind_speed_hub,china_mask,1284,m s-1,612468,0.0,0.0,0.1572566160470158,0.5116052622167985,2.50350804873087,2.807392919826589,1.5529266810846387,7.538280744267753,11.4119161859738
CAS-ESM2-0,ssp245,paper_qm,wpd,china_mask,1284,W m-2,612468,0.0,0.0,0.0023819512622028534,0.08201836390240315,9.610656806156088,28.383767568086157,52.26704153654008,262.37534092297795,910.2942785716881
CAS-ESM2-0,ssp245,optimized,tas_c,china_mask,1284,degree_Celsius,612468,0.0,28.88330492368581,-35.97037353515623,-20.56554260253904,9.34400329589846,8.360466285758953,13.443934923041766,30.843621826171898,36.80645141601565
CAS-ESM2-0,ssp245,optimized,rsds,china_mask,1284,W m-2,612468,0.0,0.0,25.137378692626953,58.8742622756958,190.23739624023438,191.80390822227912,68.67982506791185,336.3153665161131,408.4226989746094
CAS-ESM2-0,ssp245,optimized,sfcWind_10m,china_mask,1284,m s-1,612468,0.0,0.0,0.033728957176208496,0.16553832054138184,1.115205466747284,1.3356639477587788,0.9058050614617984,4.335539093017577,7.220576286315918
CAS-ESM2-0,ssp245,optimized,tcell,china_mask,1284,degree_Celsius,612468,0.0,16.611153562308562,-30.1060989562988,-15.783735774021125,17.014544809538144,15.513534625519094,13.883514030187875,38.4833990146208,44.59501877002718
CAS-ESM2-0,ssp245,optimized,performance_ratio,china_mask,1284,1,612468,0.0,0.0,0.9020249061498641,0.9325830049268959,1.0399272759523093,1.0474323268724046,0.06941757015093938,1.2039186788701055,1.275530494781494
CAS-ESM2-0,ssp245,optimized,pvpot,china_mask,1284,W m-2,612468,0.0,0.0,26.83799234515372,67.75034868374746,197.0719816712132,198.6946570626782,67.93179337064761,360.40540254690416,440.3571256702802
CAS-ESM2-0,ssp245,optimized,roughness_exponent,china_mask,1284,1,612468,0.0,0.0,0.195832046959574,0.24077087085815863,0.3603936937858253,0.36466664909713603,0.06243468905518581,0.5284524811724749,0.6686060120074648
CAS-ESM2-0,ssp245,optimized,wind_speed_hub,china_mask,1284,m s-1,612468,0.0,0.0,0.1572566160470158,0.5589217702412658,2.5571051297795018,2.8530811424806113,1.5367473437479868,7.547688661300777,11.334540214899127
CAS-ESM2-0,ssp245,optimized,wpd,china_mask,1284,W m-2,612468,0.0,0.0,0.0023819512622028534,0.10694467653826183,10.241223484030666,28.92918431604769,52.38363287685985,263.3589155936352,891.9033930167421
CAS-ESM2-0,ssp585,paper_qm,tas_c,china_mask,1284,degree_Celsius,612468,0.0,26.515181201303577,-35.97037353515623,-20.25027908325193,10.261010742187523,9.26302454134556,13.413688582577793,32.60708953857423,40.02669677734377
CAS-ESM2-0,ssp585,paper_qm,rsds,china_mask,1284,W m-2,612468,0.0,0.0,22.076152801513672,57.53869297027588,189.71849060058594,191.06590973036717,68.4789040596968,336.593794555664,456.26348876953125
CAS-ESM2-0,ssp585,paper_qm,sfcWind_10m,china_mask,1284,m s-1,612468,0.0,0.0,0.036110375076532364,0.14809845700860025,1.0855469107627869,1.3138024197021556,0.9156885499515264,4.331819748878473,7.746371746063232
CAS-ESM2-0,ssp585,paper_qm,tcell,china_mask,1284,degree_Celsius,612468,0.0,14.98200722323452,-30.1060989562988,-15.463183885669682,17.872404412555717,16.37738751763425,13.87249787200071,40.12572010540963,46.79387379341127
CAS-ESM2-0,ssp585,paper_qm,performance_ratio,china_mask,1284,1,612468,0.0,0.0,0.8910306310329437,0.9243713994729518,1.0356379779372213,1.0431130624118288,0.06936248936000355,1.2023159194283484,1.275530494781494
CAS-ESM2-0,ssp585,paper_qm,pvpot,china_mask,1284,W m-2,612468,0.0,0.0,23.45602520922763,66.07630680625444,195.58677241546914,197.03651607605713,67.29670597351831,358.16137077556385,452.45185366319913
CAS-ESM2-0,ssp585,paper_qm,roughness_exponent,china_mask,1284,1,612468,0.0,0.0,0.18963951521164435,0.24084648195931624,0.3627684061896604,0.36751326357479347,0.06488702559615961,0.5382602497468638,0.662595522494598
CAS-ESM2-0,ssp585,paper_qm,wind_speed_hub,china_mask,1284,m s-1,612468,0.0,0.0,0.16604565739226174,0.5114589508765637,2.5027473025211813,2.810071885995901,1.5585182524986685,7.542526745992039,11.987754767103782
CAS-ESM2-0,ssp585,paper_qm,wpd,china_mask,1284,W m-2,612468,0.0,0.0,0.0028040687591610286,0.0819480160822684,9.601898237605347,28.54297858335944,52.47590127829676,262.8189463116453,1055.1632165543547
CAS-ESM2-0,ssp585,optimized,tas_c,china_mask,1284,degree_Celsius,612468,0.0,27.18215482278258,-35.97037353515623,-20.07419921874998,10.140100097656273,9.165313043670805,13.460907652207405,32.2578063964844,39.98491821289065
CAS-ESM2-0,ssp585,optimized,rsds,china_mask,1284,W m-2,612468,0.0,0.0,22.076152801513672,57.53869297027588,189.71849060058594,191.06590973036717,68.4789040596968,336.593794555664,456.26348876953125
CAS-ESM2-0,ssp585,optimized,sfcWind_10m,china_mask,1284,m s-1,612468,0.0,0.0,0.036110375076532364,0.16588191837072372,1.112333595752716,1.334688704063902,0.9067491826970866,4.340342078208918,7.746371746063232
CAS-ESM2-0,ssp585,optimized,tcell,china_mask,1284,degree_Celsius,612468,0.0,15.331413233017887,-30.1060989562988,-15.219065582466104,17.701859576034565,16.253331332822206,13.895953599244258,39.738253736891764,46.762130613613145
CAS-ESM2-0,ssp585,optimized,performance_ratio,china_mask,1284,1,612468,0.0,0.0,0.8911893469319343,0.9263087313155411,1.0364907021198273,1.043733343335889,0.0694797679962213,1.2010953279123304,1.275530494781494
CAS-ESM2-0,ssp585,optimized,pvpot,china_mask,1284,W m-2,612468,0.0,0.0,23.330532674644193,66.06050860830602,195.73061813176793,197.21533843579982,67.548918481382,359.71556670663915,458.260045044765
CAS-ESM2-0,ssp585,optimized,roughness_exponent,china_mask,1284,1,612468,0.0,0.0,0.18963951521164435,0.24067332618410336,0.36062086104803404,0.364773448395007,0.06247025989121418,0.5282698068489454,0.662595522494598
CAS-ESM2-0,ssp585,optimized,wind_speed_hub,china_mask,1284,m s-1,612468,0.0,0.0,0.16604565739226174,0.5598463563619801,2.551854541183409,2.8511520217202646,1.5382405878985392,7.5543531856659,11.987754767103782
CAS-ESM2-0,ssp585,optimized,wpd,china_mask,1284,W m-2,612468,0.0,0.0,0.0028040687591610286,0.10747628868493571,10.178267002523501,28.929094572951474,52.44342589963651,264.0571607725663,1055.1632165543547
CESM2-WACCM,ssp126,paper_qm,tas_c,china_mask,1284,degree_Celsius,1033620,0.0,29.196416478009326,-32.853231811523415,-20.65344558715818,9.141519165039085,8.102332026779356,13.347524284629763,30.746466979980486,36.23171386718752
CESM2-WACCM,ssp126,paper_qm,rsds,china_mask,1284,W m-2,1033620,0.0,0.0,25.130979537963867,61.98053581237793,192.07627868652344,194.14078427346664,68.77093337596777,337.5223684692382,410.16851806640625
CESM2-WACCM,ssp126,paper_qm,sfcWind_10m,china_mask,1284,m s-1,1033620,0.0,0.0,0.02311795763671398,0.11750899694859981,1.038506269454956,1.2629186303902122,0.9092493523519706,4.290937852859492,8.180764198303223
CESM2-WACCM,ssp126,paper_qm,tcell,china_mask,1284,degree_Celsius,1033620,0.0,16.712621659797605,-28.841536284637428,-15.654180423002222,16.913631655859966,15.446701393673752,13.835270778584395,38.58955665624142,45.60311221318246
CESM2-WACCM,ssp126,paper_qm,performance_ratio,china_mask,1284,1,1033620,0.0,0.0,0.8969844389340876,0.9320522167187928,1.0404318417207001,1.0477664930316313,0.06917635389292198,1.203270902115011,1.2692076814231872
CESM2-WACCM,ssp126,paper_qm,pvpot,china_mask,1284,W m-2,1033620,0.0,0.0,26.414305819594453,70.88883392170266,198.46326407770448,201.21477282710714,67.91640367986875,359.21463402009033,428.69291475469237
CESM2-WACCM,ssp126,paper_qm,roughness_exponent,china_mask,1284,1,1033620,0.0,0.0,0.18483269136876754,0.2416818810671975,0.3666712823415308,0.37291581879506824,0.0686041642906278,0.5586432773507019,0.7018855252977834
CESM2-WACCM,ssp126,paper_qm,wind_speed_hub,china_mask,1284,m s-1,1033620,0.0,0.0,0.116368380118625,0.4253186204232164,2.4159080729997333,2.716152701801325,1.5583025806411979,7.485729085551149,12.520641080454208
CESM2-WACCM,ssp126,paper_qm,wpd,china_mask,1284,W m-2,1033620,0.0,0.0,0.0009651861016931073,0.04712477423311369,8.636689534977325,26.85237203178847,51.789799755821164,256.9262096309044,1202.2251015274512
CESM2-WACCM,ssp126,optimized,tas_c,china_mask,1284,degree_Celsius,1033620,0.0,29.662061492618175,-32.853231811523415,-20.545077972412088,9.049340820312523,8.031824415093299,13.427391290576592,30.502118530273457,36.2083679199219
CESM2-WACCM,ssp126,optimized,rsds,china_mask,1284,W m-2,1033620,0.0,0.0,25.130979537963867,61.98053581237793,192.07627868652344,194.14078427346664,68.77093337596777,337.5223684692382,410.16851806640625
CESM2-WACCM,ssp126,optimized,sfcWind_10m,china_mask,1284,m s-1,1033620,0.0,0.0,0.02311795763671398,0.15578452438116075,1.1069456338882446,1.321893019596428,0.8920942240481348,4.285176019668577,8.180764198303223
CESM2-WACCM,ssp126,optimized,tcell,china_mask,1284,degree_Celsius,1033620,0.0,17.06294382848629,-28.841536284637428,-15.696128406238532,16.75582306079866,15.290099849146705,13.875942543769453,38.25413860978127,45.11783608179094
CESM2-WACCM,ssp126,optimized,performance_ratio,china_mask,1284,1,1033620,0.0,0.0,0.8994108195910453,0.9337293069510936,1.0412208846960067,1.0485495007542665,0.06937971271884728,1.2034806420311925,1.2692076814231872
CESM2-WACCM,ssp126,optimized,pvpot,china_mask,1284,W m-2,1033620,0.0,0.0,26.414305819594453,70.94760210180922,198.62382785042152,201.3650093966373,67.97805272607732,359.772897217125,429.9142059962883
CESM2-WACCM,ssp126,optimized,roughness_exponent,china_mask,1284,1,1033620,0.0,0.0,0.18483269136876754,0.24180026045829445,0.3610486399107264,0.36548353562594904,0.06257525312697093,0.5338026984870468,0.7018855252977834
CESM2-WACCM,ssp126,optimized,wind_speed_hub,china_mask,1284,m s-1,1033620,0.0,0.0,0.116368380118625,0.5325090721737182,2.541996402171131,2.8305178757992127,1.5165878133095732,7.47771530274423,12.520641080454208
CESM2-WACCM,ssp126,optimized,wpd,china_mask,1284,W m-2,1033620,0.0,0.0,0.0009651861016931073,0.09248837037765827,10.060762285170512,28.1068534320708,51.578564638530324,256.1019422205494,1202.2251015274512
CESM2-WACCM,ssp245,paper_qm,tas_c,china_mask,1284,degree_Celsius,1033620,0.0,28.634411098856443,-32.853231811523415,-20.128374023437477,9.245843505859398,8.333000039200888,13.230288063766206,31.090533752441427,37.51995239257815
CESM2-WACCM,ssp245,paper_qm,rsds,china_mask,1284,W m-2,1033620,0.0,0.0,21.918691635131836,60.77055652618408,189.5392074584961,191.66972048399384,68.62809046112301,335.28365020751943,424.19659423828125
CESM2-WACCM,ssp245,paper_qm,sfcWind_10m,china_mask,1284,m s-1,1033620,0.0,0.0,0.024418698623776436,0.12579453840851784,1.0600857138633728,1.2786169540901757,0.9019228726720521,4.297527551650999,8.753640174865723
CESM2-WACCM,ssp245,paper_qm,tcell,china_mask,1284,degree_Celsius,1033620,0.0,16.128364389233955,-28.841536284637428,-15.08245342027662,16.96261292104723,15.571044504668476,13.692479295930822,38.809708923978825,46.87943201236727
CESM2-WACCM,ssp245,paper_qm,performance_ratio,china_mask,1284,1,1033620,0.0,0.0,0.8906028399381637,0.9309514553801059,1.0401869353947637,1.0471447774766576,0.06846239647965413,1.2004122671013826,1.2692076814231872
CESM2-WACCM,ssp245,paper_qm,pvpot,china_mask,1284,W m-2,1033620,0.0,0.0,23.07869576990391,69.26159811822382,195.85330005441975,198.55975054041713,67.8064391558596,356.11226374316846,435.3410523728234
CESM2-WACCM,ssp245,paper_qm,roughness_exponent,china_mask,1284,1,1033620,0.0,0.0,0.17886972525853248,0.241546687511144,0.36485938552817637,0.37075463656282726,0.06685374478688542,0.5526405813908576,0.697062977685688
CESM2-WACCM,ssp245,paper_qm,wind_speed_hub,china_mask,1284,m s-1,1033620,0.0,0.0,0.12155854482627469,0.44905792705455055,2.4558416885459056,2.747382201991453,1.5425225421625528,7.494891620926668,13.21473370396512
CESM2-WACCM,ssp245,paper_qm,wpd,china_mask,1284,W m-2,1033620,0.0,0.0,0.0011001770230725373,0.055464256406559775,9.07208676402523,27.099801357643944,51.8353627681854,257.87079818151193,1413.4528983474295
CESM2-WACCM,ssp245,optimized,tas_c,china_mask,1284,degree_Celsius,1033620,0.0,29.129660803777018,-32.853231811523415,-20.037969970703102,9.156365966796898,8.261540873990297,13.309868222179125,30.84065002441408,37.48308715820315
CESM2-WACCM,ssp245,optimized,rsds,china_mask,1284,W m-2,1033620,0.0,0.0,21.918691635131836,60.77055652618408,189.5392074584961,191.66972048399384,68.62809046112301,335.28365020751943,424.19659423828125
CESM2-WACCM,ssp245,optimized,sfcWind_10m,china_mask,1284,m s-1,1033620,0.0,0.0,0.024418698623776436,0.15683786615729334,1.1136457324028015,1.326567744346087,0.8915378435554219,4.297600846290587,8.753640174865723
CESM2-WACCM,ssp245,optimized,tcell,china_mask,1284,degree_Celsius,1033620,0.0,16.45053307792032,-28.841536284637428,-15.128765299897172,16.795647716212294,15.430389704363858,13.7409563241698,38.49156557447435,46.67072506361009
CESM2-WACCM,ssp245,optimized,performance_ratio,china_mask,1284,1,1033620,0.0,0.0,0.8916463746819495,0.9325421721276282,1.0410217614189385,1.047848051478181,0.068704781620849,1.2006438264994856,1.2692076814231872
CESM2-WACCM,ssp245,optimized,pvpot,china_mask,1284,W m-2,1033620,0.0,0.0,23.13049489650295,69.34071959211182,195.9925357686301,198.6966810691448,67.88078695571005,356.84986349438196,435.4560612866432
CESM2-WACCM,ssp245,optimized,roughness_exponent,china_mask,1284,1,1033620,0.0,0.0,0.17886972525853248,0.24154518497209104,0.36051699732278175,0.3650493088345202,0.062414515993568745,0.533209012529023,0.697062977685688
CESM2-WACCM,ssp245,optimized,wind_speed_hub,china_mask,1284,m s-1,1033620,0.0,0.0,0.12155854482627469,0.5353772805166421,2.5542538371088668,2.8391519113881527,1.5152174078000133,7.494993516187139,13.21473370396512
CESM2-WACCM,ssp245,optimized,wpd,china_mask,1284,W m-2,1033620,0.0,0.0,0.0011001770230725373,0.09399092119405197,10.207003329689975,28.230956499209707,51.731996528796344,257.8813158122399,1413.4528983474295
CESM2-WACCM,ssp585,paper_qm,tas_c,china_mask,1284,degree_Celsius,1033620,0.0,26.313732319421064,-32.853231811523415,-19.359191589355447,10.400628662109398,9.523692977866029,13.315682659157892,33.210620422363306,40.26140747070315
CESM2-WACCM,ssp585,paper_qm,rsds,china_mask,1284,W m-2,1033620,0.0,0.0,14.796356201171875,60.51277336120606,189.8021697998047,191.82371305142695,68.17692369640245,335.1370764160156,405.74365234375
CESM2-WACCM,ssp585,paper_qm,sfcWind_10m,china_mask,1284,m s-1,1033620,0.0,0.0,0.023502135649323463,0.12251324184238911,1.0470902919769287,1.2701898038885657,0.9088694823898487,4.322259054183955,9.152083396911621
CESM2-WACCM,ssp585,paper_qm,tcell,china_mask,1284,degree_Celsius,1033620,0.0,14.365143863315339,-28.841536284637428,-14.315465105776765,18.022613452959085,16.71105642322589,13.775791290570432,40.698433328933675,49.73582871227266
CESM2-WACCM,ssp585,paper_qm,performance_ratio,china_mask,1284,1,1033620,0.0,0.0,0.8763208564386367,0.9215078333553314,1.0348869327352046,1.0414447178838706,0.06887895645285216,1.1965773255288839,1.2692076814231872
CESM2-WACCM,ssp585,paper_qm,pvpot,china_mask,1284,W m-2,1033620,0.0,0.0,16.042491214905937,68.82510730762982,194.63799704812897,197.6020518485426,66.95247362490868,354.1706085584964,431.56200598273256
CESM2-WACCM,ssp585,paper_qm,roughness_exponent,china_mask,1284,1,1033620,0.0,0.0,0.17494822570747565,0.24104114104156837,0.36594606379396205,0.37194479070837305,0.06776648509846737,0.5549691355351626,0.7004334969257897
CESM2-WACCM,ssp585,paper_qm,wind_speed_hub,china_mask,1284,m s-1,1033620,0.0,0.0,0.11790733559212305,0.4396956483901569,2.431813118080692,2.7302894745551316,1.5546536271809208,7.52925374715399,13.692041115940508
CESM2-WACCM,ssp585,paper_qm,wpd,china_mask,1284,W m-2,1033620,0.0,0.0,0.0010039881100141696,0.05206700483382389,8.808393011081078,27.076771561031745,52.93389124265487,261.4338956224355,1572.2104438740698
CESM2-WACCM,ssp585,optimized,tas_c,china_mask,1284,degree_Celsius,1033620,0.0,26.918790271086085,-32.853231811523415,-19.3073205566406,10.298181152343773,9.447589314976486,13.4171106362127,33.00940063476564,40.20705566406252
CESM2-WACCM,ssp585,optimized,rsds,china_mask,1284,W m-2,1033620,0.0,0.0,14.796356201171875,60.51277336120606,189.8021697998047,191.82371305142695,68.17692369640245,335.1370764160156,405.74365234375
CESM2-WACCM,ssp585,optimized,sfcWind_10m,china_mask,1284,m s-1,1033620,0.0,0.0,0.023502135649323463,0.15630922362208366,1.1093993186950684,1.3238914820248617,0.8936046669730099,4.310910716056822,9.152083396911621
CESM2-WACCM,ssp585,optimized,tcell,china_mask,1284,degree_Celsius,1033620,0.0,14.687409299355664,-28.841536284637428,-14.372256488008475,17.84135214262011,16.557234504928793,13.842671313917394,40.373950665073394,49.27496580128671
CESM2-WACCM,ssp585,optimized,performance_ratio,china_mask,1284,1,1033620,0.0,0.0,0.8786251709935664,0.923130246674633,1.0357932392868994,1.0422138274753558,0.06921335656958696,1.196861282440042,1.2692076814231872
CESM2-WACCM,ssp585,optimized,pvpot,china_mask,1284,W m-2,1033620,0.0,0.0,16.070479148281535,68.90713058143736,194.77918248482467,197.75014973778292,67.02641803036889,354.92363659803533,433.9126618855449
CESM2-WACCM,ssp585,optimized,roughness_exponent,china_mask,1284,1,1033620,0.0,0.0,0.17494822570747565,0.2412727568173576,0.3608535712509219,0.36533013049481583,0.06254819781686626,0.5335064666461824,0.7004334969257897
CESM2-WACCM,ssp585,optimized,wind_speed_hub,china_mask,1284,m s-1,1033620,0.0,0.0,0.11790733559212305,0.5339382977695831,2.5464870156641037,2.8340196926193997,1.51805852428763,7.513491250774472,13.692041115940508
CESM2-WACCM,ssp585,optimized,wpd,china_mask,1284,W m-2,1033620,0.0,0.0,0.0010039881100141696,0.0932350721232099,10.114175642091936,28.22633403870177,52.467395698960864,259.79539463410583,1572.2104438740698
CMCC-CM2-SR5,ssp126,paper_qm,tas_c,china_mask,1284,degree_Celsius,1033620,0.0,29.742458543758826,-34.91376342773435,-21.167255096435525,8.847833251953148,7.910109657267986,13.560071333304283,30.740229797363295,36.40838012695315
CMCC-CM2-SR5,ssp126,paper_qm,rsds,china_mask,1284,W m-2,1033620,0.0,0.0,28.67469596862793,60.59240070343018,191.94581604003906,193.7592498073263,68.65944267461825,336.5231451416014,402.09375
CMCC-CM2-SR5,ssp126,paper_qm,sfcWind_10m,china_mask,1284,m s-1,1033620,0.0,0.0,0.022944755852222443,0.11530599169433117,1.024070143699646,1.2497704483638805,0.9082378588218374,4.2871250247955315,8.849126815795898
CMCC-CM2-SR5,ssp126,paper_qm,tcell,china_mask,1284,degree_Celsius,1033620,0.0,17.22683384609431,-28.394591960620854,-16.19535947887418,16.715123534965535,15.27484315630884,14.039239243873784,38.486667911477106,44.648043626594564
CMCC-CM2-SR5,ssp126,paper_qm,performance_ratio,china_mask,1284,1,1033620,0.0,0.0,0.9017597818670272,0.9325666604426144,1.0414243823251723,1.0486257842184556,0.07019619621936891,1.2059767973943707,1.2669729598031043
CMCC-CM2-SR5,ssp126,paper_qm,pvpot,china_mask,1284,W m-2,1033620,0.0,0.0,30.019205772505796,69.35299123739524,198.50618063002946,200.95921064904567,67.87687386742108,359.45120203792453,438.4468873090363
CMCC-CM2-SR5,ssp126,paper_qm,roughness_exponent,china_mask,1284,1,1033620,0.0,0.0,0.1779139146652849,0.2417601994862997,0.36790453938753787,0.37421990042079584,0.06909335197058139,0.5603106146386545,0.7025480633018397
CMCC-CM2-SR5,ssp126,paper_qm,wind_speed_hub,china_mask,1284,m s-1,1033620,0.0,0.0,0.11567286814121487,0.41895028476243035,2.3890995365881134,2.691828334743849,1.5586994983011322,7.480426299768146,13.329514567885694
CMCC-CM2-SR5,ssp126,paper_qm,wpd,china_mask,1284,W m-2,1033620,0.0,0.0,0.0009479831227975177,0.04503950023594795,8.352352698594595,26.44852578057559,51.58151565967911,256.38058749148774,1450.604745720934
CMCC-CM2-SR5,ssp126,optimized,tas_c,china_mask,1284,degree_Celsius,1033620,0.0,30.11000174145237,-34.91376342773435,-20.890548553466775,8.855706787109398,7.887836089421831,13.565560982077168,30.479022521972677,36.37209472656252
CMCC-CM2-SR5,ssp126,optimized,rsds,china_mask,1284,W m-2,1033620,0.0,0.0,28.67469596862793,60.59240070343018,191.94581604003906,193.7592498073263,68.65944267461825,336.5231451416014,402.09375
CMCC-CM2-SR5,ssp126,optimized,sfcWind_10m,china_mask,1284,m s-1,1033620,0.0,0.0,0.022944755852222443,0.15474421367049218,1.1040016412734985,1.3174927888106436,0.8893482560632703,4.278824920654297,8.849126815795898
CMCC-CM2-SR5,ssp126,optimized,tcell,china_mask,1284,degree_Celsius,1033620,0.0,17.547454577117318,-28.394591960620854,-15.97047494005201,16.586389507222194,15.15035944562726,14.00203682714036,38.19940637849333,44.0862904537201
CMCC-CM2-SR5,ssp126,optimized,performance_ratio,china_mask,1284,1,1033620,0.0,0.0,0.9045685477313995,0.9340029681075332,1.0420680524638892,1.0492482027718637,0.0700101841357018,1.20485237470026,1.2669729598031043
CMCC-CM2-SR5,ssp126,optimized,pvpot,china_mask,1284,W m-2,1033620,0.0,0.0,30.019205772505796,69.33949326630265,198.64762745633612,201.0930076686432,67.95136797408809,359.7573347965953,438.73526276850356
CMCC-CM2-SR5,ssp126,optimized,roughness_exponent,china_mask,1284,1,1033620,0.0,0.0,0.1779139146652849,0.24193093114085834,0.3612832596193074,0.3658255146566414,0.06268132107684478,0.5343929932659783,0.7025480633018397
CMCC-CM2-SR5,ssp126,optimized,wind_speed_hub,china_mask,1284,m s-1,1033620,0.0,0.0,0.11567286814121487,0.5296724827585245,2.5366057855115947,2.8228621429657217,1.5132614611859412,7.468879412868936,13.329514567885694
CMCC-CM2-SR5,ssp126,optimized,wpd,china_mask,1284,W m-2,1033620,0.0,0.0,0.0009479831227975177,0.0910182186630085,9.996892661186322,27.888056738785195,51.30292872401999,255.1951616195744,1450.604745720934
CMCC-CM2-SR5,ssp245,paper_qm,tas_c,china_mask,1284,degree_Celsius,1033620,0.0,28.994601497649043,-34.91376342773435,-20.471142578124976,9.036920166015648,8.237828777390979,13.421075014038697,31.16757904052736,37.69695434570315
CMCC-CM2-SR5,ssp245,paper_qm,rsds,china_mask,1284,W m-2,1033620,0.0,0.0,29.365215301513672,58.92594619750977,188.82317352294922,191.2770717723818,68.69650883107485,335.1105435180664,405.84356689453125
CMCC-CM2-SR5,ssp245,paper_qm,sfcWind_10m,china_mask,1284,m s-1,1033620,0.0,0.0,0.024312051013112068,0.11498964607715607,1.0156477689743042,1.2395868066930653,0.8986840540647827,4.252680530548096,8.533458709716797
CMCC-CM2-SR5,ssp245,paper_qm,tcell,china_mask,1284,degree_Celsius,1033620,0.0,16.47936378940036,-28.394591960620854,-15.410447093219734,16.821864242363,15.52994190607938,13.876594502592976,38.79421349534513,45.403074349212666
CMCC-CM2-SR5,ssp245,paper_qm,performance_ratio,china_mask,1284,1,1033620,0.0,0.0,0.8979846282539367,0.9310289325232743,1.0408906787881849,1.047350290469603,0.06938297251296488,1.202052235466098,1.2669729598031043
CMCC-CM2-SR5,ssp245,paper_qm,pvpot,china_mask,1284,W m-2,1033620,0.0,0.0,30.019205772505796,67.43686279378237,195.0941842100895,198.17169148584185,67.9733561356542,357.7530787221112,421.67525499166516
CMCC-CM2-SR5,ssp245,paper_qm,roughness_exponent,china_mask,1284,1,1033620,0.0,0.0,0.1811140620620865,0.24247088929751623,0.36863210610240427,0.3748392427909424,0.06894633579570528,0.5605526520475256,0.6974485933213985
CMCC-CM2-SR5,ssp245,paper_qm,wind_speed_hub,china_mask,1284,m s-1,1033620,0.0,0.0,0.12113515285429978,0.41803379149838094,2.37342342801478,2.674763932992669,1.5452517485269626,7.4324782709835,12.949087141928493
CMCC-CM2-SR5,ssp245,paper_qm,wpd,china_mask,1284,W m-2,1033620,0.0,0.0,0.0010887211705711403,0.04474456214238601,8.18901691014803,25.868401921043404,50.20166527547122,251.48207648853284,1329.913986749059
CMCC-CM2-SR5,ssp245,optimized,tas_c,china_mask,1284,degree_Celsius,1033620,0.0,29.440316557342154,-34.91376342773435,-20.145741729736304,9.053826904296898,8.218697804451214,13.431469301281485,30.939111328125023,37.65899047851565
CMCC-CM2-SR5,ssp245,optimized,rsds,china_mask,1284,W m-2,1033620,0.0,0.0,29.365215301513672,58.92594619750977,188.82317352294922,191.2770717723818,68.69650883107485,335.1105435180664,405.84356689453125
CMCC-CM2-SR5,ssp245,optimized,sfcWind_10m,china_mask,1284,m s-1,1033620,0.0,0.0,0.024312051013112068,0.15462225049734116,1.1027219891548157,1.3148652976080504,0.8843533485109446,4.252853956222529,8.533458709716797
CMCC-CM2-SR5,ssp245,optimized,tcell,china_mask,1284,degree_Celsius,1033620,0.0,16.82407461155937,-28.394591960620854,-15.162099468746161,16.683062353897114,15.396875864479084,13.848348871955857,38.561150269622814,45.402596537995365
CMCC-CM2-SR5,ssp245,optimized,performance_ratio,china_mask,1284,1,1033620,0.0,0.0,0.8979870173100232,0.9321942486518858,1.0415846882305144,1.0480156206776046,0.0692417443597793,1.2008104973437308,1.2669729598031043
CMCC-CM2-SR5,ssp245,optimized,pvpot,china_mask,1284,W m-2,1033620,0.0,0.0,30.019205772505796,67.4503449952569,195.24151673221868,198.31192485779218,68.05094191843163,358.085594372202,423.4406656447299
CMCC-CM2-SR5,ssp245,optimized,roughness_exponent,china_mask,1284,1,1033620,0.0,0.0,0.1811140620620865,0.2424672966272417,0.3613854358619323,0.3659194732467707,0.06258611380366026,0.5344624572875846,0.6974485933213985
CMCC-CM2-SR5,ssp245,optimized,wind_speed_hub,china_mask,1284,m s-1,1033620,0.0,0.0,0.12113515285429978,0.5293396761322113,2.534261761322486,2.8188462425548377,1.5064155791522325,7.432719882843626,12.949087141928493
CMCC-CM2-SR5,ssp245,optimized,wpd,china_mask,1284,W m-2,1033620,0.0,0.0,0.0010887211705711403,0.09084675835558616,9.969204506764607,27.64849356679947,50.34502768779628,251.50660253406807,1329.913986749059
CMCC-CM2-SR5,ssp585,paper_qm,tas_c,china_mask,1284,degree_Celsius,1033620,0.0,27.18687718890888,-34.91376342773435,-20.20569915771482,9.959466552734398,9.145176629061893,13.53309298257946,32.811877746582056,40.0483337402344
CMCC-CM2-SR5,ssp585,paper_qm,rsds,china_mask,1284,W m-2,1033620,0.0,0.0,27.571697235107422,58.75538600921631,189.68585968017578,192.04013763463792,68.39494317446697,336.0522607421875,408.96185302734375
CMCC-CM2-SR5,ssp585,paper_qm,sfcWind_10m,china_mask,1284,m s-1,1033620,0.0,0.0,0.023765549063682556,0.11486329801380635,1.0244674682617188,1.250500149020293,0.9064046537634463,4.272942886352533,8.89889907836914
CMCC-CM2-SR5,ssp585,paper_qm,tcell,china_mask,1284,degree_Celsius,1033620,0.0,15.234322091290803,-28.394591960620854,-15.162529107685065,17.682284588980696,16.39026118727222,13.987088164340095,40.18420581334591,48.70572619228365
CMCC-CM2-SR5,ssp585,paper_qm,performance_ratio,china_mask,1284,1,1033620,0.0,0.0,0.8814713690385818,0.9240789709332704,1.0365885770550967,1.0430486940636388,0.06993544082170047,1.2008126455384254,1.2669729598031043
CMCC-CM2-SR5,ssp585,paper_qm,pvpot,china_mask,1284,W m-2,1033620,0.0,0.0,28.821936706810273,67.10002190112323,194.89623594941708,198.0957263778631,67.31503241588798,357.0904081198818,423.3710471005522
CMCC-CM2-SR5,ssp585,paper_qm,roughness_exponent,china_mask,1284,1,1033620,0.0,0.0,0.17741978108061363,0.2420521241693918,0.3678703644774434,0.37419216488761087,0.06920046243322361,0.5606495074749157,0.6994515591732942
CMCC-CM2-SR5,ssp585,paper_qm,wind_speed_hub,china_mask,1284,m s-1,1033620,0.0,0.0,0.11895957709200054,0.41766760241877626,2.389838407712367,2.6931905080550536,1.5571643466954261,7.46069373027217,13.389244201926298
CMCC-CM2-SR5,ssp585,paper_qm,wpd,china_mask,1284,W m-2,1033620,0.0,0.0,0.00103110840683625,0.04462707892494912,8.360104432146922,26.392097937950773,50.72274426083153,254.35702066827835,1470.192763595617
CMCC-CM2-SR5,ssp585,optimized,tas_c,china_mask,1284,degree_Celsius,1033620,0.0,27.711731584141177,-34.91376342773435,-19.87445190429685,9.979959106445335,9.135733184870572,13.550590984890823,32.617632141113276,40.00081787109377
CMCC-CM2-SR5,ssp585,optimized,rsds,china_mask,1284,W m-2,1033620,0.0,0.0,27.571697235107422,58.75538600921631,189.68585968017578,192.04013763463792,68.39494317446697,336.0522607421875,408.96185302734375
CMCC-CM2-SR5,ssp585,optimized,sfcWind_10m,china_mask,1284,m s-1,1033620,0.0,0.0,0.023765549063682556,0.15530913293361664,1.1033905148506165,1.3157199923001373,0.8844931825082357,4.253096723556518,8.89889907836914
CMCC-CM2-SR5,ssp585,optimized,tcell,china_mask,1284,degree_Celsius,1033620,0.0,15.50356997736112,-28.394591960620854,-14.877196042547203,17.57263742904665,16.2817000988682,13.967416258155959,40.039112894973776,48.636802699852005
CMCC-CM2-SR5,ssp585,optimized,performance_ratio,china_mask,1284,1,1033620,0.0,0.0,0.88181598650074,0.924804435525131,1.0371368128547669,1.043591499505659,0.0698370812907798,1.1993859802127358,1.2669729598031043
CMCC-CM2-SR5,ssp585,optimized,pvpot,china_mask,1284,W m-2,1033620,0.0,0.0,28.784160057012983,67.06475765564169,195.05455086362846,198.21516440784714,67.39083513857496,357.46053358617837,424.5277589704149
CMCC-CM2-SR5,ssp585,optimized,roughness_exponent,china_mask,1284,1,1033620,0.0,0.0,0.17741978108061363,0.24246226772122217,0.36133204138123637,0.36586940098997994,0.06259729406100492,0.5340719551052909,0.6994515591732942
CMCC-CM2-SR5,ssp585,optimized,wind_speed_hub,china_mask,1284,m s-1,1033620,0.0,0.0,0.11895957709200054,0.5312133125393006,2.5354864132519017,2.8202954826771016,1.5069300912474968,7.433058096318977,13.389244201926298
CMCC-CM2-SR5,ssp585,optimized,wpd,china_mask,1284,W m-2,1033620,0.0,0.0,0.00103110840683625,0.09181485313911461,9.983663991235893,27.671863986627645,50.14837329389116,251.5409372285291,1470.192763595617
CMCC-ESM2,ssp126,paper_qm,tas_c,china_mask,1284,degree_Celsius,1033620,0.0,29.554284940306886,-33.438925170898415,-20.79836242675779,8.896020507812523,7.983598051047016,13.479983998147068,30.585555114746104,35.91195068359377
CMCC-ESM2,ssp126,paper_qm,rsds,china_mask,1284,W m-2,1033620,0.0,0.0,28.639986038208008,61.1674320602417,191.5768051147461,193.67373091080862,68.44333439582236,337.92469390869127,418.3785095214844
CMCC-ESM2,ssp126,paper_qm,sfcWind_10m,china_mask,1284,m s-1,1033620,0.0,0.0,0.022522324696183205,0.1129429118335247,1.0190140008926392,1.2423118241278714,0.9019653063089775,4.233975157737723,8.715971946716309
CMCC-ESM2,ssp126,paper_qm,tcell,china_mask,1284,degree_Celsius,1033620,0.0,17.10870532690931,-28.48031748600004,-15.77933332536695,16.79559820728304,15.353144960372589,13.962601719352758,38.30980387282135,45.043104779529585
CMCC-ESM2,ssp126,paper_qm,performance_ratio,china_mask,1284,1,1033620,0.0,0.0,0.8997844761023521,0.9334509806358932,1.0410220089635849,1.0482342751981368,0.06981300859676379,1.2038966666268347,1.2674015874300002
CMCC-ESM2,ssp126,paper_qm,pvpot,china_mask,1284,W m-2,1033620,0.0,0.0,30.062539990644236,70.12035621424658,198.13812569690134,200.81707642441944,67.68360366478719,360.4987041474561,445.74120217782837
CMCC-ESM2,ssp126,paper_qm,roughness_exponent,china_mask,1284,1,1033620,0.0,0.0,0.17924965081381647,0.2428592510041161,0.3683405929801993,0.3749518054609033,0.06958598683143717,0.5621348930589181,0.704185171086324
CMCC-ESM2,ssp126,paper_qm,wind_speed_hub,china_mask,1284,m s-1,1033620,0.0,0.0,0.11397205692622539,0.4120917056238351,2.3796919642533583,2.678614838909403,1.5519767931229083,7.406406703551355,13.169384403996334
CMCC-ESM2,ssp126,paper_qm,wpd,china_mask,1284,W m-2,1033620,0.0,0.0,0.0009067785787547375,0.0428635081744896,8.254073375702813,26.022653733419418,50.12355357279708,248.84491047968407,1398.9510440818165
CMCC-ESM2,ssp126,optimized,tas_c,china_mask,1284,degree_Celsius,1033620,0.0,29.947079197383953,-33.438925170898415,-20.445175018310525,8.848229980468773,7.974790171676785,13.466082904507804,30.443623657226574,35.9317565917969
CMCC-ESM2,ssp126,optimized,rsds,china_mask,1284,W m-2,1033620,0.0,0.0,28.639986038208008,61.1674320602417,191.5768051147461,193.67373091080862,68.44333439582236,337.92469390869127,418.3785095214844
CMCC-ESM2,ssp126,optimized,sfcWind_10m,china_mask,1284,m s-1,1033620,0.0,0.0,0.022522324696183205,0.1555219128727913,1.105661153793335,1.3180542875896768,0.8846735548744556,4.24109286308288,8.715971946716309
CMCC-ESM2,ssp126,optimized,tcell,china_mask,1284,degree_Celsius,1033620,0.0,17.31371296995027,-28.48031748600004,-15.477754860267616,16.618017534661313,15.229104645956824,13.896705661300915,38.060183923158654,45.04212898044588
CMCC-ESM2,ssp126,optimized,performance_ratio,china_mask,1284,1,1033620,0.0,0.0,0.8997893550977706,0.9346990803842067,1.0419099123266933,1.0488544767702157,0.06948352830650457,1.2023887743013382,1.2674015874300002
CMCC-ESM2,ssp126,optimized,pvpot,china_mask,1284,W m-2,1033620,0.0,0.0,30.113696171283614,70.13009753118475,198.28252696153055,200.9629216585907,67.7936506911202,360.99077172162816,445.74120217782837
CMCC-ESM2,ssp126,optimized,roughness_exponent,china_mask,1284,1,1033620,0.0,0.0,0.17924965081381647,0.2427112710698962,0.3611509289479997,0.3656626178037519,0.06252630540505232,0.5339513370675862,0.704185171086324
CMCC-ESM2,ssp126,optimized,wind_speed_hub,china_mask,1284,m s-1,1033620,0.0,0.0,0.11397205692622539,0.5317933795180486,2.5396448047023323,2.8245356488320765,1.506947250572411,7.41633011685777,13.169384403996334
CMCC-ESM2,ssp126,optimized,wpd,china_mask,1284,W m-2,1033620,0.0,0.0,0.0009067785787547375,0.09211595784738119,10.032866514272914,27.746219323521117,50.189337800802726,249.846489639307,1398.9510440818165
CMCC-ESM2,ssp245,paper_qm,tas_c,china_mask,1284,degree_Celsius,1033620,0.0,28.843578878117683,-33.438925170898415,-20.458315124511696,9.12207946777346,8.272652707862326,13.395573164051772,31.047281799316405,37.50490722656252
CMCC-ESM2,ssp245,paper_qm,rsds,china_mask,1284,W m-2,1033620,0.0,0.0,26.880474090576172,59.319176559448245,188.98035430908203,191.35723677330145,68.60587001033416,337.1299877929685,410.1097106933594
CMCC-ESM2,ssp245,paper_qm,sfcWind_10m,china_mask,1284,m s-1,1033620,0.0,0.0,0.02254677750170231,0.11574422039091588,1.0241115093231201,1.2426463104625907,0.89295260074414,4.207398777008054,8.460057258605957
CMCC-ESM2,ssp245,paper_qm,tcell,china_mask,1284,degree_Celsius,1033620,0.0,16.490683229813666,-28.48031748600004,-15.371224861307121,16.943170007753395,15.560350570779777,13.84918484374691,38.69196498454096,45.89402815656664
CMCC-ESM2,ssp245,paper_qm,performance_ratio,china_mask,1284,1,1033620,0.0,0.0,0.8955298592171668,0.9315401750772951,1.040284149961233,1.047198247146101,0.06924592421873456,1.2018561243065355,1.2674015874300002
CMCC-ESM2,ssp245,paper_qm,pvpot,china_mask,1284,W m-2,1033620,0.0,0.0,28.25428146775763,67.75408887198716,195.24262822935563,198.24481465082349,67.91042914323145,358.95208604315206,445.74120217782837
CMCC-ESM2,ssp245,paper_qm,roughness_exponent,china_mask,1284,1,1033620,0.0,0.0,0.18187514153165227,0.2434139917062608,0.3679009808052973,0.3744823500643604,0.06891695606684814,0.5599764189320942,0.7040895715614803
CMCC-ESM2,ssp245,paper_qm,wind_speed_hub,china_mask,1284,m s-1,1033620,0.0,0.0,0.11407068530339172,0.4202190464761527,2.3891764634762356,2.6810863721802223,1.5378633290074806,7.3693242872178075,12.860221356191206
CMCC-ESM2,ssp245,paper_qm,wpd,china_mask,1284,W m-2,1033620,0.0,0.0,0.0009091347224875361,0.04544993766605636,8.353159539641709,25.756172405066305,49.187586059511176,245.1258413332066,1302.72103228734
CMCC-ESM2,ssp245,optimized,tas_c,china_mask,1284,degree_Celsius,1033620,0.0,29.296453242003835,-33.438925170898415,-20.060690307617165,9.071923828125023,8.262759122292909,13.382873651024727,30.90698364257814,37.46941528320315
CMCC-ESM2,ssp245,optimized,rsds,china_mask,1284,W m-2,1033620,0.0,0.0,26.880474090576172,59.319176559448245,188.98035430908203,191.35723677330145,68.60587001033416,337.1299877929685,410.1097106933594
CMCC-ESM2,ssp245,optimized,sfcWind_10m,china_mask,1284,m s-1,1033620,0.0,0.0,0.02254677750170231,0.15583765998482704,1.106728196144104,1.3173748459468668,0.8810381614391514,4.225563941001892,8.460057258605957
CMCC-ESM2,ssp245,optimized,tcell,china_mask,1284,degree_Celsius,1033620,0.0,16.680404790928968,-28.48031748600004,-15.067632805194831,16.751865586566947,15.436835717367844,13.79357120190985,38.48097993242264,45.70816244964601
CMCC-ESM2,ssp245,optimized,performance_ratio,china_mask,1284,1,1033620,0.0,0.0,0.8964591877517699,0.9325951003378867,1.0412406720671652,1.0478158214131608,0.06896785600954926,1.200338164025974,1.2674015874300002
CMCC-ESM2,ssp245,optimized,pvpot,china_mask,1284,W m-2,1033620,0.0,0.0,28.15884634277268,67.75757236411656,195.35642853069714,198.38825585767248,68.02140773911268,359.466488712641,445.74120217782837
CMCC-ESM2,ssp245,optimized,roughness_exponent,china_mask,1284,1,1033620,0.0,0.0,0.18187514153165227,0.24303444456969503,0.3610659471265101,0.3656203668171011,0.06241552183009109,0.5337726540589337,0.7040895715614803
CMCC-ESM2,ssp245,optimized,wind_speed_hub,china_mask,1284,m s-1,1033620,0.0,0.0,0.11407068530339172,0.5326538524106318,2.541598360943554,2.8238647156820034,1.5018128976038776,7.394675529673235,12.860221356191206
CMCC-ESM2,ssp245,optimized,wpd,china_mask,1284,W m-2,1033620,0.0,0.0,0.0009091347224875361,0.09256382875788763,10.056036899485063,27.610575253266223,49.70801660347117,247.66432920614488,1302.72103228734
CMCC-ESM2,ssp585,paper_qm,tas_c,china_mask,1284,degree_Celsius,1033620,0.0,27.239701244170973,-33.438925170898415,-20.19366775512693,9.873651123046898,9.036472796779332,13.472441606869229,32.625659484863306,40.91289672851565
CMCC-ESM2,ssp585,paper_qm,rsds,china_mask,1284,W m-2,1033620,0.0,0.0,29.737764358520508,59.2821605682373,189.40221405029297,191.79397173016062,68.42342334743877,338.28028137207025,428.72784423828125
CMCC-ESM2,ssp585,paper_qm,sfcWind_10m,china_mask,1284,m s-1,1033620,0.0,0.0,0.022250423207879066,0.11584888577461243,1.028052031993866,1.2506304760972258,0.9003738402269743,4.222720556259152,8.865264892578125
CMCC-ESM2,ssp585,paper_qm,tcell,china_mask,1284,degree_Celsius,1033620,0.0,15.352450610475804,-28.48031748600004,-15.139217554550147,17.629910046088717,16.28066168833085,13.931864986507662,40.03859620635987,49.17642142944337
CMCC-ESM2,ssp585,paper_qm,performance_ratio,china_mask,1284,1,1033620,0.0,0.0,0.8791178928527832,0.9248070189682005,1.0368504497695565,1.0435966915583457,0.06965932493253832,1.2006960877727506,1.2674015874300002
CMCC-ESM2,ssp585,paper_qm,pvpot,china_mask,1284,W m-2,1033620,0.0,0.0,31.070754307848414,67.69888217420343,194.85579738512635,197.96056400524355,67.3851679756119,358.66847302923,447.71624998807533
CMCC-ESM2,ssp585,paper_qm,roughness_exponent,china_mask,1284,1,1033620,0.0,0.0,0.17775339377568836,0.24309374707287468,0.3675626447351742,0.37406868416681466,0.06914193414957533,0.5598967877507801,0.7052552334225282
CMCC-ESM2,ssp585,paper_qm,wind_speed_hub,china_mask,1284,m s-1,1033620,0.0,0.0,0.11287389433923257,0.42052192986348036,2.3965016953398726,2.6942263476960067,1.5493077691623336,7.3907087730746905,13.348888654621613
CMCC-ESM2,ssp585,paper_qm,wpd,china_mask,1284,W m-2,1033620,0.0,0.0,0.0008808188914080672,0.04554828613546661,8.430227887451451,26.19200409004489,49.7761755083808,247.26597615904535,1456.9391873279053
CMCC-ESM2,ssp585,optimized,tas_c,china_mask,1284,degree_Celsius,1033620,0.0,27.733596486136104,-33.438925170898415,-19.773014221191385,9.812219238281273,9.033056039334665,13.456776711834875,32.51798767089846,40.95992431640627
CMCC-ESM2,ssp585,optimized,rsds,china_mask,1284,W m-2,1033620,0.0,0.0,29.737764358520508,59.2821605682373,189.40221405029297,191.79397173016062,68.42342334743877,338.28028137207025,428.72784423828125
CMCC-ESM2,ssp585,optimized,sfcWind_10m,china_mask,1284,m s-1,1033620,0.0,0.0,0.022250423207879066,0.15593986377120017,1.1080884337425232,1.3187245266347112,0.8811300135691151,4.2205807399749755,8.865264892578125
CMCC-ESM2,ssp585,optimized,tcell,china_mask,1284,degree_Celsius,1033620,0.0,15.446876027940636,-28.48031748600004,-14.771809620780921,17.442655870604536,16.173391976839252,13.871661891587696,39.91279294431686,48.80388158254625
CMCC-ESM2,ssp585,optimized,performance_ratio,china_mask,1284,1,1033620,0.0,0.0,0.8809805920872688,0.9254360352784156,1.0377867206469773,1.044133040115804,0.06935830945793849,1.1988590481039045,1.2674015874300002
CMCC-ESM2,ssp585,optimized,pvpot,china_mask,1284,W m-2,1033620,0.0,0.0,31.06563893078527,67.69208518082817,194.96202893151394,198.0907089704168,67.49527616556706,359.1522859284482,447.691200825894
CMCC-ESM2,ssp585,optimized,roughness_exponent,china_mask,1284,1,1033620,0.0,0.0,0.17775339377568836,0.24313840207404763,0.36095773324940406,0.36553300877937367,0.06243962724666913,0.5337148939505625,0.7052552334225282
CMCC-ESM2,ssp585,optimized,wind_speed_hub,china_mask,1284,m s-1,1033620,0.0,0.0,0.11287389433923257,0.5329323019898052,2.5440881493198386,2.826217659996544,1.5022082908629975,7.387723195299593,13.348888654621613
CMCC-ESM2,ssp585,optimized,wpd,china_mask,1284,W m-2,1033620,0.0,0.0,0.0008808188914080672,0.09270907042770894,10.085618999389593,27.648121263639933,49.60224067029702,246.96643777697207,1456.9391873279053
CanESM5,ssp126,paper_qm,tas_c,china_mask,1284,degree_Celsius,157932,0.0,28.67436618291417,-36.007894897460915,-20.876354827880835,9.245050048828148,8.31957851808263,13.456477564019176,31.158578491210964,35.51357421875002
CanESM5,ssp126,paper_qm,rsds,china_mask,1284,W m-2,157932,0.0,0.0,34.952354431152344,60.30082374572754,191.37410736083984,193.1719646227051,68.75788036879759,335.6595388793946,389.2391357421875
CanESM5,ssp126,paper_qm,sfcWind_10m,china_mask,1284,m s-1,157932,0.0,0.0,0.019235432147979736,0.1216570546478033,1.0452611446380615,1.256700968872642,0.9018479337332704,4.293413624763489,7.876716136932373
CanESM5,ssp126,paper_qm,tcell,china_mask,1284,degree_Celsius,157932,0.0,16.331712382544385,-29.672739092063882,-15.64385776802061,17.10655915336611,15.633938471550264,13.912220059369252,39.11627696576479,44.580922182607665
CanESM5,ssp126,paper_qm,performance_ratio,china_mask,1284,1,157932,0.0,0.0,0.9020953890869616,0.9294186151711761,1.0394672042331696,1.0468303076422487,0.06956110029684627,1.203219288840103,1.2733636954603194
CanESM5,ssp126,paper_qm,pvpot,china_mask,1284,W m-2,157932,0.0,0.0,38.44506354935739,69.38570068865926,198.05872588809248,199.89647302502058,67.4480186733742,355.0772164787419,426.8171560733337
CanESM5,ssp126,paper_qm,roughness_exponent,china_mask,1284,1,157932,0.0,0.0,0.18816943357710536,0.24163106407177098,0.3661000990278961,0.3729854151790177,0.06775724361237086,0.5555869905158901,0.7180832124400911
CanESM5,ssp126,paper_qm,wind_speed_hub,china_mask,1284,m s-1,157932,0.0,0.0,0.10050441965491194,0.4372444249813232,2.4284261774759064,2.7065029828731175,1.5461244081053216,7.489171815169797,12.148275381863604
CanESM5,ssp126,paper_qm,wpd,china_mask,1284,W m-2,157932,0.0,0.0,0.0006218155429706282,0.0512010673910438,8.771640221114197,26.46799710207213,51.82010922221422,257.2808582785778,1098.1204449775933
CanESM5,ssp126,optimized,tas_c,china_mask,1284,degree_Celsius,157932,0.0,28.04244864878555,-36.007894897460915,-20.776233825683573,10.04328308105471,8.739794761182965,13.524227846768312,31.1040222167969,36.2639099121094
CanESM5,ssp126,optimized,rsds,china_mask,1284,W m-2,157932,0.0,0.0,34.952354431152344,60.30082374572754,191.37410736083984,193.1719646227051,68.75788036879759,335.6595388793946,389.2391357421875
CanESM5,ssp126,optimized,sfcWind_10m,china_mask,1284,m s-1,157932,0.0,0.0,0.019235432147979736,0.14870353952050208,1.0924408435821533,1.2996974495122136,0.8914413560977853,4.3168975925445565,7.876716136932373
CanESM5,ssp126,optimized,tcell,china_mask,1284,degree_Celsius,157932,0.0,16.23103614213712,-29.672739092063882,-15.54665760819433,17.753903791952155,15.964503766376618,13.982003159441538,39.16190671014788,45.405788415956515
CanESM5,ssp126,optimized,performance_ratio,china_mask,1284,1,157932,0.0,0.0,0.8979710579202174,0.9291904664492606,1.0362304810402392,1.045177481168117,0.06991001579720768,1.2027332880409716,1.2733636954603194
CanESM5,ssp126,optimized,pvpot,china_mask,1284,W m-2,157932,0.0,0.0,38.31247153528848,69.35043733362471,198.09101173525482,199.53379666474763,67.16810153784229,354.2487915329183,428.74437421552034
CanESM5,ssp126,optimized,roughness_exponent,china_mask,1284,1,157932,0.0,0.0,0.18816943357710536,0.24115049081442236,0.3622106826614133,0.3676983959361389,0.06378359867055006,0.5379010348601779,0.7180832124400911
CanESM5,ssp126,optimized,wind_speed_hub,china_mask,1284,m s-1,157932,0.0,0.0,0.10050441965491194,0.5131240150306822,2.5154090065221775,2.789507829070142,1.519494448683996,7.521807887377594,12.148275381863604
CanESM5,ssp126,optimized,wpd,china_mask,1284,W m-2,157932,0.0,0.0,0.0006218155429706282,0.08275097423658465,9.74836827996193,27.428595115832774,51.89157826433397,260.65904782986956,1098.1204449775933
CanESM5,ssp245,paper_qm,tas_c,china_mask,1284,degree_Celsius,157932,0.0,27.418129321480126,-36.007894897460915,-20.125406799316384,9.824090576171898,8.961011317401706,13.389844300353117,32.04312683105471,38.6918884277344
CanESM5,ssp245,paper_qm,rsds,china_mask,1284,W m-2,157932,0.0,0.0,25.874126434326172,59.44502124786377,188.99594116210938,191.0708595293318,68.2250282243824,332.659670715332,391.2961120605469
CanESM5,ssp245,paper_qm,sfcWind_10m,china_mask,1284,m s-1,157932,0.0,0.0,0.01909654214978218,0.12121237255632877,1.0341200828552246,1.2444213577798924,0.8914703447163309,4.225702013969422,7.814754962921143
CanESM5,ssp245,paper_qm,tcell,china_mask,1284,degree_Celsius,157932,0.0,15.24136970341666,-29.672739092063882,-14.850979863853434,17.584980508852027,16.198741904443423,13.839791814256209,39.86466481359484,47.613041280794164
CanESM5,ssp245,paper_qm,performance_ratio,china_mask,1284,1,157932,0.0,0.0,0.8869347935960292,0.9256766759320257,1.03707509745574,1.0440062904777827,0.06919895907128105,1.1992548993192673,1.2733636954603194
CanESM5,ssp245,paper_qm,pvpot,china_mask,1284,W m-2,157932,0.0,0.0,26.94653473797884,68.51717949427217,194.6967571418242,197.22878907360226,66.85245055249061,351.36478196560387,423.37475829910545
CanESM5,ssp245,paper_qm,roughness_exponent,china_mask,1284,1,157932,0.0,0.0,0.188865201076236,0.24303156597965886,0.36704416539003015,0.3739276037636818,0.06792698850852753,0.5559096004358721,0.7187216487645451
CanESM5,ssp245,paper_qm,wind_speed_hub,china_mask,1284,m s-1,157932,0.0,0.0,0.09992551254107442,0.43596994633205743,2.4077707690304853,2.685283579410205,1.5332704843398577,7.394868137912805,12.072037227536494
CanESM5,ssp245,paper_qm,wpd,china_mask,1284,W m-2,157932,0.0,0.0,0.0006111323122042129,0.05075464010521413,8.549712404042157,25.785073936339604,49.9447109146259,247.68368328267897,1077.5757048107873
CanESM5,ssp245,optimized,tas_c,china_mask,1284,degree_Celsius,157932,0.0,26.564597421675153,-36.007894897460915,-19.90243194580076,10.631677246093773,9.442252785090178,13.455071730558224,31.961362915039086,38.67696533203127
CanESM5,ssp245,optimized,rsds,china_mask,1284,W m-2,157932,0.0,0.0,25.874126434326172,59.44502124786377,188.99594116210938,191.0708595293318,68.2250282243824,332.659670715332,391.2961120605469
CanESM5,ssp245,optimized,sfcWind_10m,china_mask,1284,m s-1,157932,0.0,0.0,0.01909654214978218,0.14774980366230012,1.0852652192115784,1.2916327269757264,0.8847974352278376,4.259472332000733,7.814754962921143
CanESM5,ssp245,optimized,tcell,china_mask,1284,degree_Celsius,157932,0.0,15.074209153306487,-29.672739092063882,-14.683687911033608,18.266279013562226,16.580413636342417,13.893681267899485,39.86655760424139,47.41291002492906
CanESM5,ssp245,optimized,performance_ratio,china_mask,1284,1,157932,0.0,0.0,0.8879354498753547,0.925667211978793,1.0336686049321888,1.042097931818288,0.06946840633949743,1.1984184395551682,1.2733636954603194
CanESM5,ssp245,optimized,pvpot,china_mask,1284,W m-2,157932,0.0,0.0,26.937966604719243,68.51903427620772,194.70219392688995,196.83020212425905,66.5839496061302,350.7569071534057,422.84145776270003
CanESM5,ssp245,optimized,roughness_exponent,china_mask,1284,1,157932,0.0,0.0,0.188865201076236,0.24233030024170843,0.36279127046770476,0.3682833720056986,0.06388064034306662,0.5384679023534478,0.7187216487645451
CanESM5,ssp245,optimized,wind_speed_hub,china_mask,1284,m s-1,157932,0.0,0.0,0.09992551254107442,0.5104988983038136,2.502229589020903,2.7756689325423665,1.5112156899646991,7.441938929773315,12.072037227536494
CanESM5,ssp245,optimized,wpd,china_mask,1284,W m-2,157932,0.0,0.0,0.0006111323122042129,0.08148742217493217,9.595940779538484,26.977228527767814,50.71912547130706,252.4436196650336,1077.5757048107873
CanESM5,ssp585,paper_qm,tas_c,china_mask,1284,degree_Celsius,157932,0.0,23.991971228123496,-36.007894897460915,-19.471126556396463,11.394830322265648,10.533403909223019,13.526515302352422,34.70688049316409,41.5806823730469
CanESM5,ssp585,paper_qm,rsds,china_mask,1284,W m-2,157932,0.0,0.0,29.818115234375,58.851281814575195,188.99442291259766,190.97559612174075,67.23601839891901,331.04042236328127,376.5343322753906
CanESM5,ssp585,paper_qm,sfcWind_10m,china_mask,1284,m s-1,157932,0.0,0.0,0.01793563738465309,0.11078249983489513,1.0089404582977295,1.2223573206593246,0.8940038836698458,4.18756823539734,7.915008068084717
CanESM5,ssp585,paper_qm,tcell,china_mask,1284,degree_Celsius,157932,0.0,13.065116632474735,-29.672739092063882,-14.265377596416451,18.99683329253199,17.7125545918386,13.985791915078016,42.29497103879931,49.97233982782366
CanESM5,ssp585,paper_qm,performance_ratio,china_mask,1284,1,157932,0.0,0.0,0.8751383008608817,0.9135251448060034,1.0300158335373402,1.0364372270408069,0.0699289595753901,1.1963268879820823,1.2733636954603194
CanESM5,ssp585,paper_qm,pvpot,china_mask,1284,W m-2,157932,0.0,0.0,32.170284739636976,67.69982849217004,193.27318318712156,195.63747095046637,65.186558725449,346.29429172568734,420.0720977924115
CanESM5,ssp585,paper_qm,roughness_exponent,china_mask,1284,1,157932,0.0,0.0,0.1877421812134607,0.243830211123921,0.36921584577330363,0.3768359599827923,0.07026251081599126,0.5638364272081128,0.724247072006265
CanESM5,ssp585,paper_qm,wind_speed_hub,china_mask,1284,m s-1,157932,0.0,0.0,0.09505257509686513,0.4057958376792543,2.360920609153612,2.6425062640543895,1.543596054317578,7.341623483580885,12.195329620596974
CanESM5,ssp585,paper_qm,wpd,china_mask,1284,W m-2,157932,0.0,0.0,0.000526014545937261,0.040928785460891216,8.060282118811578,25.225024584005045,49.591458729052455,242.37198375134324,1110.9300705087999
CanESM5,ssp585,optimized,tas_c,china_mask,1284,degree_Celsius,157932,0.0,23.280905706253325,-36.007894897460915,-19.26447113037107,12.273034667968773,11.045991677945432,13.602253931789619,34.63296813964847,41.40191040039065
CanESM5,ssp585,optimized,rsds,china_mask,1284,W m-2,157932,0.0,0.0,29.818115234375,58.851281814575195,188.99442291259766,190.97559612174075,67.23601839891901,331.04042236328127,376.5343322753906
CanESM5,ssp585,optimized,sfcWind_10m,china_mask,1284,m s-1,157932,0.0,0.0,0.01793563738465309,0.14557121634483336,1.077126383781433,1.2814444446289068,0.8808636874129295,4.220050954818726,7.915008068084717
CanESM5,ssp585,optimized,tcell,china_mask,1284,degree_Celsius,157932,0.0,12.880860117012386,-29.672739092063882,-14.120898225898719,19.658141174125692,18.105639732318313,14.03430182705402,42.277289734277744,49.821419060993215
CanESM5,ssp585,optimized,performance_ratio,china_mask,1284,1,157932,0.0,0.0,0.8758929046950339,0.9136135513286112,1.0267092941293714,1.0344718013384084,0.0701715091352701,1.1956044911294936,1.2733636954603194
CanESM5,ssp585,optimized,pvpot,china_mask,1284,W m-2,157932,0.0,0.0,32.04859639161452,67.62078981552462,193.2631447619733,195.24496426604716,64.97161239278637,345.4142240533136,420.0720977924115
CanESM5,ssp585,optimized,roughness_exponent,china_mask,1284,1,157932,0.0,0.0,0.1877421812134607,0.2431494614617699,0.3634544572698506,0.3691768986642061,0.06424060328228966,0.5397766166986598,0.724247072006265
CanESM5,ssp585,optimized,wind_speed_hub,china_mask,1284,m s-1,157932,0.0,0.0,0.09505257509686513,0.5044894938200734,2.4872596308500903,2.7574542368404313,1.507007211164368,7.38698396524212,12.195329620596974
CanESM5,ssp585,optimized,wpd,china_mask,1284,W m-2,157932,0.0,0.0,0.000526014545937261,0.07864343686307963,9.42474170018042,26.558543570424984,50.20419305819628,246.89230945150697,1110.9300705087999
FGOALS-f3-L,ssp126,paper_qm,tas_c,china_mask,1284,degree_Celsius,982260,0.0,30.519414411662897,-35.10709228515623,-20.960411071777322,8.337075805664085,7.417299237285382,13.425915191027718,29.98584075927737,35.5768981933594
FGOALS-f3-L,ssp126,paper_qm,rsds,china_mask,1284,W m-2,982260,0.0,0.0,29.711580276489258,61.886446495056155,191.06497955322266,192.64456537867613,69.13827760064052,336.6612210083009,436.4739685058594
FGOALS-f3-L,ssp126,paper_qm,sfcWind_10m,china_mask,1284,m s-1,982260,0.0,0.0,0.030011337250471115,0.15722384303808212,1.126263976097107,1.347489116105355,0.9103939111779409,4.32860634803772,8.276206016540527
FGOALS-f3-L,ssp126,paper_qm,tcell,china_mask,1284,degree_Celsius,982260,0.0,18.03565247490481,-29.91226008911131,-16.110666124553656,16.085748688983937,14.629597641954065,13.832698647566747,37.6673068022156,44.03841332321169
FGOALS-f3-L,ssp126,paper_qm,performance_ratio,china_mask,1284,1,982260,0.0,0.0,0.9048079333839415,0.936663465988922,1.0445712565550802,1.0518520117902297,0.06916349323783375,1.2055533306227684,1.2745613004455567
FGOALS-f3-L,ssp126,paper_qm,pvpot,china_mask,1284,W m-2,982260,0.0,0.0,34.45273142684812,70.58778898332568,198.4353654571119,200.4628481250275,68.69217832449986,360.65364687729453,457.91221229341886
FGOALS-f3-L,ssp126,paper_qm,roughness_exponent,china_mask,1284,1,982260,0.0,0.0,0.18381081208621522,0.240911859941422,0.3595243867502429,0.36418064412245427,0.06329405492867608,0.5329924653491465,0.6788944633177441
FGOALS-f3-L,ssp126,paper_qm,wind_speed_hub,china_mask,1284,m s-1,982260,0.0,0.0,0.14327809894792348,0.5364273011732795,2.5772976635262923,2.872789041487182,1.546168181832522,7.538066283527465,12.636945280495608
FGOALS-f3-L,ssp126,paper_qm,wpd,china_mask,1284,W m-2,982260,0.0,0.0,0.0018015467008660386,0.09454503170210736,10.485758065667277,29.39520813222414,52.49405792989433,262.35294816856236,1236.0396656233343
FGOALS-f3-L,ssp126,optimized,tas_c,china_mask,1284,degree_Celsius,982260,0.0,30.42717814020728,-35.10709228515623,-20.821874542236305,8.404214477539085,7.493832900727904,13.455593930944564,30.009774169921926,35.54839477539065
FGOALS-f3-L,ssp126,optimized,rsds,china_mask,1284,W m-2,982260,0.0,0.0,29.711580276489258,61.886446495056155,191.06497955322266,192.64456537867613,69.13827760064052,336.6612210083009,436.4739685058594
FGOALS-f3-L,ssp126,optimized,sfcWind_10m,china_mask,1284,m s-1,982260,0.0,0.0,0.030011337250471115,0.15849965512752534,1.1191230416297913,1.336957746791675,0.9007845045785912,4.286141052246097,8.276206016540527
FGOALS-f3-L,ssp126,optimized,tcell,china_mask,1284,degree_Celsius,982260,0.0,17.957261824771447,-29.91226008911131,-15.898978514184927,16.141435670423526,14.717860818891666,13.850125084473245,37.71681542304995,43.837643574523945
FGOALS-f3-L,ssp126,optimized,performance_ratio,china_mask,1284,1,982260,0.0,0.0,0.9058117821273802,0.9364159228847503,1.0442928216478824,1.0514106959055418,0.06925062542236622,1.2044948925709247,1.2745613004455567
FGOALS-f3-L,ssp126,optimized,pvpot,china_mask,1284,W m-2,982260,0.0,0.0,34.45948506544929,70.53115945657008,198.38018653707792,200.38927618753368,68.70926091252534,360.81814157119635,457.9733734717446
FGOALS-f3-L,ssp126,optimized,roughness_exponent,china_mask,1284,1,982260,0.0,0.0,0.18381081208621522,0.24178042235247268,0.3600847520168833,0.3647219012084441,0.0630143411165341,0.5322804521094456,0.6788944633177441
FGOALS-f3-L,ssp126,optimized,wind_speed_hub,china_mask,1284,m s-1,982260,0.0,0.0,0.14327809894792348,0.5398943389182629,2.564263139408687,2.8554819442783317,1.5321580747456587,7.479057660022147,12.636945280495608
FGOALS-f3-L,ssp126,optimized,wpd,china_mask,1284,W m-2,982260,0.0,0.0,0.0018015467008660386,0.09639009632473718,10.327468087572122,28.77702664078838,51.37836216129769,256.23988896908344,1236.0396656233343
FGOALS-f3-L,ssp245,paper_qm,tas_c,china_mask,1284,degree_Celsius,982260,0.0,29.809724512858104,-35.10709228515623,-20.68432006835935,8.698785400390648,7.799379224254706,13.442053733490878,30.592750854492216,36.1265808105469
FGOALS-f3-L,ssp245,paper_qm,rsds,china_mask,1284,W m-2,982260,0.0,0.0,24.650671005249023,61.00720783233643,190.6231231689453,192.16177400719246,69.41043697089552,335.76682434082034,395.484619140625
FGOALS-f3-L,ssp245,paper_qm,sfcWind_10m,china_mask,1284,m s-1,982260,0.0,0.0,0.03003993071615696,0.15631101831793784,1.119900405406952,1.3390176857449971,0.906254905274407,4.301360826492311,8.511932373046875
FGOALS-f3-L,ssp245,paper_qm,tcell,china_mask,1284,degree_Celsius,982260,0.0,17.40720379532914,-29.91226008911131,-15.802000090789774,16.43508052866461,14.98932525685522,13.846361123617399,38.21615709001305,45.52027586393358
FGOALS-f3-L,ssp245,paper_qm,performance_ratio,china_mask,1284,1,982260,0.0,0.0,0.8973986206803322,0.9339192145499348,1.042824597356677,1.050053373715724,0.06923180561808699,1.204010000453949,1.2745613004455567
FGOALS-f3-L,ssp245,paper_qm,pvpot,china_mask,1284,W m-2,982260,0.0,0.0,26.532702358476016,69.30866920617692,197.7651229900164,199.57797190986676,68.76326607125384,358.38956159981456,427.43782865607267
FGOALS-f3-L,ssp245,paper_qm,roughness_exponent,china_mask,1284,1,982260,0.0,0.0,0.18133658218610393,0.24146813979297163,0.3600235773547022,0.3648286525465603,0.0634599704908556,0.5335054550997032,0.6788105655216576
FGOALS-f3-L,ssp245,paper_qm,wind_speed_hub,china_mask,1284,m s-1,982260,0.0,0.0,0.14338690552191422,0.5339431846746542,2.565682897300297,2.858014022619313,1.5410762537894784,7.500220221850153,12.923041729533825
FGOALS-f3-L,ssp245,paper_qm,wpd,china_mask,1284,W m-2,982260,0.0,0.0,0.0018056541469341865,0.09323763210883794,10.344631642826572,29.00446408983151,52.016081576797774,258.4212001776132,1321.9052674327293
FGOALS-f3-L,ssp245,optimized,tas_c,china_mask,1284,degree_Celsius,982260,0.0,29.674627898926964,-35.10709228515623,-20.55215393066404,8.802285766601585,7.902917393010275,13.488977601671012,30.607887573242216,36.34267578125002
FGOALS-f3-L,ssp245,optimized,rsds,china_mask,1284,W m-2,982260,0.0,0.0,24.650671005249023,61.00720783233643,190.6231231689453,192.16177400719246,69.41043697089552,335.76682434082034,395.484619140625
FGOALS-f3-L,ssp245,optimized,sfcWind_10m,china_mask,1284,m s-1,982260,0.0,0.0,0.03003993071615696,0.15798281490802765,1.1181846261024475,1.3346119518397097,0.8982082488871861,4.276502413749699,8.511932373046875
FGOALS-f3-L,ssp245,optimized,tcell,china_mask,1284,degree_Celsius,982260,0.0,17.393867204202554,-29.91226008911131,-15.568247653875328,16.503374127435706,15.093693711399002,13.885908769361127,38.323049320545216,45.36110882215501
FGOALS-f3-L,ssp245,optimized,performance_ratio,china_mask,1284,1,982260,0.0,0.0,0.898194455889225,0.9333847533972739,1.0424831293628216,1.049531531443005,0.06942954384680564,1.2028412382693767,1.2745613004455567
FGOALS-f3-L,ssp245,optimized,pvpot,china_mask,1284,W m-2,982260,0.0,0.0,26.552102392196208,69.25280063717159,197.6794008045129,199.48876884883464,68.78355701772048,358.66837579714695,430.0621748654429
FGOALS-f3-L,ssp245,optimized,roughness_exponent,china_mask,1284,1,982260,0.0,0.0,0.18133658218610393,0.24197876400709042,0.3601586572864457,0.36482947421236794,0.06294578103006258,0.532568200510199,0.6788105655216576
FGOALS-f3-L,ssp245,optimized,wind_speed_hub,china_mask,1284,m s-1,982260,0.0,0.0,0.14338690552191422,0.5384905028861606,2.5625489740452765,2.851712127252255,1.5283010582798318,7.465647588798978,12.923041729533825
FGOALS-f3-L,ssp245,optimized,wpd,china_mask,1284,W m-2,982260,0.0,0.0,0.0018056541469341865,0.09564014762028519,10.306770730659537,28.628713596801628,51.22242153718172,254.8640321389798,1321.9052674327293
FGOALS-f3-L,ssp585,paper_qm,tas_c,china_mask,1284,degree_Celsius,982260,0.0,27.91124549508277,-35.10709228515623,-19.943848266601538,9.536553955078148,8.678659848969025,13.342195220681674,31.831579895019555,39.3791442871094
FGOALS-f3-L,ssp585,paper_qm,rsds,china_mask,1284,W m-2,982260,0.0,0.0,27.427648544311523,60.60948913574219,190.09996795654297,191.6862772959124,69.35578123594954,336.2881719970703,393.5296325683594
FGOALS-f3-L,ssp585,paper_qm,sfcWind_10m,china_mask,1284,m s-1,982260,0.0,0.0,0.030256271362304688,0.15236395269632338,1.1143853664398193,1.3352456867744045,0.9071425176626571,4.299179830551148,7.869630813598633
FGOALS-f3-L,ssp585,paper_qm,tcell,china_mask,1284,degree_Celsius,982260,0.0,15.760287500254517,-29.91226008911131,-15.003624252548194,17.170972412753127,15.810936592472046,13.746338874096327,39.40120488779071,48.06579725270273
FGOALS-f3-L,ssp585,paper_qm,performance_ratio,china_mask,1284,1,982260,0.0,0.0,0.8846710137364864,0.9279939755610465,1.0391451379362344,1.0459453170376398,0.06873169437048164,1.200018121262741,1.2745613004455567
FGOALS-f3-L,ssp585,paper_qm,pvpot,china_mask,1284,W m-2,982260,0.0,0.0,30.068336177541877,68.64852529899534,196.37223470814234,198.3052644726836,68.478165522375,357.78772572365403,433.8894822173454
FGOALS-f3-L,ssp585,paper_qm,roughness_exponent,china_mask,1284,1,982260,0.0,0.0,0.18824871762054632,0.24151282203998,0.3604585046373546,0.36534667916044467,0.06396615545298835,0.5357586694616562,0.6781783634241075
FGOALS-f3-L,ssp585,paper_qm,wind_speed_hub,china_mask,1284,m s-1,982260,0.0,0.0,0.14420946645125723,0.5231676724341678,2.555606035661363,2.850568490818809,1.544399122497398,7.497188557170797,12.139563648514464
FGOALS-f3-L,ssp585,paper_qm,wpd,china_mask,1284,W m-2,982260,0.0,0.0,0.0018369079897826064,0.08770589689849967,10.223222394686754,28.897446742444938,51.35271303446432,258.1079574447334,1095.759696594965
FGOALS-f3-L,ssp585,optimized,tas_c,china_mask,1284,degree_Celsius,982260,0.0,27.73216867224564,-35.10709228515623,-19.753151550292944,9.657830810546898,8.823001201843182,13.386110669043727,31.936168212890664,39.36208496093752
FGOALS-f3-L,ssp585,optimized,rsds,china_mask,1284,W m-2,982260,0.0,0.0,27.427648544311523,60.60948913574219,190.09996795654297,191.6862772959124,69.35578123594954,336.2881719970703,393.5296325683594
FGOALS-f3-L,ssp585,optimized,sfcWind_10m,china_mask,1284,m s-1,982260,0.0,0.0,0.030256271362304688,0.15789758250117303,1.1148086786270142,1.3324657927034789,0.8967210094804327,4.26436501502991,7.894080638885498
FGOALS-f3-L,ssp585,optimized,tcell,china_mask,1284,degree_Celsius,982260,0.0,15.650846008185207,-29.91226008911131,-14.710010328712443,17.226817107605953,15.951298166372752,13.780249487546257,39.586779328455954,47.95182760481836
FGOALS-f3-L,ssp585,optimized,performance_ratio,china_mask,1284,1,982260,0.0,0.0,0.8852408619759082,0.9270661033577203,1.03886591446197,1.0452435091681362,0.06890124743773128,1.1985500516435623,1.2745613004455567
FGOALS-f3-L,ssp585,optimized,pvpot,china_mask,1284,W m-2,982260,0.0,0.0,29.999950290239028,68.58873509610324,196.2424142197738,198.1876964850615,68.5002671503997,357.92680632560956,433.8790739123018
FGOALS-f3-L,ssp585,optimized,roughness_exponent,china_mask,1284,1,982260,0.0,0.0,0.1879754277494957,0.24222916141091988,0.36042504518667196,0.3650121405241224,0.06301397203699323,0.532615743664348,0.6781783634241075
FGOALS-f3-L,ssp585,optimized,wind_speed_hub,china_mask,1284,m s-1,982260,0.0,0.0,0.14420946645125723,0.5382589060871736,2.556379852856187,2.8479040253894707,1.526990620575941,7.448752310272853,12.169619123739384
FGOALS-f3-L,ssp585,optimized,wpd,china_mask,1284,W m-2,982260,0.0,0.0,0.0018369079897826064,0.09551680044711892,10.232511738322863,28.505073125094302,50.45194963329867,253.13761998075094,1103.9186019426602
FIO-ESM-2-0,ssp126,paper_qm,tas_c,china_mask,1284,degree_Celsius,1033620,0.0,30.425398115361546,-32.454611206054665,-21.54181457519529,8.467752075195335,7.458682657387514,13.50956946274125,29.932660522460957,34.95632324218752
FIO-ESM-2-0,ssp126,paper_qm,rsds,china_mask,1284,W m-2,1033620,0.0,0.0,30.786169052124023,60.35448593139648,187.69632720947266,190.6130968622996,69.8625123342827,339.09754211425775,409.4880676269531
FIO-ESM-2-0,ssp126,paper_qm,sfcWind_10m,china_mask,1284,m s-1,1033620,0.0,0.0,0.023014947772026062,0.1287231068313122,1.0573922991752625,1.2789948630202637,0.897991354699211,4.262847061157227,8.480015754699707
FIO-ESM-2-0,ssp126,paper_qm,tcell,china_mask,1284,degree_Celsius,1033620,0.0,17.970627503337784,-27.46396217651365,-16.651165646362283,16.21182712583544,14.71640030736585,13.946778213318115,37.562051732184905,44.05585122995378
FIO-ESM-2-0,ssp126,paper_qm,performance_ratio,china_mask,1284,1,1033620,0.0,0.0,0.904720743850231,0.9371897413390755,1.0439408643708228,1.0514179984631706,0.06973389106659057,1.2082558282318112,1.2623198108825682
FIO-ESM-2-0,ssp126,paper_qm,pvpot,china_mask,1284,W m-2,1033620,0.0,0.0,32.207941912733105,68.82488890940819,194.97094699981136,198.28752328019146,69.60335673869649,362.4948502946112,433.96170513044973
FIO-ESM-2-0,ssp126,paper_qm,roughness_exponent,china_mask,1284,1,1033620,0.0,0.0,0.18166754569448293,0.242260527282342,0.36508351060626587,0.3704976579487274,0.0663844309996006,0.5506130735048637,0.702278961786598
FIO-ESM-2-0,ssp126,paper_qm,wind_speed_hub,china_mask,1284,m s-1,1033620,0.0,0.0,0.11595485989062808,0.45737201356413354,2.450866489509907,2.7488352040458968,1.5367198321628115,7.44663863028502,12.88440016773679
FIO-ESM-2-0,ssp126,paper_qm,wpd,china_mask,1284,W m-2,1033620,0.0,0.0,0.000954933127004121,0.058602325898104324,9.017061970397585,26.97621714345608,50.78881702728971,252.9221878363118,1310.0826872356029
FIO-ESM-2-0,ssp126,optimized,tas_c,china_mask,1284,degree_Celsius,1033620,0.0,30.54768677076682,-32.19229736328123,-21.310321197509744,8.453820800781273,7.466447160685086,13.432225353548091,29.716937561035177,34.93056640625002
FIO-ESM-2-0,ssp126,optimized,rsds,china_mask,1284,W m-2,1033620,0.0,0.0,30.786169052124023,60.35448593139648,187.69632720947266,190.6130968622996,69.8625123342827,339.09754211425775,409.4880676269531
FIO-ESM-2-0,ssp126,optimized,sfcWind_10m,china_mask,1284,m s-1,1033620,0.0,0.0,0.023014947772026062,0.15954670265316964,1.1168321371078491,1.3305733029134912,0.8888682465450691,4.269118728637694,8.480015754699707
FIO-ESM-2-0,ssp126,optimized,tcell,china_mask,1284,degree_Celsius,1033620,0.0,17.934153750894914,-26.929080195617654,-16.416609820957163,16.10570833127501,14.64491037781861,13.837835931732322,37.32706453688623,43.7708036878586
FIO-ESM-2-0,ssp126,optimized,performance_ratio,china_mask,1284,1,1033620,0.0,0.0,0.906145981560707,0.9383646773155688,1.044471458343625,1.051775448110907,0.06918917965866161,1.2070830491047857,1.2596454009780884
FIO-ESM-2-0,ssp126,optimized,pvpot,china_mask,1284,W m-2,1033620,0.0,0.0,32.207941912733105,68.8012630871765,195.05899373989013,198.37634407304705,69.66249999055435,362.8022415756786,433.96170513044973
FIO-ESM-2-0,ssp126,optimized,roughness_exponent,china_mask,1284,1,1033620,0.0,0.0,0.18166754569448293,0.24213100636832624,0.3602652822536906,0.3645988362080103,0.06209895700374097,0.5317003781543679,0.702278961786598
FIO-ESM-2-0,ssp126,optimized,wind_speed_hub,china_mask,1284,m s-1,1033620,0.0,0.0,0.11595485989062808,0.5427354769820208,2.560077924065183,2.846845880884969,1.5112665319387601,7.455370647971082,12.88440016773679
FIO-ESM-2-0,ssp126,optimized,wpd,china_mask,1284,W m-2,1033620,0.0,0.0,0.000954933127004121,0.0979198474443553,10.276983208862012,28.25596711407841,50.92374076997255,253.81297032874883,1310.0826872356029
FIO-ESM-2-0,ssp245,paper_qm,tas_c,china_mask,1284,degree_Celsius,1033620,0.0,29.31193281863741,-32.98081054687498,-21.10070907592771,8.96595153808596,8.016889944622958,13.516655065979398,30.699491882324214,35.76079711914065
FIO-ESM-2-0,ssp245,paper_qm,rsds,china_mask,1284,W m-2,1033620,0.0,0.0,27.394550323486328,60.28464618682862,187.4049072265625,190.68912590119342,69.88731015815907,338.58113769531246,412.5090637207031
FIO-ESM-2-0,ssp245,paper_qm,sfcWind_10m,china_mask,1284,m s-1,1033620,0.0,0.0,0.023608827963471413,0.14373595207929613,1.0939804315567017,1.3077460095818212,0.8872059837070511,4.2366536474227905,8.480015754699707
FIO-ESM-2-0,ssp245,paper_qm,tcell,china_mask,1284,degree_Celsius,1033620,0.0,17.085002225189143,-28.472792704772928,-16.227387034330345,16.697708487796803,15.200986840371842,13.926085877946193,38.20406951210977,44.47356649236681
FIO-ESM-2-0,ssp245,paper_qm,performance_ratio,china_mask,1284,1,1033620,0.0,0.0,0.902632167538166,0.9339796524394511,1.041511457561016,1.0489950657981408,0.06963042938973096,1.2061369351716515,1.2673639635238647
FIO-ESM-2-0,ssp245,paper_qm,pvpot,china_mask,1284,W m-2,1033620,0.0,0.0,30.075610718344496,68.73807129718233,194.2642379826843,197.88022287954638,69.42072933054013,360.85762461184055,438.4544084775053
FIO-ESM-2-0,ssp245,paper_qm,roughness_exponent,china_mask,1284,1,1033620,0.0,0.0,0.18166754569448293,0.24280353495645873,0.3620866098416714,0.3670262631572132,0.0638691569469239,0.54089438266259,0.7000344556740113
FIO-ESM-2-0,ssp245,paper_qm,wind_speed_hub,china_mask,1284,m s-1,1033620,0.0,0.0,0.11833381965414459,0.4994129420155195,2.5182344653002415,2.8044597010198435,1.5145837291489304,7.4101414163477815,12.88440016773679
FIO-ESM-2-0,ssp245,paper_qm,wpd,china_mask,1284,W m-2,1033620,0.0,0.0,0.0010149221774884097,0.0762931367500498,9.78125505318349,27.495017095761725,49.95066677084332,249.22154364404471,1310.0826872356029
FIO-ESM-2-0,ssp245,optimized,tas_c,china_mask,1284,degree_Celsius,1033620,0.0,29.468276542636556,-33.38422241210935,-20.80241714477537,8.959817504882835,8.025509256010226,13.422689534414886,30.43726867675783,35.74395141601565
FIO-ESM-2-0,ssp245,optimized,rsds,china_mask,1284,W m-2,1033620,0.0,0.0,27.394550323486328,60.28464618682862,187.4049072265625,190.68912590119342,69.88731015815907,338.58113769531246,412.5090637207031
FIO-ESM-2-0,ssp245,optimized,sfcWind_10m,china_mask,1284,m s-1,1033620,0.0,0.0,0.023608827963471413,0.16087771445512772,1.125662624835968,1.337030793352814,0.8863849642778253,4.2484779882430965,8.480015754699707
FIO-ESM-2-0,ssp245,optimized,tcell,china_mask,1284,degree_Celsius,1033620,0.0,17.022987171300866,-27.865572035026528,-15.960251977796533,16.615189224052447,15.164367701407958,13.82451821555585,37.98233817188262,44.230711635875714
FIO-ESM-2-0,ssp245,optimized,performance_ratio,china_mask,1284,1,1033620,0.0,0.0,0.9038464418206215,0.9350883091405867,1.0419240538797379,1.04917816149296,0.06912259107777925,1.2048012598889828,1.2643278601751327
FIO-ESM-2-0,ssp245,optimized,pvpot,china_mask,1284,W m-2,1033620,0.0,0.0,29.878803724267367,68.70291606217265,194.31156066137777,197.94322418621513,69.49534430500897,361.250770536015,438.65739707132633
FIO-ESM-2-0,ssp245,optimized,roughness_exponent,china_mask,1284,1,1033620,0.0,0.0,0.18166754569448293,0.24255799366705805,0.35957143894757043,0.3640090906507114,0.06191834389851545,0.530968456206191,0.7000344556740113
FIO-ESM-2-0,ssp245,optimized,wind_speed_hub,china_mask,1284,m s-1,1033620,0.0,0.0,0.11833381965414459,0.5463416927772727,2.576200650039004,2.8588365037619914,1.5077360089093081,7.426622792849364,12.88440016773679
FIO-ESM-2-0,ssp245,optimized,wpd,china_mask,1284,W m-2,1033620,0.0,0.0,0.0010149221774884097,0.0998847357151382,10.47237413721939,28.36023477632088,50.26661232428359,250.88817449996554,1310.0826872356029
FIO-ESM-2-0,ssp585,paper_qm,tas_c,china_mask,1284,degree_Celsius,1033620,0.0,27.75517114606916,-34.40888061523435,-20.687711791992164,9.755059814453148,8.862964558706123,13.623269487380462,32.34995361328126,40.34502563476565
FIO-ESM-2-0,ssp585,paper_qm,rsds,china_mask,1284,W m-2,1033620,0.0,0.0,30.007293701171875,59.463073616027835,187.97865295410156,190.66123826660467,69.72780492756505,338.5298049926757,409.4880676269531
FIO-ESM-2-0,ssp585,paper_qm,sfcWind_10m,china_mask,1284,m s-1,1033620,0.0,0.0,0.023708827793598175,0.14250485494732856,1.0872440934181213,1.3043998450862213,0.8892613700213986,4.239521927833555,8.480015754699707
FIO-ESM-2-0,ssp585,paper_qm,tcell,china_mask,1284,degree_Celsius,1033620,0.0,15.824190708384126,-27.661334656906103,-15.795398568191505,17.39726764564516,16.003167287033058,14.019346914658328,39.60961473744869,48.86475575189592
FIO-ESM-2-0,ssp585,paper_qm,performance_ratio,china_mask,1284,1,1033620,0.0,0.0,0.8806762212405204,0.9269519263127565,1.0380136617717741,1.044984163564835,0.07009673457329164,1.2039769928409576,1.2633066732845306
FIO-ESM-2-0,ssp585,paper_qm,pvpot,china_mask,1284,W m-2,1033620,0.0,0.0,32.207941912733105,67.80339551928492,193.6503887706134,197.05555461380249,68.95921053830992,359.60272131999346,445.98774882694573
FIO-ESM-2-0,ssp585,paper_qm,roughness_exponent,china_mask,1284,1,1033620,0.0,0.0,0.18166754569448293,0.2427439100678807,0.36263077507548636,0.3674529624648656,0.06416291587415981,0.5416522084053907,0.6996620788937427
FIO-ESM-2-0,ssp585,paper_qm,wind_speed_hub,china_mask,1284,m s-1,1033620,0.0,0.0,0.11873319683002015,0.49600021966362273,2.5058659335088427,2.7978082934955677,1.5186402858607302,7.414140229903784,12.88440016773679
FIO-ESM-2-0,ssp585,paper_qm,wpd,china_mask,1284,W m-2,1033620,0.0,0.0,0.0010252329991932332,0.07473976010048076,9.637837270920791,27.453728239312614,50.11745716847268,249.6252316465041,1310.0826872356029
FIO-ESM-2-0,ssp585,optimized,tas_c,china_mask,1284,degree_Celsius,1033620,0.0,27.881232948278868,-34.43842163085935,-20.385172882080056,9.759454345703148,8.894234982250284,13.517440967290032,32.10618347167971,40.25655517578127
FIO-ESM-2-0,ssp585,optimized,rsds,china_mask,1284,W m-2,1033620,0.0,0.0,30.007293701171875,59.463073616027835,187.97865295410156,190.66123826660467,69.72780492756505,338.5298049926757,409.4880676269531
FIO-ESM-2-0,ssp585,optimized,sfcWind_10m,china_mask,1284,m s-1,1033620,0.0,0.0,0.023708827793598175,0.1605618667602539,1.1231860518455505,1.3351459885444903,0.8861347919317456,4.2470555019378615,8.480015754699707
FIO-ESM-2-0,ssp585,optimized,tcell,china_mask,1284,degree_Celsius,1033620,0.0,15.654495849538517,-27.615004505348182,-15.476636515178658,17.320808879661577,15.985675189230967,13.912364082459394,39.485046868753436,48.483924426841746
FIO-ESM-2-0,ssp585,optimized,performance_ratio,china_mask,1284,1,1033620,0.0,0.0,0.8825803778657912,0.9275747656562328,1.038395955601692,1.0450716240538451,0.06956182041229698,1.2023831825758933,1.2630750225267409
FIO-ESM-2-0,ssp585,optimized,pvpot,china_mask,1284,W m-2,1033620,0.0,0.0,32.183849310909366,67.7156458349364,193.71282766099876,197.1040490544852,69.03344781758672,360.08936735290575,446.84112692451623
FIO-ESM-2-0,ssp585,optimized,roughness_exponent,china_mask,1284,1,1033620,0.0,0.0,0.18166754569448293,0.24258749647260647,0.3597654814998486,0.364167622480292,0.06196346542276055,0.5311415912065578,0.6996620788937427
FIO-ESM-2-0,ssp585,optimized,wind_speed_hub,china_mask,1284,m s-1,1033620,0.0,0.0,0.11873319683002015,0.5454864909205935,2.571681514257793,2.8554439896594084,1.5075616670760983,7.424640550901463,12.88440016773679
FIO-ESM-2-0,ssp585,optimized,wpd,china_mask,1284,W m-2,1033620,0.0,0.0,0.0010252329991932332,0.09941641439033276,10.417359271979265,28.296173521983366,50.33765132115473,250.68733419790595,1310.0826872356029
IPSL-CM6A-LR,ssp126,paper_qm,tas_c,china_mask,1284,degree_Celsius,387768,0.0,29.87301685543933,-34.62131347656248,-20.929134521484354,8.780541992187523,7.8429108829919185,13.6175570881768,30.674105834960965,34.9122253417969
IPSL-CM6A-LR,ssp126,paper_qm,rsds,china_mask,1284,W m-2,387768,0.0,0.0,32.54289627075195,62.019254264831545,192.1502227783203,193.58261082197038,68.42637330272204,336.0333666992188,396.1038818359375
IPSL-CM6A-LR,ssp126,paper_qm,sfcWind_10m,china_mask,1284,m s-1,387768,0.0,0.0,0.019909238442778587,0.11022018767893314,1.0473286509513855,1.274704655646129,0.9323959409069051,4.394739470481873,8.650273323059082
IPSL-CM6A-LR,ssp126,paper_qm,tcell,china_mask,1284,degree_Celsius,387768,0.0,17.61053000763343,-29.149572404098485,-15.706476484308219,16.625230674552938,15.168429351849262,14.031211486445674,38.1784772768617,44.26128500680925
IPSL-CM6A-LR,ssp126,paper_qm,performance_ratio,china_mask,1284,1,387768,0.0,0.0,0.9036935749659537,0.9341076136156915,1.0418738466272353,1.0491578532407535,0.07015605743222837,1.2035323824215411,1.2707478620204924
IPSL-CM6A-LR,ssp126,paper_qm,pvpot,china_mask,1284,W m-2,387768,0.0,0.0,39.93492964193427,70.63336991673634,198.76395079482583,200.8746413529367,67.64845604460228,359.467866247336,436.7416720177191
IPSL-CM6A-LR,ssp126,paper_qm,roughness_exponent,china_mask,1284,1,387768,0.0,0.0,0.17991624008137522,0.2395760331088233,0.36592601104793815,0.3729600268151429,0.07008550062567014,0.564284748274817,0.7150499413640382
IPSL-CM6A-LR,ssp126,paper_qm,wind_speed_hub,china_mask,1284,m s-1,387768,0.0,0.0,0.10330101513037479,0.40415307737023287,2.4322543870359796,2.7330018420788353,1.5937804774366124,7.629729963344925,13.090193615140116
IPSL-CM6A-LR,ssp126,paper_qm,wpd,china_mask,1284,W m-2,387768,0.0,0.0,0.0006751804535412401,0.04043373026293292,8.813188908939587,27.911068522753933,54.16376578461431,272.04051929242644,1373.8657713041623
IPSL-CM6A-LR,ssp126,optimized,tas_c,china_mask,1284,degree_Celsius,387768,0.0,29.770378164263168,-34.627096557617165,-20.608683929443337,8.976251220703148,7.963448757755534,13.576201785185889,30.18151153564456,34.99282226562502
IPSL-CM6A-LR,ssp126,optimized,rsds,china_mask,1284,W m-2,387768,0.0,0.0,32.54289627075195,62.019254264831545,192.1502227783203,193.58261082197038,68.42637330272204,336.0333666992188,396.1038818359375
IPSL-CM6A-LR,ssp126,optimized,sfcWind_10m,china_mask,1284,m s-1,387768,0.0,0.0,0.019909238442778587,0.15724346458911895,1.1150307655334473,1.3318893488151113,0.9113006243641875,4.390607919692994,8.650273323059082
IPSL-CM6A-LR,ssp126,optimized,tcell,china_mask,1284,degree_Celsius,387768,0.0,17.606661715252418,-29.155025849533054,-15.505587128276803,16.663957109022164,15.194718356589147,13.964546560818105,37.781358374590916,43.827336591529864
IPSL-CM6A-LR,ssp126,optimized,performance_ratio,china_mask,1284,1,387768,0.0,0.0,0.9058633170423507,0.9360932081270456,1.0416802144548891,1.0490264082170542,0.06982273280409053,1.202527935641384,1.2707751292476652
IPSL-CM6A-LR,ssp126,optimized,pvpot,china_mask,1284,W m-2,387768,0.0,0.0,39.960527960438085,70.55289285345724,198.77342690492077,200.87896159453214,67.71319353332463,359.6478976004954,436.7416720177191
IPSL-CM6A-LR,ssp126,optimized,roughness_exponent,china_mask,1284,1,387768,0.0,0.0,0.17991624008137522,0.23965889600336532,0.3604074960697556,0.3652075097337812,0.06308319563085779,0.5329814713389125,0.7150499413640382
IPSL-CM6A-LR,ssp126,optimized,wind_speed_hub,china_mask,1284,m s-1,387768,0.0,0.0,0.10330101513037479,0.536480665936983,2.5567858052017662,2.8454905336858167,1.5439372290259896,7.6240116705883425,13.090193615140116
IPSL-CM6A-LR,ssp126,optimized,wpd,china_mask,1284,W m-2,387768,0.0,0.0,0.0006751804535412401,0.09457325183179432,10.237387271745874,29.021001103105867,53.95427320025983,271.4293148194753,1373.8657713041623
IPSL-CM6A-LR,ssp245,paper_qm,tas_c,china_mask,1284,degree_Celsius,387768,0.0,29.142683253904394,-31.735617065429665,-20.529286956787086,9.243829345703148,8.393572576494952,13.693898293224102,31.66286590576174,36.34108886718752
IPSL-CM6A-LR,ssp245,paper_qm,rsds,china_mask,1284,W m-2,387768,0.0,0.0,30.8524169921875,61.403154067993164,191.4183349609375,192.6856010932914,68.69301747779903,334.9081674194336,398.9842529296875
IPSL-CM6A-LR,ssp245,paper_qm,sfcWind_10m,china_mask,1284,m s-1,387768,0.0,0.0,0.020748436450958252,0.12418713122606277,1.0844196677207947,1.3080473215962714,0.9319141229287434,4.433756337165833,8.684494018554688
IPSL-CM6A-LR,ssp245,paper_qm,tcell,china_mask,1284,degree_Celsius,387768,0.0,17.022807451878442,-26.846813668441747,-15.254000944528556,16.93702428226473,15.611639462847794,14.103589718084944,39.14017401240353,45.32913616971971
IPSL-CM6A-LR,ssp245,paper_qm,performance_ratio,china_mask,1284,1,387768,0.0,0.0,0.8983543191514014,0.9292991299379825,1.0403148785886764,1.046941802685761,0.07051794859042472,1.201270004722643,1.2592340683422087
IPSL-CM6A-LR,ssp245,paper_qm,pvpot,china_mask,1284,W m-2,387768,0.0,0.0,37.242880907347676,69.77447422301829,197.33831855522004,199.44962795235287,67.61072588060253,356.8444244808395,437.207571412644
IPSL-CM6A-LR,ssp245,paper_qm,roughness_exponent,china_mask,1284,1,387768,0.0,0.0,0.17956840187505363,0.23879732552061916,0.3628599376638928,0.3693197157177596,0.06783177519684246,0.5537735806566377,0.7114125544863802
IPSL-CM6A-LR,ssp245,paper_qm,wind_speed_hub,china_mask,1284,m s-1,387768,0.0,0.0,0.10675738552972712,0.44447790336674137,2.5006754084046077,2.795391376402356,1.5867818750360907,7.683677843454642,13.131457192816502
IPSL-CM6A-LR,ssp245,paper_qm,wpd,china_mask,1284,W m-2,387768,0.0,0.0,0.0007452463906986042,0.05378443608496549,9.578071239180714,28.886852290320583,54.81000790713431,277.8520057790761,1386.8990791704439
IPSL-CM6A-LR,ssp245,optimized,tas_c,china_mask,1284,degree_Celsius,387768,0.0,29.057838707680883,-31.735617065429665,-20.141762542724585,9.479760742187523,8.547401897545898,13.642582084206953,31.195895690917993,36.60274658203127
IPSL-CM6A-LR,ssp245,optimized,rsds,china_mask,1284,W m-2,387768,0.0,0.0,30.8524169921875,61.403154067993164,191.4183349609375,192.6856010932914,68.69301747779903,334.9081674194336,398.9842529296875
IPSL-CM6A-LR,ssp245,optimized,sfcWind_10m,china_mask,1284,m s-1,387768,0.0,0.0,0.020748436450958252,0.15837699428200722,1.1240497827529907,1.3427840625522385,0.9158861684931366,4.4278329515457155,8.684494018554688
IPSL-CM6A-LR,ssp245,optimized,tcell,china_mask,1284,degree_Celsius,387768,0.0,16.920684533019745,-26.846813668441747,-14.933547154579138,17.04523165612223,15.703622772418118,14.035341356901593,38.77495945804122,45.20413946180346
IPSL-CM6A-LR,ssp245,optimized,performance_ratio,china_mask,1284,1,387768,0.0,0.0,0.8989793026909827,0.9311252027097939,1.0397738417193887,1.0464818861379093,0.07017670678450796,1.1996677357728958,1.2592340683422087
IPSL-CM6A-LR,ssp245,optimized,pvpot,china_mask,1284,W m-2,387768,0.0,0.0,37.23840683370526,69.68441113004626,197.323339962163,199.4024523989942,67.69210322844116,357.3206516785424,438.58782253914336
IPSL-CM6A-LR,ssp245,optimized,roughness_exponent,china_mask,1284,1,387768,0.0,0.0,0.17956840187505363,0.23891510357083004,0.35969775857061453,0.3644436628667785,0.06306582456383095,0.5323486579630795,0.7114125544863802
IPSL-CM6A-LR,ssp245,optimized,wind_speed_hub,china_mask,1284,m s-1,387768,0.0,0.0,0.10675738552972712,0.5395612529511473,2.5732578397776518,2.8643946876120334,1.5502355357888677,7.675493910931464,13.131457192816502
IPSL-CM6A-LR,ssp245,optimized,wpd,china_mask,1284,W m-2,387768,0.0,0.0,0.0007452463906986042,0.09621180374962035,10.436527139378464,29.492449554450328,54.513283896526275,276.9651254405031,1386.8990791704439
IPSL-CM6A-LR,ssp585,paper_qm,tas_c,china_mask,1284,degree_Celsius,387768,0.0,26.732994986693075,-33.48387756347654,-19.89371414184568,10.361260986328148,9.598791741330274,13.781243865756798,34.00499603271488,41.9841247558594
IPSL-CM6A-LR,ssp585,paper_qm,rsds,china_mask,1284,W m-2,387768,0.0,0.0,28.369178771972656,59.98972053527832,190.60759735107422,191.7589258706232,68.40667485731011,332.8299063110353,396.2723693847656
IPSL-CM6A-LR,ssp585,paper_qm,sfcWind_10m,china_mask,1284,m s-1,387768,0.0,0.0,0.01834697276353836,0.11044911988079548,1.0724660754203796,1.2998489071355266,0.9397414145760258,4.433894858360294,8.687806129455566
IPSL-CM6A-LR,ssp585,paper_qm,tcell,china_mask,1284,degree_Celsius,387768,0.0,15.192589383342616,-28.679292976570107,-14.543312109160398,17.895243681240103,16.73474140634881,14.18043708450136,41.29498849762562,49.07520925669672
IPSL-CM6A-LR,ssp585,paper_qm,performance_ratio,china_mask,1284,1,387768,0.0,0.0,0.8796239537165164,0.918525057511872,1.0355237815937994,1.0413262929682559,0.0709021854225068,1.1977165605458022,1.2683964648828505
IPSL-CM6A-LR,ssp585,paper_qm,pvpot,china_mask,1284,W m-2,387768,0.0,0.0,33.11753405352652,68.04665088063686,194.98823453117944,197.37890070822024,66.93488497033242,354.1397188781723,436.7416720177191
IPSL-CM6A-LR,ssp585,paper_qm,roughness_exponent,china_mask,1284,1,387768,0.0,0.0,0.17953480851419562,0.2387945731317886,0.3638364588051508,0.37098668993621187,0.06993950481409755,0.5641019482558456,0.7222494097982677
IPSL-CM6A-LR,ssp585,paper_qm,wind_speed_hub,china_mask,1284,m s-1,387768,0.0,0.0,0.09678628625261354,0.40482209427585836,2.4786774864453465,2.777558749003556,1.6037125143599549,7.683869201729794,13.135449209100907
IPSL-CM6A-LR,ssp585,paper_qm,wpd,china_mask,1284,W m-2,387768,0.0,0.0,0.0005553254422707035,0.04063485552935079,9.327519367197919,28.860504615118025,55.02885969178958,277.87276589023514,1388.1643325822608
IPSL-CM6A-LR,ssp585,optimized,tas_c,china_mask,1284,degree_Celsius,387768,0.0,26.576458088341482,-33.48686828613279,-19.532126312255837,10.627603149414085,9.773042116233851,13.71436690108446,33.70424743652346,41.95562133789065
IPSL-CM6A-LR,ssp585,optimized,rsds,china_mask,1284,W m-2,387768,0.0,0.0,28.369178771972656,59.98972053527832,190.60759735107422,191.7589258706232,68.40667485731011,332.8299063110353,396.2723693847656
IPSL-CM6A-LR,ssp585,optimized,sfcWind_10m,china_mask,1284,m s-1,387768,0.0,0.0,0.01834697276353836,0.1552790756523609,1.1182745695114136,1.3369578279251013,0.9145960835384283,4.419753007888797,8.687806129455566
IPSL-CM6A-LR,ssp585,optimized,tcell,china_mask,1284,degree_Celsius,387768,0.0,14.950434280291308,-28.68117696781156,-14.259983429388978,18.01791837387087,16.842357078916418,14.094536379401283,41.07229104123595,48.68794412498475
IPSL-CM6A-LR,ssp585,optimized,performance_ratio,china_mask,1284,1,387768,0.0,0.0,0.8815602793750762,0.9196385447938203,1.0349104081306457,1.040788214605418,0.07047268189700642,1.1962999171469448,1.2684058848390578
IPSL-CM6A-LR,ssp585,optimized,pvpot,china_mask,1284,W m-2,387768,0.0,0.0,33.06619205636676,67.8887923891589,194.9144921347838,197.32237432533128,67.02272152574878,354.67900399761146,436.7416720177191
IPSL-CM6A-LR,ssp585,optimized,roughness_exponent,china_mask,1284,1,387768,0.0,0.0,0.17953480851419562,0.23907601601226386,0.3601515710724831,0.3649946366149244,0.06338522746447046,0.5340890069101436,0.7222494097982677
IPSL-CM6A-LR,ssp585,optimized,wind_speed_hub,china_mask,1284,m s-1,387768,0.0,0.0,0.09678628625261354,0.5311313593331758,2.5627132826419,2.853827146092375,1.549532769590327,7.664326828761459,13.135449209100907
IPSL-CM6A-LR,ssp585,optimized,wpd,china_mask,1284,W m-2,387768,0.0,0.0,0.0005553254422707035,0.09177236529986431,10.308753443601121,29.268054419061936,54.23583152095699,275.75801328834456,1388.1643325822608
KACE-1-0-G,ssp126,paper_qm,tas_c,china_mask,1284,degree_Celsius,522588,0.0,29.25229817753182,-34.8855041503906,-22.554317932128882,9.169488525390648,7.958534940780228,13.957751414167978,31.2435095214844,37.42656860351565
KACE-1-0-G,ssp126,paper_qm,rsds,china_mask,1284,W m-2,522588,0.0,0.0,32.25189971923828,61.98570465087891,198.0982894897461,199.60278384763822,71.46310936773288,353.2503472900391,490.9460754394531
KACE-1-0-G,ssp126,paper_qm,sfcWind_10m,china_mask,1284,m s-1,522588,0.0,0.0,0.030286766588687897,0.10719033017754555,0.854221761226654,1.082377828913435,0.834718588197069,3.9514122319221507,8.085604667663574
KACE-1-0-G,ssp126,paper_qm,tcell,china_mask,1284,degree_Celsius,522588,0.0,17.264078011741564,-28.374513293457007,-16.320629769678096,17.35765125994684,15.739903074309897,14.408944406680627,39.632826692416685,46.085616686332244
KACE-1-0-G,ssp126,paper_qm,performance_ratio,china_mask,1284,1,522588,0.0,0.0,0.8945719165683388,0.9268358665379165,1.0382117437002658,1.0463004846284507,0.07204472203340313,1.2066031488483904,1.266872566467285
KACE-1-0-G,ssp126,paper_qm,pvpot,china_mask,1284,W m-2,522588,0.0,0.0,38.338017868521106,70.7041472268849,205.01679888532362,206.50802761359304,70.72154586191232,378.95142784106446,548.7592939901249
KACE-1-0-G,ssp126,paper_qm,roughness_exponent,china_mask,1284,1,522588,0.0,0.0,0.18586348691488547,0.24894416501435412,0.3838814276340491,0.3889554092969368,0.07120934000867962,0.5667404478829298,0.6780896123550335
KACE-1-0-G,ssp126,paper_qm,wind_speed_hub,china_mask,1284,m s-1,522588,0.0,0.0,0.1443253179543569,0.39527200486521746,2.0675311357430894,2.390826082464798,1.4641684624749407,7.009652763320803,12.40440651207597
KACE-1-0-G,ssp126,paper_qm,wpd,china_mask,1284,W m-2,522588,0.0,0.0,0.0018413386189985558,0.037826334867503746,5.41330215049801,20.04678575949672,42.07298814224963,210.95780990334598,1169.0526319595692
KACE-1-0-G,ssp126,optimized,tas_c,china_mask,1284,degree_Celsius,522588,0.0,28.93751865714482,-35.03940429687498,-22.4554992675781,9.423638916015648,8.21351443204599,14.064810937060424,31.417181091308617,37.44088134765627
KACE-1-0-G,ssp126,optimized,rsds,china_mask,1284,W m-2,522588,0.0,0.0,32.25189971923828,61.98570465087891,198.0982894897461,199.60278384763822,71.46310936773288,353.2503472900391,490.9460754394531
KACE-1-0-G,ssp126,optimized,sfcWind_10m,china_mask,1284,m s-1,522588,0.0,0.0,0.030286766588687897,0.15807367771863937,1.0133088827133179,1.2217313087798305,0.8272459755135517,4.006357874870301,8.085604667663574
KACE-1-0-G,ssp126,optimized,tcell,china_mask,1284,degree_Celsius,522588,0.0,17.424433779573967,-28.374513293457007,-16.223493711843467,17.302337535905856,15.767416617337659,14.437730238996377,39.41002335249903,45.60420282034876
KACE-1-0-G,ssp126,optimized,performance_ratio,china_mask,1284,1,522588,0.0,0.0,0.8969789858982562,0.9279498832375048,1.0384883123204707,1.0461629169133115,0.07218865119498188,1.2061174685592173,1.266872566467285
KACE-1-0-G,ssp126,optimized,pvpot,china_mask,1284,W m-2,522588,0.0,0.0,38.39267146589195,70.67664365269539,204.97991509265836,206.50930893302993,70.81114446050363,379.268131558874,550.7683750490806
KACE-1-0-G,ssp126,optimized,roughness_exponent,china_mask,1284,1,522588,0.0,0.0,0.18586348691488547,0.24772754576507133,0.3688352213051824,0.3721265111174777,0.061530727869183115,0.5325175449354407,0.6780896123550335
KACE-1-0-G,ssp126,optimized,wind_speed_hub,china_mask,1284,m s-1,522588,0.0,0.0,0.1443253179543569,0.5387373709113054,2.3690655149598077,2.6584332797745214,1.4260151445586284,7.087242394644412,12.40440651207597
KACE-1-0-G,ssp126,optimized,wpd,china_mask,1284,W m-2,522588,0.0,0.0,0.0018413386189985558,0.09577174509679541,8.143991394621825,23.375394531297907,43.51665877545367,218.04089336679945,1169.0526319595692
KACE-1-0-G,ssp245,paper_qm,tas_c,china_mask,1284,degree_Celsius,522588,0.0,28.664837309697123,-36.43781127929685,-22.185114440917946,9.491967773437523,8.30772085065947,13.946591291859525,31.852257995605495,38.34731445312502
KACE-1-0-G,ssp245,paper_qm,rsds,china_mask,1284,W m-2,522588,0.0,0.0,30.668540954589844,61.18715496063233,195.78360748291016,197.7777016655214,71.11832352212365,350.52432891845706,476.9567565917969
KACE-1-0-G,ssp245,paper_qm,sfcWind_10m,china_mask,1284,m s-1,522588,0.0,0.0,0.02930629812180996,0.111626610532403,0.8666695356369019,1.0918360921761265,0.8283140588029433,3.9185520195961017,8.085604667663574
KACE-1-0-G,ssp245,paper_qm,tcell,china_mask,1284,degree_Celsius,522588,0.0,16.74875810389829,-28.374513293457007,-15.91826281389234,17.58479867701533,16.003630859961355,14.369659089062477,40.0797619214678,47.416353124904646
KACE-1-0-G,ssp245,paper_qm,performance_ratio,china_mask,1284,1,522588,0.0,0.0,0.8879182343754768,0.924601190392661,1.0370760066149234,1.0449818457001934,0.07184829544531239,1.2045913140694617,1.266872566467285
KACE-1-0-G,ssp245,paper_qm,pvpot,china_mask,1284,W m-2,522588,0.0,0.0,36.03304331013087,69.64516659642388,202.26278975901306,204.39007572891754,70.37349324777465,375.63843594240757,528.9197486367894
KACE-1-0-G,ssp245,paper_qm,roughness_exponent,china_mask,1284,1,522588,0.0,0.0,0.18586348691488547,0.2496798739832814,0.3826068926837005,0.38731432127783383,0.06988845232294531,0.5631676910333687,0.6809888445957044
KACE-1-0-G,ssp245,paper_qm,wind_speed_hub,china_mask,1284,m s-1,522588,0.0,0.0,0.14058850340720347,0.4082586817270527,2.0915123030190736,2.4106465694010484,1.4520099461418474,6.963145824100474,12.40440651207597
KACE-1-0-G,ssp245,paper_qm,wpd,china_mask,1284,W m-2,522588,0.0,0.0,0.0017019841700531852,0.041678528744004746,5.603861122246351,20.091780888567637,41.27508083631363,206.78668216802114,1169.0526319595692
KACE-1-0-G,ssp245,optimized,tas_c,china_mask,1284,degree_Celsius,522588,0.0,28.365366215833504,-36.66513671874998,-22.099106903076148,9.783181762695335,8.574210336064983,14.080222806320966,32.02432556152346,38.28383789062502
KACE-1-0-G,ssp245,optimized,rsds,china_mask,1284,W m-2,522588,0.0,0.0,30.668540954589844,61.18715496063233,195.78360748291016,197.7777016655214,71.11832352212365,350.52432891845706,476.9567565917969
KACE-1-0-G,ssp245,optimized,sfcWind_10m,china_mask,1284,m s-1,522588,0.0,0.0,0.02930629812180996,0.16069327875971795,1.0180485844612122,1.2249639087968014,0.8232642905196166,3.971394021511078,8.085604667663574
KACE-1-0-G,ssp245,optimized,tcell,china_mask,1284,degree_Celsius,522588,0.0,16.95676134928471,-28.374513293457007,-15.818865271520592,17.580839003372212,16.051511140902363,14.425110069028452,39.83978206425669,46.90277869610788
KACE-1-0-G,ssp245,optimized,performance_ratio,china_mask,1284,1,522588,0.0,0.0,0.8904861065194606,0.9258010896787165,1.037095804983139,1.0447424442954882,0.07212555034514227,1.2040943263576032,1.266872566467285
KACE-1-0-G,ssp245,optimized,pvpot,china_mask,1284,W m-2,522588,0.0,0.0,35.916868787933524,69.61912910254581,202.18163062089525,204.3724368669491,70.46711078483371,376.1800836781046,531.1032869785935
KACE-1-0-G,ssp245,optimized,roughness_exponent,china_mask,1284,1,522588,0.0,0.0,0.18586348691488547,0.24849977714887136,0.3684240987051407,0.3716658202148262,0.06116896821605175,0.5310695149925613,0.6809888445957044
KACE-1-0-G,ssp245,optimized,wind_speed_hub,china_mask,1284,m s-1,522588,0.0,0.0,0.14058850340720347,0.5458423488326448,2.3778946134251937,2.6650830783100967,1.4199325782484904,7.037894540281373,12.40440651207597
KACE-1-0-G,ssp245,optimized,wpd,china_mask,1284,W m-2,522588,0.0,0.0,0.0017019841700531852,0.09961110880786628,8.235384910608245,23.34203920352411,42.73665183162644,213.51793350759678,1169.0526319595692
KACE-1-0-G,ssp585,paper_qm,tas_c,china_mask,1284,degree_Celsius,522588,0.0,26.943404747143063,-35.0689758300781,-21.484518280029274,10.332147216796898,9.25672949652899,13.989330697787228,33.627683105468776,41.99297485351565
KACE-1-0-G,ssp585,paper_qm,rsds,china_mask,1284,W m-2,522588,0.0,0.0,29.78885841369629,60.76122501373291,195.2689971923828,197.13536900233865,70.87741521398142,348.63194427490237,485.16802978515625
KACE-1-0-G,ssp585,paper_qm,sfcWind_10m,china_mask,1284,m s-1,522588,0.0,0.0,0.026383090764284134,0.11112888500094413,0.8731608986854553,1.099742047457331,0.8333716814706754,3.9274972796440126,8.124665260314941
KACE-1-0-G,ssp585,paper_qm,tcell,china_mask,1284,degree_Celsius,522588,0.0,15.373295980772617,-28.374513293457007,-15.244911715393043,18.328680868673345,16.868480398777518,14.408970424725613,41.77304739219668,49.97912025647165
KACE-1-0-G,ssp585,paper_qm,performance_ratio,china_mask,1284,1,522588,0.0,0.0,0.8751043987176417,0.9161347630390166,1.0333565956566333,1.0406575980061126,0.07204485212362807,1.2012245585769652,1.266872566467285
KACE-1-0-G,ssp585,paper_qm,pvpot,china_mask,1284,W m-2,522588,0.0,0.0,35.88233762635945,68.97316494362913,200.4794843682821,202.85476208487833,69.81050618954775,372.21866146535507,546.2318771118248
KACE-1-0-G,ssp585,paper_qm,roughness_exponent,china_mask,1284,1,522588,0.0,0.0,0.1854389110271119,0.24947898869278987,0.3819494817946304,0.3869008545587821,0.07034138741155549,0.5635613936313669,0.6902463170319788
KACE-1-0-G,ssp585,paper_qm,wind_speed_hub,china_mask,1284,m s-1,522588,0.0,0.0,0.1292920997404596,0.4068069372174179,2.10399043424448,2.424090727170494,1.461186865488456,6.975813828898045,12.452151270919826
KACE-1-0-G,ssp585,paper_qm,wpd,china_mask,1284,W m-2,522588,0.0,0.0,0.0013237990307374842,0.04123548878367869,5.704759969709199,20.3927945925412,41.499959272089214,207.9173531506031,1182.6037636732647
KACE-1-0-G,ssp585,optimized,tas_c,china_mask,1284,degree_Celsius,522588,0.0,26.70535871470451,-35.31964721679685,-21.339413299560523,10.636102294921898,9.535929381010776,14.14930760096306,33.81744689941409,41.92708740234377
KACE-1-0-G,ssp585,optimized,rsds,china_mask,1284,W m-2,522588,0.0,0.0,29.78885841369629,60.76122501373291,195.2689971923828,197.13536900233865,70.87741521398142,348.63194427490237,485.16802978515625
KACE-1-0-G,ssp585,optimized,sfcWind_10m,china_mask,1284,m s-1,522588,0.0,0.0,0.026383090764284134,0.1599368266761303,1.0201947093009949,1.2277166598436415,0.8254392185934373,3.970290071964265,8.124665260314941
KACE-1-0-G,ssp585,optimized,tcell,china_mask,1284,degree_Celsius,522588,0.0,15.578620251517448,-28.374513293457007,-15.161937329049088,18.34276398341658,16.936220682117558,14.484774697758478,41.53157576238634,49.270100859212896
KACE-1-0-G,ssp585,optimized,performance_ratio,china_mask,1284,1,522588,0.0,0.0,0.8786494957039355,0.9173421211880682,1.0332861800829172,1.0403188965894121,0.0724238734887924,1.2008096866452453,1.266872566467285
KACE-1-0-G,ssp585,optimized,pvpot,china_mask,1284,W m-2,522588,0.0,0.0,35.56134475209178,68.888270051355,200.37074775643495,202.82106314853638,69.91077141023739,372.61260931127265,546.739349108892
KACE-1-0-G,ssp585,optimized,roughness_exponent,china_mask,1284,1,522588,0.0,0.0,0.1854389110271119,0.24852427019274573,0.3682385726016837,0.3715696858056212,0.06137483627847957,0.5314852189577638,0.6902463170319788
KACE-1-0-G,ssp585,optimized,wind_speed_hub,china_mask,1284,m s-1,522588,0.0,0.0,0.1292920997404596,0.5437931007356537,2.3818896624904884,2.6695410151946373,1.4239963805326978,7.036334998097536,12.452151270919826
KACE-1-0-G,ssp585,optimized,wpd,china_mask,1284,W m-2,522588,0.0,0.0,0.0013237990307374842,0.09849341117501406,8.276962960537023,23.465804795650204,42.79403704246601,213.37602338719643,1182.6037636732647
MPI-ESM1-2-HR,ssp126,paper_qm,tas_c,china_mask,1284,degree_Celsius,1390572,0.0,30.805740371588097,-33.91527404785154,-20.966214752197242,8.274194335937523,7.332418273464847,13.40997902504236,29.986553344726588,35.38335571289065
MPI-ESM1-2-HR,ssp126,paper_qm,rsds,china_mask,1284,W m-2,1390572,0.0,0.0,26.721263885498047,62.40182304382324,192.34212493896484,193.9581073775959,68.53215471450523,338.1428063964844,415.2652282714844
MPI-ESM1-2-HR,ssp126,paper_qm,sfcWind_10m,china_mask,1284,m s-1,1390572,0.0,0.0,0.028155576437711716,0.14299176782369613,1.0815321803092957,1.3059967358276703,0.9158376640322697,4.358975124359132,8.649240493774414
MPI-ESM1-2-HR,ssp126,paper_qm,tcell,china_mask,1284,degree_Celsius,1390572,0.0,18.068391999838916,-28.261903395843483,-16.206539180040334,16.086640175151846,14.649734426105356,13.842460867246027,37.77148629212859,43.80825595359804
MPI-ESM1-2-HR,ssp126,paper_qm,performance_ratio,china_mask,1284,1,1390572,0.0,0.0,0.9059587202320097,0.9361425685393571,1.0445667991242407,1.0517513278694732,0.06921230433623014,1.2060326959002017,1.2663095169792173
MPI-ESM1-2-HR,ssp126,paper_qm,pvpot,china_mask,1284,W m-2,1390572,0.0,0.0,28.88937067720637,71.4769726034358,199.87071528123414,201.79873926386043,67.96034256431487,361.4131173062477,436.9918231432308
MPI-ESM1-2-HR,ssp126,paper_qm,roughness_exponent,china_mask,1284,1,1390572,0.0,0.0,0.17992675971343552,0.24029592325095916,0.36309483466036985,0.36827103858188676,0.06536738447306793,0.5413517000192982,0.6845178674996173
MPI-ESM1-2-HR,ssp126,paper_qm,wind_speed_hub,china_mask,1284,m s-1,1390572,0.0,0.0,0.13617026753041842,0.49735070217424227,2.4953661572668944,2.7958866373600686,1.558492892414879,7.580193880974583,13.088947707430894
MPI-ESM1-2-HR,ssp126,paper_qm,wpd,china_mask,1284,W m-2,1390572,0.0,0.0,0.0015465108282781297,0.07535191595600016,9.517194290800632,28.348851456183624,54.07266957967945,266.77617083202256,1373.4735203352952
MPI-ESM1-2-HR,ssp126,optimized,tas_c,china_mask,1284,degree_Celsius,1390572,0.0,30.874920536297296,-34.397787475585915,-20.99274734497068,8.327813720703148,7.323664743415456,13.462257232822846,29.599464416503935,35.3232360839844
MPI-ESM1-2-HR,ssp126,optimized,rsds,china_mask,1284,W m-2,1390572,0.0,0.0,26.721263885498047,62.40182304382324,192.34212493896484,193.9581073775959,68.53215471450523,338.1428063964844,415.2652282714844
MPI-ESM1-2-HR,ssp126,optimized,sfcWind_10m,china_mask,1284,m s-1,1390572,0.0,0.0,0.028155576437711716,0.1725614546239376,1.1170247793197632,1.336623195690641,0.9030435319420206,4.352658276557923,8.649240493774414
MPI-ESM1-2-HR,ssp126,optimized,tcell,china_mask,1284,degree_Celsius,1390572,0.0,18.301461556826975,-28.261903395843483,-16.21456807102201,16.067051690626165,14.594682616598162,13.870655729404517,37.3801403291321,43.65704907112123
MPI-ESM1-2-HR,ssp126,optimized,performance_ratio,china_mask,1284,1,1390572,0.0,0.0,0.9067147546443939,0.9380992983543395,1.0446647415468693,1.0520265869170091,0.06935327864702258,1.20607284035511,1.2663095169792173
MPI-ESM1-2-HR,ssp126,optimized,pvpot,china_mask,1284,W m-2,1390572,0.0,0.0,28.875073403136646,71.45839316176199,199.96720232936906,201.86670438231306,68.02501643952631,361.59432062339926,437.5349844340571
MPI-ESM1-2-HR,ssp126,optimized,roughness_exponent,china_mask,1284,1,1390572,0.0,0.0,0.17992675971343552,0.2404236867515026,0.3602500872080334,0.36423237844819334,0.06169808920045496,0.5247918627543944,0.6845178674996173
MPI-ESM1-2-HR,ssp126,optimized,wind_speed_hub,china_mask,1284,m s-1,1390572,0.0,0.0,0.13617026753041842,0.5777442818180738,2.5604299259351997,2.8560587016297516,1.5294803643767168,7.571436060583859,13.088947707430894
MPI-ESM1-2-HR,ssp126,optimized,wpd,china_mask,1284,W m-2,1390572,0.0,0.0,0.0015465108282781297,0.11811717748175116,10.281222940813464,28.914063165677366,53.7048829264049,265.8525746099236,1373.4735203352952
MPI-ESM1-2-HR,ssp245,paper_qm,tas_c,china_mask,1284,degree_Celsius,1390572,0.0,30.019589061192086,-33.91527404785154,-20.468190002441382,8.58735046386721,7.765313495196395,13.387452505236286,30.818149414062532,37.51116333007815
MPI-ESM1-2-HR,ssp245,paper_qm,rsds,china_mask,1284,W m-2,1390572,0.0,0.0,21.51466178894043,61.94993015289307,191.14376068115234,193.00940592152088,68.31648689129291,336.63722930908204,418.46112060546875
MPI-ESM1-2-HR,ssp245,paper_qm,sfcWind_10m,china_mask,1284,m s-1,1390572,0.0,0.0,0.026695873588323593,0.15793172165751457,1.1399758458137512,1.3548426054869835,0.9156293176246059,4.392883529663086,8.798141479492188
MPI-ESM1-2-HR,ssp245,paper_qm,tcell,china_mask,1284,degree_Celsius,1390572,0.0,17.384500766591017,-28.261903395843483,-15.800027073078132,16.304405963230153,14.95675449058868,13.787029141932068,38.39606470344069,44.99123194150926
MPI-ESM1-2-HR,ssp245,paper_qm,performance_ratio,china_mask,1284,1,1390572,0.0,0.0,0.9000438402924537,0.9330196764827966,1.0434779701838492,1.0502162275470563,0.06893514570966033,1.2040001353653906,1.2663095169792173
MPI-ESM1-2-HR,ssp245,paper_qm,pvpot,china_mask,1284,W m-2,1390572,0.0,0.0,23.380155795781707,71.02742959562158,198.51362105795147,200.52470435027826,67.68347633705827,359.5519774571101,440.7480028593019
MPI-ESM1-2-HR,ssp245,paper_qm,roughness_exponent,china_mask,1284,1,1390572,0.0,0.0,0.17842298162693762,0.23961324644482862,0.3584582767542408,0.3636362371197557,0.06323342920712285,0.5325966975566762,0.6892079966313356
MPI-ESM1-2-HR,ssp245,paper_qm,wind_speed_hub,china_mask,1284,m s-1,1390572,0.0,0.0,0.13051250751858043,0.5383516733683137,2.602279414440055,2.8856026321008414,1.5514970127223169,7.627161374515681,13.26825846745538
MPI-ESM1-2-HR,ssp245,paper_qm,wpd,china_mask,1284,W m-2,1390572,0.0,0.0,0.0013616406066608176,0.09556619505277048,10.793638576324852,29.824557869682607,54.66234386001119,271.76586013913635,1430.6976446271633
MPI-ESM1-2-HR,ssp245,optimized,tas_c,china_mask,1284,degree_Celsius,1390572,0.0,30.11458594017426,-33.91527404785154,-20.470424652099588,8.670388793945335,7.765948399331765,13.452709600013613,30.33951080322268,37.50423583984377
MPI-ESM1-2-HR,ssp245,optimized,rsds,china_mask,1284,W m-2,1390572,0.0,0.0,21.51466178894043,61.94993015289307,191.14376068115234,193.00940592152088,68.31648689129291,336.63722930908204,418.46112060546875
MPI-ESM1-2-HR,ssp245,optimized,sfcWind_10m,china_mask,1284,m s-1,1390572,0.0,0.0,0.026695873588323593,0.17646982043981552,1.13729590177536,1.3552319538483149,0.9074885996711186,4.37524406433106,8.798141479492188
MPI-ESM1-2-HR,ssp245,optimized,tcell,china_mask,1284,degree_Celsius,1390572,0.0,17.619799622026044,-28.261903395843483,-15.77673757357595,16.35572562150957,14.956758280892217,13.840911122683057,37.93774707718851,44.539206201362624
MPI-ESM1-2-HR,ssp245,optimized,performance_ratio,china_mask,1284,1,1390572,0.0,0.0,0.9023039689931869,0.9353112646140574,1.0432213718924523,1.0502162085955389,0.06920455561341529,1.2038836878678798,1.2663095169792173
MPI-ESM1-2-HR,ssp245,optimized,pvpot,china_mask,1284,W m-2,1390572,0.0,0.0,23.452531402336838,71.05444861838902,198.54643601254332,200.54783076286628,67.76641427304011,359.7624004989478,440.66614879745475
MPI-ESM1-2-HR,ssp245,optimized,roughness_exponent,china_mask,1284,1,1390572,0.0,0.0,0.17842298162693762,0.23996772099299682,0.35866563292864573,0.3628081452984576,0.061454883475422245,0.5228187362898397,0.6892079966313356
MPI-ESM1-2-HR,ssp245,optimized,wind_speed_hub,china_mask,1284,m s-1,1390572,0.0,0.0,0.13051250751858043,0.5881514608812147,2.597401620232767,2.8889351912866004,1.5350249877267348,7.6027376649821825,13.26825846745538
MPI-ESM1-2-HR,ssp245,optimized,wpd,china_mask,1284,W m-2,1390572,0.0,0.0,0.0013616406066608176,0.12461595018381078,10.733056470662012,29.613332499824242,54.19693730846309,269.1634641227492,1430.6976446271633
MPI-ESM1-2-HR,ssp585,paper_qm,tas_c,china_mask,1284,degree_Celsius,1390572,0.0,28.596721349200184,-34.43846740722654,-20.076803588867165,9.288140869140648,8.466027303317741,13.390066547119378,31.915652160644555,38.90511474609377
MPI-ESM1-2-HR,ssp585,paper_qm,rsds,china_mask,1284,W m-2,1390572,0.0,0.0,29.310911178588867,61.772749214172364,190.87589263916016,192.21569133461813,67.77147616440246,335.19645141601563,419.0679626464844
MPI-ESM1-2-HR,ssp585,paper_qm,sfcWind_10m,china_mask,1284,m s-1,1390572,0.0,0.0,0.02765714004635811,0.15655764535069466,1.1380020380020142,1.352257728231705,0.9144459124082418,4.362499513626099,8.649240493774414
MPI-ESM1-2-HR,ssp585,paper_qm,tcell,china_mask,1284,degree_Celsius,1390572,0.0,16.224474532782192,-28.261903395843483,-15.333411242351508,16.923367291259787,15.599253295659894,13.782940908471812,39.35403207376483,47.65616907601358
MPI-ESM1-2-HR,ssp585,paper_qm,performance_ratio,china_mask,1284,1,1390572,0.0,0.0,0.8867191546199321,0.9282298396311759,1.040383163543701,1.0470037335217006,0.06891470454235905,1.2016670562117575,1.2663095169792173
MPI-ESM1-2-HR,ssp585,paper_qm,pvpot,china_mask,1284,W m-2,1390572,0.0,0.0,31.39676256503999,70.6333275015997,197.41900038939062,199.1013014661512,67.00872472302613,357.2556977268711,438.1090234100059
MPI-ESM1-2-HR,ssp585,paper_qm,roughness_exponent,china_mask,1284,1,1390572,0.0,0.0,0.17992675971343552,0.2402247199909804,0.3586109494495946,0.36394035105240136,0.06351486176001352,0.5333665607770034,0.6860914663600466
MPI-ESM1-2-HR,ssp585,paper_qm,wind_speed_hub,china_mask,1284,m s-1,1390572,0.0,0.0,0.13424519039727736,0.5346146328174279,2.5986870922027214,2.880783754651336,1.5512276906465121,7.58507905475759,13.088947707430894
MPI-ESM1-2-HR,ssp585,paper_qm,wpd,china_mask,1284,W m-2,1390572,0.0,0.0,0.0014818433604108772,0.09358982137737797,10.748999949520769,29.692941083592338,54.31185805148979,267.2922874552576,1373.4735203352952
MPI-ESM1-2-HR,ssp585,optimized,tas_c,china_mask,1284,degree_Celsius,1390572,0.0,28.722712667880558,-34.5103820800781,-20.0789530944824,9.40406188964846,8.495759105971807,13.471986903321323,31.449426269531273,38.87325439453127
MPI-ESM1-2-HR,ssp585,optimized,rsds,china_mask,1284,W m-2,1390572,0.0,0.0,29.310911178588867,61.772749214172364,190.87589263916016,192.21569133461813,67.77147616440246,335.19645141601563,419.0679626464844
MPI-ESM1-2-HR,ssp585,optimized,sfcWind_10m,china_mask,1284,m s-1,1390572,0.0,0.0,0.02765714004635811,0.1746545098721981,1.1369515657424927,1.3534724336424118,0.9058695317367745,4.353322086334231,8.649240493774414
MPI-ESM1-2-HR,ssp585,optimized,tcell,china_mask,1284,degree_Celsius,1390572,0.0,16.444815514766585,-28.261903395843483,-15.31606564498899,17.000337643909475,15.625434315695118,13.847829638123905,38.888100257082016,47.29913006143572
MPI-ESM1-2-HR,ssp585,optimized,performance_ratio,china_mask,1284,1,1390572,0.0,0.0,0.8885043496928214,0.93055949871459,1.0399983117804528,1.0468728284215245,0.06923914819061952,1.201580328224945,1.2663095169792173
MPI-ESM1-2-HR,ssp585,optimized,pvpot,china_mask,1284,W m-2,1390572,0.0,0.0,31.574072231733044,70.62524408517965,197.4209599150931,199.10181339050936,67.09805300182933,357.4576852995512,437.9920076313964
MPI-ESM1-2-HR,ssp585,optimized,roughness_exponent,china_mask,1284,1,1390572,0.0,0.0,0.17992675971343552,0.24041025193234078,0.3586923107683505,0.3629933337544911,0.061635276465657175,0.5237296972929395,0.6860914663600466
MPI-ESM1-2-HR,ssp585,optimized,wind_speed_hub,china_mask,1284,m s-1,1390572,0.0,0.0,0.13424519039727736,0.5833235385218912,2.596774721672131,2.8857909407717233,1.5336368677388281,7.5723565026000665,13.088947707430894
MPI-ESM1-2-HR,ssp585,optimized,wpd,china_mask,1284,W m-2,1390572,0.0,0.0,0.0014818433604108772,0.12157229015222899,10.72528688227453,29.49856883015349,53.91563098253683,265.9495436645172,1373.4735203352952
MPI-ESM1-2-LR,ssp126,paper_qm,tas_c,china_mask,1284,degree_Celsius,353100,0.0,30.940526762956672,-34.58194580078123,-21.295177154540994,8.296716308593773,7.31763128673347,13.498997791607735,30.063745422363304,34.86617431640627
MPI-ESM1-2-LR,ssp126,paper_qm,rsds,china_mask,1284,W m-2,353100,0.0,0.0,26.39095687866211,61.92006484985352,193.41419219970703,194.4354519796142,69.342077935515,337.58171203613284,463.4476318359375
MPI-ESM1-2-LR,ssp126,paper_qm,sfcWind_10m,china_mask,1284,m s-1,353100,0.0,0.0,0.02511138841509819,0.11242064900696278,1.0183441042900085,1.2419480927430064,0.9002590906053708,4.235867886543275,7.63918399810791
MPI-ESM1-2-LR,ssp126,paper_qm,tcell,china_mask,1284,degree_Celsius,353100,0.0,18.016425941659588,-28.651690434646586,-16.088986537113165,16.180574454593682,14.747022273107547,13.930217334175275,38.07099193780901,43.9355586169243
MPI-ESM1-2-LR,ssp126,paper_qm,performance_ratio,china_mask,1284,1,353100,0.0,0.0,0.9053222069153786,0.934645040310955,1.0440971277270314,1.0512648886344624,0.06965108667087638,1.2054449326855663,1.268258452173233
MPI-ESM1-2-LR,ssp126,paper_qm,pvpot,china_mask,1284,W m-2,353100,0.0,0.0,28.170539449574427,70.69683473873695,200.9313504514844,202.1735574887068,68.78879562082918,361.72932604928667,462.71719044315233
MPI-ESM1-2-LR,ssp126,paper_qm,roughness_exponent,china_mask,1284,1,353100,0.0,0.0,0.1908670813178488,0.24281987614465295,0.36839852868886286,0.37502517205169605,0.06971247437375223,0.5625432238331789,0.6945986190158592
MPI-ESM1-2-LR,ssp126,paper_qm,wind_speed_hub,china_mask,1284,m s-1,353100,0.0,0.0,0.12429948940122605,0.4105719846265816,2.3784448301274264,2.6779634503136824,1.5506121456657036,7.409045851878242,11.855341044948362
MPI-ESM1-2-LR,ssp126,paper_qm,wpd,china_mask,1284,W m-2,353100,0.0,0.0,0.0011762892470572482,0.042391035871820824,8.241102945620284,25.940881589029924,49.029088763325994,249.11102028865383,1020.5828093580473
MPI-ESM1-2-LR,ssp126,optimized,tas_c,china_mask,1284,degree_Celsius,353100,0.0,31.004248088360235,-34.612936401367165,-21.22602157592771,8.343606567382835,7.305400117254589,13.562507289189229,29.75378082275393,34.78035888671877
MPI-ESM1-2-LR,ssp126,optimized,rsds,china_mask,1284,W m-2,353100,0.0,0.0,26.39095687866211,61.92006484985352,193.41419219970703,194.4354519796142,69.342077935515,337.58171203613284,463.4476318359375
MPI-ESM1-2-LR,ssp126,optimized,sfcWind_10m,china_mask,1284,m s-1,353100,0.0,0.0,0.02511138841509819,0.15796005815267564,1.0921125411987305,1.3084628910349043,0.8790433644543602,4.228651089668274,7.63918399810791
MPI-ESM1-2-LR,ssp126,optimized,tcell,china_mask,1284,degree_Celsius,353100,0.0,18.410931747380346,-28.675121926498385,-16.12621276563642,16.104318334388754,14.633853668498944,13.96686445807118,37.73661243156436,43.75725715904237
MPI-ESM1-2-LR,ssp126,optimized,performance_ratio,china_mask,1284,1,353100,0.0,0.0,0.9062137142047881,0.9363169378421782,1.0444784083280563,1.0518307316575053,0.06983432229035591,1.2056310638281822,1.2683756096324919
MPI-ESM1-2-LR,ssp126,optimized,pvpot,china_mask,1284,W m-2,353100,0.0,0.0,28.170539449574427,70.71577336240853,201.04324036106104,202.29467084977696,68.86054537773758,362.0260105451133,463.6789601957042
MPI-ESM1-2-LR,ssp126,optimized,roughness_exponent,china_mask,1284,1,353100,0.0,0.0,0.1908670813178488,0.24297010321833967,0.3622371626158344,0.36626626358345604,0.062333703887647494,0.5325808918561643,0.6945986190158592
MPI-ESM1-2-LR,ssp126,optimized,wind_speed_hub,china_mask,1284,m s-1,353100,0.0,0.0,0.12429948940122605,0.5384286698293865,2.514806400069192,2.8080838933061436,1.499257601655427,7.398981744029688,11.855341044948362
MPI-ESM1-2-LR,ssp126,optimized,wpd,china_mask,1284,W m-2,353100,0.0,0.0,0.0011762892470572482,0.09560720529204449,9.741363824495359,27.285785966604713,48.809403865402665,248.09725565474426,1020.5828093580473
MPI-ESM1-2-LR,ssp245,paper_qm,tas_c,china_mask,1284,degree_Celsius,353100,0.0,29.93429623336165,-32.947042846679665,-20.813671264648413,8.654931640625023,7.79356072092288,13.388081855961001,30.743311462402367,35.38460693359377
MPI-ESM1-2-LR,ssp245,paper_qm,rsds,china_mask,1284,W m-2,353100,0.0,0.0,26.39095687866211,61.670031776428225,192.0088653564453,193.19198459629024,68.89874585751278,336.6976571655274,431.2762145996094
MPI-ESM1-2-LR,ssp245,paper_qm,sfcWind_10m,china_mask,1284,m s-1,353100,0.0,0.0,0.02609354257583618,0.12411731861531734,1.0660948157310486,1.2818682787269966,0.8967708475304625,4.234236459732058,7.128538131713867
MPI-ESM1-2-LR,ssp245,paper_qm,tcell,china_mask,1284,degree_Celsius,353100,0.0,17.05494194279241,-26.633552180480933,-15.546517751741385,16.45115917878153,15.10000859863155,13.791270038430902,38.53613936635973,45.02747941844465
MPI-ESM1-2-LR,ssp245,paper_qm,performance_ratio,china_mask,1284,1,353100,0.0,0.0,0.8998626029077768,0.9323193031682013,1.0427442041060924,1.0494999570068422,0.06895635019215451,1.2027325887587068,1.2581677609024047
MPI-ESM1-2-LR,ssp245,paper_qm,pvpot,china_mask,1284,W m-2,353100,0.0,0.0,28.170539449574427,70.53373275394644,199.13363043357407,200.57958052534275,68.33218942326465,360.26298241139637,443.89848624729365
MPI-ESM1-2-LR,ssp245,paper_qm,roughness_exponent,china_mask,1284,1,353100,0.0,0.0,0.19696224529625486,0.2428538140288124,0.3643614002661394,0.3706691580823832,0.06733132220045177,0.5538231205709125,0.6912185384820013
MPI-ESM1-2-LR,ssp245,paper_qm,wind_speed_hub,china_mask,1284,m s-1,353100,0.0,0.0,0.12815972986716923,0.44427871312924544,2.4669323022423413,2.753127360199939,1.5390541460082094,7.406771067311203,11.219221500343552
MPI-ESM1-2-LR,ssp245,paper_qm,wpd,china_mask,1284,W m-2,353100,0.0,0.0,0.00128932036679105,0.053712158909331904,9.195551651334299,26.968311600520888,49.24442350891896,248.8816385667302,864.956486904807
MPI-ESM1-2-LR,ssp245,optimized,tas_c,china_mask,1284,degree_Celsius,353100,0.0,30.073350325686775,-32.95136108398435,-20.785515289306616,8.74579772949221,7.776927681412201,13.481125579873416,30.37979675292972,35.35903320312502
MPI-ESM1-2-LR,ssp245,optimized,rsds,china_mask,1284,W m-2,353100,0.0,0.0,26.39095687866211,61.670031776428225,192.0088653564453,193.19198459629024,68.89874585751278,336.6976571655274,431.2762145996094
MPI-ESM1-2-LR,ssp245,optimized,sfcWind_10m,china_mask,1284,m s-1,353100,0.0,0.0,0.02609354257583618,0.1590156874060631,1.1062085628509521,1.320230473826983,0.8816533476217203,4.2212036895752,7.128538131713867
MPI-ESM1-2-LR,ssp245,optimized,tcell,china_mask,1284,degree_Celsius,353100,0.0,17.49561030869442,-27.648023587417576,-15.628029039144494,16.44041624813082,15.025706208260203,13.867585527350046,38.19819575023653,45.00336339061261
MPI-ESM1-2-LR,ssp245,optimized,performance_ratio,china_mask,1284,1,353100,0.0,0.0,0.8999831830469369,0.9340090212488174,1.042797918759346,1.049871468958699,0.06933792763675024,1.2031401451957224,1.2632401179370878
MPI-ESM1-2-LR,ssp245,optimized,pvpot,china_mask,1284,W m-2,353100,0.0,0.0,28.170539449574427,70.49014987455371,199.21259700678604,200.66773083508005,68.42336355927713,360.6349243565601,444.98256448716984
MPI-ESM1-2-LR,ssp245,optimized,roughness_exponent,china_mask,1284,1,353100,0.0,0.0,0.19696224529625486,0.24312539964830795,0.36110732173325183,0.36538691717481325,0.062288072763852814,0.5319940881983817,0.6912185384820013
MPI-ESM1-2-LR,ssp245,optimized,wind_speed_hub,china_mask,1284,m s-1,353100,0.0,0.0,0.12815972986716923,0.5412950542015071,2.5406470567047554,2.8288801905771312,1.5029569583092288,7.38859239707818,11.219221500343552
MPI-ESM1-2-LR,ssp245,optimized,wpd,china_mask,1284,W m-2,353100,0.0,0.0,0.00128932036679105,0.09714227543169483,10.044749391834241,27.70226288586436,49.0527739868566,247.05361851898098,864.956486904807
MPI-ESM1-2-LR,ssp585,paper_qm,tas_c,china_mask,1284,degree_Celsius,353100,0.0,28.71282922684792,-34.8372863769531,-20.400229492187478,9.210382080078148,8.442043020053433,13.442197284409387,32.00844726562502,39.99361572265627
MPI-ESM1-2-LR,ssp585,paper_qm,rsds,china_mask,1284,W m-2,353100,0.0,0.0,26.39095687866211,60.957030143737796,191.8722152709961,192.73118892697767,68.88617645582917,335.16763793945313,435.50872802734375
MPI-ESM1-2-LR,ssp585,paper_qm,sfcWind_10m,china_mask,1284,m s-1,353100,0.0,0.0,0.026116590946912766,0.118783999979496,1.0577865242958069,1.2761763724820285,0.9011984761017776,4.218814926147464,7.128538131713867
MPI-ESM1-2-LR,ssp585,paper_qm,tcell,china_mask,1284,degree_Celsius,353100,0.0,16.05494194279241,-28.791548965644814,-15.23269140011785,16.961780699062366,15.707322360713222,13.85412298329967,39.78423594363215,48.9401784222603
MPI-ESM1-2-LR,ssp585,paper_qm,performance_ratio,china_mask,1284,1,353100,0.0,0.0,0.8802991078886985,0.9260788202818393,1.0401910965046883,1.046463388196434,0.06927061491649834,1.2011634570005891,1.268957744828224
MPI-ESM1-2-LR,ssp585,paper_qm,pvpot,china_mask,1284,W m-2,353100,0.0,0.0,28.170539449574427,69.16596053388541,198.36880290048188,199.484491524544,68.10011550396838,358.20816923559687,448.38295399198535
MPI-ESM1-2-LR,ssp585,paper_qm,roughness_exponent,china_mask,1284,1,353100,0.0,0.0,0.19696224529625486,0.2431752692184445,0.36505067060841917,0.3716590511186605,0.06837528559428298,0.5576925182621763,0.6911407542862238
MPI-ESM1-2-LR,ssp585,paper_qm,wind_speed_hub,china_mask,1284,m s-1,353100,0.0,0.0,0.12824996085430454,0.42899325516377235,2.45159485140213,2.7411373763685254,1.5487543370791588,7.385259213005221,11.219221500343552
MPI-ESM1-2-LR,ssp585,paper_qm,wpd,china_mask,1284,W m-2,353100,0.0,0.0,0.001292045526457995,0.048356792361300374,9.025103578802701,26.91710526493181,49.15282063788598,246.71941257378523,864.956486904807
MPI-ESM1-2-LR,ssp585,optimized,tas_c,china_mask,1284,degree_Celsius,353100,0.0,28.980175587652223,-34.8724426269531,-20.359689636230446,9.354837036132835,8.4486366187706,13.553988962492815,31.702207031250026,39.9356628417969
MPI-ESM1-2-LR,ssp585,optimized,rsds,china_mask,1284,W m-2,353100,0.0,0.0,26.39095687866211,60.957030143737796,191.8722152709961,192.73118892697767,68.88617645582917,335.16763793945313,435.50872802734375
MPI-ESM1-2-LR,ssp585,optimized,sfcWind_10m,china_mask,1284,m s-1,353100,0.0,0.0,0.026116590946912766,0.15793921515345574,1.0997098088264465,1.3164669177894535,0.8824683467032991,4.208852100372315,7.128538131713867
MPI-ESM1-2-LR,ssp585,optimized,tcell,china_mask,1284,degree_Celsius,353100,0.0,16.495893514585102,-28.838145672035193,-15.239221917533852,16.96974135141375,15.651976171073766,13.940317270976907,39.43389264117243,48.5494876204014
MPI-ESM1-2-LR,ssp585,optimized,performance_ratio,china_mask,1284,1,353100,0.0,0.0,0.882252561897993,0.9278305367941379,1.040151293242931,1.046740119144631,0.06970158635488453,1.201196109587669,1.269190728360176
MPI-ESM1-2-LR,ssp585,optimized,pvpot,china_mask,1284,W m-2,353100,0.0,0.0,28.170539449574427,69.11949610512517,198.4399438932361,199.5557862726375,68.1918486227902,358.6250087373653,449.3242126154251
MPI-ESM1-2-LR,ssp585,optimized,roughness_exponent,china_mask,1284,1,353100,0.0,0.0,0.19696224529625486,0.2433835653814485,0.36162641790068395,0.3658084756191146,0.06254789981787681,0.5325925175149021,0.6911407542862238
MPI-ESM1-2-LR,ssp585,optimized,wind_speed_hub,china_mask,1284,m s-1,353100,0.0,0.0,0.12824996085430454,0.5383720351086876,2.5287419697961164,2.821670943118192,1.5053845264970933,7.371353356445125,11.219221500343552
MPI-ESM1-2-LR,ssp585,optimized,wpd,china_mask,1284,W m-2,353100,0.0,0.0,0.001292045526457995,0.09557703908869425,9.90420550324406,27.60457957578873,48.818445085775515,245.32837587969362,864.956486904807
MRI-ESM2-0,ssp126,paper_qm,tas_c,china_mask,1284,degree_Celsius,975840,0.0,29.8413674372848,-33.26952209472654,-21.1363505554199,8.935449218750023,7.861113199426987,13.559713091038704,30.51875701904299,35.7659851074219
MRI-ESM2-0,ssp126,paper_qm,rsds,china_mask,1284,W m-2,975840,0.0,0.0,29.1094913482666,64.34148918151855,195.95430755615234,196.64781435202295,67.95134721022737,335.6450131225585,383.35174560546875
MRI-ESM2-0,ssp126,paper_qm,sfcWind_10m,china_mask,1284,m s-1,975840,0.0,0.0,0.031186947599053383,0.15825771868228913,1.1341658234596252,1.3622838518000437,0.937339097468972,4.4655662345886205,13.041128158569336
MRI-ESM2-0,ssp126,paper_qm,tcell,china_mask,1284,degree_Celsius,975840,0.0,17.679742580750943,-28.218926549148538,-16.373297090053537,16.66886104373934,15.137598823365826,14.063238039947706,38.3784747420788,44.54457792787554
MRI-ESM2-0,ssp126,paper_qm,performance_ratio,china_mask,1284,1,975840,0.0,0.0,0.9022771103606223,0.933107626289606,1.0416556947813032,1.049312005883171,0.07031619019973853,1.2068664854502678,1.2660946327457427
MRI-ESM2-0,ssp126,paper_qm,pvpot,china_mask,1284,W m-2,975840,0.0,0.0,35.52175540106637,73.99671741313968,202.88141853357115,204.0170336288982,66.77920264651694,359.4899844815065,420.2592647290065
MRI-ESM2-0,ssp126,paper_qm,roughness_exponent,china_mask,1284,1,975840,0.0,0.0,0.14374967921061046,0.23816751042891054,0.3589084369970905,0.36347525492423266,0.06351070930264431,0.5324150321081381,0.6755092699354099
MRI-ESM2-0,ssp126,paper_qm,wind_speed_hub,china_mask,1284,m s-1,975840,0.0,0.0,0.14773457274255664,0.5392373094540333,2.591701578719058,2.896065239089434,1.5798688949576065,7.727589536028352,18.15786747445594
MRI-ESM2-0,ssp126,paper_qm,wpd,china_mask,1284,W m-2,975840,0.0,0.0,0.001974933672352953,0.09603861588298215,10.662549806823332,30.829293103863396,61.16346835961081,282.64299767769916,3666.9131104980843
MRI-ESM2-0,ssp126,optimized,tas_c,china_mask,1284,degree_Celsius,975840,0.0,29.776397770126252,-33.30243530273435,-21.02085494995115,8.97937927246096,7.908295039689687,13.637453874423702,30.328942871093773,35.7623229980469
MRI-ESM2-0,ssp126,optimized,rsds,china_mask,1284,W m-2,975840,0.0,0.0,29.1094913482666,64.34148918151855,195.95430755615234,196.64781435202295,67.95134721022737,335.6450131225585,383.35174560546875
MRI-ESM2-0,ssp126,optimized,sfcWind_10m,china_mask,1284,m s-1,975840,0.0,0.0,0.031186947599053383,0.17131631582975387,1.1416630148887634,1.3659162380039735,0.9295779257667377,4.444717864990232,13.041128158569336
MRI-ESM2-0,ssp126,optimized,tcell,china_mask,1284,degree_Celsius,975840,0.0,17.850979668798164,-28.218926549148538,-16.198023544368716,16.708983082342165,15.176541012613946,14.11255020840522,38.279664898729344,44.37464719944002
MRI-ESM2-0,ssp126,optimized,performance_ratio,china_mask,1284,1,975840,0.0,0.0,0.9031267640027999,0.9336016755063532,1.0414550845882893,1.0491172949369303,0.07056275104202611,1.2059901177218437,1.2660946327457427
MRI-ESM2-0,ssp126,optimized,pvpot,china_mask,1284,W m-2,975840,0.0,0.0,35.546919048027696,73.94631357725441,202.88335173131736,203.9912320777306,66.80751039846211,359.4660197409806,419.62889825238926
MRI-ESM2-0,ssp126,optimized,roughness_exponent,china_mask,1284,1,975840,0.0,0.0,0.14374967921061046,0.23857978565743856,0.35832798477406297,0.36256211227586355,0.062197349742523896,0.5254298639782864,0.6755092699354099
MRI-ESM2-0,ssp126,optimized,wind_speed_hub,china_mask,1284,m s-1,975840,0.0,0.0,0.14773457274255664,0.574418726921352,2.6053490551979746,2.9048685702735333,1.5648386531381735,7.698816782152151,18.15786747445594
MRI-ESM2-0,ssp126,optimized,wpd,china_mask,1284,W m-2,975840,0.0,0.0,0.001974933672352953,0.11608921244108261,10.831880078585268,30.718019336555656,60.84170203887432,279.49757635985884,3666.9131104980843
MRI-ESM2-0,ssp245,paper_qm,tas_c,china_mask,1284,degree_Celsius,975840,0.0,29.104361370716507,-32.98369445800779,-20.70834304809568,9.28955993652346,8.253225539070348,13.539914304036829,31.034743041992208,35.69765625000002
MRI-ESM2-0,ssp245,paper_qm,rsds,china_mask,1284,W m-2,975840,0.0,0.0,30.630390167236328,63.211809349060054,192.8689727783203,193.83544524169434,67.8477888109377,333.00455383300783,381.188232421875
MRI-ESM2-0,ssp245,paper_qm,sfcWind_10m,china_mask,1284,m s-1,975840,0.0,0.0,0.03176015987992287,0.14994361892342567,1.114030122756958,1.3459284067395352,0.941257187962611,4.457714471817016,11.247147560119629
MRI-ESM2-0,ssp245,paper_qm,tcell,china_mask,1284,degree_Celsius,975840,0.0,17.13774799147401,-28.218926549148538,-15.988158827857948,16.929400083589577,15.453605544612769,14.036451185988145,38.82679653327467,44.461691637563725
MRI-ESM2-0,ssp245,paper_qm,performance_ratio,china_mask,1284,1,975840,0.0,0.0,0.9026915418121814,0.9308660173336266,1.0403529995820522,1.0477319722769363,0.07018225592994073,1.2049407941392898,1.2660946327457427
MRI-ESM2-0,ssp245,paper_qm,pvpot,china_mask,1284,W m-2,975840,0.0,0.0,34.24866543791604,72.42522760230592,199.1938612794567,200.79003619427635,66.62478309473815,355.41838920917,420.48227006908627
MRI-ESM2-0,ssp245,paper_qm,roughness_exponent,china_mask,1284,1,975840,0.0,0.0,0.15678790847189053,0.23832255215581383,0.36048659362613145,0.36531263343007025,0.0648218287249909,0.5371693913945823,0.6739047038188285
MRI-ESM2-0,ssp245,paper_qm,wind_speed_hub,china_mask,1284,m s-1,975840,0.0,0.0,0.149895081917462,0.5165321758573866,2.554956602078739,2.8649787228409718,1.5896281410403346,7.716756554475778,16.137278771332817
MRI-ESM2-0,ssp245,paper_qm,wpd,china_mask,1284,W m-2,975840,0.0,0.0,0.0020628528263436723,0.0844108420658006,10.215430563584569,30.43169155743673,60.86662687140091,281.45598724716893,2573.9315751776467
MRI-ESM2-0,ssp245,optimized,tas_c,china_mask,1284,degree_Celsius,975840,0.0,29.049024430234464,-32.98369445800779,-20.550740203857398,9.345010375976585,8.314998425497643,13.631092638927422,30.859718017578146,35.70131835937502
MRI-ESM2-0,ssp245,optimized,rsds,china_mask,1284,W m-2,975840,0.0,0.0,30.630390167236328,63.211809349060054,192.8689727783203,193.83544524169434,67.8477888109377,333.00455383300783,381.188232421875
MRI-ESM2-0,ssp245,optimized,sfcWind_10m,china_mask,1284,m s-1,975840,0.0,0.0,0.03176015987992287,0.17086261600255967,1.139651358127594,1.3654649223390556,0.9309123588865734,4.4505616521835325,11.247147560119629
MRI-ESM2-0,ssp245,optimized,tcell,china_mask,1284,degree_Celsius,975840,0.0,17.341060009837676,-28.218926549148538,-15.784274595756509,16.9626280143738,15.482005580677644,14.091789687554682,38.68068855089667,44.37161339645387
MRI-ESM2-0,ssp245,optimized,performance_ratio,china_mask,1284,1,975840,0.0,0.0,0.9031419330177306,0.9315965572455167,1.0401868599281312,1.047589972096612,0.07045894843777341,1.2039213729787825,1.2660946327457427
MRI-ESM2-0,ssp245,optimized,pvpot,china_mask,1284,W m-2,975840,0.0,0.0,34.27574241455321,72.3412596950453,199.2420019705881,200.7745640665765,66.65203897944751,355.2637442243058,419.6015049059938
MRI-ESM2-0,ssp245,optimized,roughness_exponent,china_mask,1284,1,975840,0.0,0.0,0.15678790847189053,0.2384640303772728,0.3584833574913842,0.3626429593464729,0.06226360297943651,0.5256634900773424,0.6739047038188285
MRI-ESM2-0,ssp245,optimized,wind_speed_hub,china_mask,1284,m s-1,975840,0.0,0.0,0.149895081917462,0.5732057541717895,2.601688934882193,2.9038150154991977,1.5669100292290106,7.706884526527779,16.137278771332817
MRI-ESM2-0,ssp245,optimized,wpd,china_mask,1284,W m-2,975840,0.0,0.0,0.0020628528263436723,0.11535534366820556,10.786292735416453,30.74641270493003,60.72131202471431,280.37717062833616,2573.9315751776467
MRI-ESM2-0,ssp585,paper_qm,tas_c,china_mask,1284,degree_Celsius,975840,0.0,27.538325955074605,-32.98369445800779,-20.011960449218726,10.01844177246096,9.082007870890722,13.534647754461325,32.44088134765627,40.0530944824219
MRI-ESM2-0,ssp585,paper_qm,rsds,china_mask,1284,W m-2,975840,0.0,0.0,30.630390167236328,63.014390487670894,192.86139678955078,193.39571707041895,67.53601492664605,331.49162139892576,380.50140380859375
MRI-ESM2-0,ssp585,paper_qm,sfcWind_10m,china_mask,1284,m s-1,975840,0.0,0.0,0.03132079541683197,0.13992314368486405,1.0943426489830017,1.3290294352188494,0.9471266036570598,4.479562120437621,11.582255363464355
MRI-ESM2-0,ssp585,paper_qm,tcell,china_mask,1284,degree_Celsius,975840,0.0,15.736493687489753,-28.218926549148538,-15.285155849065756,17.610891946005843,16.24865652320728,14.037958275638259,40.13711311949732,47.23861838512422
MRI-ESM2-0,ssp585,paper_qm,performance_ratio,china_mask,1284,1,975840,0.0,0.0,0.8888069080743789,0.9243144344025134,1.0369455402699708,1.0437567173839637,0.0701897913781913,1.201425779245329,1.2660946327457427
MRI-ESM2-0,ssp585,paper_qm,pvpot,china_mask,1284,W m-2,975840,0.0,0.0,37.134771676764245,72.07709771246685,198.2507489747745,199.52183886800202,65.91806496192436,352.7083200264899,422.1898709632218
MRI-ESM2-0,ssp585,paper_qm,roughness_exponent,china_mask,1284,1,975840,0.0,0.0,0.15420132149417773,0.23789182101176198,0.3620574447189968,0.36739074295791047,0.06647870700841214,0.5432629205125753,0.6751319723335403
MRI-ESM2-0,ssp585,paper_qm,wind_speed_hub,china_mask,1284,m s-1,975840,0.0,0.0,0.14823977772502894,0.4888239481991095,2.5188990911015203,2.832284890861784,1.6027020469434423,7.746889914578078,16.519407156816634
MRI-ESM2-0,ssp585,paper_qm,wpd,china_mask,1284,W m-2,975840,0.0,0.0,0.001995263961505847,0.07154240188114175,9.789001659541993,30.09272256019199,61.27086614058737,284.7660733381924,2761.146598302015
MRI-ESM2-0,ssp585,optimized,tas_c,china_mask,1284,degree_Celsius,975840,0.0,27.554209706509265,-32.98369445800779,-19.81888763427732,10.107019042968773,9.160554949974212,13.639197225797835,32.331219787597675,40.04573974609377
MRI-ESM2-0,ssp585,optimized,rsds,china_mask,1284,W m-2,975840,0.0,0.0,30.630390167236328,63.014390487670894,192.86139678955078,193.39571707041895,67.53601492664605,331.49162139892576,380.50140380859375
MRI-ESM2-0,ssp585,optimized,sfcWind_10m,china_mask,1284,m s-1,975840,0.0,0.0,0.03132079541683197,0.1674586783349514,1.123142659664154,1.3531370885371923,0.9324220584597535,4.458904294967649,11.582255363464355
MRI-ESM2-0,ssp585,optimized,tcell,china_mask,1284,degree_Celsius,975840,0.0,15.955586981472372,-28.218926549148538,-14.993795088338828,17.662030412721656,16.28588992451258,14.100464286616868,40.04597290525438,48.06952853326799
MRI-ESM2-0,ssp585,optimized,performance_ratio,china_mask,1284,1,975840,0.0,0.0,0.88465235733366,0.9247701354737281,1.0366898479363917,1.043570550377437,0.07050232143308434,1.1999689754416942,1.2660946327457427
MRI-ESM2-0,ssp585,optimized,pvpot,china_mask,1284,W m-2,975840,0.0,0.0,37.009187959022306,71.99293644260153,198.32228869101687,199.50410655250113,65.95595870926323,352.62212010256656,421.9956993437454
MRI-ESM2-0,ssp585,optimized,roughness_exponent,china_mask,1284,1,975840,0.0,0.0,0.15420132149417773,0.23829904024552612,0.3597688851434617,0.3638071710008292,0.06279495071967585,0.5274363435008647,0.6751319723335403
MRI-ESM2-0,ssp585,optimized,wind_speed_hub,china_mask,1284,m s-1,975840,0.0,0.0,0.14823977772502894,0.5640842875067897,2.5716023162063095,2.881066116950753,1.570718732283119,7.718398387543848,16.519407156816634
MRI-ESM2-0,ssp585,optimized,wpd,china_mask,1284,W m-2,975840,0.0,0.0,0.001995263961505847,0.10993553684944206,10.416396855977723,30.413397278780455,60.90978799452811,281.63567508106905,2761.146598302015
TaiESM1,ssp126,paper_qm,tas_c,china_mask,1284,degree_Celsius,1033620,0.0,28.70639113020259,-33.12705078124998,-20.578001861572243,9.458093261718773,8.492863967755879,13.581200230241128,31.300225830078148,39.5369812011719
TaiESM1,ssp126,paper_qm,rsds,china_mask,1284,W m-2,1033620,0.0,0.0,31.56357192993164,62.44409549713135,194.1481170654297,195.640992409894,68.65416865686824,339.5517797851562,425.4430847167969
TaiESM1,ssp126,paper_qm,sfcWind_10m,china_mask,1284,m s-1,1033620,0.0,0.0,0.023850558325648308,0.14645777851343156,1.1189027428627014,1.3331948465538006,0.8990515491913189,4.28161061763763,8.569607734680176
TaiESM1,ssp126,paper_qm,tcell,china_mask,1284,degree_Celsius,1033620,0.0,16.45024283585844,-29.07166796417234,-15.720411360101677,17.226632802534123,15.749596783536617,14.016261125578378,38.90406954547883,46.996072224426285
TaiESM1,ssp126,paper_qm,performance_ratio,china_mask,1284,1,1033620,0.0,0.0,0.8900196388778686,0.9304796522726058,1.0388668359873292,1.046252016082317,0.07008130562789189,1.2036020568005084,1.2703583398208618
TaiESM1,ssp126,paper_qm,pvpot,china_mask,1284,W m-2,1033620,0.0,0.0,37.655701939218226,71.66176446546636,200.40459147457162,202.3913090362301,67.52180381619381,362.04151609488184,467.3487821074768
TaiESM1,ssp126,paper_qm,roughness_exponent,china_mask,1284,1,1033620,0.0,0.0,0.1807416453551736,0.2418735929594619,0.3601020961615109,0.3651802352890802,0.06369913327461485,0.5392416940229471,0.6991369881448439
TaiESM1,ssp126,paper_qm,wind_speed_hub,china_mask,1284,m s-1,1033620,0.0,0.0,0.11929865247831767,0.5069371704872695,2.5638607548371546,2.8487379630875056,1.5302433406496572,7.472755307478131,12.992795063333828
TaiESM1,ssp126,paper_qm,wpd,china_mask,1284,W m-2,1033620,0.0,0.0,0.0010399505946535042,0.07979368140591124,10.322607086734752,28.617492688343084,51.75429743834712,255.59266020172942,1343.4263367776402
TaiESM1,ssp126,optimized,tas_c,china_mask,1284,degree_Celsius,1033620,0.0,29.09221957779455,-33.127401733398415,-20.176431884765602,9.367105102539085,8.455592908745052,13.528907782038264,31.245587768554707,39.46611938476565
TaiESM1,ssp126,optimized,rsds,china_mask,1284,W m-2,1033620,0.0,0.0,31.56357192993164,62.44409549713135,194.1481170654297,195.640992409894,68.65416865686824,339.5517797851562,425.4430847167969
TaiESM1,ssp126,optimized,sfcWind_10m,china_mask,1284,m s-1,1033620,0.0,0.0,0.023850558325648308,0.16163188204169274,1.1337724924087524,1.3456973343102252,0.8913595021489913,4.264046778678889,8.569607734680176
TaiESM1,ssp126,optimized,tcell,china_mask,1284,degree_Celsius,1033620,0.0,16.451016814690117,-29.05746598358152,-15.310856083335853,17.06184484117033,15.695346373597593,13.965888558984515,38.89875817206384,47.25087586574556
TaiESM1,ssp126,optimized,performance_ratio,china_mask,1284,1,1033620,0.0,0.0,0.8887456206712722,0.9305062091396807,1.0396907757941483,1.046523268132012,0.06982944279492258,1.2015542804166792,1.2702873299179076
TaiESM1,ssp126,optimized,pvpot,china_mask,1284,W m-2,1033620,0.0,0.0,37.637284071280206,71.6258940087651,200.43586316516968,202.48273256917045,67.65575383598106,362.52406672344597,468.2983717534417
TaiESM1,ssp126,optimized,roughness_exponent,china_mask,1284,1,1033620,0.0,0.0,0.1807416453551736,0.24223573628476588,0.35893899555850073,0.36343772887410186,0.061950176198323756,0.5305564232915058,0.6991369881448439
TaiESM1,ssp126,optimized,wind_speed_hub,china_mask,1284,m s-1,1033620,0.0,0.0,0.11929865247831767,0.5483823308588076,2.5909850761062883,2.873689610021831,1.5144727670598552,7.448309193648474,12.992795063333828
TaiESM1,ssp126,optimized,wpd,china_mask,1284,W m-2,1033620,0.0,0.0,0.0010399505946535042,0.1010081583089346,10.653708936150949,28.778714646058777,51.18351870291856,253.09244616380028,1343.4263367776402
TaiESM1,ssp245,paper_qm,tas_c,china_mask,1284,degree_Celsius,1033620,0.0,27.993556626226272,-33.68393554687498,-20.255558166503885,9.663018798828148,8.7801501355395,13.485454700611013,31.731721191406265,39.25356445312502
TaiESM1,ssp245,paper_qm,rsds,china_mask,1284,W m-2,1033620,0.0,0.0,19.34892463684082,60.77659423828125,191.71705627441406,193.29301867392135,68.7376091832703,338.08161743164055,408.12078857421875
TaiESM1,ssp245,paper_qm,sfcWind_10m,china_mask,1284,m s-1,1033620,0.0,0.0,0.023692777380347252,0.1428308367729187,1.107073962688446,1.3187498270151816,0.8888593014242011,4.219569664001464,8.21550464630127
TaiESM1,ssp245,paper_qm,tcell,china_mask,1284,degree_Celsius,1033620,0.0,15.723670207619822,-28.445244652938822,-15.397558260192847,17.364034850883506,15.976836365004347,13.904819607940148,39.26090639292719,47.19696406440737
TaiESM1,ssp245,paper_qm,performance_ratio,china_mask,1284,1,1033620,0.0,0.0,0.8890151796779632,0.9286954680353641,1.0381798257455825,1.0451158181749782,0.06952409803970075,1.2019877913009642,1.2672262232646943
TaiESM1,ssp245,paper_qm,pvpot,china_mask,1284,W m-2,1033620,0.0,0.0,20.673547966788686,69.31182088824532,197.70339415925895,199.7638076342834,67.67925420972868,360.5579730596648,442.4837992588553
TaiESM1,ssp245,paper_qm,roughness_exponent,china_mask,1284,1,1033620,0.0,0.0,0.1844593578893395,0.24315950970589087,0.36103842702255134,0.3661994753206846,0.06388039247031845,0.5414509085935514,0.6997217410700026
TaiESM1,ssp245,paper_qm,wind_speed_hub,china_mask,1284,m s-1,1033620,0.0,0.0,0.1186691180911861,0.49690445346847095,2.542231313248659,2.8240189360408947,1.5169536303628497,7.386312385148914,12.563007050101639
TaiESM1,ssp245,paper_qm,wpd,china_mask,1284,W m-2,1033620,0.0,0.0,0.0010235739807216784,0.07514926900008508,10.063551749698856,27.86021166231379,50.134301558866476,246.82497759431925,1214.4703138538116
TaiESM1,ssp245,optimized,tas_c,china_mask,1284,degree_Celsius,1033620,0.0,28.376095663783595,-33.8790344238281,-19.812166900634743,9.558831787109398,8.750304134273922,13.418765400303803,31.703662414550802,39.24773559570315
TaiESM1,ssp245,optimized,rsds,china_mask,1284,W m-2,1033620,0.0,0.0,19.34892463684082,60.77659423828125,191.71705627441406,193.29301867392135,68.7376091832703,338.08161743164055,408.12078857421875
TaiESM1,ssp245,optimized,sfcWind_10m,china_mask,1284,m s-1,1033620,0.0,0.0,0.023692777380347252,0.1614149747788906,1.130211591720581,1.3408244479851859,0.8857933176610134,4.230332517623897,8.21550464630127
TaiESM1,ssp245,optimized,tcell,china_mask,1284,degree_Celsius,1033620,0.0,15.70161181091697,-28.293189067077613,-14.976121187171913,17.170620647954962,15.914961564968742,13.84278460182398,39.23408180003168,47.218393704938904
TaiESM1,ssp245,optimized,performance_ratio,china_mask,1284,1,1033620,0.0,0.0,0.8889080314753055,0.9288295909998415,1.0391468967602253,1.0454251921751565,0.06921392300911991,1.1998806059358595,1.2664659453353881
TaiESM1,ssp245,optimized,pvpot,china_mask,1284,W m-2,1033620,0.0,0.0,20.562041011049214,69.27596795387748,197.72961988397805,199.861488143623,67.81039964713256,360.9700934296744,440.3610562360166
TaiESM1,ssp245,optimized,roughness_exponent,china_mask,1284,1,1033620,0.0,0.0,0.1844593578893395,0.24293507919995544,0.35921613143709386,0.36369201142940216,0.06185967442914025,0.5306747314044253,0.6997217410700026
TaiESM1,ssp245,optimized,wind_speed_hub,china_mask,1284,m s-1,1033620,0.0,0.0,0.1186691180911861,0.5477956181629317,2.5844961446046946,2.8657439741373856,1.5068400750692725,7.401326872721911,12.563007050101639
TaiESM1,ssp245,optimized,wpd,china_mask,1284,W m-2,1033620,0.0,0.0,0.0010235739807216784,0.10068430000816826,10.5738649430854,28.452440446830305,50.23073638287837,248.3332358803016,1214.4703138538116
TaiESM1,ssp585,paper_qm,tas_c,china_mask,1284,degree_Celsius,1033620,0.0,26.05802906290513,-32.62540283203123,-19.739721374511696,10.66303405761721,9.866885218667656,13.641652160708837,34.04953704833986,42.02340087890627
TaiESM1,ssp585,paper_qm,rsds,china_mask,1284,W m-2,1033620,0.0,0.0,22.87810707092285,60.894069328308106,193.17357635498047,194.29800200969154,68.65378300015988,338.7240975952145,416.26287841796875
TaiESM1,ssp585,paper_qm,sfcWind_10m,china_mask,1284,m s-1,1033620,0.0,0.0,0.023961318656802177,0.14065806165337563,1.1083042621612549,1.32305320626486,0.8946091150653712,4.232946515083309,8.905893325805664
TaiESM1,ssp585,paper_qm,tcell,china_mask,1284,degree_Celsius,1033620,0.0,14.227956115400245,-27.90405871124265,-14.775379414143538,18.2857851946831,17.023191518302255,14.061941463519343,41.29058928382869,50.78454328327181
TaiESM1,ssp585,paper_qm,performance_ratio,china_mask,1284,1,1033620,0.0,0.0,0.8710772835836409,0.9185470535808562,1.0335710740265847,1.0398840424084888,0.07030970731759671,1.1988768970707175,1.2645202935562132
TaiESM1,ssp585,paper_qm,pvpot,china_mask,1284,W m-2,1033620,0.0,0.0,24.60846826247195,69.42940786741435,198.07242498382635,199.69882820773583,67.03696560422698,359.24425015792843,435.7238509324086
TaiESM1,ssp585,paper_qm,roughness_exponent,china_mask,1284,1,1033620,0.0,0.0,0.17735056452173825,0.24288065746032497,0.3609405752034032,0.36611501531202634,0.06425529934759085,0.5428014040620577,0.6987288049382346
TaiESM1,ssp585,paper_qm,wind_speed_hub,china_mask,1284,m s-1,1033620,0.0,0.0,0.11974007331582394,0.4908694820783362,2.5444831461528477,2.8305827417869134,1.5262249141524096,7.404972303509325,13.39763227086291
TaiESM1,ssp585,paper_qm,wpd,china_mask,1284,W m-2,1033620,0.0,0.0,0.0010515372265752988,0.07244429496617184,10.090317428648342,28.155591888230106,50.660337069068596,248.7003569092282,1472.9576259259982
TaiESM1,ssp585,optimized,tas_c,china_mask,1284,degree_Celsius,1033620,0.0,26.314119308836904,-32.70245971679685,-19.323221588134743,10.544610595703148,9.848277716879247,13.567271925221851,34.04624267578126,41.92861328125002
TaiESM1,ssp585,optimized,rsds,china_mask,1284,W m-2,1033620,0.0,0.0,22.87810707092285,60.894069328308106,193.17357635498047,194.29800200969154,68.65378300015988,338.7240975952145,416.26287841796875
TaiESM1,ssp585,optimized,sfcWind_10m,china_mask,1284,m s-1,1033620,0.0,0.0,0.023961318656802177,0.1620280061662197,1.1307048201560974,1.3409911560862442,0.8854339410455648,4.229739789962768,8.905893325805664
TaiESM1,ssp585,optimized,tcell,china_mask,1284,degree_Celsius,1033620,0.0,14.084286294769838,-27.902159358215307,-14.375117807359672,18.09330408744814,16.97823545678871,13.998777899913183,41.41254391483785,50.471588289546986
TaiESM1,ssp585,optimized,performance_ratio,china_mask,1284,1,1033620,0.0,0.0,0.8726420585522651,0.9179372804258107,1.0345334795627592,1.0401088227160564,0.06999388949956592,1.1968755890367984,1.2645107967910765
TaiESM1,ssp585,optimized,pvpot,china_mask,1284,W m-2,1033620,0.0,0.0,24.443310423520398,69.41828386862935,198.0937597979034,199.78517549358068,67.17583491825447,359.62761505134205,435.58010814149407
TaiESM1,ssp585,optimized,roughness_exponent,china_mask,1284,1,1033620,0.0,0.0,0.17735056452173825,0.24294742408301226,0.35917769266451094,0.36365402793071366,0.061808831328394834,0.5303407738038491,0.6987288049382346
TaiESM1,ssp585,optimized,wind_speed_hub,china_mask,1284,m s-1,1033620,0.0,0.0,0.11974007331582394,0.5494533954460705,2.585395188398337,2.86613890706532,1.5061624733667265,7.400500202550148,13.39763227086291
TaiESM1,ssp585,optimized,wpd,china_mask,1284,W m-2,1033620,0.0,0.0,0.0010515372265752988,0.10160116287658752,10.58490346786539,28.448113380658217,50.27423789401426,248.2500345350648,1472.9576259259982
