model,scenario,method,period,start_year,end_year,definition,expected_samples,minimum_valid_samples,qc_region,valid_grid_cells,missing_grid_cells,spatial_median_rho,spatial_mean_rho,very_strong_complementarity_percent,strong_complementarity_percent,moderate_complementarity_percent,weak_complementarity_percent,weak_similarity_percent,moderate_similarity_percent,strong_similarity_percent,very_strong_similarity_percent
ACCESS-CM2,ssp126,paper_qm,historical,1994,2014,monthly_full,252,202,china_mask,407,0,-0.21044375002384186,-0.1295808106660843,0.0,9.828009828009828,32.923832923832926,25.061425061425062,14.742014742014742,9.090909090909092,8.353808353808354,0.0
ACCESS-CM2,ssp126,paper_qm,historical,1994,2014,monthly_climatology,12,12,china_mask,407,0,-0.3496503531932831,-0.17790071666240692,0.4914004914004914,26.781326781326783,27.027027027027028,12.776412776412776,9.090909090909092,11.056511056511056,10.81081081081081,1.9656019656019657
ACCESS-CM2,ssp126,paper_qm,historical,1994,2014,seasonal_full,84,68,china_mask,407,0,-0.2268502563238144,-0.11926843225955963,0.0,15.233415233415233,29.23832923832924,22.85012285012285,10.073710073710073,10.31941031941032,11.056511056511056,1.2285012285012284
ACCESS-CM2,ssp126,paper_qm,historical,1994,2014,seasonal_climatology,4,4,china_mask,407,0,-0.4000000059604645,-0.17346437275409698,8.108108108108109,25.061425061425062,26.28992628992629,3.9312039312039313,7.616707616707616,8.108108108108109,12.530712530712531,8.353808353808354
ACCESS-CM2,ssp126,paper_qm,mid_century,2040,2060,monthly_full,252,202,china_mask,407,0,-0.1805523931980133,-0.0920347049832344,0.0,6.6339066339066335,31.44963144963145,25.798525798525798,15.233415233415233,12.530712530712531,8.353808353808354,0.0
ACCESS-CM2,ssp126,paper_qm,mid_century,2040,2060,monthly_climatology,12,12,china_mask,407,0,-0.251748263835907,-0.10381264984607697,0.2457002457002457,18.181818181818183,28.255528255528255,17.69041769041769,10.073710073710073,9.336609336609337,14.496314496314497,1.71990171990172
ACCESS-CM2,ssp126,paper_qm,mid_century,2040,2060,seasonal_full,84,68,china_mask,407,0,-0.18558266758918762,-0.07158267498016357,0.0,10.81081081081081,30.95823095823096,20.884520884520885,12.039312039312039,11.302211302211303,13.267813267813267,0.7371007371007371
ACCESS-CM2,ssp126,paper_qm,mid_century,2040,2060,seasonal_climatology,4,4,china_mask,407,0,-0.4000000059604645,-0.09090909361839294,4.176904176904177,18.673218673218674,31.695331695331696,5.896805896805897,8.5995085995086,8.353808353808354,14.004914004914005,8.5995085995086
ACCESS-CM2,ssp126,paper_qm,late_century,2080,2100,monthly_full,252,202,china_mask,407,0,-0.2289678156375885,-0.13357296586036682,0.0,10.565110565110565,31.695331695331696,26.28992628992629,12.776412776412776,12.530712530712531,6.142506142506143,0.0
ACCESS-CM2,ssp126,paper_qm,late_century,2080,2100,monthly_climatology,12,12,china_mask,407,0,-0.31468531489372253,-0.1553066223859787,0.4914004914004914,23.095823095823096,27.764127764127764,15.233415233415233,9.090909090909092,10.073710073710073,13.267813267813267,0.9828009828009828
ACCESS-CM2,ssp126,paper_qm,late_century,2080,2100,seasonal_full,84,68,china_mask,407,0,-0.2684013247489929,-0.126355841755867,0.0,15.233415233415233,32.67813267813268,18.91891891891892,9.828009828009828,10.565110565110565,12.530712530712531,0.2457002457002457
ACCESS-CM2,ssp126,paper_qm,late_century,2080,2100,seasonal_climatology,4,4,china_mask,407,0,-0.4000000059604645,-0.13267813622951508,6.142506142506143,22.35872235872236,27.51842751842752,4.6683046683046685,8.845208845208845,10.81081081081081,11.056511056511056,8.5995085995086
ACCESS-CM2,ssp126,optimized,historical,1994,2014,monthly_full,252,202,china_mask,407,0,-0.21044375002384186,-0.1295808106660843,0.0,9.828009828009828,32.923832923832926,25.061425061425062,14.742014742014742,9.090909090909092,8.353808353808354,0.0
ACCESS-CM2,ssp126,optimized,historical,1994,2014,monthly_climatology,12,12,china_mask,407,0,-0.3496503531932831,-0.17790071666240692,0.4914004914004914,26.781326781326783,27.027027027027028,12.776412776412776,9.090909090909092,11.056511056511056,10.81081081081081,1.9656019656019657
ACCESS-CM2,ssp126,optimized,historical,1994,2014,seasonal_full,84,68,china_mask,407,0,-0.2268502563238144,-0.11926843225955963,0.0,15.233415233415233,29.23832923832924,22.85012285012285,10.073710073710073,10.31941031941032,11.056511056511056,1.2285012285012284
ACCESS-CM2,ssp126,optimized,historical,1994,2014,seasonal_climatology,4,4,china_mask,407,0,-0.4000000059604645,-0.17346437275409698,8.108108108108109,25.061425061425062,26.28992628992629,3.9312039312039313,7.616707616707616,8.108108108108109,12.530712530712531,8.353808353808354
ACCESS-CM2,ssp126,optimized,mid_century,2040,2060,monthly_full,252,202,china_mask,407,0,-0.19391359388828278,-0.1066771000623703,0.0,8.845208845208845,30.71253071253071,26.28992628992629,14.25061425061425,11.056511056511056,8.845208845208845,0.0
ACCESS-CM2,ssp126,optimized,mid_century,2040,2060,monthly_climatology,12,12,china_mask,407,0,-0.3076923191547394,-0.1404786854982376,0.2457002457002457,24.324324324324323,26.044226044226043,14.987714987714988,8.108108108108109,10.31941031941032,13.75921375921376,2.211302211302211
ACCESS-CM2,ssp126,optimized,mid_century,2040,2060,seasonal_full,84,68,china_mask,407,0,-0.19969625771045685,-0.08634553849697113,0.0,13.267813267813267,29.23832923832924,20.63882063882064,13.022113022113022,10.565110565110565,12.530712530712531,0.7371007371007371
ACCESS-CM2,ssp126,optimized,mid_century,2040,2060,seasonal_climatology,4,4,china_mask,407,0,-0.4000000059604645,-0.13120393455028534,8.108108108108109,17.936117936117935,29.72972972972973,5.405405405405405,9.336609336609337,8.5995085995086,13.513513513513514,7.371007371007371
ACCESS-CM2,ssp126,optimized,late_century,2080,2100,monthly_full,252,202,china_mask,407,0,-0.22357024252414703,-0.13764426112174988,0.0,11.056511056511056,32.67813267813268,24.57002457002457,12.530712530712531,11.302211302211303,7.862407862407863,0.0
ACCESS-CM2,ssp126,optimized,late_century,2080,2100,monthly_climatology,12,12,china_mask,407,0,-0.3496503531932831,-0.17388015985488892,0.2457002457002457,28.5012285012285,23.832923832923832,14.742014742014742,7.862407862407863,10.073710073710073,13.022113022113022,1.71990171990172
ACCESS-CM2,ssp126,optimized,late_century,2080,2100,seasonal_full,84,68,china_mask,407,0,-0.2603827118873596,-0.12905195355415344,0.0,16.461916461916463,29.72972972972973,20.63882063882064,10.565110565110565,8.845208845208845,13.267813267813267,0.4914004914004914
ACCESS-CM2,ssp126,optimized,late_century,2080,2100,seasonal_climatology,4,4,china_mask,407,0,-0.4000000059604645,-0.16511057317256927,8.108108108108109,23.587223587223587,26.781326781326783,4.6683046683046685,8.108108108108109,9.582309582309582,10.565110565110565,8.5995085995086
ACCESS-CM2,ssp245,paper_qm,historical,1994,2014,monthly_full,252,202,china_mask,407,0,-0.21044375002384186,-0.1295808106660843,0.0,9.828009828009828,32.923832923832926,25.061425061425062,14.742014742014742,9.090909090909092,8.353808353808354,0.0
ACCESS-CM2,ssp245,paper_qm,historical,1994,2014,monthly_climatology,12,12,china_mask,407,0,-0.3496503531932831,-0.17790071666240692,0.4914004914004914,26.781326781326783,27.027027027027028,12.776412776412776,9.090909090909092,11.056511056511056,10.81081081081081,1.9656019656019657
ACCESS-CM2,ssp245,paper_qm,historical,1994,2014,seasonal_full,84,68,china_mask,407,0,-0.2268502563238144,-0.11926843225955963,0.0,15.233415233415233,29.23832923832924,22.85012285012285,10.073710073710073,10.31941031941032,11.056511056511056,1.2285012285012284
ACCESS-CM2,ssp245,paper_qm,historical,1994,2014,seasonal_climatology,4,4,china_mask,407,0,-0.4000000059604645,-0.17346437275409698,8.108108108108109,25.061425061425062,26.28992628992629,3.9312039312039313,7.616707616707616,8.108108108108109,12.530712530712531,8.353808353808354
ACCESS-CM2,ssp245,paper_qm,mid_century,2040,2060,monthly_full,252,202,china_mask,407,0,-0.23429939150810242,-0.13618415594100952,0.0,11.302211302211303,32.923832923832926,22.85012285012285,13.75921375921376,12.530712530712531,6.6339066339066335,0.0
ACCESS-CM2,ssp245,paper_qm,mid_century,2040,2060,monthly_climatology,12,12,china_mask,407,0,-0.3216783106327057,-0.1721963733434677,0.9828009828009828,26.28992628992629,25.061425061425062,14.742014742014742,8.108108108108109,11.302211302211303,12.285012285012286,1.2285012285012284
ACCESS-CM2,ssp245,paper_qm,mid_century,2040,2060,seasonal_full,84,68,china_mask,407,0,-0.27198541164398193,-0.12826848030090332,0.0,16.461916461916463,30.95823095823096,17.69041769041769,11.793611793611793,11.056511056511056,11.547911547911548,0.4914004914004914
ACCESS-CM2,ssp245,paper_qm,mid_century,2040,2060,seasonal_climatology,4,4,china_mask,407,0,-0.4000000059604645,-0.14840294420719147,10.073710073710073,18.91891891891892,29.23832923832924,3.9312039312039313,7.616707616707616,9.582309582309582,11.547911547911548,9.090909090909092
ACCESS-CM2,ssp245,paper_qm,late_century,2080,2100,monthly_full,252,202,china_mask,407,0,-0.17794585227966309,-0.10437564551830292,0.0,8.5995085995086,30.71253071253071,24.324324324324323,15.47911547911548,14.496314496314497,6.388206388206388,0.0
ACCESS-CM2,ssp245,paper_qm,late_century,2080,2100,monthly_climatology,12,12,china_mask,407,0,-0.2377622425556183,-0.10833147913217545,0.2457002457002457,21.13022113022113,24.815724815724817,16.953316953316953,9.828009828009828,10.565110565110565,14.496314496314497,1.9656019656019657
ACCESS-CM2,ssp245,paper_qm,late_century,2080,2100,seasonal_full,84,68,china_mask,407,0,-0.19331781566143036,-0.0816037580370903,0.0,14.004914004914005,26.044226044226043,21.867321867321866,12.285012285012286,13.513513513513514,11.547911547911548,0.7371007371007371
ACCESS-CM2,ssp245,paper_qm,late_century,2080,2100,seasonal_climatology,4,4,china_mask,407,0,-0.4000000059604645,-0.09680590033531189,5.651105651105651,19.656019656019655,27.272727272727273,5.896805896805897,9.336609336609337,10.81081081081081,14.496314496314497,6.87960687960688
ACCESS-CM2,ssp245,optimized,historical,1994,2014,monthly_full,252,202,china_mask,407,0,-0.21044375002384186,-0.1295808106660843,0.0,9.828009828009828,32.923832923832926,25.061425061425062,14.742014742014742,9.090909090909092,8.353808353808354,0.0
ACCESS-CM2,ssp245,optimized,historical,1994,2014,monthly_climatology,12,12,china_mask,407,0,-0.3496503531932831,-0.17790071666240692,0.4914004914004914,26.781326781326783,27.027027027027028,12.776412776412776,9.090909090909092,11.056511056511056,10.81081081081081,1.9656019656019657
ACCESS-CM2,ssp245,optimized,historical,1994,2014,seasonal_full,84,68,china_mask,407,0,-0.2268502563238144,-0.11926843225955963,0.0,15.233415233415233,29.23832923832924,22.85012285012285,10.073710073710073,10.31941031941032,11.056511056511056,1.2285012285012284
ACCESS-CM2,ssp245,optimized,historical,1994,2014,seasonal_climatology,4,4,china_mask,407,0,-0.4000000059604645,-0.17346437275409698,8.108108108108109,25.061425061425062,26.28992628992629,3.9312039312039313,7.616707616707616,8.108108108108109,12.530712530712531,8.353808353808354
ACCESS-CM2,ssp245,optimized,mid_century,2040,2060,monthly_full,252,202,china_mask,407,0,-0.22135737538337708,-0.12501837313175201,0.0,9.828009828009828,32.67813267813268,24.078624078624077,13.75921375921376,11.547911547911548,8.108108108108109,0.0
ACCESS-CM2,ssp245,optimized,mid_century,2040,2060,monthly_climatology,12,12,china_mask,407,0,-0.3496503531932831,-0.17575298249721527,0.7371007371007371,29.23832923832924,23.832923832923832,13.75921375921376,7.616707616707616,9.336609336609337,13.267813267813267,2.211302211302211
ACCESS-CM2,ssp245,optimized,mid_century,2040,2060,seasonal_full,84,68,china_mask,407,0,-0.24730181694030762,-0.11317399889230728,0.0,14.496314496314497,31.44963144963145,19.164619164619165,10.31941031941032,11.547911547911548,12.530712530712531,0.4914004914004914
ACCESS-CM2,ssp245,optimized,mid_century,2040,2060,seasonal_climatology,4,4,china_mask,407,0,-0.4000000059604645,-0.1577395498752594,10.565110565110565,20.63882063882064,26.28992628992629,4.6683046683046685,9.090909090909092,7.616707616707616,11.302211302211303,9.828009828009828
ACCESS-CM2,ssp245,optimized,late_century,2080,2100,monthly_full,252,202,china_mask,407,0,-0.20652566850185394,-0.1198340356349945,0.0,9.828009828009828,32.432432432432435,23.34152334152334,14.004914004914005,13.022113022113022,7.371007371007371,0.0
ACCESS-CM2,ssp245,optimized,late_century,2080,2100,monthly_climatology,12,12,china_mask,407,0,-0.2937062978744507,-0.14850261807441711,0.4914004914004914,26.28992628992629,23.095823095823096,16.216216216216218,8.845208845208845,8.845208845208845,13.513513513513514,2.7027027027027026
ACCESS-CM2,ssp245,optimized,late_century,2080,2100,seasonal_full,84,68,china_mask,407,0,-0.20498126745224,-0.10423954576253891,0.0,15.233415233415233,26.28992628992629,23.587223587223587,10.81081081081081,11.302211302211303,12.039312039312039,0.7371007371007371
ACCESS-CM2,ssp245,optimized,late_century,2080,2100,seasonal_climatology,4,4,china_mask,407,0,-0.4000000059604645,-0.14054055511951447,9.336609336609337,20.147420147420146,27.272727272727273,3.9312039312039313,10.073710073710073,7.862407862407863,14.004914004914005,7.371007371007371
ACCESS-CM2,ssp585,paper_qm,historical,1994,2014,monthly_full,252,202,china_mask,407,0,-0.21044375002384186,-0.1295808106660843,0.0,9.828009828009828,32.923832923832926,25.061425061425062,14.742014742014742,9.090909090909092,8.353808353808354,0.0
ACCESS-CM2,ssp585,paper_qm,historical,1994,2014,monthly_climatology,12,12,china_mask,407,0,-0.3496503531932831,-0.17790071666240692,0.4914004914004914,26.781326781326783,27.027027027027028,12.776412776412776,9.090909090909092,11.056511056511056,10.81081081081081,1.9656019656019657
ACCESS-CM2,ssp585,paper_qm,historical,1994,2014,seasonal_full,84,68,china_mask,407,0,-0.2268502563238144,-0.11926843225955963,0.0,15.233415233415233,29.23832923832924,22.85012285012285,10.073710073710073,10.31941031941032,11.056511056511056,1.2285012285012284
ACCESS-CM2,ssp585,paper_qm,historical,1994,2014,seasonal_climatology,4,4,china_mask,407,0,-0.4000000059604645,-0.17346437275409698,8.108108108108109,25.061425061425062,26.28992628992629,3.9312039312039313,7.616707616707616,8.108108108108109,12.530712530712531,8.353808353808354
ACCESS-CM2,ssp585,paper_qm,mid_century,2040,2060,monthly_full,252,202,china_mask,407,0,-0.227772518992424,-0.13395877182483673,0.0,9.336609336609337,34.643734643734646,25.307125307125308,12.285012285012286,11.056511056511056,7.371007371007371,0.0
ACCESS-CM2,ssp585,paper_qm,mid_century,2040,2060,monthly_climatology,12,12,china_mask,407,0,-0.32867133617401123,-0.15054723620414734,0.7371007371007371,25.798525798525798,24.815724815724817,15.47911547911548,8.5995085995086,8.5995085995086,14.496314496314497,1.4742014742014742
ACCESS-CM2,ssp585,paper_qm,mid_century,2040,2060,seasonal_full,84,68,china_mask,407,0,-0.2796193063259125,-0.1401212364435196,0.2457002457002457,15.233415233415233,31.94103194103194,20.393120393120395,10.31941031941032,10.073710073710073,11.547911547911548,0.2457002457002457
ACCESS-CM2,ssp585,paper_qm,mid_century,2040,2060,seasonal_climatology,4,4,china_mask,407,0,-0.4000000059604645,-0.16363637149333954,6.87960687960688,21.867321867321866,29.484029484029485,6.142506142506143,9.090909090909092,6.388206388206388,12.530712530712531,7.616707616707616
ACCESS-CM2,ssp585,paper_qm,late_century,2080,2100,monthly_full,252,202,china_mask,407,0,-0.2137589305639267,-0.13255929946899414,0.0,13.022113022113022,30.71253071253071,20.884520884520885,14.987714987714988,13.75921375921376,6.388206388206388,0.2457002457002457
ACCESS-CM2,ssp585,paper_qm,late_century,2080,2100,monthly_climatology,12,12,china_mask,407,0,-0.28671327233314514,-0.14712804555892944,0.0,29.975429975429975,18.42751842751843,14.25061425061425,10.81081081081081,11.056511056511056,13.513513513513514,1.9656019656019657
ACCESS-CM2,ssp585,paper_qm,late_century,2080,2100,seasonal_full,84,68,china_mask,407,0,-0.25120988488197327,-0.11836370080709457,0.0,18.673218673218674,27.272727272727273,17.69041769041769,11.793611793611793,10.565110565110565,13.513513513513514,0.4914004914004914
ACCESS-CM2,ssp585,paper_qm,late_century,2080,2100,seasonal_climatology,4,4,china_mask,407,0,-0.4000000059604645,-0.13857494294643402,11.302211302211303,18.181818181818183,23.832923832923832,6.6339066339066335,8.353808353808354,10.81081081081081,14.742014742014742,6.142506142506143
ACCESS-CM2,ssp585,optimized,historical,1994,2014,monthly_full,252,202,china_mask,407,0,-0.21044375002384186,-0.1295808106660843,0.0,9.828009828009828,32.923832923832926,25.061425061425062,14.742014742014742,9.090909090909092,8.353808353808354,0.0
ACCESS-CM2,ssp585,optimized,historical,1994,2014,monthly_climatology,12,12,china_mask,407,0,-0.3496503531932831,-0.17790071666240692,0.4914004914004914,26.781326781326783,27.027027027027028,12.776412776412776,9.090909090909092,11.056511056511056,10.81081081081081,1.9656019656019657
ACCESS-CM2,ssp585,optimized,historical,1994,2014,seasonal_full,84,68,china_mask,407,0,-0.2268502563238144,-0.11926843225955963,0.0,15.233415233415233,29.23832923832924,22.85012285012285,10.073710073710073,10.31941031941032,11.056511056511056,1.2285012285012284
ACCESS-CM2,ssp585,optimized,historical,1994,2014,seasonal_climatology,4,4,china_mask,407,0,-0.4000000059604645,-0.17346437275409698,8.108108108108109,25.061425061425062,26.28992628992629,3.9312039312039313,7.616707616707616,8.108108108108109,12.530712530712531,8.353808353808354
ACCESS-CM2,ssp585,optimized,mid_century,2040,2060,monthly_full,252,202,china_mask,407,0,-0.22540368139743805,-0.12817922234535217,0.0,9.582309582309582,33.16953316953317,25.061425061425062,12.776412776412776,11.056511056511056,8.353808353808354,0.0
ACCESS-CM2,ssp585,optimized,mid_century,2040,2060,monthly_climatology,12,12,china_mask,407,0,-0.3426573574542999,-0.1609937995672226,0.7371007371007371,27.272727272727273,24.815724815724817,13.75921375921376,9.090909090909092,8.108108108108109,14.004914004914005,2.211302211302211
ACCESS-CM2,ssp585,optimized,mid_century,2040,2060,seasonal_full,84,68,china_mask,407,0,-0.25191858410835266,-0.12642669677734375,0.0,15.724815724815725,30.71253071253071,20.884520884520885,10.073710073710073,10.073710073710073,12.285012285012286,0.2457002457002457
ACCESS-CM2,ssp585,optimized,mid_century,2040,2060,seasonal_climatology,4,4,china_mask,407,0,-0.4000000059604645,-0.1616707742214203,8.353808353808354,20.147420147420146,29.72972972972973,6.142506142506143,9.336609336609337,5.405405405405405,12.285012285012286,8.5995085995086
ACCESS-CM2,ssp585,optimized,late_century,2080,2100,monthly_full,252,202,china_mask,407,0,-0.2272588610649109,-0.12833012640476227,0.0,11.793611793611793,30.466830466830466,23.587223587223587,14.25061425061425,12.285012285012286,7.616707616707616,0.0
ACCESS-CM2,ssp585,optimized,late_century,2080,2100,monthly_climatology,12,12,china_mask,407,0,-0.3356643319129944,-0.16140614449977875,0.4914004914004914,28.00982800982801,24.815724815724817,12.039312039312039,10.073710073710073,8.5995085995086,13.75921375921376,2.211302211302211
ACCESS-CM2,ssp585,optimized,late_century,2080,2100,seasonal_full,84,68,china_mask,407,0,-0.25574567914009094,-0.11779432743787766,0.2457002457002457,16.461916461916463,28.5012285012285,21.13022113022113,10.073710073710073,10.81081081081081,12.530712530712531,0.2457002457002457
ACCESS-CM2,ssp585,optimized,late_century,2080,2100,seasonal_climatology,4,4,china_mask,407,0,-0.4000000059604645,-0.1542997658252716,11.793611793611793,19.656019656019655,24.815724815724817,5.405405405405405,7.125307125307125,10.81081081081081,12.039312039312039,8.353808353808354
ACCESS-ESM1-5,ssp126,paper_qm,historical,1994,2014,monthly_full,252,202,china_mask,407,0,-0.20094887912273407,-0.11805805563926697,0.0,9.582309582309582,29.72972972972973,25.552825552825553,16.461916461916463,11.302211302211303,7.371007371007371,0.0
ACCESS-ESM1-5,ssp126,paper_qm,historical,1994,2014,monthly_climatology,12,12,china_mask,407,0,-0.2937062978744507,-0.1356162428855896,0.7371007371007371,23.832923832923832,25.307125307125308,13.022113022113022,9.336609336609337,13.513513513513514,12.039312039312039,2.211302211302211
ACCESS-ESM1-5,ssp126,paper_qm,historical,1994,2014,seasonal_full,84,68,china_mask,407,0,-0.21127872169017792,-0.10724883526563644,0.0,14.25061425061425,30.71253071253071,18.42751842751843,13.513513513513514,11.056511056511056,11.547911547911548,0.4914004914004914
ACCESS-ESM1-5,ssp126,paper_qm,historical,1994,2014,seasonal_climatology,4,4,china_mask,407,0,-0.4000000059604645,-0.10466830432415009,8.108108108108109,19.656019656019655,26.28992628992629,3.43980343980344,11.056511056511056,7.862407862407863,14.004914004914005,9.582309582309582
ACCESS-ESM1-5,ssp126,paper_qm,mid_century,2040,2060,monthly_full,252,202,china_mask,407,0,-0.16431169211864471,-0.10726666450500488,0.0,13.267813267813267,26.28992628992629,21.13022113022113,16.953316953316953,15.47911547911548,6.87960687960688,0.0
ACCESS-ESM1-5,ssp126,paper_qm,mid_century,2040,2060,monthly_climatology,12,12,china_mask,407,0,-0.21678321063518524,-0.09584027528762817,0.0,28.00982800982801,17.1990171990172,14.496314496314497,10.565110565110565,10.81081081081081,17.1990171990172,1.71990171990172
ACCESS-ESM1-5,ssp126,paper_qm,mid_century,2040,2060,seasonal_full,84,68,china_mask,407,0,-0.162883460521698,-0.06163019314408302,0.0,18.42751842751843,23.34152334152334,14.004914004914005,14.987714987714988,14.496314496314497,14.004914004914005,0.7371007371007371
ACCESS-ESM1-5,ssp126,paper_qm,mid_century,2040,2060,seasonal_climatology,4,4,china_mask,407,0,-0.20000000298023224,-0.04127764329314232,9.090909090909092,19.656019656019655,19.41031941031941,5.15970515970516,8.845208845208845,9.582309582309582,14.987714987714988,13.267813267813267
ACCESS-ESM1-5,ssp126,paper_qm,late_century,2080,2100,monthly_full,252,202,china_mask,407,0,-0.17976728081703186,-0.12086428701877594,0.0,11.793611793611793,30.22113022113022,20.63882063882064,16.461916461916463,13.267813267813267,7.616707616707616,0.0
ACCESS-ESM1-5,ssp126,paper_qm,late_century,2080,2100,monthly_climatology,12,12,china_mask,407,0,-0.25874125957489014,-0.11788458377122879,0.0,28.5012285012285,19.656019656019655,14.496314496314497,9.090909090909092,11.302211302211303,15.233415233415233,1.71990171990172
ACCESS-ESM1-5,ssp126,paper_qm,late_century,2080,2100,seasonal_full,84,68,china_mask,407,0,-0.18426647782325745,-0.07249284535646439,0.0,16.461916461916463,27.027027027027028,15.47911547911548,13.022113022113022,14.25061425061425,13.267813267813267,0.4914004914004914
ACCESS-ESM1-5,ssp126,paper_qm,late_century,2080,2100,seasonal_climatology,4,4,china_mask,407,0,-0.4000000059604645,-0.07469288259744644,8.845208845208845,22.35872235872236,19.656019656019655,5.405405405405405,7.125307125307125,9.336609336609337,14.987714987714988,12.285012285012286
ACCESS-ESM1-5,ssp126,optimized,historical,1994,2014,monthly_full,252,202,china_mask,407,0,-0.20094887912273407,-0.11805805563926697,0.0,9.582309582309582,29.72972972972973,25.552825552825553,16.461916461916463,11.302211302211303,7.371007371007371,0.0
ACCESS-ESM1-5,ssp126,optimized,historical,1994,2014,monthly_climatology,12,12,china_mask,407,0,-0.2937062978744507,-0.1356162428855896,0.7371007371007371,23.832923832923832,25.307125307125308,13.022113022113022,9.336609336609337,13.513513513513514,12.039312039312039,2.211302211302211
ACCESS-ESM1-5,ssp126,optimized,historical,1994,2014,seasonal_full,84,68,china_mask,407,0,-0.21127872169017792,-0.10724883526563644,0.0,14.25061425061425,30.71253071253071,18.42751842751843,13.513513513513514,11.056511056511056,11.547911547911548,0.4914004914004914
ACCESS-ESM1-5,ssp126,optimized,historical,1994,2014,seasonal_climatology,4,4,china_mask,407,0,-0.4000000059604645,-0.10466830432415009,8.108108108108109,19.656019656019655,26.28992628992629,3.43980343980344,11.056511056511056,7.862407862407863,14.004914004914005,9.582309582309582
ACCESS-ESM1-5,ssp126,optimized,mid_century,2040,2060,monthly_full,252,202,china_mask,407,0,-0.19469496607780457,-0.1246708482503891,0.0,11.793611793611793,29.975429975429975,23.34152334152334,14.987714987714988,12.776412776412776,7.125307125307125,0.0
ACCESS-ESM1-5,ssp126,optimized,mid_century,2040,2060,monthly_climatology,12,12,china_mask,407,0,-0.251748263835907,-0.12743766605854034,0.4914004914004914,28.74692874692875,19.656019656019655,12.776412776412776,10.073710073710073,11.547911547911548,14.496314496314497,2.211302211302211
ACCESS-ESM1-5,ssp126,optimized,mid_century,2040,2060,seasonal_full,84,68,china_mask,407,0,-0.1882352977991104,-0.09806446731090546,0.0,17.936117936117935,27.272727272727273,14.742014742014742,14.25061425061425,14.004914004914005,11.056511056511056,0.7371007371007371
ACCESS-ESM1-5,ssp126,optimized,mid_century,2040,2060,seasonal_climatology,4,4,china_mask,407,0,-0.4000000059604645,-0.08599508553743362,10.565110565110565,20.884520884520885,21.375921375921376,3.194103194103194,9.090909090909092,7.371007371007371,15.47911547911548,12.039312039312039
ACCESS-ESM1-5,ssp126,optimized,late_century,2080,2100,monthly_full,252,202,china_mask,407,0,-0.19107308983802795,-0.12311036884784698,0.0,11.793611793611793,30.466830466830466,23.095823095823096,14.987714987714988,12.530712530712531,7.125307125307125,0.0
ACCESS-ESM1-5,ssp126,optimized,late_century,2080,2100,monthly_climatology,12,12,china_mask,407,0,-0.2937062978744507,-0.13391521573066711,0.4914004914004914,28.00982800982801,21.375921375921376,13.513513513513514,8.5995085995086,12.039312039312039,13.75921375921376,2.211302211302211
ACCESS-ESM1-5,ssp126,optimized,late_century,2080,2100,seasonal_full,84,68,china_mask,407,0,-0.2111167311668396,-0.09574767202138901,0.0,15.97051597051597,28.00982800982801,17.444717444717444,12.776412776412776,13.022113022113022,12.039312039312039,0.7371007371007371
ACCESS-ESM1-5,ssp126,optimized,late_century,2080,2100,seasonal_climatology,4,4,china_mask,407,0,-0.4000000059604645,-0.10221129655838013,9.090909090909092,24.078624078624077,20.147420147420146,3.43980343980344,10.073710073710073,7.616707616707616,14.25061425061425,11.302211302211303
ACCESS-ESM1-5,ssp245,paper_qm,historical,1994,2014,monthly_full,252,202,china_mask,407,0,-0.20094887912273407,-0.11805805563926697,0.0,9.582309582309582,29.72972972972973,25.552825552825553,16.461916461916463,11.302211302211303,7.371007371007371,0.0
ACCESS-ESM1-5,ssp245,paper_qm,historical,1994,2014,monthly_climatology,12,12,china_mask,407,0,-0.2937062978744507,-0.1356162428855896,0.7371007371007371,23.832923832923832,25.307125307125308,13.022113022113022,9.336609336609337,13.513513513513514,12.039312039312039,2.211302211302211
ACCESS-ESM1-5,ssp245,paper_qm,historical,1994,2014,seasonal_full,84,68,china_mask,407,0,-0.21127872169017792,-0.10724883526563644,0.0,14.25061425061425,30.71253071253071,18.42751842751843,13.513513513513514,11.056511056511056,11.547911547911548,0.4914004914004914
ACCESS-ESM1-5,ssp245,paper_qm,historical,1994,2014,seasonal_climatology,4,4,china_mask,407,0,-0.4000000059604645,-0.10466830432415009,8.108108108108109,19.656019656019655,26.28992628992629,3.43980343980344,11.056511056511056,7.862407862407863,14.004914004914005,9.582309582309582
ACCESS-ESM1-5,ssp245,paper_qm,mid_century,2040,2060,monthly_full,252,202,china_mask,407,0,-0.1600419282913208,-0.10855324566364288,0.0,11.056511056511056,29.484029484029485,22.11302211302211,16.461916461916463,14.004914004914005,6.87960687960688,0.0
ACCESS-ESM1-5,ssp245,paper_qm,mid_century,2040,2060,monthly_climatology,12,12,china_mask,407,0,-0.24475523829460144,-0.11651001870632172,0.0,28.5012285012285,19.41031941031941,12.776412776412776,11.056511056511056,12.039312039312039,14.742014742014742,1.4742014742014742
ACCESS-ESM1-5,ssp245,paper_qm,mid_century,2040,2060,seasonal_full,84,68,china_mask,407,0,-0.19791434705257416,-0.07083217799663544,0.0,15.47911547911548,27.764127764127764,16.216216216216218,12.776412776412776,13.75921375921376,13.513513513513514,0.4914004914004914
ACCESS-ESM1-5,ssp245,paper_qm,mid_century,2040,2060,seasonal_climatology,4,4,china_mask,407,0,-0.4000000059604645,-0.09484031051397324,10.31941031941032,21.13022113022113,20.393120393120395,4.6683046683046685,8.845208845208845,7.616707616707616,18.181818181818183,8.845208845208845
ACCESS-ESM1-5,ssp245,paper_qm,late_century,2080,2100,monthly_full,252,202,china_mask,407,0,-0.17985951900482178,-0.11623194813728333,0.0,11.793611793611793,28.255528255528255,22.11302211302211,18.181818181818183,13.267813267813267,6.388206388206388,0.0
ACCESS-ESM1-5,ssp245,paper_qm,late_century,2080,2100,monthly_climatology,12,12,china_mask,407,0,-0.2377622425556183,-0.1056167334318161,0.0,27.027027027027028,19.656019656019655,14.496314496314497,9.336609336609337,12.285012285012286,15.47911547911548,1.71990171990172
ACCESS-ESM1-5,ssp245,paper_qm,late_century,2080,2100,seasonal_full,84,68,china_mask,407,0,-0.19428975880146027,-0.0703691691160202,0.2457002457002457,17.69041769041769,24.324324324324323,17.1990171990172,10.81081081081081,16.707616707616708,12.285012285012286,0.7371007371007371
ACCESS-ESM1-5,ssp245,paper_qm,late_century,2080,2100,seasonal_climatology,4,4,china_mask,407,0,-0.20000000298023224,-0.060442257672548294,8.353808353808354,19.164619164619165,22.11302211302211,6.87960687960688,7.616707616707616,8.845208845208845,15.233415233415233,11.793611793611793
ACCESS-ESM1-5,ssp245,optimized,historical,1994,2014,monthly_full,252,202,china_mask,407,0,-0.20094887912273407,-0.11805805563926697,0.0,9.582309582309582,29.72972972972973,25.552825552825553,16.461916461916463,11.302211302211303,7.371007371007371,0.0
ACCESS-ESM1-5,ssp245,optimized,historical,1994,2014,monthly_climatology,12,12,china_mask,407,0,-0.2937062978744507,-0.1356162428855896,0.7371007371007371,23.832923832923832,25.307125307125308,13.022113022113022,9.336609336609337,13.513513513513514,12.039312039312039,2.211302211302211
ACCESS-ESM1-5,ssp245,optimized,historical,1994,2014,seasonal_full,84,68,china_mask,407,0,-0.21127872169017792,-0.10724883526563644,0.0,14.25061425061425,30.71253071253071,18.42751842751843,13.513513513513514,11.056511056511056,11.547911547911548,0.4914004914004914
ACCESS-ESM1-5,ssp245,optimized,historical,1994,2014,seasonal_climatology,4,4,china_mask,407,0,-0.4000000059604645,-0.10466830432415009,8.108108108108109,19.656019656019655,26.28992628992629,3.43980343980344,11.056511056511056,7.862407862407863,14.004914004914005,9.582309582309582
ACCESS-ESM1-5,ssp245,optimized,mid_century,2040,2060,monthly_full,252,202,china_mask,407,0,-0.18563877046108246,-0.11766627430915833,0.0,11.056511056511056,30.466830466830466,23.095823095823096,14.496314496314497,14.004914004914005,6.87960687960688,0.0
ACCESS-ESM1-5,ssp245,optimized,mid_century,2040,2060,monthly_climatology,12,12,china_mask,407,0,-0.279720276594162,-0.13850277662277222,0.7371007371007371,28.255528255528255,20.63882063882064,13.267813267813267,10.073710073710073,11.547911547911548,13.267813267813267,2.211302211302211
ACCESS-ESM1-5,ssp245,optimized,mid_century,2040,2060,seasonal_full,84,68,china_mask,407,0,-0.21962134540081024,-0.09177034348249435,0.0,15.233415233415233,28.255528255528255,17.444717444717444,14.25061425061425,11.793611793611793,12.285012285012286,0.7371007371007371
ACCESS-ESM1-5,ssp245,optimized,mid_century,2040,2060,seasonal_climatology,4,4,china_mask,407,0,-0.4000000059604645,-0.12727274000644684,9.090909090909092,26.535626535626534,18.91891891891892,3.43980343980344,9.336609336609337,8.353808353808354,13.513513513513514,10.81081081081081
ACCESS-ESM1-5,ssp245,optimized,late_century,2080,2100,monthly_full,252,202,china_mask,407,0,-0.1962067037820816,-0.12385000288486481,0.0,11.056511056511056,30.71253071253071,23.587223587223587,15.724815724815725,12.530712530712531,6.388206388206388,0.0
ACCESS-ESM1-5,ssp245,optimized,late_century,2080,2100,monthly_climatology,12,12,china_mask,407,0,-0.279720276594162,-0.12596005201339722,0.7371007371007371,27.027027027027028,20.884520884520885,15.47911547911548,7.125307125307125,12.039312039312039,13.75921375921376,2.9484029484029484
ACCESS-ESM1-5,ssp245,optimized,late_century,2080,2100,seasonal_full,84,68,china_mask,407,0,-0.215105801820755,-0.09550637006759644,0.0,17.69041769041769,27.027027027027028,15.47911547911548,14.004914004914005,13.75921375921376,11.302211302211303,0.7371007371007371
ACCESS-ESM1-5,ssp245,optimized,late_century,2080,2100,seasonal_climatology,4,4,china_mask,407,0,-0.4000000059604645,-0.09975429624319077,9.582309582309582,20.147420147420146,23.587223587223587,4.422604422604422,8.5995085995086,8.5995085995086,14.742014742014742,10.31941031941032
ACCESS-ESM1-5,ssp585,paper_qm,historical,1994,2014,monthly_full,252,202,china_mask,407,0,-0.20094887912273407,-0.11805805563926697,0.0,9.582309582309582,29.72972972972973,25.552825552825553,16.461916461916463,11.302211302211303,7.371007371007371,0.0
ACCESS-ESM1-5,ssp585,paper_qm,historical,1994,2014,monthly_climatology,12,12,china_mask,407,0,-0.2937062978744507,-0.1356162428855896,0.7371007371007371,23.832923832923832,25.307125307125308,13.022113022113022,9.336609336609337,13.513513513513514,12.039312039312039,2.211302211302211
ACCESS-ESM1-5,ssp585,paper_qm,historical,1994,2014,seasonal_full,84,68,china_mask,407,0,-0.21127872169017792,-0.10724883526563644,0.0,14.25061425061425,30.71253071253071,18.42751842751843,13.513513513513514,11.056511056511056,11.547911547911548,0.4914004914004914
ACCESS-ESM1-5,ssp585,paper_qm,historical,1994,2014,seasonal_climatology,4,4,china_mask,407,0,-0.4000000059604645,-0.10466830432415009,8.108108108108109,19.656019656019655,26.28992628992629,3.43980343980344,11.056511056511056,7.862407862407863,14.004914004914005,9.582309582309582
ACCESS-ESM1-5,ssp585,paper_qm,mid_century,2040,2060,monthly_full,252,202,china_mask,407,0,-0.17255952954292297,-0.10481871664524078,0.0,10.565110565110565,29.72972972972973,21.62162162162162,16.461916461916463,14.25061425061425,7.371007371007371,0.0
ACCESS-ESM1-5,ssp585,paper_qm,mid_century,2040,2060,monthly_climatology,12,12,china_mask,407,0,-0.2377622425556183,-0.10486073046922684,0.2457002457002457,26.28992628992629,19.656019656019655,14.004914004914005,12.530712530712531,11.056511056511056,14.496314496314497,1.71990171990172
ACCESS-ESM1-5,ssp585,paper_qm,mid_century,2040,2060,seasonal_full,84,68,china_mask,407,0,-0.1788802295923233,-0.0517360158264637,0.0,15.47911547911548,28.5012285012285,12.776412776412776,12.776412776412776,14.496314496314497,15.233415233415233,0.7371007371007371
ACCESS-ESM1-5,ssp585,paper_qm,mid_century,2040,2060,seasonal_climatology,4,4,china_mask,407,0,-0.4000000059604645,-0.07027027755975723,8.5995085995086,22.35872235872236,19.9017199017199,5.405405405405405,6.6339066339066335,9.090909090909092,16.216216216216218,11.793611793611793
ACCESS-ESM1-5,ssp585,paper_qm,late_century,2080,2100,monthly_full,252,202,china_mask,407,0,-0.15315136313438416,-0.09749656915664673,0.0,10.565110565110565,28.00982800982801,22.11302211302211,18.673218673218674,14.987714987714988,5.651105651105651,0.0
ACCESS-ESM1-5,ssp585,paper_qm,late_century,2080,2100,monthly_climatology,12,12,china_mask,407,0,-0.1958041936159134,-0.10195700824260712,0.0,24.815724815724817,20.63882063882064,14.496314496314497,12.285012285012286,12.039312039312039,14.987714987714988,0.7371007371007371
ACCESS-ESM1-5,ssp585,paper_qm,late_century,2080,2100,seasonal_full,84,68,china_mask,407,0,-0.2117242068052292,-0.06470122933387756,0.0,15.233415233415233,26.781326781326783,16.707616707616708,11.547911547911548,14.742014742014742,14.004914004914005,0.9828009828009828
ACCESS-ESM1-5,ssp585,paper_qm,late_century,2080,2100,seasonal_climatology,4,4,china_mask,407,0,-0.4000000059604645,-0.0687960684299469,6.87960687960688,19.9017199017199,24.078624078624077,6.6339066339066335,7.371007371007371,8.5995085995086,17.936117936117935,8.5995085995086
ACCESS-ESM1-5,ssp585,optimized,historical,1994,2014,monthly_full,252,202,china_mask,407,0,-0.20094887912273407,-0.11805805563926697,0.0,9.582309582309582,29.72972972972973,25.552825552825553,16.461916461916463,11.302211302211303,7.371007371007371,0.0
ACCESS-ESM1-5,ssp585,optimized,historical,1994,2014,monthly_climatology,12,12,china_mask,407,0,-0.2937062978744507,-0.1356162428855896,0.7371007371007371,23.832923832923832,25.307125307125308,13.022113022113022,9.336609336609337,13.513513513513514,12.039312039312039,2.211302211302211
ACCESS-ESM1-5,ssp585,optimized,historical,1994,2014,seasonal_full,84,68,china_mask,407,0,-0.21127872169017792,-0.10724883526563644,0.0,14.25061425061425,30.71253071253071,18.42751842751843,13.513513513513514,11.056511056511056,11.547911547911548,0.4914004914004914
ACCESS-ESM1-5,ssp585,optimized,historical,1994,2014,seasonal_climatology,4,4,china_mask,407,0,-0.4000000059604645,-0.10466830432415009,8.108108108108109,19.656019656019655,26.28992628992629,3.43980343980344,11.056511056511056,7.862407862407863,14.004914004914005,9.582309582309582
ACCESS-ESM1-5,ssp585,optimized,mid_century,2040,2060,monthly_full,252,202,china_mask,407,0,-0.1907956302165985,-0.11815976351499557,0.0,11.793611793611793,28.992628992628994,24.324324324324323,14.004914004914005,14.004914004914005,6.87960687960688,0.0
ACCESS-ESM1-5,ssp585,optimized,mid_century,2040,2060,monthly_climatology,12,12,china_mask,407,0,-0.27272728085517883,-0.13193932175636292,0.9828009828009828,25.061425061425062,23.095823095823096,12.776412776412776,10.81081081081081,12.039312039312039,13.267813267813267,1.9656019656019657
ACCESS-ESM1-5,ssp585,optimized,mid_century,2040,2060,seasonal_full,84,68,china_mask,407,0,-0.20421180129051208,-0.0822116956114769,0.0,16.461916461916463,28.00982800982801,15.47911547911548,13.022113022113022,14.004914004914005,12.285012285012286,0.7371007371007371
ACCESS-ESM1-5,ssp585,optimized,mid_century,2040,2060,seasonal_climatology,4,4,china_mask,407,0,-0.4000000059604645,-0.10171989351511002,9.582309582309582,23.34152334152334,20.884520884520885,2.9484029484029484,9.336609336609337,7.616707616707616,15.47911547911548,10.81081081081081
ACCESS-ESM1-5,ssp585,optimized,late_century,2080,2100,monthly_full,252,202,china_mask,407,0,-0.16724519431591034,-0.10819973796606064,0.0,10.31941031941032,29.23832923832924,23.587223587223587,16.707616707616708,13.513513513513514,6.6339066339066335,0.0
ACCESS-ESM1-5,ssp585,optimized,late_century,2080,2100,monthly_climatology,12,12,china_mask,407,0,-0.25874125957489014,-0.12498065829277039,0.2457002457002457,26.535626535626534,21.62162162162162,14.004914004914005,9.090909090909092,13.022113022113022,13.267813267813267,2.211302211302211
ACCESS-ESM1-5,ssp585,optimized,late_century,2080,2100,seasonal_full,84,68,china_mask,407,0,-0.21342512965202332,-0.09304548799991608,0.0,16.216216216216218,29.23832923832924,15.724815724815725,12.285012285012286,14.25061425061425,11.793611793611793,0.4914004914004914
ACCESS-ESM1-5,ssp585,optimized,late_century,2080,2100,seasonal_climatology,4,4,china_mask,407,0,-0.4000000059604645,-0.09533169120550156,10.565110565110565,17.69041769041769,24.324324324324323,5.15970515970516,8.5995085995086,8.5995085995086,16.216216216216218,8.845208845208845
AWI-CM-1-1-MR,ssp126,paper_qm,historical,1994,2014,monthly_full,252,202,china_mask,1083,0,-0.18537257611751556,-0.09604936838150024,0.0,7.017543859649122,31.117266851338872,24.83841181902124,16.989843028624193,11.819021237303787,8.21791320406279,0.0
AWI-CM-1-1-MR,ssp126,paper_qm,historical,1994,2014,monthly_climatology,12,12,china_mask,1083,0,-0.3356643319129944,-0.15846940875053406,0.4616805170821791,27.331486611265003,24.19205909510619,13.48107109879963,9.602954755309327,9.51061865189289,13.01939058171745,2.4007386888273317
AWI-CM-1-1-MR,ssp126,paper_qm,historical,1994,2014,seasonal_full,84,68,china_mask,1083,0,-0.20159967243671417,-0.07592587172985077,0.0,11.819021237303787,31.486611265004615,18.37488457987073,14.219759926131117,10.710987996306557,12.280701754385966,1.10803324099723
AWI-CM-1-1-MR,ssp126,paper_qm,historical,1994,2014,seasonal_climatology,4,4,china_mask,1083,0,-0.4000000059604645,-0.13684210181236267,6.001846722068329,25.85410895660203,25.115420129270543,3.3240997229916895,9.695290858725762,9.418282548476455,10.43397968605725,10.156971375807942
AWI-CM-1-1-MR,ssp126,paper_qm,mid_century,2040,2060,monthly_full,252,202,china_mask,1083,0,-0.22287210822105408,-0.13211527466773987,0.0,8.956602031394276,34.256694367497694,23.361034164358266,15.420129270544782,11.449676823638043,6.555863342566943,0.0
AWI-CM-1-1-MR,ssp126,paper_qm,mid_century,2040,2060,monthly_climatology,12,12,china_mask,1083,0,-0.3356643319129944,-0.1791643351316452,0.36934441366574333,26.592797783933516,25.577100646352722,15.512465373961218,9.418282548476455,9.51061865189289,11.54201292705448,1.4773776546629733
AWI-CM-1-1-MR,ssp126,paper_qm,mid_century,2040,2060,seasonal_full,84,68,china_mask,1083,0,-0.22472411394119263,-0.12344533950090408,0.0,14.866112650046167,31.671283471837487,17.174515235457065,14.58910433979686,10.341643582640813,10.710987996306557,0.6463527239150508
AWI-CM-1-1-MR,ssp126,paper_qm,mid_century,2040,2060,seasonal_climatology,4,4,china_mask,1083,0,-0.4000000059604645,-0.16398891806602478,7.848568790397045,24.007386888273317,25.20775623268698,2.770083102493075,12.557710064635272,10.064635272391506,10.064635272391506,7.479224376731302
AWI-CM-1-1-MR,ssp126,paper_qm,late_century,2080,2100,monthly_full,252,202,china_mask,1083,0,-0.21542589366436005,-0.13520637154579163,0.0,10.895660203139428,31.85595567867036,23.638042474607573,15.23545706371191,12.003693444136658,6.371191135734072,0.0
AWI-CM-1-1-MR,ssp126,paper_qm,late_century,2080,2100,monthly_climatology,12,12,china_mask,1083,0,-0.3426573574542999,-0.19757990539073944,0.18467220683287167,29.36288088642659,24.284395198522624,14.58910433979686,9.048938134810712,9.879963065558634,12.096029547553094,0.554016620498615
AWI-CM-1-1-MR,ssp126,paper_qm,late_century,2080,2100,seasonal_full,84,68,china_mask,1083,0,-0.22278019785881042,-0.11888156086206436,0.0,13.388734995383194,31.948291782086795,19.48291782086796,14.404432132963988,9.51061865189289,10.526315789473685,0.7386888273314867
AWI-CM-1-1-MR,ssp126,paper_qm,late_century,2080,2100,seasonal_climatology,4,4,china_mask,1083,0,-0.4000000059604645,-0.17488457262516022,7.756232686980609,25.761772853185594,23.4533702677747,3.601108033240997,11.911357340720222,10.341643582640813,9.695290858725762,7.479224376731302
AWI-CM-1-1-MR,ssp126,optimized,historical,1994,2014,monthly_full,252,202,china_mask,1083,0,-0.18537257611751556,-0.09604936838150024,0.0,7.017543859649122,31.117266851338872,24.83841181902124,16.989843028624193,11.819021237303787,8.21791320406279,0.0
AWI-CM-1-1-MR,ssp126,optimized,historical,1994,2014,monthly_climatology,12,12,china_mask,1083,0,-0.3356643319129944,-0.15846940875053406,0.4616805170821791,27.331486611265003,24.19205909510619,13.48107109879963,9.602954755309327,9.51061865189289,13.01939058171745,2.4007386888273317
AWI-CM-1-1-MR,ssp126,optimized,historical,1994,2014,seasonal_full,84,68,china_mask,1083,0,-0.20159967243671417,-0.07592587172985077,0.0,11.819021237303787,31.486611265004615,18.37488457987073,14.219759926131117,10.710987996306557,12.280701754385966,1.10803324099723
AWI-CM-1-1-MR,ssp126,optimized,historical,1994,2014,seasonal_climatology,4,4,china_mask,1083,0,-0.4000000059604645,-0.13684210181236267,6.001846722068329,25.85410895660203,25.115420129270543,3.3240997229916895,9.695290858725762,9.418282548476455,10.43397968605725,10.156971375807942
AWI-CM-1-1-MR,ssp126,optimized,mid_century,2040,2060,monthly_full,252,202,china_mask,1083,0,-0.17880220711231232,-0.10025306046009064,0.0,6.648199445983379,32.40997229916898,25.484764542936286,15.604801477377654,12.280701754385966,7.571560480147737,0.0
AWI-CM-1-1-MR,ssp126,optimized,mid_century,2040,2060,monthly_climatology,12,12,china_mask,1083,0,-0.30069929361343384,-0.15263868868350983,0.4616805170821791,23.361034164358266,26.31578947368421,16.066481994459835,10.341643582640813,8.771929824561404,12.742382271468143,1.9390581717451523
AWI-CM-1-1-MR,ssp126,optimized,mid_century,2040,2060,seasonal_full,84,68,china_mask,1083,0,-0.20733016729354858,-0.0932321697473526,0.0,12.373037857802402,31.57894736842105,18.559556786703602,13.573407202216066,11.0803324099723,12.096029547553094,0.7386888273314867
AWI-CM-1-1-MR,ssp126,optimized,mid_century,2040,2060,seasonal_climatology,4,4,china_mask,1083,0,-0.4000000059604645,-0.13130195438861847,7.386888273314866,22.899353647276087,25.023084025854107,3.4164358264081254,12.280701754385966,8.956602031394276,10.43397968605725,9.602954755309327
AWI-CM-1-1-MR,ssp126,optimized,late_century,2080,2100,monthly_full,252,202,china_mask,1083,0,-0.17523132264614105,-0.10386146605014801,0.0,7.386888273314866,31.948291782086795,25.115420129270543,16.15881809787627,12.096029547553094,7.29455216989843,0.0
AWI-CM-1-1-MR,ssp126,optimized,late_century,2080,2100,monthly_climatology,12,12,china_mask,1083,0,-0.3426573574542999,-0.1685359925031662,0.4616805170821791,25.577100646352722,26.592797783933516,14.312096029547552,9.418282548476455,9.51061865189289,12.280701754385966,1.8467220683287164
AWI-CM-1-1-MR,ssp126,optimized,late_century,2080,2100,seasonal_full,84,68,china_mask,1083,0,-0.1944112628698349,-0.08521678298711777,0.0,9.879963065558634,31.85595567867036,20.960295475530934,15.604801477377654,8.86426592797784,12.003693444136658,0.8310249307479224
AWI-CM-1-1-MR,ssp126,optimized,late_century,2080,2100,seasonal_climatology,4,4,china_mask,1083,0,-0.4000000059604645,-0.13684210181236267,7.386888273314866,23.176361957525394,24.284395198522624,3.508771929824561,11.911357340720222,11.172668513388736,10.064635272391506,8.494921514312097
AWI-CM-1-1-MR,ssp245,paper_qm,historical,1994,2014,monthly_full,252,202,china_mask,1083,0,-0.18537257611751556,-0.09604936838150024,0.0,7.017543859649122,31.117266851338872,24.83841181902124,16.989843028624193,11.819021237303787,8.21791320406279,0.0
AWI-CM-1-1-MR,ssp245,paper_qm,historical,1994,2014,monthly_climatology,12,12,china_mask,1083,0,-0.3356643319129944,-0.15846940875053406,0.4616805170821791,27.331486611265003,24.19205909510619,13.48107109879963,9.602954755309327,9.51061865189289,13.01939058171745,2.4007386888273317
AWI-CM-1-1-MR,ssp245,paper_qm,historical,1994,2014,seasonal_full,84,68,china_mask,1083,0,-0.20159967243671417,-0.07592587172985077,0.0,11.819021237303787,31.486611265004615,18.37488457987073,14.219759926131117,10.710987996306557,12.280701754385966,1.10803324099723
AWI-CM-1-1-MR,ssp245,paper_qm,historical,1994,2014,seasonal_climatology,4,4,china_mask,1083,0,-0.4000000059604645,-0.13684210181236267,6.001846722068329,25.85410895660203,25.115420129270543,3.3240997229916895,9.695290858725762,9.418282548476455,10.43397968605725,10.156971375807942
AWI-CM-1-1-MR,ssp245,paper_qm,mid_century,2040,2060,monthly_full,252,202,china_mask,1083,0,-0.17595718801021576,-0.10575364530086517,0.0,8.587257617728532,31.209602954755308,23.638042474607573,16.80517082179132,13.111726685133887,6.648199445983379,0.0
AWI-CM-1-1-MR,ssp245,paper_qm,mid_century,2040,2060,monthly_climatology,12,12,china_mask,1083,0,-0.3216783106327057,-0.16955621540546417,0.554016620498615,29.732225300092335,20.775623268698062,14.12742382271468,10.526315789473685,9.787626962142198,13.111726685133887,1.3850415512465375
AWI-CM-1-1-MR,ssp245,paper_qm,mid_century,2040,2060,seasonal_full,84,68,china_mask,1083,0,-0.1956869512796402,-0.08507231622934341,0.0,12.18836565096953,29.916897506925206,19.390581717451525,14.681440443213296,11.265004616805172,11.911357340720222,0.6463527239150508
AWI-CM-1-1-MR,ssp245,paper_qm,mid_century,2040,2060,seasonal_climatology,4,4,china_mask,1083,0,-0.4000000059604645,-0.16565097868442535,8.679593721144968,25.023084025854107,23.26869806094183,3.508771929824561,10.341643582640813,10.895660203139428,10.064635272391506,8.21791320406279
AWI-CM-1-1-MR,ssp245,paper_qm,late_century,2080,2100,monthly_full,252,202,china_mask,1083,0,-0.18253430724143982,-0.10987108200788498,0.0,7.386888273314866,32.686980609418285,24.469067405355496,16.43582640812558,13.01939058171745,6.001846722068329,0.0
AWI-CM-1-1-MR,ssp245,paper_qm,late_century,2080,2100,monthly_climatology,12,12,china_mask,1083,0,-0.279720276594162,-0.15141183137893677,0.554016620498615,23.08402585410896,25.39242843951985,15.881809787626961,10.61865189289012,11.449676823638043,12.18836565096953,0.8310249307479224
AWI-CM-1-1-MR,ssp245,paper_qm,late_century,2080,2100,seasonal_full,84,68,china_mask,1083,0,-0.1708616018295288,-0.07377327233552933,0.0,8.679593721144968,32.040627885503234,19.94459833795014,15.23545706371191,12.18836565096953,11.449676823638043,0.4616805170821791
AWI-CM-1-1-MR,ssp245,paper_qm,late_century,2080,2100,seasonal_climatology,4,4,china_mask,1083,0,-0.4000000059604645,-0.10784857720136642,6.278855032317636,20.036934441366576,28.07017543859649,3.4164358264081254,11.357340720221607,10.803324099722992,12.834718374884579,7.202216066481994
AWI-CM-1-1-MR,ssp245,optimized,historical,1994,2014,monthly_full,252,202,china_mask,1083,0,-0.18537257611751556,-0.09604936838150024,0.0,7.017543859649122,31.117266851338872,24.83841181902124,16.989843028624193,11.819021237303787,8.21791320406279,0.0
AWI-CM-1-1-MR,ssp245,optimized,historical,1994,2014,monthly_climatology,12,12,china_mask,1083,0,-0.3356643319129944,-0.15846940875053406,0.4616805170821791,27.331486611265003,24.19205909510619,13.48107109879963,9.602954755309327,9.51061865189289,13.01939058171745,2.4007386888273317
AWI-CM-1-1-MR,ssp245,optimized,historical,1994,2014,seasonal_full,84,68,china_mask,1083,0,-0.20159967243671417,-0.07592587172985077,0.0,11.819021237303787,31.486611265004615,18.37488457987073,14.219759926131117,10.710987996306557,12.280701754385966,1.10803324099723
AWI-CM-1-1-MR,ssp245,optimized,historical,1994,2014,seasonal_climatology,4,4,china_mask,1083,0,-0.4000000059604645,-0.13684210181236267,6.001846722068329,25.85410895660203,25.115420129270543,3.3240997229916895,9.695290858725762,9.418282548476455,10.43397968605725,10.156971375807942
AWI-CM-1-1-MR,ssp245,optimized,mid_century,2040,2060,monthly_full,252,202,china_mask,1083,0,-0.15845894813537598,-0.08682850748300552,0.0,7.017543859649122,30.193905817174514,24.653739612188367,17.72853185595568,12.373037857802402,8.033240997229917,0.0
AWI-CM-1-1-MR,ssp245,optimized,mid_century,2040,2060,monthly_climatology,12,12,china_mask,1083,0,-0.31468531489372253,-0.1527290940284729,0.4616805170821791,27.054478301015696,23.08402585410896,14.035087719298245,10.249307479224377,9.787626962142198,13.388734995383194,1.9390581717451523
AWI-CM-1-1-MR,ssp245,optimized,mid_century,2040,2060,seasonal_full,84,68,china_mask,1083,0,-0.185359925031662,-0.07016180455684662,0.0,10.710987996306557,31.209602954755308,18.37488457987073,15.143120960295475,11.0803324099723,12.834718374884579,0.6463527239150508
AWI-CM-1-1-MR,ssp245,optimized,mid_century,2040,2060,seasonal_climatology,4,4,china_mask,1083,0,-0.4000000059604645,-0.14367498457431793,7.848568790397045,24.653739612188367,23.545706371191137,3.601108033240997,10.064635272391506,10.341643582640813,10.710987996306557,9.233610341643583
AWI-CM-1-1-MR,ssp245,optimized,late_century,2080,2100,monthly_full,252,202,china_mask,1083,0,-0.1583097279071808,-0.08256576955318451,0.0,5.078485687903971,31.763619575253923,26.131117266851337,15.881809787626961,13.388734995383194,7.756232686980609,0.0
AWI-CM-1-1-MR,ssp245,optimized,late_century,2080,2100,monthly_climatology,12,12,china_mask,1083,0,-0.279720276594162,-0.13118183612823486,0.36934441366574333,22.62234533702678,25.761772853185594,15.512465373961218,10.61865189289012,9.879963065558634,13.48107109879963,1.7543859649122806
AWI-CM-1-1-MR,ssp245,optimized,late_century,2080,2100,seasonal_full,84,68,china_mask,1083,0,-0.1563025265932083,-0.055427536368370056,0.0,9.048938134810712,30.28624192059095,19.94459833795014,16.066481994459835,11.0803324099723,13.01939058171745,0.554016620498615
AWI-CM-1-1-MR,ssp245,optimized,late_century,2080,2100,seasonal_climatology,4,4,china_mask,1083,0,-0.4000000059604645,-0.0973222479224205,6.371191135734072,20.40627885503232,26.869806094182824,3.2317636195752537,12.003693444136658,10.341643582640813,11.54201292705448,9.233610341643583
AWI-CM-1-1-MR,ssp585,paper_qm,historical,1994,2014,monthly_full,252,202,china_mask,1083,0,-0.18537257611751556,-0.09604936838150024,0.0,7.017543859649122,31.117266851338872,24.83841181902124,16.989843028624193,11.819021237303787,8.21791320406279,0.0
AWI-CM-1-1-MR,ssp585,paper_qm,historical,1994,2014,monthly_climatology,12,12,china_mask,1083,0,-0.3356643319129944,-0.15846940875053406,0.4616805170821791,27.331486611265003,24.19205909510619,13.48107109879963,9.602954755309327,9.51061865189289,13.01939058171745,2.4007386888273317
AWI-CM-1-1-MR,ssp585,paper_qm,historical,1994,2014,seasonal_full,84,68,china_mask,1083,0,-0.20159967243671417,-0.07592587172985077,0.0,11.819021237303787,31.486611265004615,18.37488457987073,14.219759926131117,10.710987996306557,12.280701754385966,1.10803324099723
AWI-CM-1-1-MR,ssp585,paper_qm,historical,1994,2014,seasonal_climatology,4,4,china_mask,1083,0,-0.4000000059604645,-0.13684210181236267,6.001846722068329,25.85410895660203,25.115420129270543,3.3240997229916895,9.695290858725762,9.418282548476455,10.43397968605725,10.156971375807942
AWI-CM-1-1-MR,ssp585,paper_qm,mid_century,2040,2060,monthly_full,252,202,china_mask,1083,0,-0.20974937081336975,-0.12924852967262268,0.0,8.771929824561404,31.117266851338872,26.0387811634349,17.174515235457065,11.0803324099723,5.8171745152354575,0.0
AWI-CM-1-1-MR,ssp585,paper_qm,mid_century,2040,2060,monthly_climatology,12,12,china_mask,1083,0,-0.31468531489372253,-0.18172131478786469,0.36934441366574333,27.700831024930746,22.899353647276087,15.881809787626961,10.803324099722992,10.526315789473685,11.357340720221607,0.4616805170821791
AWI-CM-1-1-MR,ssp585,paper_qm,mid_century,2040,2060,seasonal_full,84,68,china_mask,1083,0,-0.20228815078735352,-0.08924920111894608,0.0,10.710987996306557,30.932594644506,20.775623268698062,14.681440443213296,11.357340720221607,11.0803324099723,0.4616805170821791
AWI-CM-1-1-MR,ssp585,paper_qm,mid_century,2040,2060,seasonal_climatology,4,4,china_mask,1083,0,-0.4000000059604645,-0.13148660957813263,5.8171745152354575,24.284395198522624,24.930747922437675,3.693444136657433,11.819021237303787,9.32594644506002,12.465373961218837,7.663896583564173
AWI-CM-1-1-MR,ssp585,paper_qm,late_century,2080,2100,monthly_full,252,202,china_mask,1083,0,-0.19494317471981049,-0.14161786437034607,0.0,12.373037857802402,28.53185595567867,24.469067405355496,18.19021237303786,10.895660203139428,5.54016620498615,0.0
AWI-CM-1-1-MR,ssp585,paper_qm,late_century,2080,2100,monthly_climatology,12,12,china_mask,1083,0,-0.30069929361343384,-0.19662423431873322,0.18467220683287167,29.6398891966759,20.683287165281627,16.251154201292707,12.742382271468143,9.048938134810712,10.987996306555864,0.4616805170821791
AWI-CM-1-1-MR,ssp585,paper_qm,late_century,2080,2100,seasonal_full,84,68,china_mask,1083,0,-0.22680975496768951,-0.12292714416980743,0.0,17.451523545706372,26.592797783933516,19.205909510618653,15.143120960295475,10.895660203139428,10.341643582640813,0.36934441366574333
AWI-CM-1-1-MR,ssp585,paper_qm,late_century,2080,2100,seasonal_climatology,4,4,china_mask,1083,0,-0.4000000059604645,-0.18060941994190216,7.848568790397045,26.869806094182824,21.97599261311173,3.601108033240997,11.72668513388735,10.61865189289012,11.911357340720222,5.447830101569714
AWI-CM-1-1-MR,ssp585,optimized,historical,1994,2014,monthly_full,252,202,china_mask,1083,0,-0.18537257611751556,-0.09604936838150024,0.0,7.017543859649122,31.117266851338872,24.83841181902124,16.989843028624193,11.819021237303787,8.21791320406279,0.0
AWI-CM-1-1-MR,ssp585,optimized,historical,1994,2014,monthly_climatology,12,12,china_mask,1083,0,-0.3356643319129944,-0.15846940875053406,0.4616805170821791,27.331486611265003,24.19205909510619,13.48107109879963,9.602954755309327,9.51061865189289,13.01939058171745,2.4007386888273317
AWI-CM-1-1-MR,ssp585,optimized,historical,1994,2014,seasonal_full,84,68,china_mask,1083,0,-0.20159967243671417,-0.07592587172985077,0.0,11.819021237303787,31.486611265004615,18.37488457987073,14.219759926131117,10.710987996306557,12.280701754385966,1.10803324099723
AWI-CM-1-1-MR,ssp585,optimized,historical,1994,2014,seasonal_climatology,4,4,china_mask,1083,0,-0.4000000059604645,-0.13684210181236267,6.001846722068329,25.85410895660203,25.115420129270543,3.3240997229916895,9.695290858725762,9.418282548476455,10.43397968605725,10.156971375807942
AWI-CM-1-1-MR,ssp585,optimized,mid_century,2040,2060,monthly_full,252,202,china_mask,1083,0,-0.17487962543964386,-0.10451678931713104,0.0,6.832871652816251,31.948291782086795,25.577100646352722,15.789473684210526,12.557710064635272,7.29455216989843,0.0
AWI-CM-1-1-MR,ssp585,optimized,mid_century,2040,2060,monthly_climatology,12,12,china_mask,1083,0,-0.3076923191547394,-0.16304747760295868,0.4616805170821791,25.577100646352722,24.37673130193906,15.420129270544782,10.61865189289012,9.787626962142198,12.742382271468143,1.0156971375807942
AWI-CM-1-1-MR,ssp585,optimized,mid_century,2040,2060,seasonal_full,84,68,china_mask,1083,0,-0.19509972631931305,-0.07392958551645279,0.0,8.587257617728532,32.59464450600185,19.852262234533704,15.420129270544782,11.0803324099723,11.911357340720222,0.554016620498615
AWI-CM-1-1-MR,ssp585,optimized,mid_century,2040,2060,seasonal_climatology,4,4,china_mask,1083,0,-0.4000000059604645,-0.11634349077939987,6.186518928901201,23.361034164358266,24.83841181902124,3.0470914127423825,11.634349030470915,10.61865189289012,11.72668513388735,8.587257617728532
AWI-CM-1-1-MR,ssp585,optimized,late_century,2080,2100,monthly_full,252,202,china_mask,1083,0,-0.18347389996051788,-0.10858030617237091,0.0,8.310249307479225,30.193905817174514,25.669436749769158,16.897506925207757,11.911357340720222,7.017543859649122,0.0
AWI-CM-1-1-MR,ssp585,optimized,late_century,2080,2100,monthly_climatology,12,12,china_mask,1083,0,-0.3076923191547394,-0.17271371185779572,0.2770083102493075,28.25484764542936,21.97599261311173,15.420129270544782,11.265004616805172,9.418282548476455,12.373037857802402,1.0156971375807942
AWI-CM-1-1-MR,ssp585,optimized,late_century,2080,2100,seasonal_full,84,68,china_mask,1083,0,-0.20603422820568085,-0.09519314765930176,0.0,14.866112650046167,27.793167128347182,18.83656509695291,15.050784856879039,10.61865189289012,12.465373961218837,0.36934441366574333
AWI-CM-1-1-MR,ssp585,optimized,late_century,2080,2100,seasonal_climatology,4,4,china_mask,1083,0,-0.4000000059604645,-0.14939981698989868,7.479224376731302,26.685133887349952,21.421975992613113,3.139427516158818,11.72668513388735,10.156971375807942,10.987996306555864,8.40258541089566
BCC-CSM2-MR,ssp126,paper_qm,historical,1994,2014,monthly_full,252,202,china_mask,760,0,-0.1465570032596588,-0.07027307897806168,0.0,6.184210526315789,28.55263157894737,27.105263157894736,15.657894736842104,13.947368421052632,8.552631578947368,0.0
BCC-CSM2-MR,ssp126,paper_qm,historical,1994,2014,monthly_climatology,12,12,china_mask,760,0,-0.32867133617401123,-0.14876702427864075,0.7894736842105263,25.92105263157895,24.86842105263158,13.421052631578947,8.552631578947368,12.236842105263158,12.236842105263158,1.9736842105263157
BCC-CSM2-MR,ssp126,paper_qm,historical,1994,2014,seasonal_full,84,68,china_mask,760,0,-0.17275488376617432,-0.07237473875284195,0.0,11.447368421052632,30.789473684210527,20.263157894736842,11.578947368421053,11.842105263157896,13.552631578947368,0.5263157894736842
BCC-CSM2-MR,ssp126,paper_qm,historical,1994,2014,seasonal_climatology,4,4,china_mask,760,0,-0.4000000059604645,-0.1478947550058365,8.289473684210526,25.263157894736842,23.026315789473685,3.026315789473684,10.394736842105264,9.342105263157896,11.710526315789474,8.947368421052632
BCC-CSM2-MR,ssp126,paper_qm,mid_century,2040,2060,monthly_full,252,202,china_mask,760,0,-0.11281581968069077,-0.042712412774562836,0.0,4.7368421052631575,26.842105263157894,28.026315789473685,16.710526315789473,13.81578947368421,9.736842105263158,0.13157894736842105
BCC-CSM2-MR,ssp126,paper_qm,mid_century,2040,2060,monthly_climatology,12,12,china_mask,760,0,-0.2657342553138733,-0.10092932730913162,0.13157894736842105,18.026315789473685,29.07894736842105,16.57894736842105,9.473684210526315,10.789473684210526,13.68421052631579,2.236842105263158
BCC-CSM2-MR,ssp126,paper_qm,mid_century,2040,2060,seasonal_full,84,68,china_mask,760,0,-0.14983293414115906,-0.041895877569913864,0.0,9.473684210526315,29.210526315789473,20.657894736842106,13.289473684210526,12.236842105263158,14.342105263157896,0.7894736842105263
BCC-CSM2-MR,ssp126,paper_qm,mid_century,2040,2060,seasonal_climatology,4,4,china_mask,760,0,-0.4000000059604645,-0.09578947722911835,5.0,21.05263157894737,29.736842105263158,2.763157894736842,9.605263157894736,8.947368421052632,13.157894736842104,9.736842105263158
BCC-CSM2-MR,ssp126,paper_qm,late_century,2080,2100,monthly_full,252,202,china_mask,760,0,-0.11650780588388443,-0.05548998340964317,0.0,7.105263157894737,27.105263157894736,26.05263157894737,15.526315789473685,15.0,9.210526315789474,0.0
BCC-CSM2-MR,ssp126,paper_qm,late_century,2080,2100,monthly_climatology,12,12,china_mask,760,0,-0.31468531489372253,-0.1426757425069809,0.13157894736842105,25.789473684210527,25.263157894736842,14.210526315789474,9.078947368421053,9.473684210526315,12.763157894736842,3.289473684210526
BCC-CSM2-MR,ssp126,paper_qm,late_century,2080,2100,seasonal_full,84,68,china_mask,760,0,-0.18325403332710266,-0.053075939416885376,0.0,11.18421052631579,29.605263157894736,20.526315789473685,11.447368421052632,11.31578947368421,15.131578947368421,0.7894736842105263
BCC-CSM2-MR,ssp126,paper_qm,late_century,2080,2100,seasonal_climatology,4,4,china_mask,760,0,-0.4000000059604645,-0.13657894730567932,5.131578947368421,27.763157894736842,23.289473684210527,4.342105263157895,9.210526315789474,8.552631578947368,12.105263157894736,9.605263157894736
BCC-CSM2-MR,ssp126,optimized,historical,1994,2014,monthly_full,252,202,china_mask,760,0,-0.1465570032596588,-0.07027307897806168,0.0,6.184210526315789,28.55263157894737,27.105263157894736,15.657894736842104,13.947368421052632,8.552631578947368,0.0
BCC-CSM2-MR,ssp126,optimized,historical,1994,2014,monthly_climatology,12,12,china_mask,760,0,-0.32867133617401123,-0.14876702427864075,0.7894736842105263,25.92105263157895,24.86842105263158,13.421052631578947,8.552631578947368,12.236842105263158,12.236842105263158,1.9736842105263157
BCC-CSM2-MR,ssp126,optimized,historical,1994,2014,seasonal_full,84,68,china_mask,760,0,-0.17275488376617432,-0.07237473875284195,0.0,11.447368421052632,30.789473684210527,20.263157894736842,11.578947368421053,11.842105263157896,13.552631578947368,0.5263157894736842
BCC-CSM2-MR,ssp126,optimized,historical,1994,2014,seasonal_climatology,4,4,china_mask,760,0,-0.4000000059604645,-0.1478947550058365,8.289473684210526,25.263157894736842,23.026315789473685,3.026315789473684,10.394736842105264,9.342105263157896,11.710526315789474,8.947368421052632
BCC-CSM2-MR,ssp126,optimized,mid_century,2040,2060,monthly_full,252,202,china_mask,760,0,-0.13578549027442932,-0.060737527906894684,0.0,6.052631578947368,27.763157894736842,28.026315789473685,15.131578947368421,13.552631578947368,9.342105263157896,0.13157894736842105
BCC-CSM2-MR,ssp126,optimized,mid_century,2040,2060,monthly_climatology,12,12,china_mask,760,0,-0.3076923191547394,-0.1259753406047821,0.39473684210526316,22.236842105263158,28.026315789473685,12.894736842105264,10.131578947368421,11.18421052631579,12.368421052631579,2.763157894736842
BCC-CSM2-MR,ssp126,optimized,mid_century,2040,2060,seasonal_full,84,68,china_mask,760,0,-0.17306874692440033,-0.061031561344861984,0.0,10.657894736842104,30.789473684210527,20.0,11.578947368421053,13.026315789473685,13.026315789473685,0.9210526315789473
BCC-CSM2-MR,ssp126,optimized,mid_century,2040,2060,seasonal_climatology,4,4,china_mask,760,0,-0.4000000059604645,-0.12289474904537201,5.921052631578948,22.63157894736842,28.68421052631579,3.4210526315789473,9.605263157894736,8.026315789473685,12.105263157894736,9.605263157894736
BCC-CSM2-MR,ssp126,optimized,late_century,2080,2100,monthly_full,252,202,china_mask,760,0,-0.1386556178331375,-0.06725797802209854,0.0,6.973684210526316,27.894736842105264,27.236842105263158,14.210526315789474,14.736842105263158,8.947368421052632,0.0
BCC-CSM2-MR,ssp126,optimized,late_century,2080,2100,monthly_climatology,12,12,china_mask,760,0,-0.3356643319129944,-0.1538185477256775,0.13157894736842105,27.36842105263158,24.736842105263158,13.552631578947368,9.078947368421053,9.605263157894736,12.368421052631579,3.1578947368421053
BCC-CSM2-MR,ssp126,optimized,late_century,2080,2100,seasonal_full,84,68,china_mask,760,0,-0.20849448442459106,-0.0695018395781517,0.0,11.31578947368421,31.44736842105263,19.736842105263158,11.447368421052632,10.789473684210526,14.078947368421053,1.1842105263157894
BCC-CSM2-MR,ssp126,optimized,late_century,2080,2100,seasonal_climatology,4,4,china_mask,760,0,-0.4000000059604645,-0.15421053767204285,6.842105263157895,26.842105263157894,25.526315789473685,2.8947368421052633,8.289473684210526,8.68421052631579,11.578947368421053,9.342105263157896
BCC-CSM2-MR,ssp245,paper_qm,historical,1994,2014,monthly_full,252,202,china_mask,760,0,-0.1465570032596588,-0.07027307897806168,0.0,6.184210526315789,28.55263157894737,27.105263157894736,15.657894736842104,13.947368421052632,8.552631578947368,0.0
BCC-CSM2-MR,ssp245,paper_qm,historical,1994,2014,monthly_climatology,12,12,china_mask,760,0,-0.32867133617401123,-0.14876702427864075,0.7894736842105263,25.92105263157895,24.86842105263158,13.421052631578947,8.552631578947368,12.236842105263158,12.236842105263158,1.9736842105263157
BCC-CSM2-MR,ssp245,paper_qm,historical,1994,2014,seasonal_full,84,68,china_mask,760,0,-0.17275488376617432,-0.07237473875284195,0.0,11.447368421052632,30.789473684210527,20.263157894736842,11.578947368421053,11.842105263157896,13.552631578947368,0.5263157894736842
BCC-CSM2-MR,ssp245,paper_qm,historical,1994,2014,seasonal_climatology,4,4,china_mask,760,0,-0.4000000059604645,-0.1478947550058365,8.289473684210526,25.263157894736842,23.026315789473685,3.026315789473684,10.394736842105264,9.342105263157896,11.710526315789474,8.947368421052632
BCC-CSM2-MR,ssp245,paper_qm,mid_century,2040,2060,monthly_full,252,202,china_mask,760,0,-0.10219202190637589,-0.03459850698709488,0.0,4.605263157894737,26.31578947368421,28.289473684210527,15.526315789473685,14.868421052631579,10.394736842105264,0.0
BCC-CSM2-MR,ssp245,paper_qm,mid_century,2040,2060,monthly_climatology,12,12,china_mask,760,0,-0.24125874042510986,-0.09998159110546112,0.13157894736842105,21.44736842105263,24.605263157894736,15.657894736842104,10.394736842105264,11.052631578947368,14.342105263157896,2.3684210526315788
BCC-CSM2-MR,ssp245,paper_qm,mid_century,2040,2060,seasonal_full,84,68,china_mask,760,0,-0.13812899589538574,-0.03195318579673767,0.0,10.657894736842104,26.710526315789473,21.18421052631579,13.289473684210526,13.68421052631579,14.078947368421053,0.39473684210526316
BCC-CSM2-MR,ssp245,paper_qm,mid_century,2040,2060,seasonal_climatology,4,4,china_mask,760,0,-0.4000000059604645,-0.09789473563432693,8.157894736842104,22.236842105263158,22.894736842105264,2.6315789473684212,10.921052631578947,10.131578947368421,13.947368421052632,9.078947368421053
BCC-CSM2-MR,ssp245,paper_qm,late_century,2080,2100,monthly_full,252,202,china_mask,760,0,-0.14375999569892883,-0.06431897729635239,0.0,6.052631578947368,29.86842105263158,24.605263157894736,17.236842105263158,13.947368421052632,8.289473684210526,0.0
BCC-CSM2-MR,ssp245,paper_qm,late_century,2080,2100,monthly_climatology,12,12,china_mask,760,0,-0.2937062978744507,-0.1324254721403122,0.39473684210526316,24.736842105263158,24.605263157894736,12.763157894736842,10.789473684210526,13.157894736842104,10.131578947368421,3.4210526315789473
BCC-CSM2-MR,ssp245,paper_qm,late_century,2080,2100,seasonal_full,84,68,china_mask,760,0,-0.19398602843284607,-0.07227195054292679,0.0,10.789473684210526,30.657894736842106,19.210526315789473,13.68421052631579,12.5,12.368421052631579,0.7894736842105263
BCC-CSM2-MR,ssp245,paper_qm,late_century,2080,2100,seasonal_climatology,4,4,china_mask,760,0,-0.4000000059604645,-0.13684211671352386,9.210526315789474,20.92105263157895,26.973684210526315,2.3684210526315788,10.131578947368421,10.0,12.105263157894736,8.289473684210526
BCC-CSM2-MR,ssp245,optimized,historical,1994,2014,monthly_full,252,202,china_mask,760,0,-0.1465570032596588,-0.07027307897806168,0.0,6.184210526315789,28.55263157894737,27.105263157894736,15.657894736842104,13.947368421052632,8.552631578947368,0.0
BCC-CSM2-MR,ssp245,optimized,historical,1994,2014,monthly_climatology,12,12,china_mask,760,0,-0.32867133617401123,-0.14876702427864075,0.7894736842105263,25.92105263157895,24.86842105263158,13.421052631578947,8.552631578947368,12.236842105263158,12.236842105263158,1.9736842105263157
BCC-CSM2-MR,ssp245,optimized,historical,1994,2014,seasonal_full,84,68,china_mask,760,0,-0.17275488376617432,-0.07237473875284195,0.0,11.447368421052632,30.789473684210527,20.263157894736842,11.578947368421053,11.842105263157896,13.552631578947368,0.5263157894736842
BCC-CSM2-MR,ssp245,optimized,historical,1994,2014,seasonal_climatology,4,4,china_mask,760,0,-0.4000000059604645,-0.1478947550058365,8.289473684210526,25.263157894736842,23.026315789473685,3.026315789473684,10.394736842105264,9.342105263157896,11.710526315789474,8.947368421052632
BCC-CSM2-MR,ssp245,optimized,mid_century,2040,2060,monthly_full,252,202,china_mask,760,0,-0.13210399448871613,-0.055778875946998596,0.0,5.526315789473684,28.289473684210527,28.157894736842106,14.473684210526315,14.342105263157896,9.210526315789474,0.0
BCC-CSM2-MR,ssp245,optimized,mid_century,2040,2060,monthly_climatology,12,12,china_mask,760,0,-0.2657342553138733,-0.12754876911640167,0.39473684210526316,25.394736842105264,23.157894736842106,15.0,8.947368421052632,11.842105263157896,12.763157894736842,2.5
BCC-CSM2-MR,ssp245,optimized,mid_century,2040,2060,seasonal_full,84,68,china_mask,760,0,-0.14753466844558716,-0.04666835814714432,0.0,10.394736842105264,29.473684210526315,19.86842105263158,12.763157894736842,13.026315789473685,14.078947368421053,0.39473684210526316
BCC-CSM2-MR,ssp245,optimized,mid_century,2040,2060,seasonal_climatology,4,4,china_mask,760,0,-0.4000000059604645,-0.10947368294000626,7.7631578947368425,22.105263157894736,24.605263157894736,3.026315789473684,10.526315789473685,9.868421052631579,13.289473684210526,8.81578947368421
BCC-CSM2-MR,ssp245,optimized,late_century,2080,2100,monthly_full,252,202,china_mask,760,0,-0.14210502803325653,-0.06984374672174454,0.0,6.447368421052632,28.81578947368421,25.92105263157895,17.105263157894736,13.289473684210526,8.421052631578947,0.0
BCC-CSM2-MR,ssp245,optimized,late_century,2080,2100,monthly_climatology,12,12,china_mask,760,0,-0.32517480850219727,-0.1484633833169937,0.2631578947368421,26.31578947368421,25.526315789473685,11.710526315789474,10.657894736842104,10.789473684210526,11.710526315789474,3.026315789473684
BCC-CSM2-MR,ssp245,optimized,late_century,2080,2100,seasonal_full,84,68,china_mask,760,0,-0.19341905415058136,-0.07781568914651871,0.0,11.447368421052632,30.92105263157895,20.0,12.894736842105264,11.578947368421053,12.236842105263158,0.9210526315789473
BCC-CSM2-MR,ssp245,optimized,late_century,2080,2100,seasonal_climatology,4,4,china_mask,760,0,-0.4000000059604645,-0.15157896280288696,8.81578947368421,23.289473684210527,25.13157894736842,3.8157894736842106,9.868421052631579,9.210526315789474,11.31578947368421,8.552631578947368
BCC-CSM2-MR,ssp585,paper_qm,historical,1994,2014,monthly_full,252,202,china_mask,760,0,-0.1465570032596588,-0.07027307897806168,0.0,6.184210526315789,28.55263157894737,27.105263157894736,15.657894736842104,13.947368421052632,8.552631578947368,0.0
BCC-CSM2-MR,ssp585,paper_qm,historical,1994,2014,monthly_climatology,12,12,china_mask,760,0,-0.32867133617401123,-0.14876702427864075,0.7894736842105263,25.92105263157895,24.86842105263158,13.421052631578947,8.552631578947368,12.236842105263158,12.236842105263158,1.9736842105263157
BCC-CSM2-MR,ssp585,paper_qm,historical,1994,2014,seasonal_full,84,68,china_mask,760,0,-0.17275488376617432,-0.07237473875284195,0.0,11.447368421052632,30.789473684210527,20.263157894736842,11.578947368421053,11.842105263157896,13.552631578947368,0.5263157894736842
BCC-CSM2-MR,ssp585,paper_qm,historical,1994,2014,seasonal_climatology,4,4,china_mask,760,0,-0.4000000059604645,-0.1478947550058365,8.289473684210526,25.263157894736842,23.026315789473685,3.026315789473684,10.394736842105264,9.342105263157896,11.710526315789474,8.947368421052632
BCC-CSM2-MR,ssp585,paper_qm,mid_century,2040,2060,monthly_full,252,202,china_mask,760,0,-0.14170122146606445,-0.06827440857887268,0.0,7.368421052631579,27.63157894736842,26.57894736842105,14.342105263157896,15.921052631578947,8.157894736842104,0.0
BCC-CSM2-MR,ssp585,paper_qm,mid_century,2040,2060,monthly_climatology,12,12,china_mask,760,0,-0.2937062978744507,-0.14211447536945343,0.13157894736842105,25.13157894736842,24.605263157894736,15.263157894736842,8.68421052631579,11.052631578947368,13.421052631578947,1.7105263157894737
BCC-CSM2-MR,ssp585,paper_qm,mid_century,2040,2060,seasonal_full,84,68,china_mask,760,0,-0.185359925031662,-0.06889750063419342,0.0,12.5,30.789473684210527,17.63157894736842,11.973684210526315,12.631578947368421,13.552631578947368,0.9210526315789473
BCC-CSM2-MR,ssp585,paper_qm,mid_century,2040,2060,seasonal_climatology,4,4,china_mask,760,0,-0.4000000059604645,-0.13947369158267975,8.552631578947368,24.605263157894736,23.289473684210527,2.6315789473684212,9.605263157894736,9.868421052631579,13.552631578947368,7.894736842105263
BCC-CSM2-MR,ssp585,paper_qm,late_century,2080,2100,monthly_full,252,202,china_mask,760,0,-0.11981023848056793,-0.06926703453063965,0.0,9.078947368421053,26.31578947368421,25.0,16.05263157894737,15.263157894736842,8.289473684210526,0.0
BCC-CSM2-MR,ssp585,paper_qm,late_century,2080,2100,monthly_climatology,12,12,china_mask,760,0,-0.28321677446365356,-0.1362716257572174,0.13157894736842105,25.789473684210527,22.63157894736842,15.921052631578947,9.736842105263158,10.921052631578947,13.157894736842104,1.7105263157894737
BCC-CSM2-MR,ssp585,paper_qm,late_century,2080,2100,seasonal_full,84,68,china_mask,760,0,-0.18762782216072083,-0.06935153156518936,0.0,12.5,27.236842105263158,21.18421052631579,12.368421052631579,13.289473684210526,12.894736842105264,0.5263157894736842
BCC-CSM2-MR,ssp585,paper_qm,late_century,2080,2100,seasonal_climatology,4,4,china_mask,760,0,-0.4000000059604645,-0.15315788984298706,7.631578947368421,24.342105263157894,25.0,4.078947368421052,8.552631578947368,10.657894736842104,11.578947368421053,8.157894736842104
BCC-CSM2-MR,ssp585,optimized,historical,1994,2014,monthly_full,252,202,china_mask,760,0,-0.1465570032596588,-0.07027307897806168,0.0,6.184210526315789,28.55263157894737,27.105263157894736,15.657894736842104,13.947368421052632,8.552631578947368,0.0
BCC-CSM2-MR,ssp585,optimized,historical,1994,2014,monthly_climatology,12,12,china_mask,760,0,-0.32867133617401123,-0.14876702427864075,0.7894736842105263,25.92105263157895,24.86842105263158,13.421052631578947,8.552631578947368,12.236842105263158,12.236842105263158,1.9736842105263157
BCC-CSM2-MR,ssp585,optimized,historical,1994,2014,seasonal_full,84,68,china_mask,760,0,-0.17275488376617432,-0.07237473875284195,0.0,11.447368421052632,30.789473684210527,20.263157894736842,11.578947368421053,11.842105263157896,13.552631578947368,0.5263157894736842
BCC-CSM2-MR,ssp585,optimized,historical,1994,2014,seasonal_climatology,4,4,china_mask,760,0,-0.4000000059604645,-0.1478947550058365,8.289473684210526,25.263157894736842,23.026315789473685,3.026315789473684,10.394736842105264,9.342105263157896,11.710526315789474,8.947368421052632
BCC-CSM2-MR,ssp585,optimized,mid_century,2040,2060,monthly_full,252,202,china_mask,760,0,-0.1509055197238922,-0.07376445829868317,0.0,6.842105263157895,29.605263157894736,26.842105263157894,13.947368421052632,13.421052631578947,9.342105263157896,0.0
BCC-CSM2-MR,ssp585,optimized,mid_century,2040,2060,monthly_climatology,12,12,china_mask,760,0,-0.32867133617401123,-0.15338610112667084,0.39473684210526316,25.92105263157895,26.18421052631579,13.421052631578947,9.210526315789474,10.0,12.631578947368421,2.236842105263158
BCC-CSM2-MR,ssp585,optimized,mid_century,2040,2060,seasonal_full,84,68,china_mask,760,0,-0.21238230168819427,-0.07656159996986389,0.0,11.578947368421053,31.44736842105263,19.86842105263158,11.578947368421053,11.578947368421053,12.631578947368421,1.3157894736842106
BCC-CSM2-MR,ssp585,optimized,mid_century,2040,2060,seasonal_climatology,4,4,china_mask,760,0,-0.4000000059604645,-0.15078948438167572,7.368421052631579,25.526315789473685,25.394736842105264,2.8947368421052633,9.473684210526315,8.68421052631579,12.236842105263158,8.421052631578947
BCC-CSM2-MR,ssp585,optimized,late_century,2080,2100,monthly_full,252,202,china_mask,760,0,-0.15364740788936615,-0.08385584503412247,0.0,9.605263157894736,27.105263157894736,25.789473684210527,15.0,13.947368421052632,8.552631578947368,0.0
BCC-CSM2-MR,ssp585,optimized,late_century,2080,2100,monthly_climatology,12,12,china_mask,760,0,-0.31118881702423096,-0.15805116295814514,0.2631578947368421,28.81578947368421,21.710526315789473,15.131578947368421,9.078947368421053,9.736842105263158,12.763157894736842,2.5
BCC-CSM2-MR,ssp585,optimized,late_century,2080,2100,seasonal_full,84,68,china_mask,760,0,-0.19123215973377228,-0.07876645773649216,0.0,12.894736842105264,28.94736842105263,21.18421052631579,11.842105263157896,11.710526315789474,12.763157894736842,0.6578947368421053
BCC-CSM2-MR,ssp585,optimized,late_century,2080,2100,seasonal_climatology,4,4,china_mask,760,0,-0.4000000059604645,-0.15657897293567657,8.026315789473685,25.13157894736842,25.13157894736842,3.026315789473684,9.473684210526315,9.736842105263158,10.0,9.473684210526315
CAS-ESM2-0,ssp126,paper_qm,historical,1994,2014,monthly_full,252,202,china_mask,477,0,-0.2051856517791748,-0.11405415087938309,0.0,6.918238993710692,34.80083857442348,24.528301886792452,14.255765199161425,10.272536687631026,9.224318658280922,0.0
CAS-ESM2-0,ssp126,paper_qm,historical,1994,2014,monthly_climatology,12,12,china_mask,477,0,-0.3356643319129944,-0.16309687495231628,0.20964360587002095,26.41509433962264,24.737945492662472,15.51362683438155,9.014675052410901,10.272536687631026,11.740041928721174,2.0964360587002098
CAS-ESM2-0,ssp126,paper_qm,historical,1994,2014,seasonal_full,84,68,china_mask,477,0,-0.244122713804245,-0.09887010604143143,0.0,12.159329140461216,33.333333333333336,19.28721174004193,12.159329140461216,10.062893081761006,11.949685534591195,1.0482180293501049
CAS-ESM2-0,ssp126,paper_qm,historical,1994,2014,seasonal_climatology,4,4,china_mask,477,0,-0.4000000059604645,-0.15849058330059052,7.756813417190775,23.48008385744235,26.834381551362682,3.7735849056603774,11.320754716981131,6.918238993710692,9.853249475890985,10.062893081761006
CAS-ESM2-0,ssp126,paper_qm,mid_century,2040,2060,monthly_full,252,202,china_mask,477,0,-0.156607523560524,-0.08687427639961243,0.0,7.756813417190775,30.18867924528302,25.366876310272538,15.09433962264151,12.159329140461216,9.433962264150944,0.0
CAS-ESM2-0,ssp126,paper_qm,mid_century,2040,2060,monthly_climatology,12,12,china_mask,477,0,-0.2937062978744507,-0.13225139677524567,0.20964360587002095,28.09224318658281,21.38364779874214,14.255765199161425,8.80503144654088,10.482180293501049,13.836477987421384,2.9350104821802936
CAS-ESM2-0,ssp126,paper_qm,mid_century,2040,2060,seasonal_full,84,68,china_mask,477,0,-0.1855219155550003,-0.0512358620762825,0.0,11.530398322851154,31.0272536687631,17.40041928721174,10.90146750524109,14.884696016771489,12.9979035639413,1.2578616352201257
CAS-ESM2-0,ssp126,paper_qm,mid_century,2040,2060,seasonal_climatology,4,4,china_mask,477,0,-0.4000000059604645,-0.0901467576622963,8.385744234800839,21.59329140461216,22.641509433962263,4.821802935010482,9.433962264150944,8.385744234800839,14.046121593291405,10.69182389937107
CAS-ESM2-0,ssp126,paper_qm,late_century,2080,2100,monthly_full,252,202,china_mask,477,0,-0.16468513011932373,-0.09164930880069733,0.0,9.643605870020965,30.18867924528302,22.851153039832287,15.30398322851153,12.578616352201259,9.433962264150944,0.0
CAS-ESM2-0,ssp126,paper_qm,late_century,2080,2100,monthly_climatology,12,12,china_mask,477,0,-0.27272728085517883,-0.14115026593208313,0.20964360587002095,31.446540880503143,17.19077568134172,15.51362683438155,7.966457023060797,12.368972746331236,12.159329140461216,3.1446540880503147
CAS-ESM2-0,ssp126,paper_qm,late_century,2080,2100,seasonal_full,84,68,china_mask,477,0,-0.17768552899360657,-0.05294463038444519,0.0,13.626834381551364,26.41509433962264,18.658280922431867,11.530398322851154,14.884696016771489,13.626834381551364,1.2578616352201257
CAS-ESM2-0,ssp126,paper_qm,late_century,2080,2100,seasonal_climatology,4,4,china_mask,477,0,-0.4000000059604645,-0.10146751999855042,8.59538784067086,22.851153039832287,23.060796645702307,3.7735849056603774,6.918238993710692,10.062893081761006,14.255765199161425,10.482180293501049
CAS-ESM2-0,ssp126,optimized,historical,1994,2014,monthly_full,252,202,china_mask,477,0,-0.2051856517791748,-0.11405415087938309,0.0,6.918238993710692,34.80083857442348,24.528301886792452,14.255765199161425,10.272536687631026,9.224318658280922,0.0
CAS-ESM2-0,ssp126,optimized,historical,1994,2014,monthly_climatology,12,12,china_mask,477,0,-0.3356643319129944,-0.16309687495231628,0.20964360587002095,26.41509433962264,24.737945492662472,15.51362683438155,9.014675052410901,10.272536687631026,11.740041928721174,2.0964360587002098
CAS-ESM2-0,ssp126,optimized,historical,1994,2014,seasonal_full,84,68,china_mask,477,0,-0.244122713804245,-0.09887010604143143,0.0,12.159329140461216,33.333333333333336,19.28721174004193,12.159329140461216,10.062893081761006,11.949685534591195,1.0482180293501049
CAS-ESM2-0,ssp126,optimized,historical,1994,2014,seasonal_climatology,4,4,china_mask,477,0,-0.4000000059604645,-0.15849058330059052,7.756813417190775,23.48008385744235,26.834381551362682,3.7735849056603774,11.320754716981131,6.918238993710692,9.853249475890985,10.062893081761006
CAS-ESM2-0,ssp126,optimized,mid_century,2040,2060,monthly_full,252,202,china_mask,477,0,-0.18894195556640625,-0.09831968694925308,0.0,7.547169811320755,31.656184486373167,24.31865828092243,14.465408805031446,12.78825995807128,9.224318658280922,0.0
CAS-ESM2-0,ssp126,optimized,mid_century,2040,2060,monthly_climatology,12,12,china_mask,477,0,-0.3356643319129944,-0.1543152779340744,0.4192872117400419,29.769392033542978,22.22222222222222,12.9979035639413,8.176100628930818,10.482180293501049,12.9979035639413,2.9350104821802936
CAS-ESM2-0,ssp126,optimized,mid_century,2040,2060,seasonal_full,84,68,china_mask,477,0,-0.20647969841957092,-0.07488061487674713,0.0,12.9979035639413,31.236897274633122,17.81970649895178,11.320754716981131,12.578616352201259,12.9979035639413,1.0482180293501049
CAS-ESM2-0,ssp126,optimized,mid_century,2040,2060,seasonal_climatology,4,4,china_mask,477,0,-0.4000000059604645,-0.12536688148975372,9.014675052410901,23.270440251572328,23.270440251572328,4.612159329140461,7.966457023060797,8.385744234800839,12.368972746331236,11.11111111111111
CAS-ESM2-0,ssp126,optimized,late_century,2080,2100,monthly_full,252,202,china_mask,477,0,-0.21037401258945465,-0.10961183160543442,0.0,8.176100628930818,32.704402515723274,23.68972746331237,14.255765199161425,11.530398322851154,9.643605870020965,0.0
CAS-ESM2-0,ssp126,optimized,late_century,2080,2100,monthly_climatology,12,12,china_mask,477,0,-0.3356643319129944,-0.17010453343391418,0.20964360587002095,31.865828092243188,20.335429769392032,14.046121593291405,7.966457023060797,10.062893081761006,12.159329140461216,3.3542976939203353
CAS-ESM2-0,ssp126,optimized,late_century,2080,2100,seasonal_full,84,68,china_mask,477,0,-0.23764300346374512,-0.09160099923610687,0.0,13.417190775681341,29.979035639413,19.07756813417191,12.9979035639413,10.482180293501049,12.78825995807128,1.2578616352201257
CAS-ESM2-0,ssp126,optimized,late_century,2080,2100,seasonal_climatology,4,4,china_mask,477,0,-0.4000000059604645,-0.15262055397033691,10.69182389937107,24.31865828092243,22.431865828092242,3.9832285115303985,7.756813417190775,8.385744234800839,10.90146750524109,11.530398322851154
CAS-ESM2-0,ssp245,paper_qm,historical,1994,2014,monthly_full,252,202,china_mask,477,0,-0.2051856517791748,-0.11405415087938309,0.0,6.918238993710692,34.80083857442348,24.528301886792452,14.255765199161425,10.272536687631026,9.224318658280922,0.0
CAS-ESM2-0,ssp245,paper_qm,historical,1994,2014,monthly_climatology,12,12,china_mask,477,0,-0.3356643319129944,-0.16309687495231628,0.20964360587002095,26.41509433962264,24.737945492662472,15.51362683438155,9.014675052410901,10.272536687631026,11.740041928721174,2.0964360587002098
CAS-ESM2-0,ssp245,paper_qm,historical,1994,2014,seasonal_full,84,68,china_mask,477,0,-0.244122713804245,-0.09887010604143143,0.0,12.159329140461216,33.333333333333336,19.28721174004193,12.159329140461216,10.062893081761006,11.949685534591195,1.0482180293501049
CAS-ESM2-0,ssp245,paper_qm,historical,1994,2014,seasonal_climatology,4,4,china_mask,477,0,-0.4000000059604645,-0.15849058330059052,7.756813417190775,23.48008385744235,26.834381551362682,3.7735849056603774,11.320754716981131,6.918238993710692,9.853249475890985,10.062893081761006
CAS-ESM2-0,ssp245,paper_qm,mid_century,2040,2060,monthly_full,252,202,china_mask,477,0,-0.13699840009212494,-0.06952289491891861,0.0,6.7085953878406706,30.39832285115304,24.31865828092243,15.932914046121594,13.836477987421384,8.80503144654088,0.0
CAS-ESM2-0,ssp245,paper_qm,mid_century,2040,2060,monthly_climatology,12,12,china_mask,477,0,-0.27272728085517883,-0.10276935249567032,0.0,19.91614255765199,27.67295597484277,14.255765199161425,10.69182389937107,11.11111111111111,13.20754716981132,3.1446540880503147
CAS-ESM2-0,ssp245,paper_qm,mid_century,2040,2060,seasonal_full,84,68,china_mask,477,0,-0.1556748002767563,-0.030132386833429337,0.0,8.59538784067086,29.559748427672957,20.545073375262053,12.578616352201259,14.255765199161425,13.20754716981132,1.2578616352201257
CAS-ESM2-0,ssp245,paper_qm,mid_century,2040,2060,seasonal_climatology,4,4,china_mask,477,0,-0.4000000059604645,-0.07295597344636917,5.870020964360587,18.029350104821802,28.72117400419287,4.40251572327044,10.272536687631026,8.59538784067086,15.51362683438155,8.59538784067086
CAS-ESM2-0,ssp245,paper_qm,late_century,2080,2100,monthly_full,252,202,china_mask,477,0,-0.11908549070358276,-0.05665157362818718,0.0,6.7085953878406706,28.51153039832285,25.157232704402517,16.561844863731658,14.255765199161425,8.80503144654088,0.0
CAS-ESM2-0,ssp245,paper_qm,late_century,2080,2100,monthly_climatology,12,12,china_mask,477,0,-0.23076923191547394,-0.08217150717973709,0.0,20.545073375262053,25.57651991614256,13.20754716981132,11.530398322851154,10.69182389937107,15.51362683438155,2.9350104821802936
CAS-ESM2-0,ssp245,paper_qm,late_century,2080,2100,seasonal_full,84,68,china_mask,477,0,-0.11620937287807465,-0.01232870016247034,0.0,9.853249475890985,27.044025157232703,19.91614255765199,12.9979035639413,14.675052410901468,13.836477987421384,1.6771488469601676
CAS-ESM2-0,ssp245,paper_qm,late_century,2080,2100,seasonal_climatology,4,4,china_mask,477,0,-0.4000000059604645,-0.04737946018576622,6.49895178197065,17.40041928721174,27.463312368972748,5.241090146750524,7.547169811320755,10.482180293501049,15.09433962264151,10.272536687631026
CAS-ESM2-0,ssp245,optimized,historical,1994,2014,monthly_full,252,202,china_mask,477,0,-0.2051856517791748,-0.11405415087938309,0.0,6.918238993710692,34.80083857442348,24.528301886792452,14.255765199161425,10.272536687631026,9.224318658280922,0.0
CAS-ESM2-0,ssp245,optimized,historical,1994,2014,monthly_climatology,12,12,china_mask,477,0,-0.3356643319129944,-0.16309687495231628,0.20964360587002095,26.41509433962264,24.737945492662472,15.51362683438155,9.014675052410901,10.272536687631026,11.740041928721174,2.0964360587002098
CAS-ESM2-0,ssp245,optimized,historical,1994,2014,seasonal_full,84,68,china_mask,477,0,-0.244122713804245,-0.09887010604143143,0.0,12.159329140461216,33.333333333333336,19.28721174004193,12.159329140461216,10.062893081761006,11.949685534591195,1.0482180293501049
CAS-ESM2-0,ssp245,optimized,historical,1994,2014,seasonal_climatology,4,4,china_mask,477,0,-0.4000000059604645,-0.15849058330059052,7.756813417190775,23.48008385744235,26.834381551362682,3.7735849056603774,11.320754716981131,6.918238993710692,9.853249475890985,10.062893081761006
CAS-ESM2-0,ssp245,optimized,mid_century,2040,2060,monthly_full,252,202,china_mask,477,0,-0.18389981985092163,-0.08875967562198639,0.0,5.870020964360587,31.865828092243188,25.78616352201258,14.884696016771489,12.159329140461216,9.433962264150944,0.0
CAS-ESM2-0,ssp245,optimized,mid_century,2040,2060,monthly_climatology,12,12,china_mask,477,0,-0.3216783106327057,-0.14458079636096954,0.4192872117400419,26.41509433962264,24.528301886792452,13.836477987421384,9.014675052410901,9.433962264150944,13.626834381551364,2.7253668763102725
CAS-ESM2-0,ssp245,optimized,mid_century,2040,2060,seasonal_full,84,68,china_mask,477,0,-0.20358408987522125,-0.06475918740034103,0.0,10.062893081761006,32.285115303983225,19.28721174004193,12.159329140461216,11.740041928721174,13.417190775681341,1.0482180293501049
CAS-ESM2-0,ssp245,optimized,mid_century,2040,2060,seasonal_climatology,4,4,china_mask,477,0,-0.4000000059604645,-0.12494759261608124,8.176100628930818,21.80293501048218,25.157232704402517,5.031446540880503,10.062893081761006,7.337526205450734,12.159329140461216,10.272536687631026
CAS-ESM2-0,ssp245,optimized,late_century,2080,2100,monthly_full,252,202,china_mask,477,0,-0.16488610208034515,-0.07865846902132034,0.0,5.660377358490566,31.0272536687631,27.044025157232703,13.836477987421384,12.9979035639413,9.433962264150944,0.0
CAS-ESM2-0,ssp245,optimized,late_century,2080,2100,monthly_climatology,12,12,china_mask,477,0,-0.3076923191547394,-0.1351248323917389,0.20964360587002095,26.62473794549266,24.10901467505241,13.836477987421384,8.385744234800839,11.320754716981131,12.578616352201259,2.9350104821802936
CAS-ESM2-0,ssp245,optimized,late_century,2080,2100,seasonal_full,84,68,china_mask,477,0,-0.16567783057689667,-0.06069238856434822,0.0,11.11111111111111,30.60796645702306,19.70649895178197,11.949685534591195,11.949685534591195,13.626834381551364,1.0482180293501049
CAS-ESM2-0,ssp245,optimized,late_century,2080,2100,seasonal_climatology,4,4,china_mask,477,0,-0.4000000059604645,-0.11194969713687897,7.127882599580713,21.80293501048218,25.78616352201258,5.450733752620545,8.59538784067086,8.59538784067086,12.159329140461216,10.482180293501049
CAS-ESM2-0,ssp585,paper_qm,historical,1994,2014,monthly_full,252,202,china_mask,477,0,-0.2051856517791748,-0.11405415087938309,0.0,6.918238993710692,34.80083857442348,24.528301886792452,14.255765199161425,10.272536687631026,9.224318658280922,0.0
CAS-ESM2-0,ssp585,paper_qm,historical,1994,2014,monthly_climatology,12,12,china_mask,477,0,-0.3356643319129944,-0.16309687495231628,0.20964360587002095,26.41509433962264,24.737945492662472,15.51362683438155,9.014675052410901,10.272536687631026,11.740041928721174,2.0964360587002098
CAS-ESM2-0,ssp585,paper_qm,historical,1994,2014,seasonal_full,84,68,china_mask,477,0,-0.244122713804245,-0.09887010604143143,0.0,12.159329140461216,33.333333333333336,19.28721174004193,12.159329140461216,10.062893081761006,11.949685534591195,1.0482180293501049
CAS-ESM2-0,ssp585,paper_qm,historical,1994,2014,seasonal_climatology,4,4,china_mask,477,0,-0.4000000059604645,-0.15849058330059052,7.756813417190775,23.48008385744235,26.834381551362682,3.7735849056603774,11.320754716981131,6.918238993710692,9.853249475890985,10.062893081761006
CAS-ESM2-0,ssp585,paper_qm,mid_century,2040,2060,monthly_full,252,202,china_mask,477,0,-0.1427626609802246,-0.0747104063630104,0.0,6.49895178197065,29.769392033542978,24.947589098532493,17.40041928721174,12.368972746331236,9.014675052410901,0.0
CAS-ESM2-0,ssp585,paper_qm,mid_century,2040,2060,monthly_climatology,12,12,china_mask,477,0,-0.2937062978744507,-0.12468663603067398,0.0,24.31865828092243,25.57651991614256,12.9979035639413,10.272536687631026,11.530398322851154,11.949685534591195,3.3542976939203353
CAS-ESM2-0,ssp585,paper_qm,mid_century,2040,2060,seasonal_full,84,68,china_mask,477,0,-0.14804090559482574,-0.04192061349749565,0.0,10.272536687631026,29.350104821802937,18.448637316561843,14.255765199161425,14.465408805031446,12.159329140461216,1.0482180293501049
CAS-ESM2-0,ssp585,paper_qm,mid_century,2040,2060,seasonal_climatology,4,4,china_mask,477,0,-0.4000000059604645,-0.09769392013549805,6.49895178197065,21.38364779874214,25.57651991614256,4.40251572327044,11.11111111111111,7.966457023060797,14.046121593291405,9.014675052410901
CAS-ESM2-0,ssp585,paper_qm,late_century,2080,2100,monthly_full,252,202,china_mask,477,0,-0.12488123774528503,-0.06136517971754074,0.0,7.966457023060797,29.350104821802937,22.0125786163522,16.352201257861637,14.884696016771489,9.433962264150944,0.0
CAS-ESM2-0,ssp585,paper_qm,late_century,2080,2100,monthly_climatology,12,12,china_mask,477,0,-0.23076923191547394,-0.08828487992286682,0.0,22.431865828092242,24.10901467505241,13.836477987421384,10.90146750524109,10.69182389937107,15.30398322851153,2.7253668763102725
CAS-ESM2-0,ssp585,paper_qm,late_century,2080,2100,seasonal_full,84,68,china_mask,477,0,-0.12268907576799393,-0.01642669551074505,0.20964360587002095,10.90146750524109,26.20545073375262,18.238993710691823,14.884696016771489,11.740041928721174,16.771488469601678,1.0482180293501049
CAS-ESM2-0,ssp585,paper_qm,late_century,2080,2100,seasonal_climatology,4,4,china_mask,477,0,-0.20000000298023224,-0.05576520413160324,6.289308176100629,18.658280922431867,24.528301886792452,5.660377358490566,10.272536687631026,10.062893081761006,15.09433962264151,9.433962264150944
CAS-ESM2-0,ssp585,optimized,historical,1994,2014,monthly_full,252,202,china_mask,477,0,-0.2051856517791748,-0.11405415087938309,0.0,6.918238993710692,34.80083857442348,24.528301886792452,14.255765199161425,10.272536687631026,9.224318658280922,0.0
CAS-ESM2-0,ssp585,optimized,historical,1994,2014,monthly_climatology,12,12,china_mask,477,0,-0.3356643319129944,-0.16309687495231628,0.20964360587002095,26.41509433962264,24.737945492662472,15.51362683438155,9.014675052410901,10.272536687631026,11.740041928721174,2.0964360587002098
CAS-ESM2-0,ssp585,optimized,historical,1994,2014,seasonal_full,84,68,china_mask,477,0,-0.244122713804245,-0.09887010604143143,0.0,12.159329140461216,33.333333333333336,19.28721174004193,12.159329140461216,10.062893081761006,11.949685534591195,1.0482180293501049
CAS-ESM2-0,ssp585,optimized,historical,1994,2014,seasonal_climatology,4,4,china_mask,477,0,-0.4000000059604645,-0.15849058330059052,7.756813417190775,23.48008385744235,26.834381551362682,3.7735849056603774,11.320754716981131,6.918238993710692,9.853249475890985,10.062893081761006
CAS-ESM2-0,ssp585,optimized,mid_century,2040,2060,monthly_full,252,202,china_mask,477,0,-0.1791943907737732,-0.09233409911394119,0.0,6.289308176100629,31.446540880503143,27.044025157232703,13.836477987421384,11.740041928721174,9.643605870020965,0.0
CAS-ESM2-0,ssp585,optimized,mid_century,2040,2060,monthly_climatology,12,12,china_mask,477,0,-0.3496503531932831,-0.1598275899887085,0.8385744234800838,28.930817610062892,22.641509433962263,12.78825995807128,8.176100628930818,11.11111111111111,12.9979035639413,2.5157232704402515
CAS-ESM2-0,ssp585,optimized,mid_century,2040,2060,seasonal_full,84,68,china_mask,477,0,-0.1971651315689087,-0.07436415553092957,0.0,11.740041928721174,30.18867924528302,20.12578616352201,11.530398322851154,12.9979035639413,12.159329140461216,1.2578616352201257
CAS-ESM2-0,ssp585,optimized,mid_century,2040,2060,seasonal_climatology,4,4,china_mask,477,0,-0.4000000059604645,-0.1501048356294632,7.756813417190775,24.947589098532493,23.89937106918239,4.821802935010482,10.90146750524109,5.870020964360587,11.949685534591195,9.853249475890985
CAS-ESM2-0,ssp585,optimized,late_century,2080,2100,monthly_full,252,202,china_mask,477,0,-0.18683107197284698,-0.08758986741304398,0.0,6.918238993710692,33.333333333333336,22.851153039832287,14.046121593291405,13.20754716981132,9.643605870020965,0.0
CAS-ESM2-0,ssp585,optimized,late_century,2080,2100,monthly_climatology,12,12,china_mask,477,0,-0.3426573574542999,-0.14743956923484802,0.20964360587002095,28.30188679245283,23.270440251572328,12.159329140461216,9.433962264150944,10.062893081761006,13.417190775681341,3.1446540880503147
CAS-ESM2-0,ssp585,optimized,late_century,2080,2100,seasonal_full,84,68,china_mask,477,0,-0.20402956008911133,-0.06932395696640015,0.0,12.159329140461216,31.865828092243188,18.867924528301888,9.853249475890985,12.159329140461216,13.836477987421384,1.2578616352201257
CAS-ESM2-0,ssp585,optimized,late_century,2080,2100,seasonal_climatology,4,4,china_mask,477,0,-0.4000000059604645,-0.14171908795833588,8.385744234800839,25.366876310272538,22.22222222222222,5.031446540880503,8.385744234800839,8.176100628930818,12.78825995807128,9.643605870020965
CESM2-WACCM,ssp126,paper_qm,historical,1994,2014,monthly_full,252,202,china_mask,805,0,-0.254239946603775,-0.15471871197223663,0.0,8.198757763975156,37.7639751552795,23.1055900621118,14.658385093167702,9.813664596273291,6.459627329192546,0.0
CESM2-WACCM,ssp126,paper_qm,historical,1994,2014,monthly_climatology,12,12,china_mask,805,0,-0.3776223659515381,-0.1812361478805542,0.2484472049689441,27.32919254658385,27.32919254658385,13.29192546583851,8.944099378881987,8.695652173913043,11.677018633540373,2.484472049689441
CESM2-WACCM,ssp126,paper_qm,historical,1994,2014,seasonal_full,84,68,china_mask,805,0,-0.2774324119091034,-0.13384535908699036,0.0,11.677018633540373,36.8944099378882,17.63975155279503,12.173913043478262,10.31055900621118,11.304347826086957,0.0
CESM2-WACCM,ssp126,paper_qm,historical,1994,2014,seasonal_climatology,4,4,china_mask,805,0,-0.4000000059604645,-0.17267081141471863,8.198757763975156,27.080745341614907,23.229813664596275,3.4782608695652173,9.68944099378882,7.701863354037267,12.173913043478262,8.4472049689441
CESM2-WACCM,ssp126,paper_qm,mid_century,2040,2060,monthly_full,252,202,china_mask,805,0,-0.3142191171646118,-0.20662707090377808,0.0,12.422360248447205,40.24844720496895,19.627329192546583,12.546583850931677,10.434782608695652,4.720496894409938,0.0
CESM2-WACCM,ssp126,paper_qm,mid_century,2040,2060,monthly_climatology,12,12,china_mask,805,0,-0.4055944085121155,-0.2208660989999771,0.8695652173913043,28.944099378881987,27.32919254658385,13.540372670807454,8.074534161490684,9.565217391304348,9.68944099378882,1.9875776397515528
CESM2-WACCM,ssp126,paper_qm,mid_century,2040,2060,seasonal_full,84,68,china_mask,805,0,-0.32031992077827454,-0.19004496932029724,0.12422360248447205,17.763975155279503,33.54037267080745,19.37888198757764,11.180124223602485,10.062111801242237,7.577639751552795,0.37267080745341613
CESM2-WACCM,ssp126,paper_qm,mid_century,2040,2060,seasonal_climatology,4,4,china_mask,805,0,-0.4000000059604645,-0.22807453572750092,8.322981366459627,26.58385093167702,27.950310559006212,4.472049689440993,8.4472049689441,6.956521739130435,11.428571428571429,5.838509316770186
CESM2-WACCM,ssp126,paper_qm,late_century,2080,2100,monthly_full,252,202,china_mask,805,0,-0.3147102892398834,-0.18787811696529388,0.0,11.428571428571429,39.75155279503105,20.496894409937887,11.428571428571429,10.434782608695652,6.459627329192546,0.0
CESM2-WACCM,ssp126,paper_qm,late_century,2080,2100,monthly_climatology,12,12,china_mask,805,0,-0.3986014127731323,-0.19880987703800201,0.37267080745341613,31.180124223602483,24.596273291925467,11.801242236024844,8.695652173913043,10.31055900621118,11.304347826086957,1.7391304347826086
CESM2-WACCM,ssp126,paper_qm,late_century,2080,2100,seasonal_full,84,68,china_mask,805,0,-0.33443352580070496,-0.18332399427890778,0.12422360248447205,16.273291925465838,36.27329192546584,17.51552795031056,10.559006211180124,10.31055900621118,8.571428571428571,0.37267080745341613
CESM2-WACCM,ssp126,paper_qm,late_century,2080,2100,seasonal_climatology,4,4,china_mask,805,0,-0.4000000059604645,-0.18509316444396973,7.080745341614906,25.714285714285715,26.459627329192546,3.3540372670807455,10.186335403726709,9.06832298136646,11.5527950310559,6.583850931677019
CESM2-WACCM,ssp126,optimized,historical,1994,2014,monthly_full,252,202,china_mask,805,0,-0.254239946603775,-0.15471871197223663,0.0,8.198757763975156,37.7639751552795,23.1055900621118,14.658385093167702,9.813664596273291,6.459627329192546,0.0
CESM2-WACCM,ssp126,optimized,historical,1994,2014,monthly_climatology,12,12,china_mask,805,0,-0.3776223659515381,-0.1812361478805542,0.2484472049689441,27.32919254658385,27.32919254658385,13.29192546583851,8.944099378881987,8.695652173913043,11.677018633540373,2.484472049689441
CESM2-WACCM,ssp126,optimized,historical,1994,2014,seasonal_full,84,68,china_mask,805,0,-0.2774324119091034,-0.13384535908699036,0.0,11.677018633540373,36.8944099378882,17.63975155279503,12.173913043478262,10.31055900621118,11.304347826086957,0.0
CESM2-WACCM,ssp126,optimized,historical,1994,2014,seasonal_climatology,4,4,china_mask,805,0,-0.4000000059604645,-0.17267081141471863,8.198757763975156,27.080745341614907,23.229813664596275,3.4782608695652173,9.68944099378882,7.701863354037267,12.173913043478262,8.4472049689441
CESM2-WACCM,ssp126,optimized,mid_century,2040,2060,monthly_full,252,202,china_mask,805,0,-0.28622645139694214,-0.1713237166404724,0.0,8.944099378881987,39.75155279503105,22.48447204968944,12.049689440993788,10.559006211180124,6.211180124223603,0.0
CESM2-WACCM,ssp126,optimized,mid_century,2040,2060,monthly_climatology,12,12,china_mask,805,0,-0.38461539149284363,-0.1939191222190857,0.7453416149068323,28.322981366459626,27.32919254658385,13.29192546583851,7.701863354037267,8.819875776397515,11.428571428571429,2.360248447204969
CESM2-WACCM,ssp126,optimized,mid_century,2040,2060,seasonal_full,84,68,china_mask,805,0,-0.30847424268722534,-0.16380707919597626,0.0,16.024844720496894,34.6583850931677,17.763975155279503,11.5527950310559,9.565217391304348,10.062111801242237,0.37267080745341613
CESM2-WACCM,ssp126,optimized,mid_century,2040,2060,seasonal_climatology,4,4,china_mask,805,0,-0.4000000059604645,-0.19751553237438202,9.06832298136646,25.341614906832298,27.204968944099377,3.229813664596273,9.06832298136646,7.080745341614906,9.813664596273291,9.192546583850932
CESM2-WACCM,ssp126,optimized,late_century,2080,2100,monthly_full,252,202,china_mask,805,0,-0.26741668581962585,-0.15858876705169678,0.0,8.198757763975156,38.75776397515528,23.229813664596275,13.29192546583851,9.192546583850932,7.329192546583851,0.0
CESM2-WACCM,ssp126,optimized,late_century,2080,2100,monthly_climatology,12,12,china_mask,805,0,-0.3986014127731323,-0.177848219871521,0.2484472049689441,28.198757763975156,27.204968944099377,12.049689440993788,8.571428571428571,8.819875776397515,12.422360248447205,2.484472049689441
CESM2-WACCM,ssp126,optimized,late_century,2080,2100,seasonal_full,84,68,china_mask,805,0,-0.3013060688972473,-0.1625904142856598,0.0,13.91304347826087,36.27329192546584,18.509316770186334,12.173913043478262,8.4472049689441,10.186335403726709,0.4968944099378882
CESM2-WACCM,ssp126,optimized,late_century,2080,2100,seasonal_climatology,4,4,china_mask,805,0,-0.4000000059604645,-0.17043477296829224,6.832298136645963,25.838509316770185,26.08695652173913,3.229813664596273,10.062111801242237,9.06832298136646,10.93167701863354,7.950310559006211
CESM2-WACCM,ssp245,paper_qm,historical,1994,2014,monthly_full,252,202,china_mask,805,0,-0.254239946603775,-0.15471871197223663,0.0,8.198757763975156,37.7639751552795,23.1055900621118,14.658385093167702,9.813664596273291,6.459627329192546,0.0
CESM2-WACCM,ssp245,paper_qm,historical,1994,2014,monthly_climatology,12,12,china_mask,805,0,-0.3776223659515381,-0.1812361478805542,0.2484472049689441,27.32919254658385,27.32919254658385,13.29192546583851,8.944099378881987,8.695652173913043,11.677018633540373,2.484472049689441
CESM2-WACCM,ssp245,paper_qm,historical,1994,2014,seasonal_full,84,68,china_mask,805,0,-0.2774324119091034,-0.13384535908699036,0.0,11.677018633540373,36.8944099378882,17.63975155279503,12.173913043478262,10.31055900621118,11.304347826086957,0.0
CESM2-WACCM,ssp245,paper_qm,historical,1994,2014,seasonal_climatology,4,4,china_mask,805,0,-0.4000000059604645,-0.17267081141471863,8.198757763975156,27.080745341614907,23.229813664596275,3.4782608695652173,9.68944099378882,7.701863354037267,12.173913043478262,8.4472049689441
CESM2-WACCM,ssp245,paper_qm,mid_century,2040,2060,monthly_full,252,202,china_mask,805,0,-0.27173295617103577,-0.17242594063282013,0.0,7.204968944099379,39.62732919254658,24.472049689440993,13.788819875776397,9.565217391304348,5.341614906832298,0.0
CESM2-WACCM,ssp245,paper_qm,mid_century,2040,2060,monthly_climatology,12,12,china_mask,805,0,-0.3496503531932831,-0.17983755469322205,0.37267080745341613,25.46583850931677,28.074534161490682,14.285714285714286,10.93167701863354,9.06832298136646,9.192546583850932,2.608695652173913
CESM2-WACCM,ssp245,paper_qm,mid_century,2040,2060,seasonal_full,84,68,china_mask,805,0,-0.27469879388809204,-0.15690916776657104,0.12422360248447205,11.801242236024844,35.27950310559006,22.236024844720497,11.801242236024844,10.186335403726709,8.4472049689441,0.12422360248447205
CESM2-WACCM,ssp245,paper_qm,mid_century,2040,2060,seasonal_climatology,4,4,china_mask,805,0,-0.4000000059604645,-0.16695652902126312,5.46583850931677,24.596273291925467,27.080745341614907,4.3478260869565215,11.304347826086957,9.440993788819876,12.79503105590062,4.968944099378882
CESM2-WACCM,ssp245,paper_qm,late_century,2080,2100,monthly_full,252,202,china_mask,805,0,-0.31231144070625305,-0.2070082724094391,0.0,12.546583850931677,38.50931677018634,20.869565217391305,14.906832298136646,8.198757763975156,4.968944099378882,0.0
CESM2-WACCM,ssp245,paper_qm,late_century,2080,2100,monthly_climatology,12,12,china_mask,805,0,-0.4055944085121155,-0.22500978410243988,1.2422360248447204,29.316770186335404,26.335403726708076,12.173913043478262,10.807453416149068,9.68944099378882,9.06832298136646,1.3664596273291925
CESM2-WACCM,ssp245,paper_qm,late_century,2080,2100,seasonal_full,84,68,china_mask,805,0,-0.33048495650291443,-0.19668562710285187,0.0,17.51552795031056,35.77639751552795,17.391304347826086,12.049689440993788,8.819875776397515,8.4472049689441,0.0
CESM2-WACCM,ssp245,paper_qm,late_century,2080,2100,seasonal_climatology,4,4,china_mask,805,0,-0.4000000059604645,-0.20024846494197845,7.701863354037267,25.714285714285715,26.335403726708076,4.472049689440993,9.192546583850932,9.813664596273291,10.683229813664596,6.086956521739131
CESM2-WACCM,ssp245,optimized,historical,1994,2014,monthly_full,252,202,china_mask,805,0,-0.254239946603775,-0.15471871197223663,0.0,8.198757763975156,37.7639751552795,23.1055900621118,14.658385093167702,9.813664596273291,6.459627329192546,0.0
CESM2-WACCM,ssp245,optimized,historical,1994,2014,monthly_climatology,12,12,china_mask,805,0,-0.3776223659515381,-0.1812361478805542,0.2484472049689441,27.32919254658385,27.32919254658385,13.29192546583851,8.944099378881987,8.695652173913043,11.677018633540373,2.484472049689441
CESM2-WACCM,ssp245,optimized,historical,1994,2014,seasonal_full,84,68,china_mask,805,0,-0.2774324119091034,-0.13384535908699036,0.0,11.677018633540373,36.8944099378882,17.63975155279503,12.173913043478262,10.31055900621118,11.304347826086957,0.0
CESM2-WACCM,ssp245,optimized,historical,1994,2014,seasonal_climatology,4,4,china_mask,805,0,-0.4000000059604645,-0.17267081141471863,8.198757763975156,27.080745341614907,23.229813664596275,3.4782608695652173,9.68944099378882,7.701863354037267,12.173913043478262,8.4472049689441
CESM2-WACCM,ssp245,optimized,mid_century,2040,2060,monthly_full,252,202,china_mask,805,0,-0.23964297771453857,-0.14278648793697357,0.0,6.583850931677019,37.142857142857146,25.341614906832298,14.409937888198758,10.062111801242237,6.459627329192546,0.0
CESM2-WACCM,ssp245,optimized,mid_century,2040,2060,monthly_climatology,12,12,china_mask,805,0,-0.3496503531932831,-0.16026583313941956,0.37267080745341613,25.46583850931677,27.453416149068325,14.037267080745341,9.192546583850932,9.440993788819876,10.683229813664596,3.3540372670807455
CESM2-WACCM,ssp245,optimized,mid_century,2040,2060,seasonal_full,84,68,china_mask,805,0,-0.25376126170158386,-0.12998853623867035,0.0,11.180124223602485,35.03105590062112,20.869565217391305,12.79503105590062,9.192546583850932,10.559006211180124,0.37267080745341613
CESM2-WACCM,ssp245,optimized,mid_century,2040,2060,seasonal_climatology,4,4,china_mask,805,0,-0.4000000059604645,-0.14136646687984467,6.3354037267080745,23.975155279503106,26.08695652173913,3.4782608695652173,10.93167701863354,9.06832298136646,12.298136645962733,7.826086956521739
CESM2-WACCM,ssp245,optimized,late_century,2080,2100,monthly_full,252,202,china_mask,805,0,-0.26768288016319275,-0.15927128493785858,0.0,9.06832298136646,38.01242236024845,22.981366459627328,13.416149068322982,10.186335403726709,6.3354037267080745,0.0
CESM2-WACCM,ssp245,optimized,late_century,2080,2100,monthly_climatology,12,12,china_mask,805,0,-0.3916083872318268,-0.18623115122318268,0.37267080745341613,29.565217391304348,25.838509316770185,11.428571428571429,9.565217391304348,9.316770186335404,11.055900621118013,2.857142857142857
CESM2-WACCM,ssp245,optimized,late_century,2080,2100,seasonal_full,84,68,china_mask,805,0,-0.300131618976593,-0.15608519315719604,0.0,13.788819875776397,36.27329192546584,18.385093167701864,12.049689440993788,8.4472049689441,10.807453416149068,0.2484472049689441
CESM2-WACCM,ssp245,optimized,late_century,2080,2100,seasonal_climatology,4,4,china_mask,805,0,-0.4000000059604645,-0.15975156426429749,7.950310559006211,23.229813664596275,27.577639751552795,2.981366459627329,10.434782608695652,7.701863354037267,11.677018633540373,8.4472049689441
CESM2-WACCM,ssp585,paper_qm,historical,1994,2014,monthly_full,252,202,china_mask,805,0,-0.254239946603775,-0.15471871197223663,0.0,8.198757763975156,37.7639751552795,23.1055900621118,14.658385093167702,9.813664596273291,6.459627329192546,0.0
CESM2-WACCM,ssp585,paper_qm,historical,1994,2014,monthly_climatology,12,12,china_mask,805,0,-0.3776223659515381,-0.1812361478805542,0.2484472049689441,27.32919254658385,27.32919254658385,13.29192546583851,8.944099378881987,8.695652173913043,11.677018633540373,2.484472049689441
CESM2-WACCM,ssp585,paper_qm,historical,1994,2014,seasonal_full,84,68,china_mask,805,0,-0.2774324119091034,-0.13384535908699036,0.0,11.677018633540373,36.8944099378882,17.63975155279503,12.173913043478262,10.31055900621118,11.304347826086957,0.0
CESM2-WACCM,ssp585,paper_qm,historical,1994,2014,seasonal_climatology,4,4,china_mask,805,0,-0.4000000059604645,-0.17267081141471863,8.198757763975156,27.080745341614907,23.229813664596275,3.4782608695652173,9.68944099378882,7.701863354037267,12.173913043478262,8.4472049689441
CESM2-WACCM,ssp585,paper_qm,mid_century,2040,2060,monthly_full,252,202,china_mask,805,0,-0.3071073591709137,-0.19644904136657715,0.0,10.683229813664596,40.37267080745342,21.11801242236025,13.416149068322982,9.06832298136646,5.341614906832298,0.0
CESM2-WACCM,ssp585,paper_qm,mid_century,2040,2060,monthly_climatology,12,12,china_mask,805,0,-0.4195804297924042,-0.21865960955619812,0.6211180124223602,32.546583850931675,23.850931677018632,12.422360248447205,8.944099378881987,9.68944099378882,10.31055900621118,1.6149068322981366
CESM2-WACCM,ssp585,paper_qm,mid_century,2040,2060,seasonal_full,84,68,china_mask,805,0,-0.2872937023639679,-0.16527290642261505,0.0,16.39751552795031,32.91925465838509,19.503105590062113,11.180124223602485,10.93167701863354,8.695652173913043,0.37267080745341613
CESM2-WACCM,ssp585,paper_qm,mid_century,2040,2060,seasonal_climatology,4,4,china_mask,805,0,-0.4000000059604645,-0.2074534147977829,10.434782608695652,28.571428571428573,20.248447204968944,3.9751552795031055,8.571428571428571,9.565217391304348,12.422360248447205,6.211180124223603
CESM2-WACCM,ssp585,paper_qm,late_century,2080,2100,monthly_full,252,202,china_mask,805,0,-0.32423141598701477,-0.22010254859924316,0.0,15.77639751552795,36.77018633540373,20.496894409937887,13.664596273291925,8.944099378881987,4.3478260869565215,0.0
CESM2-WACCM,ssp585,paper_qm,late_century,2080,2100,monthly_climatology,12,12,china_mask,805,0,-0.42657342553138733,-0.23540806770324707,0.2484472049689441,32.422360248447205,23.850931677018632,12.79503105590062,11.5527950310559,9.813664596273291,8.4472049689441,0.8695652173913043
CESM2-WACCM,ssp585,paper_qm,late_century,2080,2100,seasonal_full,84,68,china_mask,805,0,-0.3282778263092041,-0.19443579018115997,0.0,17.763975155279503,35.27950310559006,16.273291925465838,13.540372670807454,10.807453416149068,6.3354037267080745,0.0
CESM2-WACCM,ssp585,paper_qm,late_century,2080,2100,seasonal_climatology,4,4,china_mask,805,0,-0.4000000059604645,-0.19478262960910797,5.962732919254658,25.217391304347824,27.70186335403727,5.714285714285714,8.571428571428571,10.31055900621118,12.79503105590062,3.7267080745341614
CESM2-WACCM,ssp585,optimized,historical,1994,2014,monthly_full,252,202,china_mask,805,0,-0.254239946603775,-0.15471871197223663,0.0,8.198757763975156,37.7639751552795,23.1055900621118,14.658385093167702,9.813664596273291,6.459627329192546,0.0
CESM2-WACCM,ssp585,optimized,historical,1994,2014,monthly_climatology,12,12,china_mask,805,0,-0.3776223659515381,-0.1812361478805542,0.2484472049689441,27.32919254658385,27.32919254658385,13.29192546583851,8.944099378881987,8.695652173913043,11.677018633540373,2.484472049689441
CESM2-WACCM,ssp585,optimized,historical,1994,2014,seasonal_full,84,68,china_mask,805,0,-0.2774324119091034,-0.13384535908699036,0.0,11.677018633540373,36.8944099378882,17.63975155279503,12.173913043478262,10.31055900621118,11.304347826086957,0.0
CESM2-WACCM,ssp585,optimized,historical,1994,2014,seasonal_climatology,4,4,china_mask,805,0,-0.4000000059604645,-0.17267081141471863,8.198757763975156,27.080745341614907,23.229813664596275,3.4782608695652173,9.68944099378882,7.701863354037267,12.173913043478262,8.4472049689441
CESM2-WACCM,ssp585,optimized,mid_century,2040,2060,monthly_full,252,202,china_mask,805,0,-0.272572785615921,-0.16294051706790924,0.0,7.950310559006211,40.0,22.236024844720497,13.043478260869565,10.186335403726709,6.583850931677019,0.0
CESM2-WACCM,ssp585,optimized,mid_century,2040,2060,monthly_climatology,12,12,china_mask,805,0,-0.3916083872318268,-0.189566969871521,0.12422360248447205,30.559006211180126,26.956521739130434,10.434782608695652,8.944099378881987,8.198757763975156,11.925465838509316,2.857142857142857
CESM2-WACCM,ssp585,optimized,mid_century,2040,2060,seasonal_full,84,68,china_mask,805,0,-0.2714589536190033,-0.14316117763519287,0.0,13.788819875776397,33.7888198757764,20.124223602484474,11.5527950310559,9.565217391304348,10.683229813664596,0.4968944099378882
CESM2-WACCM,ssp585,optimized,mid_century,2040,2060,seasonal_climatology,4,4,china_mask,805,0,-0.4000000059604645,-0.18559007346630096,10.559006211180124,25.96273291925466,22.857142857142858,2.857142857142857,9.68944099378882,8.571428571428571,10.807453416149068,8.695652173913043
CESM2-WACCM,ssp585,optimized,late_century,2080,2100,monthly_full,252,202,china_mask,805,0,-0.2745479643344879,-0.17368468642234802,0.0,10.807453416149068,36.8944099378882,23.60248447204969,12.422360248447205,10.559006211180124,5.714285714285714,0.0
CESM2-WACCM,ssp585,optimized,late_century,2080,2100,monthly_climatology,12,12,china_mask,805,0,-0.4055944085121155,-0.19837553799152374,0.6211180124223602,32.422360248447205,23.726708074534162,11.428571428571429,8.944099378881987,8.571428571428571,12.049689440993788,2.2360248447204967
CESM2-WACCM,ssp585,optimized,late_century,2080,2100,seasonal_full,84,68,china_mask,805,0,-0.3027437627315521,-0.16225485503673553,0.0,13.29192546583851,36.8944099378882,17.142857142857142,13.416149068322982,9.565217391304348,9.440993788819876,0.2484472049689441
CESM2-WACCM,ssp585,optimized,late_century,2080,2100,seasonal_climatology,4,4,china_mask,805,0,-0.4000000059604645,-0.17838509380817413,6.3354037267080745,28.198757763975156,24.84472049689441,4.099378881987578,8.198757763975156,8.819875776397515,11.5527950310559,7.950310559006211
CMCC-CM2-SR5,ssp126,paper_qm,historical,1994,2014,monthly_full,252,202,china_mask,805,0,-0.25414547324180603,-0.1519208401441574,0.0,7.826086956521739,37.391304347826086,25.093167701863354,13.29192546583851,9.440993788819876,6.956521739130435,0.0
CMCC-CM2-SR5,ssp126,paper_qm,historical,1994,2014,monthly_climatology,12,12,china_mask,805,0,-0.3916083872318268,-0.184363454580307,0.37267080745341613,25.714285714285715,30.062111801242235,12.298136645962733,9.316770186335404,8.198757763975156,11.801242236024844,2.2360248447204967
CMCC-CM2-SR5,ssp126,paper_qm,historical,1994,2014,seasonal_full,84,68,china_mask,805,0,-0.260787695646286,-0.1292799413204193,0.0,11.925465838509316,34.78260869565217,20.248447204968944,12.79503105590062,9.813664596273291,10.062111801242237,0.37267080745341613
CMCC-CM2-SR5,ssp126,paper_qm,historical,1994,2014,seasonal_climatology,4,4,china_mask,805,0,-0.4000000059604645,-0.18310558795928955,8.4472049689441,23.726708074534162,28.4472049689441,3.229813664596273,9.06832298136646,8.074534161490684,10.807453416149068,8.198757763975156
CMCC-CM2-SR5,ssp126,paper_qm,mid_century,2040,2060,monthly_full,252,202,china_mask,805,0,-0.27599072456359863,-0.15755890309810638,0.0,9.192546583850932,38.88198757763975,21.11801242236025,13.788819875776397,10.93167701863354,6.086956521739131,0.0
CMCC-CM2-SR5,ssp126,paper_qm,mid_century,2040,2060,monthly_climatology,12,12,china_mask,805,0,-0.38461539149284363,-0.18107978999614716,0.2484472049689441,26.956521739130434,29.06832298136646,11.677018633540373,8.322981366459627,9.192546583850932,12.670807453416149,1.8633540372670807
CMCC-CM2-SR5,ssp126,paper_qm,mid_century,2040,2060,seasonal_full,84,68,china_mask,805,0,-0.28174546360969543,-0.1404532939195633,0.0,13.664596273291925,34.6583850931677,18.26086956521739,12.422360248447205,8.944099378881987,11.925465838509316,0.12422360248447205
CMCC-CM2-SR5,ssp126,paper_qm,mid_century,2040,2060,seasonal_climatology,4,4,china_mask,805,0,-0.4000000059604645,-0.1701863408088684,7.329192546583851,20.74534161490683,33.7888198757764,3.4782608695652173,7.826086956521739,7.204968944099379,11.428571428571429,8.198757763975156
CMCC-CM2-SR5,ssp126,paper_qm,late_century,2080,2100,monthly_full,252,202,china_mask,805,0,-0.29418256878852844,-0.1704782396554947,0.0,9.937888198757763,39.62732919254658,20.496894409937887,12.298136645962733,11.925465838509316,5.714285714285714,0.0
CMCC-CM2-SR5,ssp126,paper_qm,late_century,2080,2100,monthly_climatology,12,12,china_mask,805,0,-0.3916083872318268,-0.19985230267047882,0.4968944099378882,25.59006211180124,31.180124223602483,12.298136645962733,8.4472049689441,8.944099378881987,11.428571428571429,1.6149068322981366
CMCC-CM2-SR5,ssp126,paper_qm,late_century,2080,2100,seasonal_full,84,68,china_mask,805,0,-0.29468461871147156,-0.14367055892944336,0.0,13.540372670807454,35.77639751552795,18.26086956521739,11.055900621118013,11.180124223602485,10.186335403726709,0.0
CMCC-CM2-SR5,ssp126,paper_qm,late_century,2080,2100,seasonal_climatology,4,4,china_mask,805,0,-0.4000000059604645,-0.1677018702030182,7.080745341614906,20.62111801242236,33.54037267080745,3.8509316770186337,7.577639751552795,7.826086956521739,12.919254658385093,6.583850931677019
CMCC-CM2-SR5,ssp126,optimized,historical,1994,2014,monthly_full,252,202,china_mask,805,0,-0.25414547324180603,-0.1519208401441574,0.0,7.826086956521739,37.391304347826086,25.093167701863354,13.29192546583851,9.440993788819876,6.956521739130435,0.0
CMCC-CM2-SR5,ssp126,optimized,historical,1994,2014,monthly_climatology,12,12,china_mask,805,0,-0.3916083872318268,-0.184363454580307,0.37267080745341613,25.714285714285715,30.062111801242235,12.298136645962733,9.316770186335404,8.198757763975156,11.801242236024844,2.2360248447204967
CMCC-CM2-SR5,ssp126,optimized,historical,1994,2014,seasonal_full,84,68,china_mask,805,0,-0.260787695646286,-0.1292799413204193,0.0,11.925465838509316,34.78260869565217,20.248447204968944,12.79503105590062,9.813664596273291,10.062111801242237,0.37267080745341613
CMCC-CM2-SR5,ssp126,optimized,historical,1994,2014,seasonal_climatology,4,4,china_mask,805,0,-0.4000000059604645,-0.18310558795928955,8.4472049689441,23.726708074534162,28.4472049689441,3.229813664596273,9.06832298136646,8.074534161490684,10.807453416149068,8.198757763975156
CMCC-CM2-SR5,ssp126,optimized,mid_century,2040,2060,monthly_full,252,202,china_mask,805,0,-0.23033031821250916,-0.12844602763652802,0.0,8.198757763975156,34.78260869565217,23.354037267080745,15.15527950310559,11.180124223602485,7.329192546583851,0.0
CMCC-CM2-SR5,ssp126,optimized,mid_century,2040,2060,monthly_climatology,12,12,china_mask,805,0,-0.37062937021255493,-0.15724274516105652,0.2484472049689441,25.714285714285715,28.4472049689441,11.180124223602485,9.565217391304348,8.4472049689441,13.167701863354038,3.229813664596273
CMCC-CM2-SR5,ssp126,optimized,mid_century,2040,2060,seasonal_full,84,68,china_mask,805,0,-0.24410246312618256,-0.10946324467658997,0.0,11.925465838509316,33.29192546583851,20.124223602484474,12.173913043478262,9.565217391304348,12.422360248447205,0.4968944099378882
CMCC-CM2-SR5,ssp126,optimized,mid_century,2040,2060,seasonal_climatology,4,4,china_mask,805,0,-0.4000000059604645,-0.14757764339447021,7.329192546583851,20.496894409937887,32.17391304347826,3.3540372670807455,8.4472049689441,7.950310559006211,10.186335403726709,10.062111801242237
CMCC-CM2-SR5,ssp126,optimized,late_century,2080,2100,monthly_full,252,202,china_mask,805,0,-0.23988142609596252,-0.14358092844486237,0.0,8.571428571428571,36.52173913043478,22.981366459627328,14.161490683229813,11.180124223602485,6.583850931677019,0.0
CMCC-CM2-SR5,ssp126,optimized,late_century,2080,2100,monthly_climatology,12,12,china_mask,805,0,-0.38461539149284363,-0.18485862016677856,0.12422360248447205,27.70186335403727,28.571428571428573,11.055900621118013,9.06832298136646,9.192546583850932,12.173913043478262,2.111801242236025
CMCC-CM2-SR5,ssp126,optimized,late_century,2080,2100,seasonal_full,84,68,china_mask,805,0,-0.2758934795856476,-0.13241945207118988,0.0,12.546583850931677,35.40372670807454,18.26086956521739,12.670807453416149,9.68944099378882,11.055900621118013,0.37267080745341613
CMCC-CM2-SR5,ssp126,optimized,late_century,2080,2100,seasonal_climatology,4,4,china_mask,805,0,-0.4000000059604645,-0.16844721138477325,10.186335403726709,20.74534161490683,29.19254658385093,3.229813664596273,8.695652173913043,8.074534161490684,10.434782608695652,9.440993788819876
CMCC-CM2-SR5,ssp245,paper_qm,historical,1994,2014,monthly_full,252,202,china_mask,805,0,-0.25414547324180603,-0.1519208401441574,0.0,7.826086956521739,37.391304347826086,25.093167701863354,13.29192546583851,9.440993788819876,6.956521739130435,0.0
CMCC-CM2-SR5,ssp245,paper_qm,historical,1994,2014,monthly_climatology,12,12,china_mask,805,0,-0.3916083872318268,-0.184363454580307,0.37267080745341613,25.714285714285715,30.062111801242235,12.298136645962733,9.316770186335404,8.198757763975156,11.801242236024844,2.2360248447204967
CMCC-CM2-SR5,ssp245,paper_qm,historical,1994,2014,seasonal_full,84,68,china_mask,805,0,-0.260787695646286,-0.1292799413204193,0.0,11.925465838509316,34.78260869565217,20.248447204968944,12.79503105590062,9.813664596273291,10.062111801242237,0.37267080745341613
CMCC-CM2-SR5,ssp245,paper_qm,historical,1994,2014,seasonal_climatology,4,4,china_mask,805,0,-0.4000000059604645,-0.18310558795928955,8.4472049689441,23.726708074534162,28.4472049689441,3.229813664596273,9.06832298136646,8.074534161490684,10.807453416149068,8.198757763975156
CMCC-CM2-SR5,ssp245,paper_qm,mid_century,2040,2060,monthly_full,252,202,china_mask,805,0,-0.24209129810333252,-0.14936019480228424,0.0,9.440993788819876,34.78260869565217,24.347826086956523,15.279503105590063,9.440993788819876,6.708074534161491,0.0
CMCC-CM2-SR5,ssp245,paper_qm,mid_century,2040,2060,monthly_climatology,12,12,china_mask,805,0,-0.31468531489372253,-0.1640012115240097,0.2484472049689441,26.335403726708076,24.96894409937888,14.906832298136646,10.683229813664596,9.937888198757763,10.062111801242237,2.857142857142857
CMCC-CM2-SR5,ssp245,paper_qm,mid_century,2040,2060,seasonal_full,84,68,china_mask,805,0,-0.2503999173641205,-0.1376456320285797,0.0,13.043478260869565,32.67080745341615,20.248447204968944,15.15527950310559,8.944099378881987,9.68944099378882,0.2484472049689441
CMCC-CM2-SR5,ssp245,paper_qm,mid_century,2040,2060,seasonal_climatology,4,4,china_mask,805,0,-0.4000000059604645,-0.17838509380817413,7.329192546583851,20.993788819875775,31.925465838509318,4.22360248447205,9.192546583850932,8.198757763975156,11.180124223602485,6.956521739130435
CMCC-CM2-SR5,ssp245,paper_qm,late_century,2080,2100,monthly_full,252,202,china_mask,805,0,-0.282897025346756,-0.178480327129364,0.0,10.683229813664596,37.88819875776397,21.490683229813666,15.279503105590063,10.062111801242237,4.596273291925466,0.0
CMCC-CM2-SR5,ssp245,paper_qm,late_century,2080,2100,monthly_climatology,12,12,china_mask,805,0,-0.3496503531932831,-0.1876818686723709,0.4968944099378882,24.472049689440993,29.19254658385093,13.788819875776397,9.937888198757763,10.683229813664596,10.434782608695652,0.9937888198757764
CMCC-CM2-SR5,ssp245,paper_qm,late_century,2080,2100,seasonal_full,84,68,china_mask,805,0,-0.2657892107963562,-0.1448538601398468,0.0,13.788819875776397,33.7888198757764,18.757763975155278,14.409937888198758,10.186335403726709,9.06832298136646,0.0
CMCC-CM2-SR5,ssp245,paper_qm,late_century,2080,2100,seasonal_climatology,4,4,china_mask,805,0,-0.4000000059604645,-0.16919256746768951,7.329192546583851,20.248447204968944,30.93167701863354,4.22360248447205,11.304347826086957,8.571428571428571,12.422360248447205,4.968944099378882
CMCC-CM2-SR5,ssp245,optimized,historical,1994,2014,monthly_full,252,202,china_mask,805,0,-0.25414547324180603,-0.1519208401441574,0.0,7.826086956521739,37.391304347826086,25.093167701863354,13.29192546583851,9.440993788819876,6.956521739130435,0.0
CMCC-CM2-SR5,ssp245,optimized,historical,1994,2014,monthly_climatology,12,12,china_mask,805,0,-0.3916083872318268,-0.184363454580307,0.37267080745341613,25.714285714285715,30.062111801242235,12.298136645962733,9.316770186335404,8.198757763975156,11.801242236024844,2.2360248447204967
CMCC-CM2-SR5,ssp245,optimized,historical,1994,2014,seasonal_full,84,68,china_mask,805,0,-0.260787695646286,-0.1292799413204193,0.0,11.925465838509316,34.78260869565217,20.248447204968944,12.79503105590062,9.813664596273291,10.062111801242237,0.37267080745341613
CMCC-CM2-SR5,ssp245,optimized,historical,1994,2014,seasonal_climatology,4,4,china_mask,805,0,-0.4000000059604645,-0.18310558795928955,8.4472049689441,23.726708074534162,28.4472049689441,3.229813664596273,9.06832298136646,8.074534161490684,10.807453416149068,8.198757763975156
CMCC-CM2-SR5,ssp245,optimized,mid_century,2040,2060,monthly_full,252,202,china_mask,805,0,-0.21625225245952606,-0.1280113309621811,0.0,8.695652173913043,33.16770186335404,25.217391304347824,15.15527950310559,10.807453416149068,6.956521739130435,0.0
CMCC-CM2-SR5,ssp245,optimized,mid_century,2040,2060,monthly_climatology,12,12,china_mask,805,0,-0.32867133617401123,-0.15370716154575348,0.2484472049689441,25.714285714285715,25.96273291925466,13.043478260869565,10.062111801242237,10.062111801242237,12.173913043478262,2.732919254658385
CMCC-CM2-SR5,ssp245,optimized,mid_century,2040,2060,seasonal_full,84,68,china_mask,805,0,-0.23383618891239166,-0.1155010536313057,0.0,12.298136645962733,32.67080745341615,18.88198757763975,16.024844720496894,8.944099378881987,11.055900621118013,0.12422360248447205
CMCC-CM2-SR5,ssp245,optimized,mid_century,2040,2060,seasonal_climatology,4,4,china_mask,805,0,-0.4000000059604645,-0.1667080968618393,7.577639751552795,23.726708074534162,28.322981366459626,2.857142857142857,8.819875776397515,9.316770186335404,10.683229813664596,8.695652173913043
CMCC-CM2-SR5,ssp245,optimized,late_century,2080,2100,monthly_full,252,202,china_mask,805,0,-0.24458761513233185,-0.14742223918437958,0.0,9.192546583850932,35.15527950310559,24.099378881987576,14.782608695652174,10.434782608695652,6.3354037267080745,0.0
CMCC-CM2-SR5,ssp245,optimized,late_century,2080,2100,monthly_climatology,12,12,china_mask,805,0,-0.35664334893226624,-0.17079442739486694,0.4968944099378882,23.726708074534162,30.18633540372671,12.422360248447205,9.937888198757763,8.695652173913043,11.925465838509316,2.608695652173913
CMCC-CM2-SR5,ssp245,optimized,late_century,2080,2100,seasonal_full,84,68,china_mask,805,0,-0.24339374899864197,-0.1232406347990036,0.0,12.298136645962733,33.54037267080745,19.130434782608695,14.409937888198758,10.559006211180124,9.813664596273291,0.2484472049689441
CMCC-CM2-SR5,ssp245,optimized,late_century,2080,2100,seasonal_climatology,4,4,china_mask,805,0,-0.4000000059604645,-0.1473291963338852,7.080745341614906,21.86335403726708,28.4472049689441,3.229813664596273,11.055900621118013,9.565217391304348,10.807453416149068,7.950310559006211
CMCC-CM2-SR5,ssp585,paper_qm,historical,1994,2014,monthly_full,252,202,china_mask,805,0,-0.25414547324180603,-0.1519208401441574,0.0,7.826086956521739,37.391304347826086,25.093167701863354,13.29192546583851,9.440993788819876,6.956521739130435,0.0
CMCC-CM2-SR5,ssp585,paper_qm,historical,1994,2014,monthly_climatology,12,12,china_mask,805,0,-0.3916083872318268,-0.184363454580307,0.37267080745341613,25.714285714285715,30.062111801242235,12.298136645962733,9.316770186335404,8.198757763975156,11.801242236024844,2.2360248447204967
CMCC-CM2-SR5,ssp585,paper_qm,historical,1994,2014,seasonal_full,84,68,china_mask,805,0,-0.260787695646286,-0.1292799413204193,0.0,11.925465838509316,34.78260869565217,20.248447204968944,12.79503105590062,9.813664596273291,10.062111801242237,0.37267080745341613
CMCC-CM2-SR5,ssp585,paper_qm,historical,1994,2014,seasonal_climatology,4,4,china_mask,805,0,-0.4000000059604645,-0.18310558795928955,8.4472049689441,23.726708074534162,28.4472049689441,3.229813664596273,9.06832298136646,8.074534161490684,10.807453416149068,8.198757763975156
CMCC-CM2-SR5,ssp585,paper_qm,mid_century,2040,2060,monthly_full,252,202,china_mask,805,0,-0.27963733673095703,-0.1680288016796112,0.0,10.186335403726709,38.01242236024845,19.751552795031056,15.900621118012422,10.93167701863354,5.217391304347826,0.0
CMCC-CM2-SR5,ssp585,paper_qm,mid_century,2040,2060,monthly_climatology,12,12,china_mask,805,0,-0.3636363744735718,-0.18848975002765656,0.7453416149068323,27.32919254658385,27.080745341614907,11.925465838509316,10.683229813664596,8.944099378881987,11.925465838509316,1.3664596273291925
CMCC-CM2-SR5,ssp585,paper_qm,mid_century,2040,2060,seasonal_full,84,68,china_mask,805,0,-0.28462082147598267,-0.15469320118427277,0.0,14.409937888198758,34.161490683229815,18.757763975155278,12.919254658385093,10.062111801242237,9.68944099378882,0.0
CMCC-CM2-SR5,ssp585,paper_qm,mid_century,2040,2060,seasonal_climatology,4,4,china_mask,805,0,-0.4000000059604645,-0.18757763504981995,6.583850931677019,24.099378881987576,30.434782608695652,3.3540372670807455,9.565217391304348,8.074534161490684,11.677018633540373,6.211180124223603
CMCC-CM2-SR5,ssp585,paper_qm,late_century,2080,2100,monthly_full,252,202,china_mask,805,0,-0.2997931241989136,-0.18458282947540283,0.0,14.161490683229813,35.77639751552795,19.006211180124225,14.906832298136646,10.683229813664596,5.46583850931677,0.0
CMCC-CM2-SR5,ssp585,paper_qm,late_century,2080,2100,monthly_climatology,12,12,china_mask,805,0,-0.38461539149284363,-0.1970464289188385,0.9937888198757764,26.459627329192546,27.82608695652174,12.670807453416149,9.937888198757763,9.440993788819876,11.925465838509316,0.7453416149068323
CMCC-CM2-SR5,ssp585,paper_qm,late_century,2080,2100,seasonal_full,84,68,china_mask,805,0,-0.2874354422092438,-0.15911389887332916,0.12422360248447205,17.888198757763973,30.93167701863354,16.770186335403725,14.782608695652174,10.062111801242237,9.440993788819876,0.0
CMCC-CM2-SR5,ssp585,paper_qm,late_century,2080,2100,seasonal_climatology,4,4,china_mask,805,0,-0.4000000059604645,-0.16869567334651947,9.316770186335404,17.391304347826086,30.80745341614907,6.086956521739131,9.440993788819876,9.316770186335404,12.670807453416149,4.968944099378882
CMCC-CM2-SR5,ssp585,optimized,historical,1994,2014,monthly_full,252,202,china_mask,805,0,-0.25414547324180603,-0.1519208401441574,0.0,7.826086956521739,37.391304347826086,25.093167701863354,13.29192546583851,9.440993788819876,6.956521739130435,0.0
CMCC-CM2-SR5,ssp585,optimized,historical,1994,2014,monthly_climatology,12,12,china_mask,805,0,-0.3916083872318268,-0.184363454580307,0.37267080745341613,25.714285714285715,30.062111801242235,12.298136645962733,9.316770186335404,8.198757763975156,11.801242236024844,2.2360248447204967
CMCC-CM2-SR5,ssp585,optimized,historical,1994,2014,seasonal_full,84,68,china_mask,805,0,-0.260787695646286,-0.1292799413204193,0.0,11.925465838509316,34.78260869565217,20.248447204968944,12.79503105590062,9.813664596273291,10.062111801242237,0.37267080745341613
CMCC-CM2-SR5,ssp585,optimized,historical,1994,2014,seasonal_climatology,4,4,china_mask,805,0,-0.4000000059604645,-0.18310558795928955,8.4472049689441,23.726708074534162,28.4472049689441,3.229813664596273,9.06832298136646,8.074534161490684,10.807453416149068,8.198757763975156
CMCC-CM2-SR5,ssp585,optimized,mid_century,2040,2060,monthly_full,252,202,china_mask,805,0,-0.24348381161689758,-0.14068956673145294,0.0,7.577639751552795,36.149068322981364,23.229813664596275,15.403726708074535,11.428571428571429,6.211180124223603,0.0
CMCC-CM2-SR5,ssp585,optimized,mid_century,2040,2060,monthly_climatology,12,12,china_mask,805,0,-0.3496503531932831,-0.16863137483596802,0.7453416149068323,27.32919254658385,26.211180124223603,10.683229813664596,10.31055900621118,11.180124223602485,11.180124223602485,2.360248447204969
CMCC-CM2-SR5,ssp585,optimized,mid_century,2040,2060,seasonal_full,84,68,china_mask,805,0,-0.26678141951560974,-0.1307964026927948,0.0,13.043478260869565,33.66459627329193,18.633540372670808,13.91304347826087,10.186335403726709,10.186335403726709,0.37267080745341613
CMCC-CM2-SR5,ssp585,optimized,mid_century,2040,2060,seasonal_climatology,4,4,china_mask,805,0,-0.4000000059604645,-0.16397517919540405,7.204968944099379,25.093167701863354,26.956521739130434,2.732919254658385,9.813664596273291,7.950310559006211,12.546583850931677,7.701863354037267
CMCC-CM2-SR5,ssp585,optimized,late_century,2080,2100,monthly_full,252,202,china_mask,805,0,-0.25705721974372864,-0.15694423019886017,0.0,10.186335403726709,36.27329192546584,22.236024844720497,14.285714285714286,10.559006211180124,6.459627329192546,0.0
CMCC-CM2-SR5,ssp585,optimized,late_century,2080,2100,monthly_climatology,12,12,china_mask,805,0,-0.37062937021255493,-0.18655258417129517,0.4968944099378882,26.956521739130434,28.4472049689441,11.801242236024844,9.316770186335404,9.192546583850932,11.677018633540373,2.111801242236025
CMCC-CM2-SR5,ssp585,optimized,late_century,2080,2100,seasonal_full,84,68,china_mask,805,0,-0.25201985239982605,-0.13879863917827606,0.0,14.658385093167702,32.91925465838509,16.770186335403725,14.782608695652174,10.062111801242237,10.434782608695652,0.37267080745341613
CMCC-CM2-SR5,ssp585,optimized,late_century,2080,2100,seasonal_climatology,4,4,china_mask,805,0,-0.4000000059604645,-0.17093168199062347,9.440993788819876,20.0,29.06832298136646,5.093167701863354,9.06832298136646,8.4472049689441,12.670807453416149,6.211180124223603
CMCC-ESM2,ssp126,paper_qm,historical,1994,2014,monthly_full,252,202,china_mask,805,0,-0.2618871331214905,-0.15372340381145477,0.0,9.06832298136646,37.515527950310556,22.732919254658384,14.037267080745341,9.440993788819876,7.204968944099379,0.0
CMCC-ESM2,ssp126,paper_qm,historical,1994,2014,monthly_climatology,12,12,china_mask,805,0,-0.3916083872318268,-0.18345999717712402,0.2484472049689441,27.453416149068325,28.944099378881987,12.049689440993788,8.198757763975156,9.440993788819876,11.180124223602485,2.484472049689441
CMCC-ESM2,ssp126,paper_qm,historical,1994,2014,seasonal_full,84,68,china_mask,805,0,-0.28871116042137146,-0.1394370049238205,0.0,14.285714285714286,34.78260869565217,17.51552795031056,13.043478260869565,8.695652173913043,11.055900621118013,0.6211180124223602
CMCC-ESM2,ssp126,paper_qm,historical,1994,2014,seasonal_climatology,4,4,china_mask,805,0,-0.4000000059604645,-0.18658386170864105,7.204968944099379,28.4472049689441,24.84472049689441,2.981366459627329,9.06832298136646,7.701863354037267,10.434782608695652,9.316770186335404
CMCC-ESM2,ssp126,paper_qm,mid_century,2040,2060,monthly_full,252,202,china_mask,805,0,-0.31164631247520447,-0.18947961926460266,0.0,10.186335403726709,41.24223602484472,21.73913043478261,11.801242236024844,9.06832298136646,5.962732919254658,0.0
CMCC-ESM2,ssp126,paper_qm,mid_century,2040,2060,monthly_climatology,12,12,china_mask,805,0,-0.4335664212703705,-0.22660818696022034,0.2484472049689441,29.81366459627329,30.93167701863354,10.559006211180124,7.826086956521739,8.198757763975156,10.31055900621118,2.111801242236025
CMCC-ESM2,ssp126,paper_qm,mid_century,2040,2060,seasonal_full,84,68,china_mask,805,0,-0.332307368516922,-0.19107158482074738,0.0,15.527950310559007,37.88819875776397,18.509316770186334,9.813664596273291,8.819875776397515,9.316770186335404,0.12422360248447205
CMCC-ESM2,ssp126,paper_qm,mid_century,2040,2060,seasonal_climatology,4,4,china_mask,805,0,-0.4000000059604645,-0.208695650100708,7.826086956521739,24.22360248447205,30.434782608695652,3.7267080745341614,10.186335403726709,6.086956521739131,9.813664596273291,7.701863354037267
CMCC-ESM2,ssp126,paper_qm,late_century,2080,2100,monthly_full,252,202,china_mask,805,0,-0.30706384778022766,-0.18537482619285583,0.0,9.440993788819876,41.11801242236025,21.490683229813666,12.422360248447205,9.937888198757763,5.590062111801243,0.0
CMCC-ESM2,ssp126,paper_qm,late_century,2080,2100,monthly_climatology,12,12,china_mask,805,0,-0.3986014127731323,-0.21035486459732056,0.4968944099378882,26.211180124223603,31.925465838509318,12.298136645962733,8.4472049689441,8.322981366459627,10.683229813664596,1.6149068322981366
CMCC-ESM2,ssp126,paper_qm,late_century,2080,2100,seasonal_full,84,68,china_mask,805,0,-0.30474841594696045,-0.15895596146583557,0.0,13.167701863354038,37.7639751552795,17.267080745341616,13.416149068322982,9.316770186335404,9.06832298136646,0.0
CMCC-ESM2,ssp126,paper_qm,late_century,2080,2100,seasonal_climatology,4,4,china_mask,805,0,-0.4000000059604645,-0.1781366765499115,6.583850931677019,21.490683229813666,33.41614906832298,4.22360248447205,8.944099378881987,7.204968944099379,10.559006211180124,7.577639751552795
CMCC-ESM2,ssp126,optimized,historical,1994,2014,monthly_full,252,202,china_mask,805,0,-0.2618871331214905,-0.15372340381145477,0.0,9.06832298136646,37.515527950310556,22.732919254658384,14.037267080745341,9.440993788819876,7.204968944099379,0.0
CMCC-ESM2,ssp126,optimized,historical,1994,2014,monthly_climatology,12,12,china_mask,805,0,-0.3916083872318268,-0.18345999717712402,0.2484472049689441,27.453416149068325,28.944099378881987,12.049689440993788,8.198757763975156,9.440993788819876,11.180124223602485,2.484472049689441
CMCC-ESM2,ssp126,optimized,historical,1994,2014,seasonal_full,84,68,china_mask,805,0,-0.28871116042137146,-0.1394370049238205,0.0,14.285714285714286,34.78260869565217,17.51552795031056,13.043478260869565,8.695652173913043,11.055900621118013,0.6211180124223602
CMCC-ESM2,ssp126,optimized,historical,1994,2014,seasonal_climatology,4,4,china_mask,805,0,-0.4000000059604645,-0.18658386170864105,7.204968944099379,28.4472049689441,24.84472049689441,2.981366459627329,9.06832298136646,7.701863354037267,10.434782608695652,9.316770186335404
CMCC-ESM2,ssp126,optimized,mid_century,2040,2060,monthly_full,252,202,china_mask,805,0,-0.25130197405815125,-0.15213151276111603,0.0,9.68944099378882,36.52173913043478,23.60248447204969,12.919254658385093,9.68944099378882,7.577639751552795,0.0
CMCC-ESM2,ssp126,optimized,mid_century,2040,2060,monthly_climatology,12,12,china_mask,805,0,-0.3986014127731323,-0.19234678149223328,0.12422360248447205,29.565217391304348,27.080745341614907,11.801242236024844,7.950310559006211,8.819875776397515,11.801242236024844,2.857142857142857
CMCC-ESM2,ssp126,optimized,mid_century,2040,2060,seasonal_full,84,68,china_mask,805,0,-0.2790320813655853,-0.15096092224121094,0.0,14.658385093167702,33.54037267080745,20.248447204968944,11.677018633540373,8.944099378881987,10.807453416149068,0.12422360248447205
CMCC-ESM2,ssp126,optimized,mid_century,2040,2060,seasonal_climatology,4,4,china_mask,805,0,-0.4000000059604645,-0.17291927337646484,8.695652173913043,23.850931677018632,27.453416149068325,3.6024844720496896,8.944099378881987,8.198757763975156,9.813664596273291,9.440993788819876
CMCC-ESM2,ssp126,optimized,late_century,2080,2100,monthly_full,252,202,china_mask,805,0,-0.2557419538497925,-0.1511612981557846,0.0,8.571428571428571,37.267080745341616,23.1055900621118,14.161490683229813,10.062111801242237,6.832298136645963,0.0
CMCC-ESM2,ssp126,optimized,late_century,2080,2100,monthly_climatology,12,12,china_mask,805,0,-0.3776223659515381,-0.1891152262687683,0.2484472049689441,26.956521739130434,28.571428571428573,13.416149068322982,7.826086956521739,9.192546583850932,11.428571428571429,2.360248447204969
CMCC-ESM2,ssp126,optimized,late_century,2080,2100,seasonal_full,84,68,china_mask,805,0,-0.2751442790031433,-0.12849871814250946,0.0,11.677018633540373,35.65217391304348,18.13664596273292,14.285714285714286,9.192546583850932,11.055900621118013,0.0
CMCC-ESM2,ssp126,optimized,late_century,2080,2100,seasonal_climatology,4,4,china_mask,805,0,-0.4000000059604645,-0.17142857611179352,7.950310559006211,22.732919254658384,29.06832298136646,4.472049689440993,8.819875776397515,7.950310559006211,10.31055900621118,8.695652173913043
CMCC-ESM2,ssp245,paper_qm,historical,1994,2014,monthly_full,252,202,china_mask,805,0,-0.2618871331214905,-0.15372340381145477,0.0,9.06832298136646,37.515527950310556,22.732919254658384,14.037267080745341,9.440993788819876,7.204968944099379,0.0
CMCC-ESM2,ssp245,paper_qm,historical,1994,2014,monthly_climatology,12,12,china_mask,805,0,-0.3916083872318268,-0.18345999717712402,0.2484472049689441,27.453416149068325,28.944099378881987,12.049689440993788,8.198757763975156,9.440993788819876,11.180124223602485,2.484472049689441
CMCC-ESM2,ssp245,paper_qm,historical,1994,2014,seasonal_full,84,68,china_mask,805,0,-0.28871116042137146,-0.1394370049238205,0.0,14.285714285714286,34.78260869565217,17.51552795031056,13.043478260869565,8.695652173913043,11.055900621118013,0.6211180124223602
CMCC-ESM2,ssp245,paper_qm,historical,1994,2014,seasonal_climatology,4,4,china_mask,805,0,-0.4000000059604645,-0.18658386170864105,7.204968944099379,28.4472049689441,24.84472049689441,2.981366459627329,9.06832298136646,7.701863354037267,10.434782608695652,9.316770186335404
CMCC-ESM2,ssp245,paper_qm,mid_century,2040,2060,monthly_full,252,202,china_mask,805,0,-0.2677938640117645,-0.1682470440864563,0.0,9.06832298136646,38.26086956521739,24.720496894409937,12.546583850931677,9.06832298136646,6.3354037267080745,0.0
CMCC-ESM2,ssp245,paper_qm,mid_century,2040,2060,monthly_climatology,12,12,china_mask,805,0,-0.38461539149284363,-0.19960907101631165,0.7453416149068323,24.347826086956523,32.04968944099379,12.670807453416149,8.944099378881987,9.316770186335404,9.68944099378882,2.2360248447204967
CMCC-ESM2,ssp245,paper_qm,mid_century,2040,2060,seasonal_full,84,68,china_mask,805,0,-0.29458338022232056,-0.16567310690879822,0.12422360248447205,15.652173913043478,33.7888198757764,19.130434782608695,12.79503105590062,9.06832298136646,9.440993788819876,0.0
CMCC-ESM2,ssp245,paper_qm,mid_century,2040,2060,seasonal_climatology,4,4,china_mask,805,0,-0.4000000059604645,-0.18906833231449127,5.838509316770186,25.217391304347824,30.683229813664596,3.1055900621118013,9.06832298136646,8.198757763975156,12.298136645962733,5.590062111801243
CMCC-ESM2,ssp245,paper_qm,late_century,2080,2100,monthly_full,252,202,china_mask,805,0,-0.3090510070323944,-0.19161297380924225,0.0,11.304347826086957,39.87577639751553,20.248447204968944,13.416149068322982,9.440993788819876,5.714285714285714,0.0
CMCC-ESM2,ssp245,paper_qm,late_century,2080,2100,monthly_climatology,12,12,china_mask,805,0,-0.4055944085121155,-0.21453329920768738,0.7453416149068323,25.59006211180124,31.304347826086957,11.428571428571429,11.055900621118013,8.571428571428571,9.813664596273291,1.4906832298136645
CMCC-ESM2,ssp245,paper_qm,late_century,2080,2100,seasonal_full,84,68,china_mask,805,0,-0.293692409992218,-0.16220413148403168,0.0,14.161490683229813,35.40372670807454,17.763975155279503,14.53416149068323,9.565217391304348,8.4472049689441,0.12422360248447205
CMCC-ESM2,ssp245,paper_qm,late_century,2080,2100,seasonal_climatology,4,4,china_mask,805,0,-0.4000000059604645,-0.1699378937482834,6.708074534161491,21.987577639751553,29.68944099378882,4.3478260869565215,10.434782608695652,9.565217391304348,11.801242236024844,5.46583850931677
CMCC-ESM2,ssp245,optimized,historical,1994,2014,monthly_full,252,202,china_mask,805,0,-0.2618871331214905,-0.15372340381145477,0.0,9.06832298136646,37.515527950310556,22.732919254658384,14.037267080745341,9.440993788819876,7.204968944099379,0.0
CMCC-ESM2,ssp245,optimized,historical,1994,2014,monthly_climatology,12,12,china_mask,805,0,-0.3916083872318268,-0.18345999717712402,0.2484472049689441,27.453416149068325,28.944099378881987,12.049689440993788,8.198757763975156,9.440993788819876,11.180124223602485,2.484472049689441
CMCC-ESM2,ssp245,optimized,historical,1994,2014,seasonal_full,84,68,china_mask,805,0,-0.28871116042137146,-0.1394370049238205,0.0,14.285714285714286,34.78260869565217,17.51552795031056,13.043478260869565,8.695652173913043,11.055900621118013,0.6211180124223602
CMCC-ESM2,ssp245,optimized,historical,1994,2014,seasonal_climatology,4,4,china_mask,805,0,-0.4000000059604645,-0.18658386170864105,7.204968944099379,28.4472049689441,24.84472049689441,2.981366459627329,9.06832298136646,7.701863354037267,10.434782608695652,9.316770186335404
CMCC-ESM2,ssp245,optimized,mid_century,2040,2060,monthly_full,252,202,china_mask,805,0,-0.24319660663604736,-0.1440178006887436,0.0,9.06832298136646,34.90683229813665,25.59006211180124,12.919254658385093,10.559006211180124,6.956521739130435,0.0
CMCC-ESM2,ssp245,optimized,mid_century,2040,2060,monthly_climatology,12,12,china_mask,805,0,-0.3916083872318268,-0.18437214195728302,0.37267080745341613,26.335403726708076,29.937888198757765,12.049689440993788,7.701863354037267,9.937888198757763,10.807453416149068,2.857142857142857
CMCC-ESM2,ssp245,optimized,mid_century,2040,2060,seasonal_full,84,68,china_mask,805,0,-0.26862406730651855,-0.13746902346611023,0.12422360248447205,13.664596273291925,33.54037267080745,20.248447204968944,12.422360248447205,8.4472049689441,11.180124223602485,0.37267080745341613
CMCC-ESM2,ssp245,optimized,mid_century,2040,2060,seasonal_climatology,4,4,china_mask,805,0,-0.4000000059604645,-0.17093168199062347,7.329192546583851,24.22360248447205,28.819875776397517,3.6024844720496896,8.074534161490684,9.440993788819876,9.316770186335404,9.192546583850932
CMCC-ESM2,ssp245,optimized,late_century,2080,2100,monthly_full,252,202,china_mask,805,0,-0.2506900727748871,-0.1533048301935196,0.0,9.192546583850932,36.64596273291925,23.60248447204969,13.788819875776397,9.937888198757763,6.832298136645963,0.0
CMCC-ESM2,ssp245,optimized,late_century,2080,2100,monthly_climatology,12,12,china_mask,805,0,-0.37062937021255493,-0.18340790271759033,0.6211180124223602,26.956521739130434,28.198757763975156,10.93167701863354,10.062111801242237,9.565217391304348,11.304347826086957,2.360248447204969
CMCC-ESM2,ssp245,optimized,late_century,2080,2100,seasonal_full,84,68,china_mask,805,0,-0.25110864639282227,-0.1326032131910324,0.0,12.79503105590062,33.7888198757764,19.751552795031056,13.664596273291925,9.440993788819876,10.062111801242237,0.4968944099378882
CMCC-ESM2,ssp245,optimized,late_century,2080,2100,seasonal_climatology,4,4,china_mask,805,0,-0.4000000059604645,-0.16496896743774414,7.826086956521739,23.850931677018632,27.70186335403727,2.857142857142857,9.192546583850932,10.186335403726709,9.937888198757763,8.4472049689441
CMCC-ESM2,ssp585,paper_qm,historical,1994,2014,monthly_full,252,202,china_mask,805,0,-0.2618871331214905,-0.15372340381145477,0.0,9.06832298136646,37.515527950310556,22.732919254658384,14.037267080745341,9.440993788819876,7.204968944099379,0.0
CMCC-ESM2,ssp585,paper_qm,historical,1994,2014,monthly_climatology,12,12,china_mask,805,0,-0.3916083872318268,-0.18345999717712402,0.2484472049689441,27.453416149068325,28.944099378881987,12.049689440993788,8.198757763975156,9.440993788819876,11.180124223602485,2.484472049689441
CMCC-ESM2,ssp585,paper_qm,historical,1994,2014,seasonal_full,84,68,china_mask,805,0,-0.28871116042137146,-0.1394370049238205,0.0,14.285714285714286,34.78260869565217,17.51552795031056,13.043478260869565,8.695652173913043,11.055900621118013,0.6211180124223602
CMCC-ESM2,ssp585,paper_qm,historical,1994,2014,seasonal_climatology,4,4,china_mask,805,0,-0.4000000059604645,-0.18658386170864105,7.204968944099379,28.4472049689441,24.84472049689441,2.981366459627329,9.06832298136646,7.701863354037267,10.434782608695652,9.316770186335404
CMCC-ESM2,ssp585,paper_qm,mid_century,2040,2060,monthly_full,252,202,china_mask,805,0,-0.2793433964252472,-0.1723424345254898,0.0,8.198757763975156,39.50310559006211,24.96894409937888,11.801242236024844,10.186335403726709,5.341614906832298,0.0
CMCC-ESM2,ssp585,paper_qm,mid_century,2040,2060,monthly_climatology,12,12,china_mask,805,0,-0.38461539149284363,-0.19603006541728973,0.4968944099378882,22.981366459627328,33.16770186335404,13.664596273291925,8.819875776397515,8.819875776397515,10.434782608695652,1.6149068322981366
CMCC-ESM2,ssp585,paper_qm,mid_century,2040,2060,seasonal_full,84,68,china_mask,805,0,-0.302885502576828,-0.16574738919734955,0.0,13.043478260869565,37.515527950310556,19.503105590062113,12.298136645962733,8.4472049689441,8.571428571428571,0.6211180124223602
CMCC-ESM2,ssp585,paper_qm,mid_century,2040,2060,seasonal_climatology,4,4,china_mask,805,0,-0.4000000059604645,-0.1801242232322693,5.093167701863354,22.857142857142858,32.67080745341615,4.099378881987578,10.93167701863354,7.577639751552795,10.186335403726709,6.583850931677019
CMCC-ESM2,ssp585,paper_qm,late_century,2080,2100,monthly_full,252,202,china_mask,805,0,-0.2699744999408722,-0.1747119426727295,0.0,13.788819875776397,33.16770186335404,22.608695652173914,13.664596273291925,11.428571428571429,5.341614906832298,0.0
CMCC-ESM2,ssp585,paper_qm,late_century,2080,2100,monthly_climatology,12,12,china_mask,805,0,-0.35664334893226624,-0.18330366909503937,0.37267080745341613,25.96273291925466,27.577639751552795,14.161490683229813,9.06832298136646,9.192546583850932,12.670807453416149,0.9937888198757764
CMCC-ESM2,ssp585,paper_qm,late_century,2080,2100,seasonal_full,84,68,china_mask,805,0,-0.2654247283935547,-0.14547601342201233,0.0,13.664596273291925,34.037267080745345,19.503105590062113,13.788819875776397,9.440993788819876,9.440993788819876,0.12422360248447205
CMCC-ESM2,ssp585,paper_qm,late_century,2080,2100,seasonal_climatology,4,4,china_mask,805,0,-0.4000000059604645,-0.1440993845462799,6.459627329192546,18.26086956521739,31.180124223602483,6.832298136645963,9.192546583850932,10.186335403726709,12.670807453416149,5.217391304347826
CMCC-ESM2,ssp585,optimized,historical,1994,2014,monthly_full,252,202,china_mask,805,0,-0.2618871331214905,-0.15372340381145477,0.0,9.06832298136646,37.515527950310556,22.732919254658384,14.037267080745341,9.440993788819876,7.204968944099379,0.0
CMCC-ESM2,ssp585,optimized,historical,1994,2014,monthly_climatology,12,12,china_mask,805,0,-0.3916083872318268,-0.18345999717712402,0.2484472049689441,27.453416149068325,28.944099378881987,12.049689440993788,8.198757763975156,9.440993788819876,11.180124223602485,2.484472049689441
CMCC-ESM2,ssp585,optimized,historical,1994,2014,seasonal_full,84,68,china_mask,805,0,-0.28871116042137146,-0.1394370049238205,0.0,14.285714285714286,34.78260869565217,17.51552795031056,13.043478260869565,8.695652173913043,11.055900621118013,0.6211180124223602
CMCC-ESM2,ssp585,optimized,historical,1994,2014,seasonal_climatology,4,4,china_mask,805,0,-0.4000000059604645,-0.18658386170864105,7.204968944099379,28.4472049689441,24.84472049689441,2.981366459627329,9.06832298136646,7.701863354037267,10.434782608695652,9.316770186335404
CMCC-ESM2,ssp585,optimized,mid_century,2040,2060,monthly_full,252,202,china_mask,805,0,-0.2339732050895691,-0.13782311975955963,0.0,8.4472049689441,34.90683229813665,25.217391304347824,14.161490683229813,10.31055900621118,6.956521739130435,0.0
CMCC-ESM2,ssp585,optimized,mid_century,2040,2060,monthly_climatology,12,12,china_mask,805,0,-0.3496503531932831,-0.1706293672323227,0.37267080745341613,24.472049689440993,29.316770186335404,14.161490683229813,7.701863354037267,9.440993788819876,12.298136645962733,2.2360248447204967
CMCC-ESM2,ssp585,optimized,mid_century,2040,2060,seasonal_full,84,68,china_mask,805,0,-0.25483447313308716,-0.1313502937555313,0.0,11.925465838509316,35.15527950310559,20.74534161490683,11.5527950310559,9.06832298136646,10.807453416149068,0.7453416149068323
CMCC-ESM2,ssp585,optimized,mid_century,2040,2060,seasonal_climatology,4,4,china_mask,805,0,-0.4000000059604645,-0.15701864659786224,6.459627329192546,22.48447204968944,30.683229813664596,3.6024844720496896,9.565217391304348,8.198757763975156,10.559006211180124,8.4472049689441
CMCC-ESM2,ssp585,optimized,late_century,2080,2100,monthly_full,252,202,china_mask,805,0,-0.2312789112329483,-0.14341102540493011,0.0,10.31055900621118,34.409937888198755,23.354037267080745,14.658385093167702,10.559006211180124,6.708074534161491,0.0
CMCC-ESM2,ssp585,optimized,late_century,2080,2100,monthly_climatology,12,12,china_mask,805,0,-0.3636363744735718,-0.1716804951429367,0.2484472049689441,27.70186335403727,27.080745341614907,11.180124223602485,9.06832298136646,10.186335403726709,12.298136645962733,2.2360248447204967
CMCC-ESM2,ssp585,optimized,late_century,2080,2100,seasonal_full,84,68,china_mask,805,0,-0.24104484915733337,-0.12117332220077515,0.0,11.677018633540373,33.54037267080745,19.503105590062113,14.53416149068323,9.68944099378882,10.807453416149068,0.2484472049689441
CMCC-ESM2,ssp585,optimized,late_century,2080,2100,seasonal_climatology,4,4,china_mask,805,0,-0.4000000059604645,-0.13739131391048431,7.577639751552795,19.37888198757764,30.559006211180126,4.3478260869565215,9.192546583850932,9.440993788819876,12.173913043478262,7.329192546583851
CanESM5,ssp126,paper_qm,historical,1994,2014,monthly_full,252,202,china_mask,123,0,-0.2277260273694992,-0.1528671532869339,0.0,8.130081300813009,36.58536585365854,24.390243902439025,17.073170731707318,6.504065040650406,7.317073170731708,0.0
CanESM5,ssp126,paper_qm,historical,1994,2014,monthly_climatology,12,12,china_mask,123,0,-0.2657342553138733,-0.1534481644630432,0.0,22.764227642276424,26.016260162601625,17.88617886178862,8.94308943089431,12.195121951219512,8.130081300813009,4.065040650406504
CanESM5,ssp126,paper_qm,historical,1994,2014,seasonal_full,84,68,china_mask,123,0,-0.2564948797225952,-0.13481563329696655,0.0,15.447154471544716,30.08130081300813,23.577235772357724,9.75609756097561,10.56910569105691,10.56910569105691,0.0
CanESM5,ssp126,paper_qm,historical,1994,2014,seasonal_climatology,4,4,china_mask,123,0,-0.4000000059604645,-0.1463414430618286,4.878048780487805,26.829268292682926,23.577235772357724,3.252032520325203,14.634146341463415,7.317073170731708,9.75609756097561,9.75609756097561
CanESM5,ssp126,paper_qm,mid_century,2040,2060,monthly_full,252,202,china_mask,123,0,-0.2499866932630539,-0.1576383411884308,0.0,8.94308943089431,34.959349593495936,26.016260162601625,17.88617886178862,5.691056910569106,6.504065040650406,0.0
CanESM5,ssp126,paper_qm,mid_century,2040,2060,monthly_climatology,12,12,china_mask,123,0,-0.28671327233314514,-0.16413667798042297,0.0,22.764227642276424,26.829268292682926,17.88617886178862,11.382113821138212,10.56910569105691,8.94308943089431,1.6260162601626016
CanESM5,ssp126,paper_qm,mid_century,2040,2060,seasonal_full,84,68,china_mask,123,0,-0.2088690847158432,-0.15503458678722382,0.8130081300813008,11.382113821138212,34.959349593495936,22.764227642276424,11.382113821138212,10.56910569105691,8.130081300813009,0.0
CanESM5,ssp126,paper_qm,mid_century,2040,2060,seasonal_climatology,4,4,china_mask,123,0,-0.4000000059604645,-0.14146341383457184,6.504065040650406,21.951219512195124,28.45528455284553,2.4390243902439024,13.008130081300813,8.94308943089431,12.195121951219512,6.504065040650406
CanESM5,ssp126,paper_qm,late_century,2080,2100,monthly_full,252,202,china_mask,123,0,-0.2263597548007965,-0.15809817612171173,0.0,8.94308943089431,37.39837398373984,21.951219512195124,17.073170731707318,7.317073170731708,7.317073170731708,0.0
CanESM5,ssp126,paper_qm,late_century,2080,2100,monthly_climatology,12,12,china_mask,123,0,-0.3076923191547394,-0.14401046931743622,0.0,19.51219512195122,30.89430894308943,14.634146341463415,12.195121951219512,10.56910569105691,9.75609756097561,2.4390243902439024
CanESM5,ssp126,paper_qm,late_century,2080,2100,seasonal_full,84,68,china_mask,123,0,-0.2711957097053528,-0.16372783482074738,0.0,17.073170731707318,31.70731707317073,21.951219512195124,9.75609756097561,10.56910569105691,8.94308943089431,0.0
CanESM5,ssp126,paper_qm,late_century,2080,2100,seasonal_climatology,4,4,china_mask,123,0,-0.4000000059604645,-0.18861787021160126,7.317073170731708,24.390243902439025,30.08130081300813,2.4390243902439024,7.317073170731708,11.382113821138212,13.821138211382113,3.252032520325203
CanESM5,ssp126,optimized,historical,1994,2014,monthly_full,252,202,china_mask,123,0,-0.2277260273694992,-0.1528671532869339,0.0,8.130081300813009,36.58536585365854,24.390243902439025,17.073170731707318,6.504065040650406,7.317073170731708,0.0
CanESM5,ssp126,optimized,historical,1994,2014,monthly_climatology,12,12,china_mask,123,0,-0.2657342553138733,-0.1534481644630432,0.0,22.764227642276424,26.016260162601625,17.88617886178862,8.94308943089431,12.195121951219512,8.130081300813009,4.065040650406504
CanESM5,ssp126,optimized,historical,1994,2014,seasonal_full,84,68,china_mask,123,0,-0.2564948797225952,-0.13481563329696655,0.0,15.447154471544716,30.08130081300813,23.577235772357724,9.75609756097561,10.56910569105691,10.56910569105691,0.0
CanESM5,ssp126,optimized,historical,1994,2014,seasonal_climatology,4,4,china_mask,123,0,-0.4000000059604645,-0.1463414430618286,4.878048780487805,26.829268292682926,23.577235772357724,3.252032520325203,14.634146341463415,7.317073170731708,9.75609756097561,9.75609756097561
CanESM5,ssp126,optimized,mid_century,2040,2060,monthly_full,252,202,china_mask,123,0,-0.2603379189968109,-0.1542871743440628,0.0,8.130081300813009,33.333333333333336,27.642276422764226,18.69918699186992,4.878048780487805,7.317073170731708,0.0
CanESM5,ssp126,optimized,mid_century,2040,2060,monthly_climatology,12,12,china_mask,123,0,-0.31468531489372253,-0.16368184983730316,0.0,25.203252032520325,26.016260162601625,15.447154471544716,10.56910569105691,11.382113821138212,9.75609756097561,1.6260162601626016
CanESM5,ssp126,optimized,mid_century,2040,2060,seasonal_full,84,68,china_mask,123,0,-0.22907765209674835,-0.1556311845779419,0.0,14.634146341463415,29.26829268292683,26.829268292682926,12.195121951219512,7.317073170731708,9.75609756097561,0.0
CanESM5,ssp126,optimized,mid_century,2040,2060,seasonal_climatology,4,4,china_mask,123,0,-0.4000000059604645,-0.15121950209140778,6.504065040650406,24.390243902439025,26.016260162601625,3.252032520325203,13.821138211382113,6.504065040650406,10.56910569105691,8.94308943089431
CanESM5,ssp126,optimized,late_century,2080,2100,monthly_full,252,202,china_mask,123,0,-0.25479185581207275,-0.15875676274299622,0.0,9.75609756097561,34.146341463414636,24.390243902439025,17.073170731707318,7.317073170731708,7.317073170731708,0.0
CanESM5,ssp126,optimized,late_century,2080,2100,monthly_climatology,12,12,china_mask,123,0,-0.3216783106327057,-0.16470521688461304,0.0,26.016260162601625,26.016260162601625,13.821138211382113,8.130081300813009,15.447154471544716,8.130081300813009,2.4390243902439024
CanESM5,ssp126,optimized,late_century,2080,2100,seasonal_full,84,68,china_mask,123,0,-0.2638047933578491,-0.16536422073841095,0.0,16.260162601626018,31.70731707317073,21.951219512195124,10.56910569105691,8.94308943089431,10.56910569105691,0.0
CanESM5,ssp126,optimized,late_century,2080,2100,seasonal_climatology,4,4,china_mask,123,0,-0.4000000059604645,-0.1837398260831833,7.317073170731708,28.45528455284553,23.577235772357724,1.6260162601626016,12.195121951219512,8.130081300813009,13.821138211382113,4.878048780487805
CanESM5,ssp245,paper_qm,historical,1994,2014,monthly_full,252,202,china_mask,123,0,-0.2277260273694992,-0.1528671532869339,0.0,8.130081300813009,36.58536585365854,24.390243902439025,17.073170731707318,6.504065040650406,7.317073170731708,0.0
CanESM5,ssp245,paper_qm,historical,1994,2014,monthly_climatology,12,12,china_mask,123,0,-0.2657342553138733,-0.1534481644630432,0.0,22.764227642276424,26.016260162601625,17.88617886178862,8.94308943089431,12.195121951219512,8.130081300813009,4.065040650406504
CanESM5,ssp245,paper_qm,historical,1994,2014,seasonal_full,84,68,china_mask,123,0,-0.2564948797225952,-0.13481563329696655,0.0,15.447154471544716,30.08130081300813,23.577235772357724,9.75609756097561,10.56910569105691,10.56910569105691,0.0
CanESM5,ssp245,paper_qm,historical,1994,2014,seasonal_climatology,4,4,china_mask,123,0,-0.4000000059604645,-0.1463414430618286,4.878048780487805,26.829268292682926,23.577235772357724,3.252032520325203,14.634146341463415,7.317073170731708,9.75609756097561,9.75609756097561
CanESM5,ssp245,paper_qm,mid_century,2040,2060,monthly_full,252,202,china_mask,123,0,-0.257441908121109,-0.16249124705791473,0.0,8.94308943089431,37.39837398373984,23.577235772357724,17.073170731707318,6.504065040650406,6.504065040650406,0.0
CanESM5,ssp245,paper_qm,mid_century,2040,2060,monthly_climatology,12,12,china_mask,123,0,-0.27272728085517883,-0.1596452295780182,0.0,22.764227642276424,26.829268292682926,15.447154471544716,12.195121951219512,12.195121951219512,8.130081300813009,2.4390243902439024
CanESM5,ssp245,paper_qm,mid_century,2040,2060,seasonal_full,84,68,china_mask,123,0,-0.28200870752334595,-0.17521809041500092,0.0,17.073170731707318,31.70731707317073,18.69918699186992,16.260162601626018,7.317073170731708,8.94308943089431,0.0
CanESM5,ssp245,paper_qm,mid_century,2040,2060,seasonal_climatology,4,4,china_mask,123,0,-0.4000000059604645,-0.21300813555717468,9.75609756097561,23.577235772357724,28.45528455284553,4.065040650406504,6.504065040650406,10.56910569105691,13.008130081300813,4.065040650406504
CanESM5,ssp245,paper_qm,late_century,2080,2100,monthly_full,252,202,china_mask,123,0,-0.24169011414051056,-0.1801312267780304,0.0,12.195121951219512,34.146341463414636,26.829268292682926,13.008130081300813,8.130081300813009,5.691056910569106,0.0
CanESM5,ssp245,paper_qm,late_century,2080,2100,monthly_climatology,12,12,china_mask,123,0,-0.3636363744735718,-0.17846378684043884,0.0,25.203252032520325,28.45528455284553,15.447154471544716,10.56910569105691,8.130081300813009,9.75609756097561,2.4390243902439024
CanESM5,ssp245,paper_qm,late_century,2080,2100,seasonal_full,84,68,china_mask,123,0,-0.24659308791160583,-0.17181478440761566,0.8130081300813008,17.073170731707318,30.08130081300813,21.13821138211382,12.195121951219512,9.75609756097561,8.94308943089431,0.0
CanESM5,ssp245,paper_qm,late_century,2080,2100,seasonal_climatology,4,4,china_mask,123,0,-0.4000000059604645,-0.17398373782634735,5.691056910569106,24.390243902439025,28.45528455284553,2.4390243902439024,11.382113821138212,10.56910569105691,13.821138211382113,3.252032520325203
CanESM5,ssp245,optimized,historical,1994,2014,monthly_full,252,202,china_mask,123,0,-0.2277260273694992,-0.1528671532869339,0.0,8.130081300813009,36.58536585365854,24.390243902439025,17.073170731707318,6.504065040650406,7.317073170731708,0.0
CanESM5,ssp245,optimized,historical,1994,2014,monthly_climatology,12,12,china_mask,123,0,-0.2657342553138733,-0.1534481644630432,0.0,22.764227642276424,26.016260162601625,17.88617886178862,8.94308943089431,12.195121951219512,8.130081300813009,4.065040650406504
CanESM5,ssp245,optimized,historical,1994,2014,seasonal_full,84,68,china_mask,123,0,-0.2564948797225952,-0.13481563329696655,0.0,15.447154471544716,30.08130081300813,23.577235772357724,9.75609756097561,10.56910569105691,10.56910569105691,0.0
CanESM5,ssp245,optimized,historical,1994,2014,seasonal_climatology,4,4,china_mask,123,0,-0.4000000059604645,-0.1463414430618286,4.878048780487805,26.829268292682926,23.577235772357724,3.252032520325203,14.634146341463415,7.317073170731708,9.75609756097561,9.75609756097561
CanESM5,ssp245,optimized,mid_century,2040,2060,monthly_full,252,202,china_mask,123,0,-0.2465350329875946,-0.1521979123353958,0.0,8.130081300813009,35.77235772357724,23.577235772357724,18.69918699186992,6.504065040650406,7.317073170731708,0.0
CanESM5,ssp245,optimized,mid_century,2040,2060,monthly_climatology,12,12,china_mask,123,0,-0.3216783106327057,-0.16709305346012115,0.0,26.829268292682926,24.390243902439025,13.008130081300813,12.195121951219512,13.821138211382113,8.130081300813009,1.6260162601626016
CanESM5,ssp245,optimized,mid_century,2040,2060,seasonal_full,84,68,china_mask,123,0,-0.2779588997364044,-0.16239139437675476,0.0,17.073170731707318,30.89430894308943,21.13821138211382,13.821138211382113,7.317073170731708,9.75609756097561,0.0
CanESM5,ssp245,optimized,mid_century,2040,2060,seasonal_climatology,4,4,china_mask,123,0,-0.4000000059604645,-0.19349592924118042,8.94308943089431,26.829268292682926,21.951219512195124,5.691056910569106,11.382113821138212,5.691056910569106,13.008130081300813,6.504065040650406
CanESM5,ssp245,optimized,late_century,2080,2100,monthly_full,252,202,china_mask,123,0,-0.24613535404205322,-0.16423849761486053,0.0,11.382113821138212,30.89430894308943,27.642276422764226,15.447154471544716,8.130081300813009,6.504065040650406,0.0
CanESM5,ssp245,optimized,late_century,2080,2100,monthly_climatology,12,12,china_mask,123,0,-0.32867133617401123,-0.16987888514995575,0.0,24.390243902439025,28.45528455284553,13.008130081300813,9.75609756097561,13.008130081300813,8.130081300813009,3.252032520325203
CanESM5,ssp245,optimized,late_century,2080,2100,seasonal_full,84,68,china_mask,123,0,-0.2597144842147827,-0.16096672415733337,0.0,17.88617886178862,27.642276422764226,24.390243902439025,9.75609756097561,9.75609756097561,10.56910569105691,0.0
CanESM5,ssp245,optimized,late_century,2080,2100,seasonal_climatology,4,4,china_mask,123,0,-0.4000000059604645,-0.16422763466835022,7.317073170731708,26.016260162601625,22.764227642276424,3.252032520325203,13.008130081300813,8.94308943089431,13.008130081300813,5.691056910569106
CanESM5,ssp585,paper_qm,historical,1994,2014,monthly_full,252,202,china_mask,123,0,-0.2277260273694992,-0.1528671532869339,0.0,8.130081300813009,36.58536585365854,24.390243902439025,17.073170731707318,6.504065040650406,7.317073170731708,0.0
CanESM5,ssp585,paper_qm,historical,1994,2014,monthly_climatology,12,12,china_mask,123,0,-0.2657342553138733,-0.1534481644630432,0.0,22.764227642276424,26.016260162601625,17.88617886178862,8.94308943089431,12.195121951219512,8.130081300813009,4.065040650406504
CanESM5,ssp585,paper_qm,historical,1994,2014,seasonal_full,84,68,china_mask,123,0,-0.2564948797225952,-0.13481563329696655,0.0,15.447154471544716,30.08130081300813,23.577235772357724,9.75609756097561,10.56910569105691,10.56910569105691,0.0
CanESM5,ssp585,paper_qm,historical,1994,2014,seasonal_climatology,4,4,china_mask,123,0,-0.4000000059604645,-0.1463414430618286,4.878048780487805,26.829268292682926,23.577235772357724,3.252032520325203,14.634146341463415,7.317073170731708,9.75609756097561,9.75609756097561
CanESM5,ssp585,paper_qm,mid_century,2040,2060,monthly_full,252,202,china_mask,123,0,-0.22833041846752167,-0.15425637364387512,0.0,9.75609756097561,34.146341463414636,24.390243902439025,17.073170731707318,6.504065040650406,8.130081300813009,0.0
CanESM5,ssp585,paper_qm,mid_century,2040,2060,monthly_climatology,12,12,china_mask,123,0,-0.2937062978744507,-0.13667632639408112,0.0,20.32520325203252,29.26829268292683,13.008130081300813,14.634146341463415,9.75609756097561,12.195121951219512,0.8130081300813008
CanESM5,ssp585,paper_qm,mid_century,2040,2060,seasonal_full,84,68,china_mask,123,0,-0.22840943932533264,-0.153792142868042,0.8130081300813008,17.073170731707318,27.642276422764226,23.577235772357724,13.008130081300813,8.94308943089431,8.94308943089431,0.0
CanESM5,ssp585,paper_qm,mid_century,2040,2060,seasonal_climatology,4,4,china_mask,123,0,-0.4000000059604645,-0.16585363447666168,7.317073170731708,21.951219512195124,28.45528455284553,4.065040650406504,8.94308943089431,9.75609756097561,17.073170731707318,2.4390243902439024
CanESM5,ssp585,paper_qm,late_century,2080,2100,monthly_full,252,202,china_mask,123,0,-0.2898370623588562,-0.16452796757221222,0.0,13.008130081300813,36.58536585365854,17.88617886178862,16.260162601626018,9.75609756097561,6.504065040650406,0.0
CanESM5,ssp585,paper_qm,late_century,2080,2100,monthly_climatology,12,12,china_mask,123,0,-0.251748263835907,-0.13389050960540771,0.0,19.51219512195122,28.45528455284553,16.260162601626018,11.382113821138212,11.382113821138212,12.195121951219512,0.8130081300813008
CanESM5,ssp585,paper_qm,late_century,2080,2100,seasonal_full,84,68,china_mask,123,0,-0.2697782814502716,-0.13957910239696503,0.8130081300813008,15.447154471544716,32.520325203252035,13.008130081300813,18.69918699186992,8.94308943089431,10.56910569105691,0.0
CanESM5,ssp585,paper_qm,late_century,2080,2100,seasonal_climatology,4,4,china_mask,123,0,-0.4000000059604645,-0.10406504571437836,7.317073170731708,15.447154471544716,31.70731707317073,6.504065040650406,4.878048780487805,14.634146341463415,15.447154471544716,4.065040650406504
CanESM5,ssp585,optimized,historical,1994,2014,monthly_full,252,202,china_mask,123,0,-0.2277260273694992,-0.1528671532869339,0.0,8.130081300813009,36.58536585365854,24.390243902439025,17.073170731707318,6.504065040650406,7.317073170731708,0.0
CanESM5,ssp585,optimized,historical,1994,2014,monthly_climatology,12,12,china_mask,123,0,-0.2657342553138733,-0.1534481644630432,0.0,22.764227642276424,26.016260162601625,17.88617886178862,8.94308943089431,12.195121951219512,8.130081300813009,4.065040650406504
CanESM5,ssp585,optimized,historical,1994,2014,seasonal_full,84,68,china_mask,123,0,-0.2564948797225952,-0.13481563329696655,0.0,15.447154471544716,30.08130081300813,23.577235772357724,9.75609756097561,10.56910569105691,10.56910569105691,0.0
CanESM5,ssp585,optimized,historical,1994,2014,seasonal_climatology,4,4,china_mask,123,0,-0.4000000059604645,-0.1463414430618286,4.878048780487805,26.829268292682926,23.577235772357724,3.252032520325203,14.634146341463415,7.317073170731708,9.75609756097561,9.75609756097561
CanESM5,ssp585,optimized,mid_century,2040,2060,monthly_full,252,202,china_mask,123,0,-0.22642499208450317,-0.14597512781620026,0.0,8.94308943089431,33.333333333333336,25.203252032520325,17.88617886178862,7.317073170731708,7.317073170731708,0.0
CanESM5,ssp585,optimized,mid_century,2040,2060,monthly_climatology,12,12,china_mask,123,0,-0.3216783106327057,-0.14048552513122559,0.0,26.016260162601625,25.203252032520325,12.195121951219512,9.75609756097561,14.634146341463415,9.75609756097561,2.4390243902439024
CanESM5,ssp585,optimized,mid_century,2040,2060,seasonal_full,84,68,china_mask,123,0,-0.2378454953432083,-0.14835286140441895,0.0,15.447154471544716,28.45528455284553,23.577235772357724,13.008130081300813,9.75609756097561,9.75609756097561,0.0
CanESM5,ssp585,optimized,mid_century,2040,2060,seasonal_climatology,4,4,china_mask,123,0,-0.4000000059604645,-0.1577235758304596,6.504065040650406,26.016260162601625,22.764227642276424,4.878048780487805,11.382113821138212,8.94308943089431,12.195121951219512,7.317073170731708
CanESM5,ssp585,optimized,late_century,2080,2100,monthly_full,252,202,china_mask,123,0,-0.24563069641590118,-0.15082067251205444,0.0,12.195121951219512,32.520325203252035,21.13821138211382,17.88617886178862,8.94308943089431,7.317073170731708,0.0
CanESM5,ssp585,optimized,late_century,2080,2100,monthly_climatology,12,12,china_mask,123,0,-0.3426573574542999,-0.1579395979642868,0.0,26.829268292682926,25.203252032520325,13.008130081300813,8.94308943089431,10.56910569105691,15.447154471544716,0.0
CanESM5,ssp585,optimized,late_century,2080,2100,seasonal_full,84,68,china_mask,123,0,-0.29284197092056274,-0.153128519654274,0.8130081300813008,12.195121951219512,36.58536585365854,17.073170731707318,14.634146341463415,8.130081300813009,10.56910569105691,0.0
CanESM5,ssp585,optimized,late_century,2080,2100,seasonal_climatology,4,4,china_mask,123,0,-0.4000000059604645,-0.1430894136428833,7.317073170731708,21.13821138211382,28.45528455284553,4.878048780487805,9.75609756097561,8.94308943089431,13.008130081300813,6.504065040650406
FGOALS-f3-L,ssp126,paper_qm,historical,1994,2014,monthly_full,252,202,china_mask,765,0,-0.1977461874485016,-0.08955787867307663,0.0,6.143790849673203,32.15686274509804,26.405228758169933,15.163398692810457,10.718954248366012,9.281045751633988,0.13071895424836602
FGOALS-f3-L,ssp126,paper_qm,historical,1994,2014,monthly_climatology,12,12,china_mask,765,0,-0.32867133617401123,-0.1328488439321518,0.0,24.96732026143791,26.013071895424837,13.72549019607843,8.49673202614379,11.241830065359476,13.202614379084967,2.3529411764705883
FGOALS-f3-L,ssp126,paper_qm,historical,1994,2014,seasonal_full,84,68,china_mask,765,0,-0.22239546477794647,-0.0771564170718193,0.0,11.633986928104575,32.02614379084967,18.823529411764707,12.941176470588236,10.588235294117647,12.418300653594772,1.5686274509803921
FGOALS-f3-L,ssp126,paper_qm,historical,1994,2014,seasonal_climatology,4,4,china_mask,765,0,-0.4000000059604645,-0.12418300658464432,6.666666666666667,26.013071895424837,23.00653594771242,3.5294117647058822,8.49673202614379,10.457516339869281,10.84967320261438,10.980392156862745
FGOALS-f3-L,ssp126,paper_qm,mid_century,2040,2060,monthly_full,252,202,china_mask,765,0,-0.1960282325744629,-0.09083350002765656,0.0,5.490196078431373,31.764705882352942,27.45098039215686,15.947712418300654,10.718954248366012,8.627450980392156,0.0
FGOALS-f3-L,ssp126,paper_qm,mid_century,2040,2060,monthly_climatology,12,12,china_mask,765,0,-0.3426573574542999,-0.15985190868377686,0.26143790849673204,25.751633986928105,26.797385620915033,13.333333333333334,9.019607843137255,10.326797385620916,12.679738562091503,1.8300653594771241
FGOALS-f3-L,ssp126,paper_qm,mid_century,2040,2060,seasonal_full,84,68,china_mask,765,0,-0.2378859966993332,-0.10461460053920746,0.0,12.156862745098039,33.72549019607843,19.215686274509803,13.202614379084967,7.8431372549019605,12.679738562091503,1.1764705882352942
FGOALS-f3-L,ssp126,paper_qm,mid_century,2040,2060,seasonal_climatology,4,4,china_mask,765,0,-0.4000000059604645,-0.1694117784500122,6.2745098039215685,27.18954248366013,25.098039215686274,5.098039215686274,8.235294117647058,8.49673202614379,10.84967320261438,8.758169934640524
FGOALS-f3-L,ssp126,paper_qm,late_century,2080,2100,monthly_full,252,202,china_mask,765,0,-0.17202936112880707,-0.08510658144950867,0.0,7.450980392156863,29.15032679738562,25.88235294117647,16.862745098039216,12.549019607843137,8.104575163398692,0.0
FGOALS-f3-L,ssp126,paper_qm,late_century,2080,2100,monthly_climatology,12,12,china_mask,765,0,-0.3076923191547394,-0.13610310852527618,0.0,25.751633986928105,24.575163398692812,14.248366013071895,9.019607843137255,10.588235294117647,14.509803921568627,1.3071895424836601
FGOALS-f3-L,ssp126,paper_qm,late_century,2080,2100,seasonal_full,84,68,china_mask,765,0,-0.17699706554412842,-0.0673297867178917,0.0,12.549019607843137,28.235294117647058,20.65359477124183,13.594771241830065,10.196078431372548,13.594771241830065,1.1764705882352942
FGOALS-f3-L,ssp126,paper_qm,late_century,2080,2100,seasonal_climatology,4,4,china_mask,765,0,-0.4000000059604645,-0.12732025980949402,6.928104575163399,27.320261437908496,20.0,4.444444444444445,8.758169934640524,10.980392156862745,11.241830065359476,10.326797385620916
FGOALS-f3-L,ssp126,optimized,historical,1994,2014,monthly_full,252,202,china_mask,765,0,-0.1977461874485016,-0.08955787867307663,0.0,6.143790849673203,32.15686274509804,26.405228758169933,15.163398692810457,10.718954248366012,9.281045751633988,0.13071895424836602
FGOALS-f3-L,ssp126,optimized,historical,1994,2014,monthly_climatology,12,12,china_mask,765,0,-0.32867133617401123,-0.1328488439321518,0.0,24.96732026143791,26.013071895424837,13.72549019607843,8.49673202614379,11.241830065359476,13.202614379084967,2.3529411764705883
FGOALS-f3-L,ssp126,optimized,historical,1994,2014,seasonal_full,84,68,china_mask,765,0,-0.22239546477794647,-0.0771564170718193,0.0,11.633986928104575,32.02614379084967,18.823529411764707,12.941176470588236,10.588235294117647,12.418300653594772,1.5686274509803921
FGOALS-f3-L,ssp126,optimized,historical,1994,2014,seasonal_climatology,4,4,china_mask,765,0,-0.4000000059604645,-0.12418300658464432,6.666666666666667,26.013071895424837,23.00653594771242,3.5294117647058822,8.49673202614379,10.457516339869281,10.84967320261438,10.980392156862745
FGOALS-f3-L,ssp126,optimized,mid_century,2040,2060,monthly_full,252,202,china_mask,765,0,-0.18370336294174194,-0.08976823091506958,0.0,5.751633986928105,32.810457516339866,24.96732026143791,16.862745098039216,10.980392156862745,8.627450980392156,0.0
FGOALS-f3-L,ssp126,optimized,mid_century,2040,2060,monthly_climatology,12,12,china_mask,765,0,-0.3426573574542999,-0.15507107973098755,0.13071895424836602,26.9281045751634,25.88235294117647,12.679738562091503,8.627450980392156,10.326797385620916,13.202614379084967,2.2222222222222223
FGOALS-f3-L,ssp126,optimized,mid_century,2040,2060,seasonal_full,84,68,china_mask,765,0,-0.22974587976932526,-0.09754297882318497,0.0,13.333333333333334,31.372549019607842,19.215686274509803,13.333333333333334,9.411764705882353,12.156862745098039,1.1764705882352942
FGOALS-f3-L,ssp126,optimized,mid_century,2040,2060,seasonal_climatology,4,4,china_mask,765,0,-0.4000000059604645,-0.16522875428199768,7.0588235294117645,27.45098039215686,23.66013071895425,4.313725490196078,8.104575163398692,9.281045751633988,11.241830065359476,8.88888888888889
FGOALS-f3-L,ssp126,optimized,late_century,2080,2100,monthly_full,252,202,china_mask,765,0,-0.17503035068511963,-0.08712916821241379,0.0,6.928104575163399,30.58823529411765,25.62091503267974,16.73202614379085,12.156862745098039,7.973856209150327,0.0
FGOALS-f3-L,ssp126,optimized,late_century,2080,2100,monthly_climatology,12,12,china_mask,765,0,-0.3216783106327057,-0.1353718340396881,0.0,26.013071895424837,24.836601307189543,12.941176470588236,9.281045751633988,11.241830065359476,13.4640522875817,2.2222222222222223
FGOALS-f3-L,ssp126,optimized,late_century,2080,2100,seasonal_full,84,68,china_mask,765,0,-0.1838817447423935,-0.06393105536699295,0.0,12.026143790849673,28.366013071895424,20.65359477124183,13.071895424836601,11.372549019607844,13.333333333333334,1.1764705882352942
FGOALS-f3-L,ssp126,optimized,late_century,2080,2100,seasonal_climatology,4,4,china_mask,765,0,-0.4000000059604645,-0.12392157316207886,7.189542483660131,26.666666666666668,20.392156862745097,4.183006535947713,8.627450980392156,10.980392156862745,12.026143790849673,9.934640522875817
FGOALS-f3-L,ssp245,paper_qm,historical,1994,2014,monthly_full,252,202,china_mask,765,0,-0.1977461874485016,-0.08955787867307663,0.0,6.143790849673203,32.15686274509804,26.405228758169933,15.163398692810457,10.718954248366012,9.281045751633988,0.13071895424836602
FGOALS-f3-L,ssp245,paper_qm,historical,1994,2014,monthly_climatology,12,12,china_mask,765,0,-0.32867133617401123,-0.1328488439321518,0.0,24.96732026143791,26.013071895424837,13.72549019607843,8.49673202614379,11.241830065359476,13.202614379084967,2.3529411764705883
FGOALS-f3-L,ssp245,paper_qm,historical,1994,2014,seasonal_full,84,68,china_mask,765,0,-0.22239546477794647,-0.0771564170718193,0.0,11.633986928104575,32.02614379084967,18.823529411764707,12.941176470588236,10.588235294117647,12.418300653594772,1.5686274509803921
FGOALS-f3-L,ssp245,paper_qm,historical,1994,2014,seasonal_climatology,4,4,china_mask,765,0,-0.4000000059604645,-0.12418300658464432,6.666666666666667,26.013071895424837,23.00653594771242,3.5294117647058822,8.49673202614379,10.457516339869281,10.84967320261438,10.980392156862745
FGOALS-f3-L,ssp245,paper_qm,mid_century,2040,2060,monthly_full,252,202,china_mask,765,0,-0.1776706427335739,-0.07622596621513367,0.0,4.183006535947713,31.633986928104576,27.712418300653596,16.470588235294116,10.718954248366012,9.281045751633988,0.0
FGOALS-f3-L,ssp245,paper_qm,mid_century,2040,2060,monthly_climatology,12,12,china_mask,765,0,-0.32867133617401123,-0.138095885515213,0.26143790849673204,22.745098039215687,28.627450980392158,13.856209150326798,8.88888888888889,10.196078431372548,13.071895424836601,2.3529411764705883
FGOALS-f3-L,ssp245,paper_qm,mid_century,2040,2060,seasonal_full,84,68,china_mask,765,0,-0.2266477644443512,-0.09149691462516785,0.0,9.019607843137255,34.90196078431372,21.568627450980394,12.026143790849673,8.49673202614379,12.156862745098039,1.8300653594771241
FGOALS-f3-L,ssp245,paper_qm,mid_century,2040,2060,seasonal_climatology,4,4,china_mask,765,0,-0.4000000059604645,-0.1500653624534607,7.189542483660131,22.091503267973856,28.758169934640524,4.444444444444445,9.673202614379084,8.758169934640524,8.88888888888889,10.196078431372548
FGOALS-f3-L,ssp245,paper_qm,late_century,2080,2100,monthly_full,252,202,china_mask,765,0,-0.22071398794651031,-0.11757403612136841,0.0,8.627450980392156,33.8562091503268,24.313725490196077,13.594771241830065,10.84967320261438,8.758169934640524,0.0
FGOALS-f3-L,ssp245,paper_qm,late_century,2080,2100,monthly_climatology,12,12,china_mask,765,0,-0.3986014127731323,-0.18441426753997803,0.0,29.80392156862745,26.405228758169933,10.065359477124183,9.934640522875817,9.281045751633988,12.81045751633987,1.6993464052287581
FGOALS-f3-L,ssp245,paper_qm,late_century,2080,2100,seasonal_full,84,68,china_mask,765,0,-0.30306774377822876,-0.13827748596668243,0.0,16.209150326797385,34.248366013071895,16.33986928104575,12.156862745098039,7.450980392156863,12.026143790849673,1.5686274509803921
FGOALS-f3-L,ssp245,paper_qm,late_century,2080,2100,seasonal_climatology,4,4,china_mask,765,0,-0.4000000059604645,-0.20575164258480072,10.457516339869281,27.058823529411764,23.66013071895425,3.6601307189542482,7.973856209150327,7.8431372549019605,10.588235294117647,8.758169934640524
FGOALS-f3-L,ssp245,optimized,historical,1994,2014,monthly_full,252,202,china_mask,765,0,-0.1977461874485016,-0.08955787867307663,0.0,6.143790849673203,32.15686274509804,26.405228758169933,15.163398692810457,10.718954248366012,9.281045751633988,0.13071895424836602
FGOALS-f3-L,ssp245,optimized,historical,1994,2014,monthly_climatology,12,12,china_mask,765,0,-0.32867133617401123,-0.1328488439321518,0.0,24.96732026143791,26.013071895424837,13.72549019607843,8.49673202614379,11.241830065359476,13.202614379084967,2.3529411764705883
FGOALS-f3-L,ssp245,optimized,historical,1994,2014,seasonal_full,84,68,china_mask,765,0,-0.22239546477794647,-0.0771564170718193,0.0,11.633986928104575,32.02614379084967,18.823529411764707,12.941176470588236,10.588235294117647,12.418300653594772,1.5686274509803921
FGOALS-f3-L,ssp245,optimized,historical,1994,2014,seasonal_climatology,4,4,china_mask,765,0,-0.4000000059604645,-0.12418300658464432,6.666666666666667,26.013071895424837,23.00653594771242,3.5294117647058822,8.49673202614379,10.457516339869281,10.84967320261438,10.980392156862745
FGOALS-f3-L,ssp245,optimized,mid_century,2040,2060,monthly_full,252,202,china_mask,765,0,-0.18186317384243011,-0.08341757953166962,0.0,4.57516339869281,33.333333333333336,26.013071895424837,16.73202614379085,10.84967320261438,8.49673202614379,0.0
FGOALS-f3-L,ssp245,optimized,mid_century,2040,2060,monthly_climatology,12,12,china_mask,765,0,-0.3426573574542999,-0.14636866748332977,0.13071895424836602,26.013071895424837,26.405228758169933,12.418300653594772,8.88888888888889,10.84967320261438,12.026143790849673,3.2679738562091503
FGOALS-f3-L,ssp245,optimized,mid_century,2040,2060,seasonal_full,84,68,china_mask,765,0,-0.23622557520866394,-0.09410681575536728,0.0,9.803921568627452,33.8562091503268,21.568627450980394,12.287581699346406,9.15032679738562,11.241830065359476,2.0915032679738563
FGOALS-f3-L,ssp245,optimized,mid_century,2040,2060,seasonal_climatology,4,4,china_mask,765,0,-0.4000000059604645,-0.15294118225574493,7.5816993464052285,24.575163398692812,24.575163398692812,4.836601307189542,8.758169934640524,10.196078431372548,10.065359477124183,9.411764705882353
FGOALS-f3-L,ssp245,optimized,late_century,2080,2100,monthly_full,252,202,china_mask,765,0,-0.2136959433555603,-0.10764768719673157,0.0,8.104575163398692,32.94117647058823,23.92156862745098,15.555555555555555,10.457516339869281,9.019607843137255,0.0
FGOALS-f3-L,ssp245,optimized,late_century,2080,2100,monthly_climatology,12,12,china_mask,765,0,-0.38461539149284363,-0.17171716690063477,0.26143790849673204,29.281045751633986,23.92156862745098,12.418300653594772,8.88888888888889,9.803921568627452,13.856209150326798,1.5686274509803921
FGOALS-f3-L,ssp245,optimized,late_century,2080,2100,seasonal_full,84,68,china_mask,765,0,-0.27972057461738586,-0.1210085079073906,0.0,15.686274509803921,32.810457516339866,17.38562091503268,11.50326797385621,9.019607843137255,12.026143790849673,1.5686274509803921
FGOALS-f3-L,ssp245,optimized,late_century,2080,2100,seasonal_climatology,4,4,china_mask,765,0,-0.4000000059604645,-0.17594769597053528,9.542483660130719,26.405228758169933,23.137254901960784,3.9215686274509802,7.973856209150327,8.104575163398692,11.241830065359476,9.673202614379084
FGOALS-f3-L,ssp585,paper_qm,historical,1994,2014,monthly_full,252,202,china_mask,765,0,-0.1977461874485016,-0.08955787867307663,0.0,6.143790849673203,32.15686274509804,26.405228758169933,15.163398692810457,10.718954248366012,9.281045751633988,0.13071895424836602
FGOALS-f3-L,ssp585,paper_qm,historical,1994,2014,monthly_climatology,12,12,china_mask,765,0,-0.32867133617401123,-0.1328488439321518,0.0,24.96732026143791,26.013071895424837,13.72549019607843,8.49673202614379,11.241830065359476,13.202614379084967,2.3529411764705883
FGOALS-f3-L,ssp585,paper_qm,historical,1994,2014,seasonal_full,84,68,china_mask,765,0,-0.22239546477794647,-0.0771564170718193,0.0,11.633986928104575,32.02614379084967,18.823529411764707,12.941176470588236,10.588235294117647,12.418300653594772,1.5686274509803921
FGOALS-f3-L,ssp585,paper_qm,historical,1994,2014,seasonal_climatology,4,4,china_mask,765,0,-0.4000000059604645,-0.12418300658464432,6.666666666666667,26.013071895424837,23.00653594771242,3.5294117647058822,8.49673202614379,10.457516339869281,10.84967320261438,10.980392156862745
FGOALS-f3-L,ssp585,paper_qm,mid_century,2040,2060,monthly_full,252,202,china_mask,765,0,-0.15807576477527618,-0.07231779396533966,0.0,5.359477124183006,31.372549019607842,25.751633986928105,16.209150326797385,12.81045751633987,8.366013071895425,0.13071895424836602
FGOALS-f3-L,ssp585,paper_qm,mid_century,2040,2060,monthly_climatology,12,12,china_mask,765,0,-0.2937062978744507,-0.11016041785478592,0.0,21.96078431372549,27.973856209150327,12.549019607843137,9.673202614379084,10.980392156862745,15.294117647058824,1.5686274509803921
FGOALS-f3-L,ssp585,paper_qm,mid_century,2040,2060,seasonal_full,84,68,china_mask,765,0,-0.19034118950366974,-0.06911500543355942,0.0,11.633986928104575,29.80392156862745,20.26143790849673,13.071895424836601,10.980392156862745,12.549019607843137,1.6993464052287581
FGOALS-f3-L,ssp585,paper_qm,mid_century,2040,2060,seasonal_climatology,4,4,china_mask,765,0,-0.4000000059604645,-0.1155555471777916,5.882352941176471,23.66013071895425,26.9281045751634,3.3986928104575163,8.235294117647058,9.934640522875817,11.895424836601308,10.065359477124183
FGOALS-f3-L,ssp585,paper_qm,late_century,2080,2100,monthly_full,252,202,china_mask,765,0,-0.14475056529045105,-0.06940776109695435,0.0,9.542483660130719,25.359477124183005,24.705882352941178,17.647058823529413,14.379084967320262,8.235294117647058,0.13071895424836602
FGOALS-f3-L,ssp585,paper_qm,late_century,2080,2100,monthly_climatology,12,12,china_mask,765,0,-0.25874125957489014,-0.10363362729549408,0.13071895424836602,24.052287581699346,23.529411764705884,14.379084967320262,10.718954248366012,9.542483660130719,15.947712418300654,1.6993464052287581
FGOALS-f3-L,ssp585,paper_qm,late_century,2080,2100,seasonal_full,84,68,china_mask,765,0,-0.14773716032505035,-0.06150473654270172,0.13071895424836602,15.42483660130719,24.705882352941178,19.084967320261438,13.202614379084967,12.287581699346406,13.202614379084967,1.9607843137254901
FGOALS-f3-L,ssp585,paper_qm,late_century,2080,2100,seasonal_climatology,4,4,china_mask,765,0,-0.4000000059604645,-0.09464052319526672,6.0130718954248366,23.00653594771242,23.137254901960784,5.751633986928105,8.627450980392156,10.326797385620916,14.77124183006536,8.366013071895425
FGOALS-f3-L,ssp585,optimized,historical,1994,2014,monthly_full,252,202,china_mask,765,0,-0.1977461874485016,-0.08955787867307663,0.0,6.143790849673203,32.15686274509804,26.405228758169933,15.163398692810457,10.718954248366012,9.281045751633988,0.13071895424836602
FGOALS-f3-L,ssp585,optimized,historical,1994,2014,monthly_climatology,12,12,china_mask,765,0,-0.32867133617401123,-0.1328488439321518,0.0,24.96732026143791,26.013071895424837,13.72549019607843,8.49673202614379,11.241830065359476,13.202614379084967,2.3529411764705883
FGOALS-f3-L,ssp585,optimized,historical,1994,2014,seasonal_full,84,68,china_mask,765,0,-0.22239546477794647,-0.0771564170718193,0.0,11.633986928104575,32.02614379084967,18.823529411764707,12.941176470588236,10.588235294117647,12.418300653594772,1.5686274509803921
FGOALS-f3-L,ssp585,optimized,historical,1994,2014,seasonal_climatology,4,4,china_mask,765,0,-0.4000000059604645,-0.12418300658464432,6.666666666666667,26.013071895424837,23.00653594771242,3.5294117647058822,8.49673202614379,10.457516339869281,10.84967320261438,10.980392156862745
FGOALS-f3-L,ssp585,optimized,mid_century,2040,2060,monthly_full,252,202,china_mask,765,0,-0.17973053455352783,-0.08489266037940979,0.0,6.0130718954248366,32.02614379084967,25.22875816993464,16.99346405228758,10.718954248366012,8.88888888888889,0.13071895424836602
FGOALS-f3-L,ssp585,optimized,mid_century,2040,2060,monthly_climatology,12,12,china_mask,765,0,-0.3216783106327057,-0.1308377981185913,0.0,25.359477124183005,26.013071895424837,11.895424836601308,9.281045751633988,11.241830065359476,13.856209150326798,2.3529411764705883
FGOALS-f3-L,ssp585,optimized,mid_century,2040,2060,seasonal_full,84,68,china_mask,765,0,-0.2071276754140854,-0.08028184622526169,0.0,12.81045751633987,29.673202614379086,20.392156862745097,12.287581699346406,10.980392156862745,12.026143790849673,1.8300653594771241
FGOALS-f3-L,ssp585,optimized,mid_century,2040,2060,seasonal_climatology,4,4,china_mask,765,0,-0.4000000059604645,-0.1312418431043625,6.928104575163399,24.96732026143791,24.836601307189543,3.3986928104575163,8.366013071895425,9.673202614379084,12.287581699346406,9.542483660130719
FGOALS-f3-L,ssp585,optimized,late_century,2080,2100,monthly_full,252,202,china_mask,765,0,-0.18406330049037933,-0.09719088673591614,0.0,9.803921568627452,29.54248366013072,24.575163398692812,14.901960784313726,12.549019607843137,8.49673202614379,0.13071895424836602
FGOALS-f3-L,ssp585,optimized,late_century,2080,2100,monthly_climatology,12,12,china_mask,765,0,-0.3356643319129944,-0.14670689404010773,0.13071895424836602,27.973856209150327,23.26797385620915,13.594771241830065,8.758169934640524,10.326797385620916,13.4640522875817,2.4836601307189543
FGOALS-f3-L,ssp585,optimized,late_century,2080,2100,seasonal_full,84,68,china_mask,765,0,-0.21563227474689484,-0.09612852334976196,0.13071895424836602,15.816993464052288,26.797385620915033,20.130718954248366,12.156862745098039,11.372549019607844,11.764705882352942,1.8300653594771241
FGOALS-f3-L,ssp585,optimized,late_century,2080,2100,seasonal_climatology,4,4,china_mask,765,0,-0.4000000059604645,-0.14013071358203888,7.973856209150327,26.143790849673202,22.483660130718953,3.2679738562091503,8.366013071895425,9.803921568627452,12.941176470588236,9.019607843137255
FIO-ESM-2-0,ssp126,paper_qm,historical,1994,2014,monthly_full,252,202,china_mask,805,0,-0.2403441071510315,-0.14214782416820526,0.0,8.074534161490684,36.27329192546584,24.720496894409937,13.416149068322982,10.062111801242237,7.453416149068323,0.0
FIO-ESM-2-0,ssp126,paper_qm,historical,1994,2014,monthly_climatology,12,12,china_mask,805,0,-0.32867133617401123,-0.1564522236585617,0.12422360248447205,26.211180124223603,26.211180124223603,14.409937888198758,8.074534161490684,10.559006211180124,11.801242236024844,2.608695652173913
FIO-ESM-2-0,ssp126,paper_qm,historical,1994,2014,seasonal_full,84,68,china_mask,805,0,-0.25370052456855774,-0.11696115136146545,0.0,11.801242236024844,34.037267080745345,18.509316770186334,14.409937888198758,9.316770186335404,11.304347826086957,0.6211180124223602
FIO-ESM-2-0,ssp126,paper_qm,historical,1994,2014,seasonal_climatology,4,4,china_mask,805,0,-0.4000000059604645,-0.14832298457622528,6.459627329192546,24.347826086956523,28.074534161490682,2.981366459627329,8.695652173913043,8.198757763975156,12.546583850931677,8.695652173913043
FIO-ESM-2-0,ssp126,paper_qm,mid_century,2040,2060,monthly_full,252,202,china_mask,805,0,-0.2897568345069885,-0.1683928519487381,0.0,9.316770186335404,39.130434782608695,22.732919254658384,12.670807453416149,8.944099378881987,7.204968944099379,0.0
FIO-ESM-2-0,ssp126,paper_qm,mid_century,2040,2060,monthly_climatology,12,12,china_mask,805,0,-0.37062937021255493,-0.16924813389778137,0.37267080745341613,23.975155279503106,29.937888198757765,14.037267080745341,7.826086956521739,9.813664596273291,11.5527950310559,2.484472049689441
FIO-ESM-2-0,ssp126,paper_qm,mid_century,2040,2060,seasonal_full,84,68,china_mask,805,0,-0.30817049741744995,-0.1611153483390808,0.0,16.770186335403725,34.037267080745345,16.645962732919255,13.664596273291925,7.826086956521739,10.434782608695652,0.6211180124223602
FIO-ESM-2-0,ssp126,paper_qm,mid_century,2040,2060,seasonal_climatology,4,4,china_mask,805,0,-0.4000000059604645,-0.18981368839740753,9.192546583850932,22.857142857142858,27.32919254658385,4.84472049689441,9.937888198757763,6.583850931677019,11.428571428571429,7.826086956521739
FIO-ESM-2-0,ssp126,paper_qm,late_century,2080,2100,monthly_full,252,202,china_mask,805,0,-0.29350170493125916,-0.17375241219997406,0.0,9.06832298136646,39.87577639751553,22.111801242236027,13.416149068322982,8.571428571428571,6.956521739130435,0.0
FIO-ESM-2-0,ssp126,paper_qm,late_century,2080,2100,monthly_climatology,12,12,china_mask,805,0,-0.3776223659515381,-0.19401468336582184,0.2484472049689441,26.832298136645964,29.19254658385093,12.919254658385093,9.813664596273291,8.198757763975156,10.559006211180124,2.2360248447204967
FIO-ESM-2-0,ssp126,paper_qm,late_century,2080,2100,seasonal_full,84,68,china_mask,805,0,-0.32752859592437744,-0.17655368149280548,0.0,19.130434782608695,33.41614906832298,16.8944099378882,11.304347826086957,8.695652173913043,9.565217391304348,0.9937888198757764
FIO-ESM-2-0,ssp126,paper_qm,late_century,2080,2100,seasonal_climatology,4,4,china_mask,805,0,-0.4000000059604645,-0.21068324148654938,10.062111801242237,26.335403726708076,25.341614906832298,3.6024844720496896,8.4472049689441,8.322981366459627,9.06832298136646,8.819875776397515
FIO-ESM-2-0,ssp126,optimized,historical,1994,2014,monthly_full,252,202,china_mask,805,0,-0.2403441071510315,-0.14214782416820526,0.0,8.074534161490684,36.27329192546584,24.720496894409937,13.416149068322982,10.062111801242237,7.453416149068323,0.0
FIO-ESM-2-0,ssp126,optimized,historical,1994,2014,monthly_climatology,12,12,china_mask,805,0,-0.32867133617401123,-0.1564522236585617,0.12422360248447205,26.211180124223603,26.211180124223603,14.409937888198758,8.074534161490684,10.559006211180124,11.801242236024844,2.608695652173913
FIO-ESM-2-0,ssp126,optimized,historical,1994,2014,seasonal_full,84,68,china_mask,805,0,-0.25370052456855774,-0.11696115136146545,0.0,11.801242236024844,34.037267080745345,18.509316770186334,14.409937888198758,9.316770186335404,11.304347826086957,0.6211180124223602
FIO-ESM-2-0,ssp126,optimized,historical,1994,2014,seasonal_climatology,4,4,china_mask,805,0,-0.4000000059604645,-0.14832298457622528,6.459627329192546,24.347826086956523,28.074534161490682,2.981366459627329,8.695652173913043,8.198757763975156,12.546583850931677,8.695652173913043
FIO-ESM-2-0,ssp126,optimized,mid_century,2040,2060,monthly_full,252,202,china_mask,805,0,-0.25315338373184204,-0.1535911113023758,0.0,9.316770186335404,36.8944099378882,23.60248447204969,13.043478260869565,9.68944099378882,7.453416149068323,0.0
FIO-ESM-2-0,ssp126,optimized,mid_century,2040,2060,monthly_climatology,12,12,china_mask,805,0,-0.35664334893226624,-0.16693741083145142,0.4968944099378882,27.204968944099377,26.211180124223603,12.546583850931677,9.192546583850932,9.68944099378882,11.677018633540373,2.981366459627329
FIO-ESM-2-0,ssp126,optimized,mid_century,2040,2060,seasonal_full,84,68,china_mask,805,0,-0.2752860188484192,-0.14240498840808868,0.0,15.031055900621118,32.91925465838509,18.012422360248447,14.658385093167702,7.950310559006211,10.559006211180124,0.8695652173913043
FIO-ESM-2-0,ssp126,optimized,mid_century,2040,2060,seasonal_climatology,4,4,china_mask,805,0,-0.4000000059604645,-0.1860869824886322,9.192546583850932,24.720496894409937,26.956521739130434,3.3540372670807455,8.944099378881987,6.708074534161491,11.428571428571429,8.695652173913043
FIO-ESM-2-0,ssp126,optimized,late_century,2080,2100,monthly_full,252,202,china_mask,805,0,-0.25872117280960083,-0.15177305042743683,0.0,9.440993788819876,36.77018633540373,23.354037267080745,13.043478260869565,9.68944099378882,7.701863354037267,0.0
FIO-ESM-2-0,ssp126,optimized,late_century,2080,2100,monthly_climatology,12,12,china_mask,805,0,-0.3776223659515381,-0.1761021614074707,0.2484472049689441,29.81366459627329,23.975155279503106,14.53416149068323,7.701863354037267,8.571428571428571,12.422360248447205,2.732919254658385
FIO-ESM-2-0,ssp126,optimized,late_century,2080,2100,seasonal_full,84,68,china_mask,805,0,-0.28676724433898926,-0.14729923009872437,0.0,17.142857142857142,31.801242236024844,18.26086956521739,12.049689440993788,8.571428571428571,11.180124223602485,0.9937888198757764
FIO-ESM-2-0,ssp126,optimized,late_century,2080,2100,seasonal_climatology,4,4,china_mask,805,0,-0.4000000059604645,-0.16944098472595215,9.565217391304348,24.596273291925467,24.96894409937888,3.229813664596273,9.06832298136646,8.695652173913043,10.434782608695652,9.440993788819876
FIO-ESM-2-0,ssp245,paper_qm,historical,1994,2014,monthly_full,252,202,china_mask,805,0,-0.2403441071510315,-0.14214782416820526,0.0,8.074534161490684,36.27329192546584,24.720496894409937,13.416149068322982,10.062111801242237,7.453416149068323,0.0
FIO-ESM-2-0,ssp245,paper_qm,historical,1994,2014,monthly_climatology,12,12,china_mask,805,0,-0.32867133617401123,-0.1564522236585617,0.12422360248447205,26.211180124223603,26.211180124223603,14.409937888198758,8.074534161490684,10.559006211180124,11.801242236024844,2.608695652173913
FIO-ESM-2-0,ssp245,paper_qm,historical,1994,2014,seasonal_full,84,68,china_mask,805,0,-0.25370052456855774,-0.11696115136146545,0.0,11.801242236024844,34.037267080745345,18.509316770186334,14.409937888198758,9.316770186335404,11.304347826086957,0.6211180124223602
FIO-ESM-2-0,ssp245,paper_qm,historical,1994,2014,seasonal_climatology,4,4,china_mask,805,0,-0.4000000059604645,-0.14832298457622528,6.459627329192546,24.347826086956523,28.074534161490682,2.981366459627329,8.695652173913043,8.198757763975156,12.546583850931677,8.695652173913043
FIO-ESM-2-0,ssp245,paper_qm,mid_century,2040,2060,monthly_full,252,202,china_mask,805,0,-0.28127428889274597,-0.17646916210651398,0.0,11.304347826086957,36.149068322981364,24.347826086956523,12.670807453416149,9.565217391304348,5.962732919254658,0.0
FIO-ESM-2-0,ssp245,paper_qm,mid_century,2040,2060,monthly_climatology,12,12,china_mask,805,0,-0.37062937021255493,-0.19557832181453705,0.7453416149068323,29.316770186335404,25.217391304347824,14.285714285714286,8.198757763975156,9.440993788819876,10.559006211180124,2.2360248447204967
FIO-ESM-2-0,ssp245,paper_qm,mid_century,2040,2060,seasonal_full,84,68,china_mask,805,0,-0.3009010851383209,-0.17776663601398468,0.0,18.633540372670808,31.5527950310559,19.25465838509317,12.79503105590062,7.329192546583851,9.937888198757763,0.4968944099378882
FIO-ESM-2-0,ssp245,paper_qm,mid_century,2040,2060,seasonal_climatology,4,4,china_mask,805,0,-0.4000000059604645,-0.2176397740840912,9.440993788819876,27.204968944099377,24.84472049689441,4.472049689440993,8.4472049689441,6.956521739130435,10.559006211180124,8.074534161490684
FIO-ESM-2-0,ssp245,paper_qm,late_century,2080,2100,monthly_full,252,202,china_mask,805,0,-0.2997278571128845,-0.18288661539554596,0.0,13.167701863354038,36.77018633540373,20.869565217391305,12.422360248447205,10.559006211180124,6.211180124223603,0.0
FIO-ESM-2-0,ssp245,paper_qm,late_century,2080,2100,monthly_climatology,12,12,china_mask,805,0,-0.3636363744735718,-0.1846848726272583,0.37267080745341613,31.180124223602483,22.236024844720497,12.670807453416149,9.440993788819876,9.192546583850932,13.540372670807454,1.3664596273291925
FIO-ESM-2-0,ssp245,paper_qm,late_century,2080,2100,seasonal_full,84,68,china_mask,805,0,-0.31705984473228455,-0.15936385095119476,0.0,17.018633540372672,33.91304347826087,15.403726708074535,12.919254658385093,9.937888198757763,10.434782608695652,0.37267080745341613
FIO-ESM-2-0,ssp245,paper_qm,late_century,2080,2100,seasonal_climatology,4,4,china_mask,805,0,-0.4000000059604645,-0.1701863557100296,8.944099378881987,23.229813664596275,26.459627329192546,3.9751552795031055,8.4472049689441,9.565217391304348,12.173913043478262,7.204968944099379
FIO-ESM-2-0,ssp245,optimized,historical,1994,2014,monthly_full,252,202,china_mask,805,0,-0.2403441071510315,-0.14214782416820526,0.0,8.074534161490684,36.27329192546584,24.720496894409937,13.416149068322982,10.062111801242237,7.453416149068323,0.0
FIO-ESM-2-0,ssp245,optimized,historical,1994,2014,monthly_climatology,12,12,china_mask,805,0,-0.32867133617401123,-0.1564522236585617,0.12422360248447205,26.211180124223603,26.211180124223603,14.409937888198758,8.074534161490684,10.559006211180124,11.801242236024844,2.608695652173913
FIO-ESM-2-0,ssp245,optimized,historical,1994,2014,seasonal_full,84,68,china_mask,805,0,-0.25370052456855774,-0.11696115136146545,0.0,11.801242236024844,34.037267080745345,18.509316770186334,14.409937888198758,9.316770186335404,11.304347826086957,0.6211180124223602
FIO-ESM-2-0,ssp245,optimized,historical,1994,2014,seasonal_climatology,4,4,china_mask,805,0,-0.4000000059604645,-0.14832298457622528,6.459627329192546,24.347826086956523,28.074534161490682,2.981366459627329,8.695652173913043,8.198757763975156,12.546583850931677,8.695652173913043
FIO-ESM-2-0,ssp245,optimized,mid_century,2040,2060,monthly_full,252,202,china_mask,805,0,-0.2700839638710022,-0.16494201123714447,0.0,10.186335403726709,36.64596273291925,23.60248447204969,13.29192546583851,9.440993788819876,6.832298136645963,0.0
FIO-ESM-2-0,ssp245,optimized,mid_century,2040,2060,monthly_climatology,12,12,china_mask,805,0,-0.37062937021255493,-0.18881119787693024,0.6211180124223602,31.055900621118013,23.850931677018632,12.79503105590062,8.4472049689441,8.944099378881987,11.304347826086957,2.981366459627329
FIO-ESM-2-0,ssp245,optimized,mid_century,2040,2060,seasonal_full,84,68,china_mask,805,0,-0.3015693128108978,-0.159623384475708,0.0,16.39751552795031,33.66459627329193,18.26086956521739,12.919254658385093,7.701863354037267,10.31055900621118,0.7453416149068323
FIO-ESM-2-0,ssp245,optimized,mid_century,2040,2060,seasonal_climatology,4,4,china_mask,805,0,-0.4000000059604645,-0.19229815900325775,9.316770186335404,25.96273291925466,24.596273291925467,4.22360248447205,8.944099378881987,7.204968944099379,10.683229813664596,9.06832298136646
FIO-ESM-2-0,ssp245,optimized,late_century,2080,2100,monthly_full,252,202,china_mask,805,0,-0.27768465876579285,-0.16773183643817902,0.0,11.677018633540373,36.024844720496894,21.987577639751553,13.043478260869565,10.062111801242237,7.204968944099379,0.0
FIO-ESM-2-0,ssp245,optimized,late_century,2080,2100,monthly_climatology,12,12,china_mask,805,0,-0.38461539149284363,-0.1801329106092453,0.6211180124223602,30.80745341614907,22.857142857142858,12.919254658385093,7.701863354037267,9.937888198757763,12.173913043478262,2.981366459627329
FIO-ESM-2-0,ssp245,optimized,late_century,2080,2100,seasonal_full,84,68,china_mask,805,0,-0.2775944173336029,-0.14500443637371063,0.0,16.024844720496894,33.16770186335404,17.142857142857142,12.919254658385093,9.316770186335404,10.93167701863354,0.4968944099378882
FIO-ESM-2-0,ssp245,optimized,late_century,2080,2100,seasonal_climatology,4,4,china_mask,805,0,-0.4000000059604645,-0.16496896743774414,8.819875776397515,24.84472049689441,25.838509316770185,2.2360248447204967,8.944099378881987,9.565217391304348,9.68944099378882,10.062111801242237
FIO-ESM-2-0,ssp585,paper_qm,historical,1994,2014,monthly_full,252,202,china_mask,805,0,-0.2403441071510315,-0.14214782416820526,0.0,8.074534161490684,36.27329192546584,24.720496894409937,13.416149068322982,10.062111801242237,7.453416149068323,0.0
FIO-ESM-2-0,ssp585,paper_qm,historical,1994,2014,monthly_climatology,12,12,china_mask,805,0,-0.32867133617401123,-0.1564522236585617,0.12422360248447205,26.211180124223603,26.211180124223603,14.409937888198758,8.074534161490684,10.559006211180124,11.801242236024844,2.608695652173913
FIO-ESM-2-0,ssp585,paper_qm,historical,1994,2014,seasonal_full,84,68,china_mask,805,0,-0.25370052456855774,-0.11696115136146545,0.0,11.801242236024844,34.037267080745345,18.509316770186334,14.409937888198758,9.316770186335404,11.304347826086957,0.6211180124223602
FIO-ESM-2-0,ssp585,paper_qm,historical,1994,2014,seasonal_climatology,4,4,china_mask,805,0,-0.4000000059604645,-0.14832298457622528,6.459627329192546,24.347826086956523,28.074534161490682,2.981366459627329,8.695652173913043,8.198757763975156,12.546583850931677,8.695652173913043
FIO-ESM-2-0,ssp585,paper_qm,mid_century,2040,2060,monthly_full,252,202,china_mask,805,0,-0.28803062438964844,-0.17361803352832794,0.0,9.565217391304348,39.254658385093165,22.981366459627328,12.298136645962733,9.440993788819876,6.459627329192546,0.0
FIO-ESM-2-0,ssp585,paper_qm,mid_century,2040,2060,monthly_climatology,12,12,china_mask,805,0,-0.38461539149284363,-0.18746469914913177,0.8695652173913043,26.335403726708076,28.819875776397517,12.919254658385093,8.198757763975156,9.440993788819876,11.677018633540373,1.7391304347826086
FIO-ESM-2-0,ssp585,paper_qm,mid_century,2040,2060,seasonal_full,84,68,china_mask,805,0,-0.306145578622818,-0.1511753499507904,0.0,15.031055900621118,35.15527950310559,17.018633540372672,12.919254658385093,8.198757763975156,11.304347826086957,0.37267080745341613
FIO-ESM-2-0,ssp585,paper_qm,mid_century,2040,2060,seasonal_climatology,4,4,china_mask,805,0,-0.4000000059604645,-0.1870807558298111,8.571428571428571,22.36024844720497,28.695652173913043,5.714285714285714,9.192546583850932,7.329192546583851,9.565217391304348,8.571428571428571
FIO-ESM-2-0,ssp585,paper_qm,late_century,2080,2100,monthly_full,252,202,china_mask,805,0,-0.2308814823627472,-0.14278492331504822,0.0,11.925465838509316,32.67080745341615,22.608695652173914,14.906832298136646,10.31055900621118,7.577639751552795,0.0
FIO-ESM-2-0,ssp585,paper_qm,late_century,2080,2100,monthly_climatology,12,12,china_mask,805,0,-0.2937062978744507,-0.1388177126646042,0.12422360248447205,26.70807453416149,23.1055900621118,12.919254658385093,10.559006211180124,11.180124223602485,13.91304347826087,1.4906832298136645
FIO-ESM-2-0,ssp585,paper_qm,late_century,2080,2100,seasonal_full,84,68,china_mask,805,0,-0.22083628177642822,-0.11224164068698883,0.0,17.267080745341616,28.322981366459626,15.279503105590063,15.527950310559007,12.173913043478262,10.807453416149068,0.6211180124223602
FIO-ESM-2-0,ssp585,paper_qm,late_century,2080,2100,seasonal_climatology,4,4,china_mask,805,0,-0.4000000059604645,-0.11478261649608612,7.453416149068323,21.366459627329192,24.472049689440993,4.596273291925466,9.316770186335404,11.428571428571429,14.161490683229813,7.204968944099379
FIO-ESM-2-0,ssp585,optimized,historical,1994,2014,monthly_full,252,202,china_mask,805,0,-0.2403441071510315,-0.14214782416820526,0.0,8.074534161490684,36.27329192546584,24.720496894409937,13.416149068322982,10.062111801242237,7.453416149068323,0.0
FIO-ESM-2-0,ssp585,optimized,historical,1994,2014,monthly_climatology,12,12,china_mask,805,0,-0.32867133617401123,-0.1564522236585617,0.12422360248447205,26.211180124223603,26.211180124223603,14.409937888198758,8.074534161490684,10.559006211180124,11.801242236024844,2.608695652173913
FIO-ESM-2-0,ssp585,optimized,historical,1994,2014,seasonal_full,84,68,china_mask,805,0,-0.25370052456855774,-0.11696115136146545,0.0,11.801242236024844,34.037267080745345,18.509316770186334,14.409937888198758,9.316770186335404,11.304347826086957,0.6211180124223602
FIO-ESM-2-0,ssp585,optimized,historical,1994,2014,seasonal_climatology,4,4,china_mask,805,0,-0.4000000059604645,-0.14832298457622528,6.459627329192546,24.347826086956523,28.074534161490682,2.981366459627329,8.695652173913043,8.198757763975156,12.546583850931677,8.695652173913043
FIO-ESM-2-0,ssp585,optimized,mid_century,2040,2060,monthly_full,252,202,china_mask,805,0,-0.2813732922077179,-0.1661139279603958,0.0,9.565217391304348,38.50931677018634,22.732919254658384,12.546583850931677,9.316770186335404,7.329192546583851,0.0
FIO-ESM-2-0,ssp585,optimized,mid_century,2040,2060,monthly_climatology,12,12,china_mask,805,0,-0.3916083872318268,-0.18762975931167603,0.37267080745341613,29.316770186335404,26.459627329192546,12.173913043478262,8.074534161490684,8.944099378881987,11.801242236024844,2.857142857142857
FIO-ESM-2-0,ssp585,optimized,mid_century,2040,2060,seasonal_full,84,68,china_mask,805,0,-0.29263946413993835,-0.14594902098178864,0.0,13.167701863354038,36.39751552795031,18.385093167701864,11.925465838509316,7.577639751552795,11.801242236024844,0.7453416149068323
FIO-ESM-2-0,ssp585,optimized,mid_century,2040,2060,seasonal_climatology,4,4,china_mask,805,0,-0.4000000059604645,-0.17093168199062347,8.322981366459627,23.47826086956522,28.819875776397517,3.1055900621118013,8.819875776397515,7.204968944099379,11.055900621118013,9.192546583850932
FIO-ESM-2-0,ssp585,optimized,late_century,2080,2100,monthly_full,252,202,china_mask,805,0,-0.24929681420326233,-0.1516009420156479,0.0,12.422360248447205,33.41614906832298,23.354037267080745,12.670807453416149,10.559006211180124,7.577639751552795,0.0
FIO-ESM-2-0,ssp585,optimized,late_century,2080,2100,monthly_climatology,12,12,china_mask,805,0,-0.31468531489372253,-0.15481039881706238,0.12422360248447205,29.68944099378882,21.366459627329192,13.788819875776397,9.316770186335404,9.68944099378882,13.29192546583851,2.732919254658385
FIO-ESM-2-0,ssp585,optimized,late_century,2080,2100,seasonal_full,84,68,china_mask,805,0,-0.2619621455669403,-0.12915727496147156,0.0,17.51552795031056,30.31055900621118,17.142857142857142,12.298136645962733,10.062111801242237,11.801242236024844,0.8695652173913043
FIO-ESM-2-0,ssp585,optimized,late_century,2080,2100,seasonal_climatology,4,4,china_mask,805,0,-0.4000000059604645,-0.14608696103096008,8.4472049689441,24.96894409937888,22.981366459627328,3.9751552795031055,9.565217391304348,8.695652173913043,11.428571428571429,9.937888198757763
IPSL-CM6A-LR,ssp126,paper_qm,historical,1994,2014,monthly_full,252,202,china_mask,302,0,-0.21205785870552063,-0.12342972308397293,0.0,9.602649006622517,31.125827814569536,23.841059602649008,16.556291390728475,11.258278145695364,7.6158940397351,0.0
IPSL-CM6A-LR,ssp126,paper_qm,historical,1994,2014,monthly_climatology,12,12,china_mask,302,0,-0.3426573574542999,-0.16662806272506714,0.33112582781456956,27.1523178807947,27.1523178807947,9.933774834437086,12.251655629139073,10.596026490066226,10.596026490066226,1.9867549668874172
IPSL-CM6A-LR,ssp126,paper_qm,historical,1994,2014,seasonal_full,84,68,china_mask,302,0,-0.24028551578521729,-0.10372152924537659,0.33112582781456956,13.245033112582782,30.794701986754966,19.205298013245034,11.920529801324504,12.582781456953642,10.927152317880795,0.9933774834437086
IPSL-CM6A-LR,ssp126,paper_qm,historical,1994,2014,seasonal_climatology,4,4,china_mask,302,0,-0.4000000059604645,-0.12649005651474,6.622516556291391,24.503311258278146,25.496688741721854,3.9735099337748343,6.622516556291391,9.271523178807946,13.907284768211921,9.602649006622517
IPSL-CM6A-LR,ssp126,paper_qm,mid_century,2040,2060,monthly_full,252,202,china_mask,302,0,-0.23408904671669006,-0.15046916902065277,0.0,13.57615894039735,29.47019867549669,23.841059602649008,17.218543046357617,9.602649006622517,6.291390728476821,0.0
IPSL-CM6A-LR,ssp126,paper_qm,mid_century,2040,2060,monthly_climatology,12,12,china_mask,302,0,-0.3601398468017578,-0.1818181723356247,0.33112582781456956,27.483443708609272,25.496688741721854,12.913907284768213,11.589403973509933,10.264900662251655,10.596026490066226,1.3245033112582782
IPSL-CM6A-LR,ssp126,paper_qm,mid_century,2040,2060,seasonal_full,84,68,china_mask,302,0,-0.21123823523521423,-0.12606745958328247,0.33112582781456956,17.549668874172184,26.821192052980134,18.874172185430464,14.56953642384106,10.927152317880795,9.933774834437086,0.9933774834437086
IPSL-CM6A-LR,ssp126,paper_qm,mid_century,2040,2060,seasonal_climatology,4,4,china_mask,302,0,-0.4000000059604645,-0.15099337697029114,9.602649006622517,21.52317880794702,26.490066225165563,1.9867549668874172,8.940397350993377,11.258278145695364,12.913907284768213,7.28476821192053
IPSL-CM6A-LR,ssp126,paper_qm,late_century,2080,2100,monthly_full,252,202,china_mask,302,0,-0.24109022319316864,-0.1537752002477646,0.0,10.596026490066226,33.443708609271525,23.509933774834437,16.556291390728475,8.940397350993377,6.953642384105961,0.0
IPSL-CM6A-LR,ssp126,paper_qm,late_century,2080,2100,monthly_climatology,12,12,china_mask,302,0,-0.3496503531932831,-0.18160977959632874,0.33112582781456956,27.1523178807947,26.821192052980134,11.920529801324504,11.920529801324504,9.271523178807946,11.258278145695364,1.3245033112582782
IPSL-CM6A-LR,ssp126,paper_qm,late_century,2080,2100,seasonal_full,84,68,china_mask,302,0,-0.2634504437446594,-0.11951989680528641,0.0,16.887417218543046,30.794701986754966,15.562913907284768,11.920529801324504,13.245033112582782,10.596026490066226,0.9933774834437086
IPSL-CM6A-LR,ssp126,paper_qm,late_century,2080,2100,seasonal_climatology,4,4,china_mask,302,0,-0.4000000059604645,-0.15629138052463531,6.622516556291391,25.496688741721854,25.165562913907284,3.3112582781456954,9.271523178807946,9.933774834437086,13.245033112582782,6.953642384105961
IPSL-CM6A-LR,ssp126,optimized,historical,1994,2014,monthly_full,252,202,china_mask,302,0,-0.21205785870552063,-0.12342972308397293,0.0,9.602649006622517,31.125827814569536,23.841059602649008,16.556291390728475,11.258278145695364,7.6158940397351,0.0
IPSL-CM6A-LR,ssp126,optimized,historical,1994,2014,monthly_climatology,12,12,china_mask,302,0,-0.3426573574542999,-0.16662806272506714,0.33112582781456956,27.1523178807947,27.1523178807947,9.933774834437086,12.251655629139073,10.596026490066226,10.596026490066226,1.9867549668874172
IPSL-CM6A-LR,ssp126,optimized,historical,1994,2014,seasonal_full,84,68,china_mask,302,0,-0.24028551578521729,-0.10372152924537659,0.33112582781456956,13.245033112582782,30.794701986754966,19.205298013245034,11.920529801324504,12.582781456953642,10.927152317880795,0.9933774834437086
IPSL-CM6A-LR,ssp126,optimized,historical,1994,2014,seasonal_climatology,4,4,china_mask,302,0,-0.4000000059604645,-0.12649005651474,6.622516556291391,24.503311258278146,25.496688741721854,3.9735099337748343,6.622516556291391,9.271523178807946,13.907284768211921,9.602649006622517
IPSL-CM6A-LR,ssp126,optimized,mid_century,2040,2060,monthly_full,252,202,china_mask,302,0,-0.20266608893871307,-0.12497451901435852,0.0,10.264900662251655,29.801324503311257,24.503311258278146,18.211920529801326,9.933774834437086,7.28476821192053,0.0
IPSL-CM6A-LR,ssp126,optimized,mid_century,2040,2060,monthly_climatology,12,12,china_mask,302,0,-0.32867133617401123,-0.1623905897140503,0.6622516556291391,26.490066225165563,25.827814569536425,11.258278145695364,10.927152317880795,11.589403973509933,12.251655629139073,0.9933774834437086
IPSL-CM6A-LR,ssp126,optimized,mid_century,2040,2060,seasonal_full,84,68,china_mask,302,0,-0.2204616814851761,-0.1108945906162262,0.33112582781456956,16.887417218543046,27.1523178807947,17.549668874172184,14.900662251655628,11.589403973509933,10.596026490066226,0.9933774834437086
IPSL-CM6A-LR,ssp126,optimized,mid_century,2040,2060,seasonal_climatology,4,4,china_mask,302,0,-0.4000000059604645,-0.14768211543560028,10.596026490066226,21.85430463576159,25.827814569536425,1.3245033112582782,8.940397350993377,8.940397350993377,14.56953642384106,7.947019867549669
IPSL-CM6A-LR,ssp126,optimized,late_century,2080,2100,monthly_full,252,202,china_mask,302,0,-0.22005409002304077,-0.12290825694799423,0.0,8.940397350993377,31.788079470198674,25.165562913907284,15.562913907284768,10.264900662251655,8.278145695364238,0.0
IPSL-CM6A-LR,ssp126,optimized,late_century,2080,2100,monthly_climatology,12,12,china_mask,302,0,-0.33916085958480835,-0.16211271286010742,0.6622516556291391,28.14569536423841,23.509933774834437,12.582781456953642,10.927152317880795,10.596026490066226,10.927152317880795,2.6490066225165565
IPSL-CM6A-LR,ssp126,optimized,late_century,2080,2100,seasonal_full,84,68,china_mask,302,0,-0.2604839503765106,-0.10384859144687653,0.0,12.913907284768213,32.11920529801324,17.549668874172184,12.251655629139073,13.245033112582782,10.927152317880795,0.9933774834437086
IPSL-CM6A-LR,ssp126,optimized,late_century,2080,2100,seasonal_climatology,4,4,china_mask,302,0,-0.4000000059604645,-0.1357615739107132,7.947019867549669,24.172185430463575,24.503311258278146,3.642384105960265,8.940397350993377,7.6158940397351,13.57615894039735,9.602649006622517
IPSL-CM6A-LR,ssp245,paper_qm,historical,1994,2014,monthly_full,252,202,china_mask,302,0,-0.21205785870552063,-0.12342972308397293,0.0,9.602649006622517,31.125827814569536,23.841059602649008,16.556291390728475,11.258278145695364,7.6158940397351,0.0
IPSL-CM6A-LR,ssp245,paper_qm,historical,1994,2014,monthly_climatology,12,12,china_mask,302,0,-0.3426573574542999,-0.16662806272506714,0.33112582781456956,27.1523178807947,27.1523178807947,9.933774834437086,12.251655629139073,10.596026490066226,10.596026490066226,1.9867549668874172
IPSL-CM6A-LR,ssp245,paper_qm,historical,1994,2014,seasonal_full,84,68,china_mask,302,0,-0.24028551578521729,-0.10372152924537659,0.33112582781456956,13.245033112582782,30.794701986754966,19.205298013245034,11.920529801324504,12.582781456953642,10.927152317880795,0.9933774834437086
IPSL-CM6A-LR,ssp245,paper_qm,historical,1994,2014,seasonal_climatology,4,4,china_mask,302,0,-0.4000000059604645,-0.12649005651474,6.622516556291391,24.503311258278146,25.496688741721854,3.9735099337748343,6.622516556291391,9.271523178807946,13.907284768211921,9.602649006622517
IPSL-CM6A-LR,ssp245,paper_qm,mid_century,2040,2060,monthly_full,252,202,china_mask,302,0,-0.20357155799865723,-0.1416316032409668,0.0,9.271523178807946,33.443708609271525,23.509933774834437,16.556291390728475,12.251655629139073,4.966887417218543,0.0
IPSL-CM6A-LR,ssp245,paper_qm,mid_century,2040,2060,monthly_climatology,12,12,china_mask,302,0,-0.31118881702423096,-0.17186126112937927,0.0,24.503311258278146,26.490066225165563,16.225165562913908,10.927152317880795,9.933774834437086,10.927152317880795,0.9933774834437086
IPSL-CM6A-LR,ssp245,paper_qm,mid_century,2040,2060,seasonal_full,84,68,china_mask,302,0,-0.19688165187835693,-0.08777493238449097,0.33112582781456956,10.927152317880795,31.456953642384107,18.543046357615893,12.913907284768213,14.56953642384106,9.933774834437086,1.3245033112582782
IPSL-CM6A-LR,ssp245,paper_qm,mid_century,2040,2060,seasonal_climatology,4,4,china_mask,302,0,-0.4000000059604645,-0.08940396457910538,6.291390728476821,18.211920529801326,30.794701986754966,1.6556291390728477,9.602649006622517,11.920529801324504,13.57615894039735,7.947019867549669
IPSL-CM6A-LR,ssp245,paper_qm,late_century,2080,2100,monthly_full,252,202,china_mask,302,0,-0.22218260169029236,-0.14816677570343018,0.0,11.920529801324504,29.13907284768212,27.1523178807947,15.562913907284768,11.258278145695364,4.966887417218543,0.0
IPSL-CM6A-LR,ssp245,paper_qm,late_century,2080,2100,monthly_climatology,12,12,china_mask,302,0,-0.30069929361343384,-0.1783216893672943,0.6622516556291391,23.841059602649008,25.827814569536425,16.887417218543046,10.596026490066226,10.596026490066226,10.927152317880795,0.6622516556291391
IPSL-CM6A-LR,ssp245,paper_qm,late_century,2080,2100,seasonal_full,84,68,china_mask,302,0,-0.23122406005859375,-0.11804171651601791,0.0,15.894039735099337,28.47682119205298,17.218543046357617,15.562913907284768,13.245033112582782,8.940397350993377,0.6622516556291391
IPSL-CM6A-LR,ssp245,paper_qm,late_century,2080,2100,seasonal_climatology,4,4,china_mask,302,0,-0.4000000059604645,-0.13509933650493622,8.278145695364238,15.562913907284768,32.450331125827816,4.635761589403973,9.933774834437086,10.264900662251655,13.57615894039735,5.298013245033113
IPSL-CM6A-LR,ssp245,optimized,historical,1994,2014,monthly_full,252,202,china_mask,302,0,-0.21205785870552063,-0.12342972308397293,0.0,9.602649006622517,31.125827814569536,23.841059602649008,16.556291390728475,11.258278145695364,7.6158940397351,0.0
IPSL-CM6A-LR,ssp245,optimized,historical,1994,2014,monthly_climatology,12,12,china_mask,302,0,-0.3426573574542999,-0.16662806272506714,0.33112582781456956,27.1523178807947,27.1523178807947,9.933774834437086,12.251655629139073,10.596026490066226,10.596026490066226,1.9867549668874172
IPSL-CM6A-LR,ssp245,optimized,historical,1994,2014,seasonal_full,84,68,china_mask,302,0,-0.24028551578521729,-0.10372152924537659,0.33112582781456956,13.245033112582782,30.794701986754966,19.205298013245034,11.920529801324504,12.582781456953642,10.927152317880795,0.9933774834437086
IPSL-CM6A-LR,ssp245,optimized,historical,1994,2014,seasonal_climatology,4,4,china_mask,302,0,-0.4000000059604645,-0.12649005651474,6.622516556291391,24.503311258278146,25.496688741721854,3.9735099337748343,6.622516556291391,9.271523178807946,13.907284768211921,9.602649006622517
IPSL-CM6A-LR,ssp245,optimized,mid_century,2040,2060,monthly_full,252,202,china_mask,302,0,-0.19681821763515472,-0.12211930006742477,0.0,7.6158940397351,32.450331125827816,24.172185430463575,17.549668874172184,11.589403973509933,6.622516556291391,0.0
IPSL-CM6A-LR,ssp245,optimized,mid_century,2040,2060,monthly_climatology,12,12,china_mask,302,0,-0.31468531489372253,-0.15567544102668762,0.0,28.14569536423841,23.509933774834437,12.913907284768213,9.602649006622517,12.913907284768213,11.589403973509933,1.3245033112582782
IPSL-CM6A-LR,ssp245,optimized,mid_century,2040,2060,seasonal_full,84,68,china_mask,302,0,-0.2079578936100006,-0.08836424350738525,0.33112582781456956,12.582781456953642,30.132450331125828,19.205298013245034,11.258278145695364,15.562913907284768,9.271523178807946,1.6556291390728477
IPSL-CM6A-LR,ssp245,optimized,mid_century,2040,2060,seasonal_climatology,4,4,china_mask,302,0,-0.4000000059604645,-0.10927151143550873,7.6158940397351,21.192052980132452,27.483443708609272,2.3178807947019866,8.609271523178808,9.933774834437086,13.57615894039735,9.271523178807946
IPSL-CM6A-LR,ssp245,optimized,late_century,2080,2100,monthly_full,252,202,china_mask,302,0,-0.193255215883255,-0.12221663445234299,0.0,8.940397350993377,29.801324503311257,26.821192052980134,17.218543046357617,10.264900662251655,6.953642384105961,0.0
IPSL-CM6A-LR,ssp245,optimized,late_century,2080,2100,monthly_climatology,12,12,china_mask,302,0,-0.28321677446365356,-0.15873199701309204,0.9933774834437086,25.827814569536425,22.516556291390728,14.900662251655628,12.251655629139073,10.596026490066226,10.927152317880795,1.9867549668874172
IPSL-CM6A-LR,ssp245,optimized,late_century,2080,2100,seasonal_full,84,68,china_mask,302,0,-0.220117449760437,-0.11003983020782471,0.33112582781456956,14.56953642384106,29.13907284768212,18.543046357615893,13.245033112582782,12.251655629139073,10.927152317880795,0.9933774834437086
IPSL-CM6A-LR,ssp245,optimized,late_century,2080,2100,seasonal_climatology,4,4,china_mask,302,0,-0.4000000059604645,-0.12119204550981522,7.947019867549669,19.205298013245034,29.47019867549669,2.6490066225165565,9.602649006622517,9.933774834437086,14.23841059602649,6.953642384105961
IPSL-CM6A-LR,ssp585,paper_qm,historical,1994,2014,monthly_full,252,202,china_mask,302,0,-0.21205785870552063,-0.12342972308397293,0.0,9.602649006622517,31.125827814569536,23.841059602649008,16.556291390728475,11.258278145695364,7.6158940397351,0.0
IPSL-CM6A-LR,ssp585,paper_qm,historical,1994,2014,monthly_climatology,12,12,china_mask,302,0,-0.3426573574542999,-0.16662806272506714,0.33112582781456956,27.1523178807947,27.1523178807947,9.933774834437086,12.251655629139073,10.596026490066226,10.596026490066226,1.9867549668874172
IPSL-CM6A-LR,ssp585,paper_qm,historical,1994,2014,seasonal_full,84,68,china_mask,302,0,-0.24028551578521729,-0.10372152924537659,0.33112582781456956,13.245033112582782,30.794701986754966,19.205298013245034,11.920529801324504,12.582781456953642,10.927152317880795,0.9933774834437086
IPSL-CM6A-LR,ssp585,paper_qm,historical,1994,2014,seasonal_climatology,4,4,china_mask,302,0,-0.4000000059604645,-0.12649005651474,6.622516556291391,24.503311258278146,25.496688741721854,3.9735099337748343,6.622516556291391,9.271523178807946,13.907284768211921,9.602649006622517
IPSL-CM6A-LR,ssp585,paper_qm,mid_century,2040,2060,monthly_full,252,202,china_mask,302,0,-0.22419863939285278,-0.13473540544509888,0.0,10.596026490066226,30.132450331125828,24.834437086092716,16.887417218543046,10.264900662251655,7.28476821192053,0.0
IPSL-CM6A-LR,ssp585,paper_qm,mid_century,2040,2060,monthly_climatology,12,12,china_mask,302,0,-0.31468531489372253,-0.16792479157447815,0.6622516556291391,25.496688741721854,24.834437086092716,14.23841059602649,13.245033112582782,9.602649006622517,9.933774834437086,1.9867549668874172
IPSL-CM6A-LR,ssp585,paper_qm,mid_century,2040,2060,seasonal_full,84,68,china_mask,302,0,-0.26545509696006775,-0.09480530768632889,0.6622516556291391,12.582781456953642,31.788079470198674,16.225165562913908,13.245033112582782,13.57615894039735,10.927152317880795,0.9933774834437086
IPSL-CM6A-LR,ssp585,paper_qm,mid_century,2040,2060,seasonal_climatology,4,4,china_mask,302,0,-0.4000000059604645,-0.09867549687623978,6.291390728476821,17.880794701986755,31.125827814569536,3.9735099337748343,9.602649006622517,7.947019867549669,14.56953642384106,8.609271523178808
IPSL-CM6A-LR,ssp585,paper_qm,late_century,2080,2100,monthly_full,252,202,china_mask,302,0,-0.20812776684761047,-0.15813396871089935,0.0,15.562913907284768,26.158940397350992,25.827814569536425,15.562913907284768,12.913907284768213,3.9735099337748343,0.0
IPSL-CM6A-LR,ssp585,paper_qm,late_century,2080,2100,monthly_climatology,12,12,china_mask,302,0,-0.30069929361343384,-0.1780206561088562,0.0,24.834437086092716,26.158940397350992,14.900662251655628,13.907284768211921,10.927152317880795,8.609271523178808,0.6622516556291391
IPSL-CM6A-LR,ssp585,paper_qm,late_century,2080,2100,seasonal_full,84,68,china_mask,302,0,-0.17271438241004944,-0.1039997935295105,0.33112582781456956,16.887417218543046,24.172185430463575,17.549668874172184,16.556291390728475,15.2317880794702,8.609271523178808,0.6622516556291391
IPSL-CM6A-LR,ssp585,paper_qm,late_century,2080,2100,seasonal_climatology,4,4,china_mask,302,0,-0.4000000059604645,-0.10331124812364578,4.304635761589404,21.192052980132452,26.490066225165563,4.635761589403973,10.927152317880795,13.57615894039735,13.57615894039735,5.298013245033113
IPSL-CM6A-LR,ssp585,optimized,historical,1994,2014,monthly_full,252,202,china_mask,302,0,-0.21205785870552063,-0.12342972308397293,0.0,9.602649006622517,31.125827814569536,23.841059602649008,16.556291390728475,11.258278145695364,7.6158940397351,0.0
IPSL-CM6A-LR,ssp585,optimized,historical,1994,2014,monthly_climatology,12,12,china_mask,302,0,-0.3426573574542999,-0.16662806272506714,0.33112582781456956,27.1523178807947,27.1523178807947,9.933774834437086,12.251655629139073,10.596026490066226,10.596026490066226,1.9867549668874172
IPSL-CM6A-LR,ssp585,optimized,historical,1994,2014,seasonal_full,84,68,china_mask,302,0,-0.24028551578521729,-0.10372152924537659,0.33112582781456956,13.245033112582782,30.794701986754966,19.205298013245034,11.920529801324504,12.582781456953642,10.927152317880795,0.9933774834437086
IPSL-CM6A-LR,ssp585,optimized,historical,1994,2014,seasonal_climatology,4,4,china_mask,302,0,-0.4000000059604645,-0.12649005651474,6.622516556291391,24.503311258278146,25.496688741721854,3.9735099337748343,6.622516556291391,9.271523178807946,13.907284768211921,9.602649006622517
IPSL-CM6A-LR,ssp585,optimized,mid_century,2040,2060,monthly_full,252,202,china_mask,302,0,-0.20811203122138977,-0.12194958329200745,0.0,10.264900662251655,29.47019867549669,25.165562913907284,16.887417218543046,10.596026490066226,7.6158940397351,0.0
IPSL-CM6A-LR,ssp585,optimized,mid_century,2040,2060,monthly_climatology,12,12,china_mask,302,0,-0.3321678340435028,-0.1634557545185089,0.9933774834437086,26.821192052980134,24.834437086092716,12.582781456953642,9.602649006622517,11.920529801324504,10.927152317880795,2.3178807947019866
IPSL-CM6A-LR,ssp585,optimized,mid_century,2040,2060,seasonal_full,84,68,china_mask,302,0,-0.26376432180404663,-0.10738889127969742,0.33112582781456956,12.913907284768213,34.10596026490066,14.56953642384106,13.57615894039735,12.913907284768213,10.596026490066226,0.9933774834437086
IPSL-CM6A-LR,ssp585,optimized,mid_century,2040,2060,seasonal_climatology,4,4,china_mask,302,0,-0.4000000059604645,-0.12052977830171585,8.278145695364238,19.5364238410596,28.807947019867548,2.980132450331126,10.264900662251655,7.947019867549669,13.57615894039735,8.609271523178808
IPSL-CM6A-LR,ssp585,optimized,late_century,2080,2100,monthly_full,252,202,china_mask,302,0,-0.21457329392433167,-0.13978351652622223,0.0,13.907284768211921,27.1523178807947,23.509933774834437,18.874172185430464,10.596026490066226,5.960264900662252,0.0
IPSL-CM6A-LR,ssp585,optimized,late_century,2080,2100,monthly_climatology,12,12,china_mask,302,0,-0.32867133617401123,-0.1718844175338745,0.33112582781456956,28.47682119205298,22.516556291390728,14.56953642384106,10.596026490066226,11.258278145695364,9.933774834437086,2.3178807947019866
IPSL-CM6A-LR,ssp585,optimized,late_century,2080,2100,seasonal_full,84,68,china_mask,302,0,-0.22548344731330872,-0.11260288953781128,0.33112582781456956,16.225165562913908,27.814569536423843,16.556291390728475,14.900662251655628,12.913907284768213,10.264900662251655,0.9933774834437086
IPSL-CM6A-LR,ssp585,optimized,late_century,2080,2100,seasonal_climatology,4,4,china_mask,302,0,-0.4000000059604645,-0.12649005651474,6.291390728476821,23.841059602649008,24.834437086092716,2.6490066225165565,10.927152317880795,11.589403973509933,12.582781456953642,7.28476821192053
KACE-1-0-G,ssp126,paper_qm,historical,1994,2014,monthly_full,252,202,china_mask,407,0,-0.1641407310962677,-0.07859921455383301,0.0,7.371007371007371,29.484029484029485,25.307125307125308,14.987714987714988,13.75921375921376,9.090909090909092,0.0
KACE-1-0-G,ssp126,paper_qm,historical,1994,2014,monthly_climatology,12,12,china_mask,407,0,-0.31468531489372253,-0.1578667163848877,0.0,28.74692874692875,23.095823095823096,14.25061425061425,8.353808353808354,10.565110565110565,12.776412776412776,2.211302211302211
KACE-1-0-G,ssp126,paper_qm,historical,1994,2014,seasonal_full,84,68,china_mask,407,0,-0.17991292476654053,-0.06775735318660736,0.0,14.496314496314497,27.51842751842752,19.656019656019655,11.056511056511056,12.285012285012286,13.513513513513514,1.4742014742014742
KACE-1-0-G,ssp126,paper_qm,historical,1994,2014,seasonal_climatology,4,4,china_mask,407,0,-0.4000000059604645,-0.14250613749027252,6.388206388206388,25.061425061425062,26.044226044226043,4.176904176904177,7.862407862407863,9.090909090909092,12.039312039312039,9.336609336609337
KACE-1-0-G,ssp126,paper_qm,mid_century,2040,2060,monthly_full,252,202,china_mask,407,0,-0.24517177045345306,-0.16774597764015198,0.0,15.97051597051597,31.203931203931205,21.62162162162162,12.776412776412776,12.776412776412776,5.651105651105651,0.0
KACE-1-0-G,ssp126,paper_qm,mid_century,2040,2060,monthly_climatology,12,12,china_mask,407,0,-0.3636363744735718,-0.2192402184009552,0.7371007371007371,32.432432432432435,21.375921375921376,14.987714987714988,10.073710073710073,8.845208845208845,10.565110565110565,0.9828009828009828
KACE-1-0-G,ssp126,paper_qm,mid_century,2040,2060,seasonal_full,84,68,china_mask,407,0,-0.2872329652309418,-0.16035476326942444,0.2457002457002457,24.815724815724817,24.324324324324323,15.724815724815725,13.267813267813267,10.565110565110565,10.073710073710073,0.9828009828009828
KACE-1-0-G,ssp126,paper_qm,mid_century,2040,2060,seasonal_climatology,4,4,china_mask,407,0,-0.4000000059604645,-0.2270270437002182,11.302211302211303,25.798525798525798,23.34152334152334,2.9484029484029484,10.81081081081081,9.828009828009828,10.31941031941032,5.651105651105651
KACE-1-0-G,ssp126,paper_qm,late_century,2080,2100,monthly_full,252,202,china_mask,407,0,-0.30497097969055176,-0.19365082681179047,0.0,17.1990171990172,33.415233415233416,20.63882063882064,11.547911547911548,12.285012285012286,4.914004914004914,0.0
KACE-1-0-G,ssp126,paper_qm,late_century,2080,2100,monthly_climatology,12,12,china_mask,407,0,-0.4195804297924042,-0.256164014339447,0.7371007371007371,34.643734643734646,21.867321867321866,14.004914004914005,9.582309582309582,8.5995085995086,9.828009828009828,0.7371007371007371
KACE-1-0-G,ssp126,paper_qm,late_century,2080,2100,seasonal_full,84,68,china_mask,407,0,-0.33131518959999084,-0.20353856682777405,0.2457002457002457,26.044226044226043,27.027027027027028,16.707616707616708,10.565110565110565,9.828009828009828,8.5995085995086,0.9828009828009828
KACE-1-0-G,ssp126,paper_qm,late_century,2080,2100,seasonal_climatology,4,4,china_mask,407,0,-0.4000000059604645,-0.30565109848976135,16.461916461916463,26.781326781326783,21.375921375921376,3.9312039312039313,8.5995085995086,9.828009828009828,8.108108108108109,4.914004914004914
KACE-1-0-G,ssp126,optimized,historical,1994,2014,monthly_full,252,202,china_mask,407,0,-0.1641407310962677,-0.07859921455383301,0.0,7.371007371007371,29.484029484029485,25.307125307125308,14.987714987714988,13.75921375921376,9.090909090909092,0.0
KACE-1-0-G,ssp126,optimized,historical,1994,2014,monthly_climatology,12,12,china_mask,407,0,-0.31468531489372253,-0.1578667163848877,0.0,28.74692874692875,23.095823095823096,14.25061425061425,8.353808353808354,10.565110565110565,12.776412776412776,2.211302211302211
KACE-1-0-G,ssp126,optimized,historical,1994,2014,seasonal_full,84,68,china_mask,407,0,-0.17991292476654053,-0.06775735318660736,0.0,14.496314496314497,27.51842751842752,19.656019656019655,11.056511056511056,12.285012285012286,13.513513513513514,1.4742014742014742
KACE-1-0-G,ssp126,optimized,historical,1994,2014,seasonal_climatology,4,4,china_mask,407,0,-0.4000000059604645,-0.14250613749027252,6.388206388206388,25.061425061425062,26.044226044226043,4.176904176904177,7.862407862407863,9.090909090909092,12.039312039312039,9.336609336609337
KACE-1-0-G,ssp126,optimized,mid_century,2040,2060,monthly_full,252,202,china_mask,407,0,-0.19492816925048828,-0.10136115550994873,0.0,8.845208845208845,28.992628992628994,26.28992628992629,15.47911547911548,12.285012285012286,8.108108108108109,0.0
KACE-1-0-G,ssp126,optimized,mid_century,2040,2060,monthly_climatology,12,12,china_mask,407,0,-0.32867133617401123,-0.17144034802913666,0.4914004914004914,28.992628992628994,22.11302211302211,15.47911547911548,8.845208845208845,9.336609336609337,13.267813267813267,1.4742014742014742
KACE-1-0-G,ssp126,optimized,mid_century,2040,2060,seasonal_full,84,68,china_mask,407,0,-0.2127569168806076,-0.09212085604667664,0.0,15.97051597051597,27.51842751842752,18.91891891891892,13.022113022113022,10.81081081081081,12.776412776412776,0.9828009828009828
KACE-1-0-G,ssp126,optimized,mid_century,2040,2060,seasonal_climatology,4,4,china_mask,407,0,-0.4000000059604645,-0.1744471788406372,10.81081081081081,22.11302211302211,24.324324324324323,3.9312039312039313,11.302211302211303,8.845208845208845,10.565110565110565,8.108108108108109
KACE-1-0-G,ssp126,optimized,late_century,2080,2100,monthly_full,252,202,china_mask,407,0,-0.2027725726366043,-0.11773090064525604,0.0,9.090909090909092,31.44963144963145,25.061425061425062,14.987714987714988,10.81081081081081,8.5995085995086,0.0
KACE-1-0-G,ssp126,optimized,late_century,2080,2100,monthly_climatology,12,12,china_mask,407,0,-0.3916083872318268,-0.20424050092697144,0.7371007371007371,30.466830466830466,23.587223587223587,14.25061425061425,7.371007371007371,11.302211302211303,10.073710073710073,2.211302211302211
KACE-1-0-G,ssp126,optimized,late_century,2080,2100,seasonal_full,84,68,china_mask,407,0,-0.2436569780111313,-0.12197960168123245,0.0,17.444717444717444,27.51842751842752,20.884520884520885,11.547911547911548,10.073710073710073,11.302211302211303,1.2285012285012284
KACE-1-0-G,ssp126,optimized,late_century,2080,2100,seasonal_climatology,4,4,china_mask,407,0,-0.4000000059604645,-0.2270270437002182,14.004914004914005,24.078624078624077,21.867321867321866,4.422604422604422,9.336609336609337,9.336609336609337,8.5995085995086,8.353808353808354
KACE-1-0-G,ssp245,paper_qm,historical,1994,2014,monthly_full,252,202,china_mask,407,0,-0.1641407310962677,-0.07859921455383301,0.0,7.371007371007371,29.484029484029485,25.307125307125308,14.987714987714988,13.75921375921376,9.090909090909092,0.0
KACE-1-0-G,ssp245,paper_qm,historical,1994,2014,monthly_climatology,12,12,china_mask,407,0,-0.31468531489372253,-0.1578667163848877,0.0,28.74692874692875,23.095823095823096,14.25061425061425,8.353808353808354,10.565110565110565,12.776412776412776,2.211302211302211
KACE-1-0-G,ssp245,paper_qm,historical,1994,2014,seasonal_full,84,68,china_mask,407,0,-0.17991292476654053,-0.06775735318660736,0.0,14.496314496314497,27.51842751842752,19.656019656019655,11.056511056511056,12.285012285012286,13.513513513513514,1.4742014742014742
KACE-1-0-G,ssp245,paper_qm,historical,1994,2014,seasonal_climatology,4,4,china_mask,407,0,-0.4000000059604645,-0.14250613749027252,6.388206388206388,25.061425061425062,26.044226044226043,4.176904176904177,7.862407862407863,9.090909090909092,12.039312039312039,9.336609336609337
KACE-1-0-G,ssp245,paper_qm,mid_century,2040,2060,monthly_full,252,202,china_mask,407,0,-0.23895083367824554,-0.15639030933380127,0.0,14.987714987714988,29.72972972972973,21.13022113022113,15.233415233415233,14.004914004914005,4.914004914004914,0.0
KACE-1-0-G,ssp245,paper_qm,mid_century,2040,2060,monthly_climatology,12,12,china_mask,407,0,-0.3426573574542999,-0.20901702344417572,0.7371007371007371,30.22113022113022,22.35872235872236,15.47911547911548,10.565110565110565,10.31941031941032,9.582309582309582,0.7371007371007371
KACE-1-0-G,ssp245,paper_qm,mid_century,2040,2060,seasonal_full,84,68,china_mask,407,0,-0.29555532336235046,-0.1694352626800537,0.2457002457002457,22.85012285012285,26.535626535626534,17.936117936117935,12.039312039312039,10.31941031941032,8.845208845208845,1.2285012285012284
KACE-1-0-G,ssp245,paper_qm,mid_century,2040,2060,seasonal_climatology,4,4,china_mask,407,0,-0.4000000059604645,-0.2348894327878952,9.582309582309582,28.00982800982801,22.11302211302211,4.914004914004914,10.31941031941032,9.336609336609337,11.302211302211303,4.422604422604422
KACE-1-0-G,ssp245,paper_qm,late_century,2080,2100,monthly_full,252,202,china_mask,407,0,-0.2405300736427307,-0.17426539957523346,0.0,19.41031941031941,26.044226044226043,23.34152334152334,13.75921375921376,11.793611793611793,5.651105651105651,0.0
KACE-1-0-G,ssp245,paper_qm,late_century,2080,2100,monthly_climatology,12,12,china_mask,407,0,-0.3636363744735718,-0.21992748975753784,1.4742014742014742,32.67813267813268,19.656019656019655,14.25061425061425,10.81081081081081,9.090909090909092,11.056511056511056,0.9828009828009828
KACE-1-0-G,ssp245,paper_qm,late_century,2080,2100,seasonal_full,84,68,china_mask,407,0,-0.27874860167503357,-0.1584332138299942,0.2457002457002457,24.324324324324323,23.34152334152334,18.42751842751843,11.302211302211303,10.31941031941032,11.547911547911548,0.4914004914004914
KACE-1-0-G,ssp245,paper_qm,late_century,2080,2100,seasonal_climatology,4,4,china_mask,407,0,-0.4000000059604645,-0.23194102942943573,14.742014742014742,25.798525798525798,17.69041769041769,4.422604422604422,10.073710073710073,9.090909090909092,12.776412776412776,5.405405405405405
KACE-1-0-G,ssp245,optimized,historical,1994,2014,monthly_full,252,202,china_mask,407,0,-0.1641407310962677,-0.07859921455383301,0.0,7.371007371007371,29.484029484029485,25.307125307125308,14.987714987714988,13.75921375921376,9.090909090909092,0.0
KACE-1-0-G,ssp245,optimized,historical,1994,2014,monthly_climatology,12,12,china_mask,407,0,-0.31468531489372253,-0.1578667163848877,0.0,28.74692874692875,23.095823095823096,14.25061425061425,8.353808353808354,10.565110565110565,12.776412776412776,2.211302211302211
KACE-1-0-G,ssp245,optimized,historical,1994,2014,seasonal_full,84,68,china_mask,407,0,-0.17991292476654053,-0.06775735318660736,0.0,14.496314496314497,27.51842751842752,19.656019656019655,11.056511056511056,12.285012285012286,13.513513513513514,1.4742014742014742
KACE-1-0-G,ssp245,optimized,historical,1994,2014,seasonal_climatology,4,4,china_mask,407,0,-0.4000000059604645,-0.14250613749027252,6.388206388206388,25.061425061425062,26.044226044226043,4.176904176904177,7.862407862407863,9.090909090909092,12.039312039312039,9.336609336609337
KACE-1-0-G,ssp245,optimized,mid_century,2040,2060,monthly_full,252,202,china_mask,407,0,-0.18721650540828705,-0.09276217222213745,0.0,8.5995085995086,28.255528255528255,27.027027027027028,15.724815724815725,12.039312039312039,8.353808353808354,0.0
KACE-1-0-G,ssp245,optimized,mid_century,2040,2060,monthly_climatology,12,12,china_mask,407,0,-0.3216783106327057,-0.1690005362033844,0.7371007371007371,27.272727272727273,23.34152334152334,15.724815724815725,7.862407862407863,12.039312039312039,11.547911547911548,1.4742014742014742
KACE-1-0-G,ssp245,optimized,mid_century,2040,2060,seasonal_full,84,68,china_mask,407,0,-0.21943910419940948,-0.10043385624885559,0.0,15.233415233415233,28.00982800982801,21.375921375921376,11.547911547911548,11.056511056511056,11.793611793611793,0.9828009828009828
KACE-1-0-G,ssp245,optimized,mid_century,2040,2060,seasonal_climatology,4,4,china_mask,407,0,-0.4000000059604645,-0.18722359836101532,8.845208845208845,26.28992628992629,22.35872235872236,5.896805896805897,8.845208845208845,9.828009828009828,10.81081081081081,7.125307125307125
KACE-1-0-G,ssp245,optimized,late_century,2080,2100,monthly_full,252,202,china_mask,407,0,-0.19781367480754852,-0.10501418262720108,0.0,10.81081081081081,27.272727272727273,26.535626535626534,14.742014742014742,12.285012285012286,8.353808353808354,0.0
KACE-1-0-G,ssp245,optimized,late_century,2080,2100,monthly_climatology,12,12,china_mask,407,0,-0.3216783106327057,-0.17688700556755066,1.2285012285012284,30.22113022113022,20.147420147420146,14.742014742014742,9.090909090909092,10.31941031941032,12.285012285012286,1.9656019656019657
KACE-1-0-G,ssp245,optimized,late_century,2080,2100,seasonal_full,84,68,china_mask,407,0,-0.21666498482227325,-0.08514253050088882,0.2457002457002457,16.216216216216218,25.552825552825553,21.13022113022113,11.547911547911548,10.81081081081081,13.513513513513514,0.9828009828009828
KACE-1-0-G,ssp245,optimized,late_century,2080,2100,seasonal_climatology,4,4,china_mask,407,0,-0.4000000059604645,-0.17592139542102814,11.302211302211303,23.832923832923832,21.375921375921376,4.422604422604422,10.81081081081081,8.353808353808354,11.056511056511056,8.845208845208845
KACE-1-0-G,ssp585,paper_qm,historical,1994,2014,monthly_full,252,202,china_mask,407,0,-0.1641407310962677,-0.07859921455383301,0.0,7.371007371007371,29.484029484029485,25.307125307125308,14.987714987714988,13.75921375921376,9.090909090909092,0.0
KACE-1-0-G,ssp585,paper_qm,historical,1994,2014,monthly_climatology,12,12,china_mask,407,0,-0.31468531489372253,-0.1578667163848877,0.0,28.74692874692875,23.095823095823096,14.25061425061425,8.353808353808354,10.565110565110565,12.776412776412776,2.211302211302211
KACE-1-0-G,ssp585,paper_qm,historical,1994,2014,seasonal_full,84,68,china_mask,407,0,-0.17991292476654053,-0.06775735318660736,0.0,14.496314496314497,27.51842751842752,19.656019656019655,11.056511056511056,12.285012285012286,13.513513513513514,1.4742014742014742
KACE-1-0-G,ssp585,paper_qm,historical,1994,2014,seasonal_climatology,4,4,china_mask,407,0,-0.4000000059604645,-0.14250613749027252,6.388206388206388,25.061425061425062,26.044226044226043,4.176904176904177,7.862407862407863,9.090909090909092,12.039312039312039,9.336609336609337
KACE-1-0-G,ssp585,paper_qm,mid_century,2040,2060,monthly_full,252,202,china_mask,407,0,-0.2242211252450943,-0.15257671475410461,0.0,14.742014742014742,29.975429975429975,21.62162162162162,14.742014742014742,13.022113022113022,5.896805896805897,0.0
KACE-1-0-G,ssp585,paper_qm,mid_century,2040,2060,monthly_climatology,12,12,china_mask,407,0,-0.3356643319129944,-0.21015103161334991,0.7371007371007371,30.71253071253071,21.867321867321866,15.47911547911548,9.828009828009828,10.565110565110565,9.582309582309582,1.2285012285012284
KACE-1-0-G,ssp585,paper_qm,mid_century,2040,2060,seasonal_full,84,68,china_mask,407,0,-0.2836286425590515,-0.1578923761844635,0.0,22.604422604422606,25.798525798525798,17.444717444717444,12.530712530712531,10.31941031941032,10.073710073710073,1.2285012285012284
KACE-1-0-G,ssp585,paper_qm,mid_century,2040,2060,seasonal_climatology,4,4,china_mask,407,0,-0.4000000059604645,-0.22850123047828674,11.547911547911548,26.28992628992629,20.884520884520885,5.405405405405405,9.828009828009828,10.073710073710073,11.056511056511056,4.914004914004914
KACE-1-0-G,ssp585,paper_qm,late_century,2080,2100,monthly_full,252,202,china_mask,407,0,-0.24447888135910034,-0.15193907916545868,0.0,15.97051597051597,29.23832923832924,19.656019656019655,14.987714987714988,15.47911547911548,4.6683046683046685,0.0
KACE-1-0-G,ssp585,paper_qm,late_century,2080,2100,monthly_climatology,12,12,china_mask,407,0,-0.3216783106327057,-0.1964055895805359,0.2457002457002457,29.23832923832924,21.867321867321866,14.987714987714988,12.776412776412776,11.302211302211303,9.090909090909092,0.4914004914004914
KACE-1-0-G,ssp585,paper_qm,late_century,2080,2100,seasonal_full,84,68,china_mask,407,0,-0.2569606304168701,-0.15345269441604614,0.4914004914004914,23.34152334152334,22.604422604422606,18.181818181818183,12.776412776412776,12.039312039312039,10.073710073710073,0.4914004914004914
KACE-1-0-G,ssp585,paper_qm,late_century,2080,2100,seasonal_climatology,4,4,china_mask,407,0,-0.4000000059604645,-0.21572482585906982,14.004914004914005,20.393120393120395,21.867321867321866,4.914004914004914,12.039312039312039,12.530712530712531,10.31941031941032,3.9312039312039313
KACE-1-0-G,ssp585,optimized,historical,1994,2014,monthly_full,252,202,china_mask,407,0,-0.1641407310962677,-0.07859921455383301,0.0,7.371007371007371,29.484029484029485,25.307125307125308,14.987714987714988,13.75921375921376,9.090909090909092,0.0
KACE-1-0-G,ssp585,optimized,historical,1994,2014,monthly_climatology,12,12,china_mask,407,0,-0.31468531489372253,-0.1578667163848877,0.0,28.74692874692875,23.095823095823096,14.25061425061425,8.353808353808354,10.565110565110565,12.776412776412776,2.211302211302211
KACE-1-0-G,ssp585,optimized,historical,1994,2014,seasonal_full,84,68,china_mask,407,0,-0.17991292476654053,-0.06775735318660736,0.0,14.496314496314497,27.51842751842752,19.656019656019655,11.056511056511056,12.285012285012286,13.513513513513514,1.4742014742014742
KACE-1-0-G,ssp585,optimized,historical,1994,2014,seasonal_climatology,4,4,china_mask,407,0,-0.4000000059604645,-0.14250613749027252,6.388206388206388,25.061425061425062,26.044226044226043,4.176904176904177,7.862407862407863,9.090909090909092,12.039312039312039,9.336609336609337
KACE-1-0-G,ssp585,optimized,mid_century,2040,2060,monthly_full,252,202,china_mask,407,0,-0.17719373106956482,-0.09365874528884888,0.0,8.845208845208845,27.272727272727273,28.255528255528255,15.47911547911548,11.547911547911548,8.5995085995086,0.0
KACE-1-0-G,ssp585,optimized,mid_century,2040,2060,monthly_climatology,12,12,china_mask,407,0,-0.3356643319129944,-0.1778491735458374,1.2285012285012284,27.764127764127764,24.324324324324323,12.776412776412776,10.073710073710073,11.302211302211303,10.81081081081081,1.71990171990172
KACE-1-0-G,ssp585,optimized,mid_century,2040,2060,seasonal_full,84,68,china_mask,407,0,-0.21431608498096466,-0.09752242267131805,0.0,17.1990171990172,24.815724815724817,20.884520884520885,13.513513513513514,11.056511056511056,11.302211302211303,1.2285012285012284
KACE-1-0-G,ssp585,optimized,mid_century,2040,2060,seasonal_climatology,4,4,china_mask,407,0,-0.4000000059604645,-0.198034405708313,12.039312039312039,22.85012285012285,23.095823095823096,4.6683046683046685,10.81081081081081,9.828009828009828,8.845208845208845,7.862407862407863
KACE-1-0-G,ssp585,optimized,late_century,2080,2100,monthly_full,252,202,china_mask,407,0,-0.16632209718227386,-0.08957765251398087,0.0,9.828009828009828,27.027027027027028,25.552825552825553,15.97051597051597,14.004914004914005,7.616707616707616,0.0
KACE-1-0-G,ssp585,optimized,late_century,2080,2100,monthly_climatology,12,12,china_mask,407,0,-0.3076923191547394,-0.15735125541687012,0.7371007371007371,26.044226044226043,24.078624078624077,14.742014742014742,10.81081081081081,9.582309582309582,12.530712530712531,1.4742014742014742
KACE-1-0-G,ssp585,optimized,late_century,2080,2100,seasonal_full,84,68,china_mask,407,0,-0.1844487190246582,-0.08773545920848846,0.0,17.444717444717444,25.061425061425062,18.91891891891892,13.267813267813267,12.285012285012286,12.039312039312039,0.9828009828009828
KACE-1-0-G,ssp585,optimized,late_century,2080,2100,seasonal_climatology,4,4,china_mask,407,0,-0.4000000059604645,-0.16019655764102936,11.302211302211303,21.375921375921376,23.095823095823096,3.43980343980344,11.547911547911548,11.547911547911548,8.5995085995086,9.090909090909092
MPI-ESM1-2-HR,ssp126,paper_qm,historical,1994,2014,monthly_full,252,202,china_mask,1083,0,-0.1886172592639923,-0.09673532843589783,0.0,5.355493998153278,33.88734995383195,25.300092336103415,15.69713758079409,11.54201292705448,8.21791320406279,0.0
MPI-ESM1-2-HR,ssp126,paper_qm,historical,1994,2014,monthly_climatology,12,12,china_mask,1083,0,-0.32867133617401123,-0.14545196294784546,0.4616805170821791,25.20775623268698,25.85410895660203,13.665743305632502,9.695290858725762,10.526315789473685,12.18836565096953,2.4007386888273317
MPI-ESM1-2-HR,ssp126,paper_qm,historical,1994,2014,seasonal_full,84,68,china_mask,1083,0,-0.2061152160167694,-0.08108498156070709,0.0,9.787626962142198,33.88734995383195,19.02123730378578,13.388734995383194,11.54201292705448,11.449676823638043,0.9233610341643582
MPI-ESM1-2-HR,ssp126,paper_qm,historical,1994,2014,seasonal_climatology,4,4,china_mask,1083,0,-0.4000000059604645,-0.1240997165441513,6.648199445983379,22.253000923361036,26.50046168051708,3.4164358264081254,10.61865189289012,10.895660203139428,9.879963065558634,9.787626962142198
MPI-ESM1-2-HR,ssp126,paper_qm,mid_century,2040,2060,monthly_full,252,202,china_mask,1083,0,-0.21080069243907928,-0.12551277875900269,0.0,10.156971375807942,32.225300092336106,22.991689750692522,15.974145891043397,10.895660203139428,7.756232686980609,0.0
MPI-ESM1-2-HR,ssp126,paper_qm,mid_century,2040,2060,monthly_climatology,12,12,china_mask,1083,0,-0.3356643319129944,-0.18084315955638885,0.9233610341643582,27.977839335180054,24.099722991689752,14.219759926131117,9.787626962142198,9.32594644506002,11.634349030470915,2.0313942751615883
MPI-ESM1-2-HR,ssp126,paper_qm,mid_century,2040,2060,seasonal_full,84,68,china_mask,1083,0,-0.2514326274394989,-0.11326482892036438,0.0,12.927054478301015,33.61034164358264,17.54385964912281,13.850415512465373,9.787626962142198,11.634349030470915,0.6463527239150508
MPI-ESM1-2-HR,ssp126,paper_qm,mid_century,2040,2060,seasonal_climatology,4,4,china_mask,1083,0,-0.4000000059604645,-0.1643582582473755,7.663896583564173,24.56140350877193,25.20775623268698,3.508771929824561,11.634349030470915,7.848568790397045,11.54201292705448,8.033240997229917
MPI-ESM1-2-HR,ssp126,paper_qm,late_century,2080,2100,monthly_full,252,202,china_mask,1083,0,-0.22803497314453125,-0.13579373061656952,0.0,10.341643582640813,33.61034164358264,23.08402585410896,14.58910433979686,10.895660203139428,7.479224376731302,0.0
MPI-ESM1-2-HR,ssp126,paper_qm,late_century,2080,2100,monthly_climatology,12,12,china_mask,1083,0,-0.32867133617401123,-0.17780834436416626,0.7386888273314867,25.946445060018466,25.946445060018466,14.312096029547552,10.341643582640813,8.21791320406279,13.01939058171745,1.4773776546629733
MPI-ESM1-2-HR,ssp126,paper_qm,late_century,2080,2100,seasonal_full,84,68,china_mask,1083,0,-0.2554216980934143,-0.11425088346004486,0.0,13.296398891966758,32.225300092336106,19.852262234533704,12.280701754385966,10.710987996306557,10.987996306555864,0.6463527239150508
MPI-ESM1-2-HR,ssp126,paper_qm,late_century,2080,2100,seasonal_climatology,4,4,china_mask,1083,0,-0.4000000059604645,-0.1918744444847107,6.001846722068329,27.42382271468144,26.131117266851337,4.616805170821792,9.233610341643583,9.048938134810712,9.97229916897507,7.571560480147737
MPI-ESM1-2-HR,ssp126,optimized,historical,1994,2014,monthly_full,252,202,china_mask,1083,0,-0.1886172592639923,-0.09673532843589783,0.0,5.355493998153278,33.88734995383195,25.300092336103415,15.69713758079409,11.54201292705448,8.21791320406279,0.0
MPI-ESM1-2-HR,ssp126,optimized,historical,1994,2014,monthly_climatology,12,12,china_mask,1083,0,-0.32867133617401123,-0.14545196294784546,0.4616805170821791,25.20775623268698,25.85410895660203,13.665743305632502,9.695290858725762,10.526315789473685,12.18836565096953,2.4007386888273317
MPI-ESM1-2-HR,ssp126,optimized,historical,1994,2014,seasonal_full,84,68,china_mask,1083,0,-0.2061152160167694,-0.08108498156070709,0.0,9.787626962142198,33.88734995383195,19.02123730378578,13.388734995383194,11.54201292705448,11.449676823638043,0.9233610341643582
MPI-ESM1-2-HR,ssp126,optimized,historical,1994,2014,seasonal_climatology,4,4,china_mask,1083,0,-0.4000000059604645,-0.1240997165441513,6.648199445983379,22.253000923361036,26.50046168051708,3.4164358264081254,10.61865189289012,10.895660203139428,9.879963065558634,9.787626962142198
MPI-ESM1-2-HR,ssp126,optimized,mid_century,2040,2060,monthly_full,252,202,china_mask,1083,0,-0.19261331856250763,-0.10230042040348053,0.0,8.033240997229917,31.85595567867036,24.099722991689752,15.974145891043397,11.72668513388735,8.310249307479225,0.0
MPI-ESM1-2-HR,ssp126,optimized,mid_century,2040,2060,monthly_climatology,12,12,china_mask,1083,0,-0.3426573574542999,-0.16964013874530792,0.6463527239150508,28.162511542012926,24.099722991689752,13.204062788550322,10.064635272391506,9.32594644506002,12.557710064635272,1.9390581717451523
MPI-ESM1-2-HR,ssp126,optimized,mid_century,2040,2060,seasonal_full,84,68,china_mask,1083,0,-0.22921939194202423,-0.093547523021698,0.0,11.265004616805172,34.16435826408126,17.91320406278855,13.48107109879963,10.249307479224377,12.003693444136658,0.9233610341643582
MPI-ESM1-2-HR,ssp126,optimized,mid_century,2040,2060,seasonal_climatology,4,4,china_mask,1083,0,-0.4000000059604645,-0.15161587297916412,7.571560480147737,25.85410895660203,22.80701754385965,3.3240997229916895,11.0803324099723,9.879963065558634,10.064635272391506,9.418282548476455
MPI-ESM1-2-HR,ssp126,optimized,late_century,2080,2100,monthly_full,252,202,china_mask,1083,0,-0.1921236515045166,-0.10919541865587234,0.0,8.310249307479225,31.671283471837487,24.930747922437675,16.251154201292707,10.895660203139428,7.940904893813481,0.0
MPI-ESM1-2-HR,ssp126,optimized,late_century,2080,2100,monthly_climatology,12,12,china_mask,1083,0,-0.31468531489372253,-0.1600901484489441,0.8310249307479224,23.822714681440445,26.869806094182824,15.143120960295475,9.602954755309327,8.679593721144968,13.111726685133887,1.9390581717451523
MPI-ESM1-2-HR,ssp126,optimized,late_century,2080,2100,seasonal_full,84,68,china_mask,1083,0,-0.2228206992149353,-0.08807989954948425,0.0,11.449676823638043,31.85595567867036,19.575253924284397,13.758079409048937,10.61865189289012,12.003693444136658,0.7386888273314867
MPI-ESM1-2-HR,ssp126,optimized,late_century,2080,2100,seasonal_climatology,4,4,china_mask,1083,0,-0.4000000059604645,-0.152908593416214,5.54016620498615,25.946445060018466,25.761772853185594,3.8781163434903045,10.43397968605725,9.048938134810712,10.156971375807942,9.233610341643583
MPI-ESM1-2-HR,ssp245,paper_qm,historical,1994,2014,monthly_full,252,202,china_mask,1083,0,-0.1886172592639923,-0.09673532843589783,0.0,5.355493998153278,33.88734995383195,25.300092336103415,15.69713758079409,11.54201292705448,8.21791320406279,0.0
MPI-ESM1-2-HR,ssp245,paper_qm,historical,1994,2014,monthly_climatology,12,12,china_mask,1083,0,-0.32867133617401123,-0.14545196294784546,0.4616805170821791,25.20775623268698,25.85410895660203,13.665743305632502,9.695290858725762,10.526315789473685,12.18836565096953,2.4007386888273317
MPI-ESM1-2-HR,ssp245,paper_qm,historical,1994,2014,seasonal_full,84,68,china_mask,1083,0,-0.2061152160167694,-0.08108498156070709,0.0,9.787626962142198,33.88734995383195,19.02123730378578,13.388734995383194,11.54201292705448,11.449676823638043,0.9233610341643582
MPI-ESM1-2-HR,ssp245,paper_qm,historical,1994,2014,seasonal_climatology,4,4,china_mask,1083,0,-0.4000000059604645,-0.1240997165441513,6.648199445983379,22.253000923361036,26.50046168051708,3.4164358264081254,10.61865189289012,10.895660203139428,9.879963065558634,9.787626962142198
MPI-ESM1-2-HR,ssp245,paper_qm,mid_century,2040,2060,monthly_full,252,202,china_mask,1083,0,-0.20383138954639435,-0.12328743934631348,0.0,8.771929824561404,32.59464450600185,25.023084025854107,15.881809787626961,10.710987996306557,7.017543859649122,0.0
MPI-ESM1-2-HR,ssp245,paper_qm,mid_century,2040,2060,monthly_climatology,12,12,china_mask,1083,0,-0.3636363744735718,-0.189637690782547,0.18467220683287167,30.378578024007385,24.83841181902124,13.388734995383194,8.40258541089566,8.771929824561404,12.096029547553094,1.9390581717451523
MPI-ESM1-2-HR,ssp245,paper_qm,mid_century,2040,2060,seasonal_full,84,68,china_mask,1083,0,-0.23772400617599487,-0.10908015072345734,0.0,12.373037857802402,32.13296398891967,20.498614958448755,12.927054478301015,9.32594644506002,12.465373961218837,0.2770083102493075
MPI-ESM1-2-HR,ssp245,paper_qm,mid_century,2040,2060,seasonal_climatology,4,4,china_mask,1083,0,-0.4000000059604645,-0.16971376538276672,6.186518928901201,26.131117266851337,26.131117266851337,3.7857802400738687,10.249307479224377,8.21791320406279,11.449676823638043,7.848568790397045
MPI-ESM1-2-HR,ssp245,paper_qm,late_century,2080,2100,monthly_full,252,202,china_mask,1083,0,-0.22360548377037048,-0.12708331644535065,0.0,7.386888273314866,34.256694367497694,25.85410895660203,14.312096029547552,10.895660203139428,7.29455216989843,0.0
MPI-ESM1-2-HR,ssp245,paper_qm,late_century,2080,2100,monthly_climatology,12,12,china_mask,1083,0,-0.3496503531932831,-0.17397929728031158,0.2770083102493075,26.685133887349952,26.408125577100645,13.665743305632502,10.43397968605725,9.51061865189289,11.0803324099723,1.9390581717451523
MPI-ESM1-2-HR,ssp245,paper_qm,late_century,2080,2100,seasonal_full,84,68,china_mask,1083,0,-0.2229219377040863,-0.09977671504020691,0.0,9.97229916897507,33.61034164358264,20.498614958448755,14.12742382271468,10.341643582640813,11.0803324099723,0.36934441366574333
MPI-ESM1-2-HR,ssp245,paper_qm,late_century,2080,2100,seasonal_climatology,4,4,china_mask,1083,0,-0.4000000059604645,-0.14533701539039612,4.893813481071099,23.822714681440445,28.25484764542936,3.8781163434903045,10.987996306555864,10.156971375807942,10.61865189289012,7.386888273314866
MPI-ESM1-2-HR,ssp245,optimized,historical,1994,2014,monthly_full,252,202,china_mask,1083,0,-0.1886172592639923,-0.09673532843589783,0.0,5.355493998153278,33.88734995383195,25.300092336103415,15.69713758079409,11.54201292705448,8.21791320406279,0.0
MPI-ESM1-2-HR,ssp245,optimized,historical,1994,2014,monthly_climatology,12,12,china_mask,1083,0,-0.32867133617401123,-0.14545196294784546,0.4616805170821791,25.20775623268698,25.85410895660203,13.665743305632502,9.695290858725762,10.526315789473685,12.18836565096953,2.4007386888273317
MPI-ESM1-2-HR,ssp245,optimized,historical,1994,2014,seasonal_full,84,68,china_mask,1083,0,-0.2061152160167694,-0.08108498156070709,0.0,9.787626962142198,33.88734995383195,19.02123730378578,13.388734995383194,11.54201292705448,11.449676823638043,0.9233610341643582
MPI-ESM1-2-HR,ssp245,optimized,historical,1994,2014,seasonal_climatology,4,4,china_mask,1083,0,-0.4000000059604645,-0.1240997165441513,6.648199445983379,22.253000923361036,26.50046168051708,3.4164358264081254,10.61865189289012,10.895660203139428,9.879963065558634,9.787626962142198
MPI-ESM1-2-HR,ssp245,optimized,mid_century,2040,2060,monthly_full,252,202,china_mask,1083,0,-0.17933611571788788,-0.10167920589447021,0.0,7.848568790397045,31.486611265004615,24.83841181902124,15.789473684210526,12.003693444136658,8.033240997229917,0.0
MPI-ESM1-2-HR,ssp245,optimized,mid_century,2040,2060,monthly_climatology,12,12,china_mask,1083,0,-0.3426573574542999,-0.17235857248306274,0.6463527239150508,30.193905817174514,22.62234533702678,13.388734995383194,9.32594644506002,8.494921514312097,13.01939058171745,2.308402585410896
MPI-ESM1-2-HR,ssp245,optimized,mid_century,2040,2060,seasonal_full,84,68,china_mask,1083,0,-0.21585501730442047,-0.08899886906147003,0.0,11.72668513388735,31.57894736842105,19.667590027700832,13.204062788550322,10.987996306555864,12.096029547553094,0.7386888273314867
MPI-ESM1-2-HR,ssp245,optimized,mid_century,2040,2060,seasonal_climatology,4,4,china_mask,1083,0,-0.4000000059604645,-0.1477377712726593,6.186518928901201,25.85410895660203,24.469067405355496,3.7857802400738687,10.895660203139428,8.679593721144968,11.449676823638043,8.679593721144968
MPI-ESM1-2-HR,ssp245,optimized,late_century,2080,2100,monthly_full,252,202,china_mask,1083,0,-0.19242210686206818,-0.10166595876216888,0.0,7.202216066481994,31.85595567867036,25.577100646352722,15.512465373961218,11.819021237303787,8.033240997229917,0.0
MPI-ESM1-2-HR,ssp245,optimized,late_century,2080,2100,monthly_climatology,12,12,china_mask,1083,0,-0.3426573574542999,-0.1571521759033203,0.2770083102493075,25.946445060018466,26.131117266851337,12.650046168051707,10.710987996306557,9.418282548476455,13.296398891966758,1.569713758079409
MPI-ESM1-2-HR,ssp245,optimized,late_century,2080,2100,seasonal_full,84,68,china_mask,1083,0,-0.18422597646713257,-0.07769905030727386,0.0,10.526315789473685,31.301939058171744,19.852262234533704,14.404432132963988,10.803324099722992,12.465373961218837,0.6463527239150508
MPI-ESM1-2-HR,ssp245,optimized,late_century,2080,2100,seasonal_climatology,4,4,china_mask,1083,0,-0.4000000059604645,-0.13499540090560913,5.447830101569714,24.653739612188367,25.39242843951985,3.8781163434903045,11.172668513388736,10.526315789473685,10.526315789473685,8.40258541089566
MPI-ESM1-2-HR,ssp585,paper_qm,historical,1994,2014,monthly_full,252,202,china_mask,1083,0,-0.1886172592639923,-0.09673532843589783,0.0,5.355493998153278,33.88734995383195,25.300092336103415,15.69713758079409,11.54201292705448,8.21791320406279,0.0
MPI-ESM1-2-HR,ssp585,paper_qm,historical,1994,2014,monthly_climatology,12,12,china_mask,1083,0,-0.32867133617401123,-0.14545196294784546,0.4616805170821791,25.20775623268698,25.85410895660203,13.665743305632502,9.695290858725762,10.526315789473685,12.18836565096953,2.4007386888273317
MPI-ESM1-2-HR,ssp585,paper_qm,historical,1994,2014,seasonal_full,84,68,china_mask,1083,0,-0.2061152160167694,-0.08108498156070709,0.0,9.787626962142198,33.88734995383195,19.02123730378578,13.388734995383194,11.54201292705448,11.449676823638043,0.9233610341643582
MPI-ESM1-2-HR,ssp585,paper_qm,historical,1994,2014,seasonal_climatology,4,4,china_mask,1083,0,-0.4000000059604645,-0.1240997165441513,6.648199445983379,22.253000923361036,26.50046168051708,3.4164358264081254,10.61865189289012,10.895660203139428,9.879963065558634,9.787626962142198
MPI-ESM1-2-HR,ssp585,paper_qm,mid_century,2040,2060,monthly_full,252,202,china_mask,1083,0,-0.19088336825370789,-0.10589670389890671,0.0,6.832871652816251,31.948291782086795,26.0387811634349,16.343490304709142,11.449676823638043,7.386888273314866,0.0
MPI-ESM1-2-HR,ssp585,paper_qm,mid_century,2040,2060,monthly_climatology,12,12,china_mask,1083,0,-0.3076923191547394,-0.15057241916656494,0.36934441366574333,20.960295475530934,29.17820867959372,15.143120960295475,10.341643582640813,8.86426592797784,13.388734995383194,1.7543859649122806
MPI-ESM1-2-HR,ssp585,paper_qm,mid_century,2040,2060,seasonal_full,84,68,china_mask,1083,0,-0.20216664671897888,-0.08140018582344055,0.0,11.172668513388736,31.209602954755308,19.75992613111727,13.758079409048937,11.911357340720222,11.72668513388735,0.4616805170821791
MPI-ESM1-2-HR,ssp585,paper_qm,mid_century,2040,2060,seasonal_climatology,4,4,china_mask,1083,0,-0.4000000059604645,-0.1355494111776352,6.555863342566943,24.284395198522624,24.56140350877193,3.693444136657433,10.249307479224377,10.61865189289012,12.650046168051707,7.386888273314866
MPI-ESM1-2-HR,ssp585,paper_qm,late_century,2080,2100,monthly_full,252,202,china_mask,1083,0,-0.23589812219142914,-0.1528463363647461,0.0,10.156971375807942,32.40997229916898,25.946445060018466,15.69713758079409,10.156971375807942,5.632502308402586,0.0
MPI-ESM1-2-HR,ssp585,paper_qm,late_century,2080,2100,monthly_climatology,12,12,china_mask,1083,0,-0.3426573574542999,-0.20419839024543762,0.18467220683287167,29.085872576177284,24.099722991689752,15.604801477377654,10.156971375807942,8.956602031394276,11.357340720221607,0.554016620498615
MPI-ESM1-2-HR,ssp585,paper_qm,late_century,2080,2100,seasonal_full,84,68,china_mask,1083,0,-0.26228612661361694,-0.1254495531320572,0.0,11.54201292705448,34.71837488457987,19.667590027700832,13.388734995383194,9.695290858725762,10.803324099722992,0.18467220683287167
MPI-ESM1-2-HR,ssp585,paper_qm,late_century,2080,2100,seasonal_climatology,4,4,china_mask,1083,0,-0.4000000059604645,-0.17340721189975739,5.078485687903971,24.007386888273317,29.82456140350877,4.1551246537396125,11.0803324099723,9.048938134810712,11.265004616805172,5.54016620498615
MPI-ESM1-2-HR,ssp585,optimized,historical,1994,2014,monthly_full,252,202,china_mask,1083,0,-0.1886172592639923,-0.09673532843589783,0.0,5.355493998153278,33.88734995383195,25.300092336103415,15.69713758079409,11.54201292705448,8.21791320406279,0.0
MPI-ESM1-2-HR,ssp585,optimized,historical,1994,2014,monthly_climatology,12,12,china_mask,1083,0,-0.32867133617401123,-0.14545196294784546,0.4616805170821791,25.20775623268698,25.85410895660203,13.665743305632502,9.695290858725762,10.526315789473685,12.18836565096953,2.4007386888273317
MPI-ESM1-2-HR,ssp585,optimized,historical,1994,2014,seasonal_full,84,68,china_mask,1083,0,-0.2061152160167694,-0.08108498156070709,0.0,9.787626962142198,33.88734995383195,19.02123730378578,13.388734995383194,11.54201292705448,11.449676823638043,0.9233610341643582
MPI-ESM1-2-HR,ssp585,optimized,historical,1994,2014,seasonal_climatology,4,4,china_mask,1083,0,-0.4000000059604645,-0.1240997165441513,6.648199445983379,22.253000923361036,26.50046168051708,3.4164358264081254,10.61865189289012,10.895660203139428,9.879963065558634,9.787626962142198
MPI-ESM1-2-HR,ssp585,optimized,mid_century,2040,2060,monthly_full,252,202,china_mask,1083,0,-0.172002375125885,-0.09236540645360947,0.0,6.463527239150507,30.74792243767313,25.761772853185594,17.820867959372116,11.265004616805172,7.940904893813481,0.0
MPI-ESM1-2-HR,ssp585,optimized,mid_century,2040,2060,monthly_climatology,12,12,china_mask,1083,0,-0.3076923191547394,-0.14539384841918945,0.18467220683287167,22.068328716528164,28.439519852262233,14.58910433979686,10.61865189289012,8.956602031394276,13.296398891966758,1.8467220683287164
MPI-ESM1-2-HR,ssp585,optimized,mid_century,2040,2060,seasonal_full,84,68,china_mask,1083,0,-0.19694238901138306,-0.07410907745361328,0.0,11.449676823638043,30.193905817174514,19.29824561403509,14.958448753462603,11.265004616805172,12.18836565096953,0.6463527239150508
MPI-ESM1-2-HR,ssp585,optimized,mid_century,2040,2060,seasonal_climatology,4,4,china_mask,1083,0,-0.4000000059604645,-0.1386888325214386,6.740535549399815,26.131117266851337,22.437673130193907,3.693444136657433,10.156971375807942,11.0803324099723,10.803324099722992,8.956602031394276
MPI-ESM1-2-HR,ssp585,optimized,late_century,2080,2100,monthly_full,252,202,china_mask,1083,0,-0.20077866315841675,-0.12001784145832062,0.0,9.141274238227147,30.932594644506,24.930747922437675,17.08217913204063,11.172668513388736,6.740535549399815,0.0
MPI-ESM1-2-HR,ssp585,optimized,late_century,2080,2100,monthly_climatology,12,12,china_mask,1083,0,-0.35664334893226624,-0.1882558912038803,0.554016620498615,29.085872576177284,23.822714681440445,13.942751615881809,10.61865189289012,8.21791320406279,12.465373961218837,1.2927054478301017
MPI-ESM1-2-HR,ssp585,optimized,late_century,2080,2100,seasonal_full,84,68,china_mask,1083,0,-0.22901691496372223,-0.10217232257127762,0.0,11.54201292705448,32.96398891966759,19.113573407202217,14.404432132963988,9.879963065558634,11.819021237303787,0.2770083102493075
MPI-ESM1-2-HR,ssp585,optimized,late_century,2080,2100,seasonal_climatology,4,4,china_mask,1083,0,-0.4000000059604645,-0.16380424797534943,5.909510618651893,26.592797783933516,24.930747922437675,3.9704524469067404,10.526315789473685,10.156971375807942,10.341643582640813,7.571560480147737
MPI-ESM1-2-LR,ssp126,paper_qm,historical,1994,2014,monthly_full,252,202,china_mask,275,0,-0.23052679002285004,-0.12287525832653046,0.0,7.636363636363637,34.18181818181818,24.0,16.363636363636363,11.272727272727273,6.545454545454546,0.0
MPI-ESM1-2-LR,ssp126,paper_qm,historical,1994,2014,monthly_climatology,12,12,china_mask,275,0,-0.37062937021255493,-0.16086459159851074,0.0,26.181818181818183,26.90909090909091,12.0,10.545454545454545,12.363636363636363,10.181818181818182,1.8181818181818181
MPI-ESM1-2-LR,ssp126,paper_qm,historical,1994,2014,seasonal_full,84,68,china_mask,275,0,-0.26254937052726746,-0.11884874105453491,0.0,12.363636363636363,34.18181818181818,18.181818181818183,13.090909090909092,11.272727272727273,10.181818181818182,0.7272727272727273
MPI-ESM1-2-LR,ssp126,paper_qm,historical,1994,2014,seasonal_climatology,4,4,china_mask,275,0,-0.4000000059604645,-0.15272727608680725,8.0,24.363636363636363,27.272727272727273,1.4545454545454546,8.727272727272727,10.545454545454545,10.545454545454545,9.090909090909092
MPI-ESM1-2-LR,ssp126,paper_qm,mid_century,2040,2060,monthly_full,252,202,china_mask,275,0,-0.2864791452884674,-0.16617146134376526,0.0,9.454545454545455,38.90909090909091,23.272727272727273,13.454545454545455,8.0,6.909090909090909,0.0
MPI-ESM1-2-LR,ssp126,paper_qm,mid_century,2040,2060,monthly_climatology,12,12,china_mask,275,0,-0.3986014127731323,-0.20218688249588013,0.36363636363636365,25.818181818181817,29.454545454545453,14.181818181818182,7.2727272727272725,11.272727272727273,10.545454545454545,1.0909090909090908
MPI-ESM1-2-LR,ssp126,paper_qm,mid_century,2040,2060,seasonal_full,84,68,china_mask,275,0,-0.28573453426361084,-0.15422120690345764,0.0,14.545454545454545,33.45454545454545,20.363636363636363,13.454545454545455,6.545454545454546,10.909090909090908,0.7272727272727273
MPI-ESM1-2-LR,ssp126,paper_qm,mid_century,2040,2060,seasonal_climatology,4,4,china_mask,275,0,-0.4000000059604645,-0.20581819117069244,6.181818181818182,28.0,26.90909090909091,4.7272727272727275,9.090909090909092,9.090909090909092,8.363636363636363,7.636363636363637
MPI-ESM1-2-LR,ssp126,paper_qm,late_century,2080,2100,monthly_full,252,202,china_mask,275,0,-0.29433104395866394,-0.17729595303535461,0.0,9.090909090909092,40.36363636363637,21.454545454545453,14.545454545454545,9.454545454545455,5.090909090909091,0.0
MPI-ESM1-2-LR,ssp126,paper_qm,late_century,2080,2100,monthly_climatology,12,12,china_mask,275,0,-0.38461539149284363,-0.22306421399116516,0.36363636363636365,28.0,27.272727272727273,16.0,10.181818181818182,8.0,9.454545454545455,0.7272727272727273
MPI-ESM1-2-LR,ssp126,paper_qm,late_century,2080,2100,seasonal_full,84,68,china_mask,275,0,-0.3233572840690613,-0.167946919798851,0.0,14.545454545454545,37.09090909090909,17.454545454545453,13.454545454545455,7.636363636363637,8.727272727272727,1.0909090909090908
MPI-ESM1-2-LR,ssp126,paper_qm,late_century,2080,2100,seasonal_climatology,4,4,china_mask,275,0,-0.4000000059604645,-0.23345454037189484,4.7272727272727275,33.09090909090909,23.636363636363637,5.454545454545454,9.090909090909092,9.818181818181818,5.454545454545454,8.727272727272727
MPI-ESM1-2-LR,ssp126,optimized,historical,1994,2014,monthly_full,252,202,china_mask,275,0,-0.23052679002285004,-0.12287525832653046,0.0,7.636363636363637,34.18181818181818,24.0,16.363636363636363,11.272727272727273,6.545454545454546,0.0
MPI-ESM1-2-LR,ssp126,optimized,historical,1994,2014,monthly_climatology,12,12,china_mask,275,0,-0.37062937021255493,-0.16086459159851074,0.0,26.181818181818183,26.90909090909091,12.0,10.545454545454545,12.363636363636363,10.181818181818182,1.8181818181818181
MPI-ESM1-2-LR,ssp126,optimized,historical,1994,2014,seasonal_full,84,68,china_mask,275,0,-0.26254937052726746,-0.11884874105453491,0.0,12.363636363636363,34.18181818181818,18.181818181818183,13.090909090909092,11.272727272727273,10.181818181818182,0.7272727272727273
MPI-ESM1-2-LR,ssp126,optimized,historical,1994,2014,seasonal_climatology,4,4,china_mask,275,0,-0.4000000059604645,-0.15272727608680725,8.0,24.363636363636363,27.272727272727273,1.4545454545454546,8.727272727272727,10.545454545454545,10.545454545454545,9.090909090909092
MPI-ESM1-2-LR,ssp126,optimized,mid_century,2040,2060,monthly_full,252,202,china_mask,275,0,-0.23001988232135773,-0.1283891648054123,0.0,7.2727272727272725,36.36363636363637,24.727272727272727,15.636363636363637,9.090909090909092,6.909090909090909,0.0
MPI-ESM1-2-LR,ssp126,optimized,mid_century,2040,2060,monthly_climatology,12,12,china_mask,275,0,-0.3426573574542999,-0.16897648572921753,0.36363636363636365,28.363636363636363,24.363636363636363,14.181818181818182,7.2727272727272725,13.090909090909092,10.545454545454545,1.8181818181818181
MPI-ESM1-2-LR,ssp126,optimized,mid_century,2040,2060,seasonal_full,84,68,china_mask,275,0,-0.2478485405445099,-0.12063146382570267,0.0,12.363636363636363,31.272727272727273,21.818181818181817,14.545454545454545,7.636363636363637,11.636363636363637,0.7272727272727273
MPI-ESM1-2-LR,ssp126,optimized,mid_century,2040,2060,seasonal_climatology,4,4,china_mask,275,0,-0.4000000059604645,-0.17163635790348053,7.636363636363637,24.727272727272727,26.181818181818183,2.5454545454545454,11.272727272727273,11.272727272727273,6.545454545454546,9.818181818181818
MPI-ESM1-2-LR,ssp126,optimized,late_century,2080,2100,monthly_full,252,202,china_mask,275,0,-0.22112491726875305,-0.13619296252727509,0.0,8.363636363636363,35.27272727272727,23.272727272727273,16.0,10.909090909090908,6.181818181818182,0.0
MPI-ESM1-2-LR,ssp126,optimized,late_century,2080,2100,monthly_climatology,12,12,china_mask,275,0,-0.3916083872318268,-0.18588684499263763,0.0,28.363636363636363,25.818181818181817,13.818181818181818,9.454545454545455,10.909090909090908,9.090909090909092,2.5454545454545454
MPI-ESM1-2-LR,ssp126,optimized,late_century,2080,2100,seasonal_full,84,68,china_mask,275,0,-0.28103676438331604,-0.12768323719501495,0.0,11.272727272727273,37.45454545454545,17.454545454545453,13.818181818181818,9.090909090909092,9.818181818181818,1.0909090909090908
MPI-ESM1-2-LR,ssp126,optimized,late_century,2080,2100,seasonal_climatology,4,4,china_mask,275,0,-0.4000000059604645,-0.19781817495822906,6.909090909090909,29.818181818181817,24.0,2.5454545454545454,8.363636363636363,12.363636363636363,6.909090909090909,9.090909090909092
MPI-ESM1-2-LR,ssp245,paper_qm,historical,1994,2014,monthly_full,252,202,china_mask,275,0,-0.23052679002285004,-0.12287525832653046,0.0,7.636363636363637,34.18181818181818,24.0,16.363636363636363,11.272727272727273,6.545454545454546,0.0
MPI-ESM1-2-LR,ssp245,paper_qm,historical,1994,2014,monthly_climatology,12,12,china_mask,275,0,-0.37062937021255493,-0.16086459159851074,0.0,26.181818181818183,26.90909090909091,12.0,10.545454545454545,12.363636363636363,10.181818181818182,1.8181818181818181
MPI-ESM1-2-LR,ssp245,paper_qm,historical,1994,2014,seasonal_full,84,68,china_mask,275,0,-0.26254937052726746,-0.11884874105453491,0.0,12.363636363636363,34.18181818181818,18.181818181818183,13.090909090909092,11.272727272727273,10.181818181818182,0.7272727272727273
MPI-ESM1-2-LR,ssp245,paper_qm,historical,1994,2014,seasonal_climatology,4,4,china_mask,275,0,-0.4000000059604645,-0.15272727608680725,8.0,24.363636363636363,27.272727272727273,1.4545454545454546,8.727272727272727,10.545454545454545,10.545454545454545,9.090909090909092
MPI-ESM1-2-LR,ssp245,paper_qm,mid_century,2040,2060,monthly_full,252,202,china_mask,275,0,-0.2517054080963135,-0.15142767131328583,0.0,7.636363636363637,38.54545454545455,24.0,12.727272727272727,11.272727272727273,5.818181818181818,0.0
MPI-ESM1-2-LR,ssp245,paper_qm,mid_century,2040,2060,monthly_climatology,12,12,china_mask,275,0,-0.3356643319129944,-0.17001907527446747,0.0,24.363636363636363,29.454545454545453,12.727272727272727,10.545454545454545,10.181818181818182,10.909090909090908,1.8181818181818181
MPI-ESM1-2-LR,ssp245,paper_qm,mid_century,2040,2060,seasonal_full,84,68,china_mask,275,0,-0.2574465870857239,-0.1202964335680008,0.0,11.636363636363637,34.90909090909091,19.636363636363637,11.272727272727273,11.636363636363637,10.181818181818182,0.7272727272727273
MPI-ESM1-2-LR,ssp245,paper_qm,mid_century,2040,2060,seasonal_climatology,4,4,china_mask,275,0,-0.4000000059604645,-0.1599999964237213,4.7272727272727275,26.181818181818183,29.09090909090909,2.5454545454545454,8.727272727272727,10.545454545454545,9.090909090909092,9.090909090909092
MPI-ESM1-2-LR,ssp245,paper_qm,late_century,2080,2100,monthly_full,252,202,china_mask,275,0,-0.32748284935951233,-0.20282387733459473,0.0,14.545454545454545,37.81818181818182,20.363636363636363,14.181818181818182,8.727272727272727,4.363636363636363,0.0
MPI-ESM1-2-LR,ssp245,paper_qm,late_century,2080,2100,monthly_climatology,12,12,china_mask,275,0,-0.440559446811676,-0.24457724392414093,0.0,33.45454545454545,24.727272727272727,13.454545454545455,7.636363636363637,10.545454545454545,9.818181818181818,0.36363636363636365
MPI-ESM1-2-LR,ssp245,paper_qm,late_century,2080,2100,seasonal_full,84,68,china_mask,275,0,-0.34020450711250305,-0.20052631199359894,0.0,21.09090909090909,33.09090909090909,15.636363636363637,11.272727272727273,8.727272727272727,9.454545454545455,0.7272727272727273
MPI-ESM1-2-LR,ssp245,paper_qm,late_century,2080,2100,seasonal_climatology,4,4,china_mask,275,0,-0.4000000059604645,-0.2465454638004303,9.454545454545455,32.36363636363637,20.727272727272727,2.1818181818181817,11.272727272727273,8.0,8.363636363636363,7.636363636363637
MPI-ESM1-2-LR,ssp245,optimized,historical,1994,2014,monthly_full,252,202,china_mask,275,0,-0.23052679002285004,-0.12287525832653046,0.0,7.636363636363637,34.18181818181818,24.0,16.363636363636363,11.272727272727273,6.545454545454546,0.0
MPI-ESM1-2-LR,ssp245,optimized,historical,1994,2014,monthly_climatology,12,12,china_mask,275,0,-0.37062937021255493,-0.16086459159851074,0.0,26.181818181818183,26.90909090909091,12.0,10.545454545454545,12.363636363636363,10.181818181818182,1.8181818181818181
MPI-ESM1-2-LR,ssp245,optimized,historical,1994,2014,seasonal_full,84,68,china_mask,275,0,-0.26254937052726746,-0.11884874105453491,0.0,12.363636363636363,34.18181818181818,18.181818181818183,13.090909090909092,11.272727272727273,10.181818181818182,0.7272727272727273
MPI-ESM1-2-LR,ssp245,optimized,historical,1994,2014,seasonal_climatology,4,4,china_mask,275,0,-0.4000000059604645,-0.15272727608680725,8.0,24.363636363636363,27.272727272727273,1.4545454545454546,8.727272727272727,10.545454545454545,10.545454545454545,9.090909090909092
MPI-ESM1-2-LR,ssp245,optimized,mid_century,2040,2060,monthly_full,252,202,china_mask,275,0,-0.23472906649112701,-0.12264557927846909,0.0,7.2727272727272725,34.90909090909091,24.727272727272727,14.909090909090908,10.545454545454545,7.636363636363637,0.0
MPI-ESM1-2-LR,ssp245,optimized,mid_century,2040,2060,monthly_climatology,12,12,china_mask,275,0,-0.32867133617401123,-0.14906547963619232,0.36363636363636365,24.727272727272727,27.636363636363637,13.090909090909092,9.818181818181818,11.636363636363637,10.545454545454545,2.1818181818181817
MPI-ESM1-2-LR,ssp245,optimized,mid_century,2040,2060,seasonal_full,84,68,china_mask,275,0,-0.22816644608974457,-0.09425393491983414,0.0,9.818181818181818,33.45454545454545,21.454545454545453,12.0,11.272727272727273,11.272727272727273,0.7272727272727273
MPI-ESM1-2-LR,ssp245,optimized,mid_century,2040,2060,seasonal_climatology,4,4,china_mask,275,0,-0.4000000059604645,-0.1287272721529007,3.6363636363636362,27.272727272727273,25.09090909090909,2.5454545454545454,11.636363636363637,10.181818181818182,10.909090909090908,8.727272727272727
MPI-ESM1-2-LR,ssp245,optimized,late_century,2080,2100,monthly_full,252,202,china_mask,275,0,-0.253775030374527,-0.15180973708629608,0.0,8.363636363636363,36.72727272727273,23.272727272727273,14.181818181818182,10.545454545454545,6.909090909090909,0.0
MPI-ESM1-2-LR,ssp245,optimized,late_century,2080,2100,monthly_climatology,12,12,china_mask,275,0,-0.35664334893226624,-0.20083914697170258,0.7272727272727273,31.636363636363637,24.0,10.909090909090908,9.090909090909092,11.636363636363637,9.454545454545455,2.5454545454545454
MPI-ESM1-2-LR,ssp245,optimized,late_century,2080,2100,seasonal_full,84,68,china_mask,275,0,-0.28354763984680176,-0.14806239306926727,0.0,18.545454545454547,28.727272727272727,20.363636363636363,11.636363636363637,9.454545454545455,10.181818181818182,1.0909090909090908
MPI-ESM1-2-LR,ssp245,optimized,late_century,2080,2100,seasonal_climatology,4,4,china_mask,275,0,-0.4000000059604645,-0.1985454559326172,9.090909090909092,30.181818181818183,20.0,1.0909090909090908,12.0,10.181818181818182,8.363636363636363,9.090909090909092
MPI-ESM1-2-LR,ssp585,paper_qm,historical,1994,2014,monthly_full,252,202,china_mask,275,0,-0.23052679002285004,-0.12287525832653046,0.0,7.636363636363637,34.18181818181818,24.0,16.363636363636363,11.272727272727273,6.545454545454546,0.0
MPI-ESM1-2-LR,ssp585,paper_qm,historical,1994,2014,monthly_climatology,12,12,china_mask,275,0,-0.37062937021255493,-0.16086459159851074,0.0,26.181818181818183,26.90909090909091,12.0,10.545454545454545,12.363636363636363,10.181818181818182,1.8181818181818181
MPI-ESM1-2-LR,ssp585,paper_qm,historical,1994,2014,seasonal_full,84,68,china_mask,275,0,-0.26254937052726746,-0.11884874105453491,0.0,12.363636363636363,34.18181818181818,18.181818181818183,13.090909090909092,11.272727272727273,10.181818181818182,0.7272727272727273
MPI-ESM1-2-LR,ssp585,paper_qm,historical,1994,2014,seasonal_climatology,4,4,china_mask,275,0,-0.4000000059604645,-0.15272727608680725,8.0,24.363636363636363,27.272727272727273,1.4545454545454546,8.727272727272727,10.545454545454545,10.545454545454545,9.090909090909092
MPI-ESM1-2-LR,ssp585,paper_qm,mid_century,2040,2060,monthly_full,252,202,china_mask,275,0,-0.24245573580265045,-0.13780131936073303,0.0,5.818181818181818,38.54545454545455,24.727272727272727,13.818181818181818,12.0,5.090909090909091,0.0
MPI-ESM1-2-LR,ssp585,paper_qm,mid_century,2040,2060,monthly_climatology,12,12,china_mask,275,0,-0.3216783106327057,-0.14921806752681732,0.36363636363636365,17.818181818181817,33.81818181818182,13.818181818181818,10.545454545454545,11.272727272727273,10.181818181818182,2.1818181818181817
MPI-ESM1-2-LR,ssp585,paper_qm,mid_century,2040,2060,seasonal_full,84,68,china_mask,275,0,-0.2831628918647766,-0.12066314369440079,0.0,11.636363636363637,37.09090909090909,16.727272727272727,13.090909090909092,9.818181818181818,11.272727272727273,0.36363636363636365
MPI-ESM1-2-LR,ssp585,paper_qm,mid_century,2040,2060,seasonal_climatology,4,4,china_mask,275,0,-0.4000000059604645,-0.13018181920051575,5.818181818181818,21.454545454545453,29.454545454545453,2.5454545454545454,11.272727272727273,11.636363636363637,9.090909090909092,8.727272727272727
MPI-ESM1-2-LR,ssp585,paper_qm,late_century,2080,2100,monthly_full,252,202,china_mask,275,0,-0.3035019636154175,-0.19120052456855774,0.0,12.727272727272727,37.45454545454545,22.181818181818183,12.0,10.909090909090908,4.7272727272727275,0.0
MPI-ESM1-2-LR,ssp585,paper_qm,late_century,2080,2100,monthly_climatology,12,12,china_mask,275,0,-0.4055944085121155,-0.22349649667739868,0.0,29.818181818181817,27.636363636363637,12.0,10.545454545454545,9.818181818181818,9.454545454545455,0.7272727272727273
MPI-ESM1-2-LR,ssp585,paper_qm,late_century,2080,2100,seasonal_full,84,68,china_mask,275,0,-0.3334413170814514,-0.1809728890657425,0.0,15.272727272727273,38.18181818181818,15.636363636363637,12.0,9.818181818181818,9.090909090909092,0.0
MPI-ESM1-2-LR,ssp585,paper_qm,late_century,2080,2100,seasonal_climatology,4,4,china_mask,275,0,-0.4000000059604645,-0.2240000069141388,7.2727272727272725,28.727272727272727,25.818181818181817,2.909090909090909,10.909090909090908,7.636363636363637,11.636363636363637,5.090909090909091
MPI-ESM1-2-LR,ssp585,optimized,historical,1994,2014,monthly_full,252,202,china_mask,275,0,-0.23052679002285004,-0.12287525832653046,0.0,7.636363636363637,34.18181818181818,24.0,16.363636363636363,11.272727272727273,6.545454545454546,0.0
MPI-ESM1-2-LR,ssp585,optimized,historical,1994,2014,monthly_climatology,12,12,china_mask,275,0,-0.37062937021255493,-0.16086459159851074,0.0,26.181818181818183,26.90909090909091,12.0,10.545454545454545,12.363636363636363,10.181818181818182,1.8181818181818181
MPI-ESM1-2-LR,ssp585,optimized,historical,1994,2014,seasonal_full,84,68,china_mask,275,0,-0.26254937052726746,-0.11884874105453491,0.0,12.363636363636363,34.18181818181818,18.181818181818183,13.090909090909092,11.272727272727273,10.181818181818182,0.7272727272727273
MPI-ESM1-2-LR,ssp585,optimized,historical,1994,2014,seasonal_climatology,4,4,china_mask,275,0,-0.4000000059604645,-0.15272727608680725,8.0,24.363636363636363,27.272727272727273,1.4545454545454546,8.727272727272727,10.545454545454545,10.545454545454545,9.090909090909092
MPI-ESM1-2-LR,ssp585,optimized,mid_century,2040,2060,monthly_full,252,202,china_mask,275,0,-0.22253917157649994,-0.1165432333946228,0.0,5.818181818181818,36.0,26.545454545454547,13.090909090909092,11.636363636363637,6.909090909090909,0.0
MPI-ESM1-2-LR,ssp585,optimized,mid_century,2040,2060,monthly_climatology,12,12,china_mask,275,0,-0.3076923191547394,-0.13909725844860077,0.36363636363636365,21.818181818181817,28.363636363636363,14.181818181818182,9.818181818181818,12.0,10.909090909090908,2.5454545454545454
MPI-ESM1-2-LR,ssp585,optimized,mid_century,2040,2060,seasonal_full,84,68,china_mask,275,0,-0.24965070188045502,-0.10584980249404907,0.0,11.272727272727273,33.45454545454545,20.363636363636363,14.545454545454545,8.0,11.636363636363637,0.7272727272727273
MPI-ESM1-2-LR,ssp585,optimized,mid_century,2040,2060,seasonal_climatology,4,4,china_mask,275,0,-0.4000000059604645,-0.13890908658504486,5.090909090909091,25.454545454545453,28.0,1.8181818181818181,9.818181818181818,10.545454545454545,9.090909090909092,10.181818181818182
MPI-ESM1-2-LR,ssp585,optimized,late_century,2080,2100,monthly_full,252,202,china_mask,275,0,-0.22735783457756042,-0.1397550106048584,0.0,9.454545454545455,36.0,22.545454545454547,15.272727272727273,9.818181818181818,6.909090909090909,0.0
MPI-ESM1-2-LR,ssp585,optimized,late_century,2080,2100,monthly_climatology,12,12,china_mask,275,0,-0.3776223659515381,-0.1818944662809372,0.0,28.363636363636363,26.90909090909091,10.909090909090908,10.545454545454545,10.909090909090908,10.181818181818182,2.1818181818181817
MPI-ESM1-2-LR,ssp585,optimized,late_century,2080,2100,seasonal_full,84,68,china_mask,275,0,-0.2789106070995331,-0.13488629460334778,0.0,13.454545454545455,34.90909090909091,18.90909090909091,10.545454545454545,11.272727272727273,10.909090909090908,0.0
MPI-ESM1-2-LR,ssp585,optimized,late_century,2080,2100,seasonal_climatology,4,4,china_mask,275,0,-0.4000000059604645,-0.19781818985939026,7.636363636363637,28.0,25.818181818181817,1.4545454545454546,10.909090909090908,8.363636363636363,10.909090909090908,6.909090909090909
MRI-ESM2-0,ssp126,paper_qm,historical,1994,2014,monthly_full,252,202,china_mask,760,0,-0.20805954933166504,-0.11497742682695389,0.0,7.894736842105263,32.76315789473684,25.0,13.947368421052632,13.289473684210526,7.105263157894737,0.0
MRI-ESM2-0,ssp126,paper_qm,historical,1994,2014,monthly_climatology,12,12,china_mask,760,0,-0.32867133617401123,-0.1511225700378418,0.0,24.07894736842105,29.210526315789473,12.5,8.947368421052632,10.526315789473685,13.157894736842104,1.5789473684210527
MRI-ESM2-0,ssp126,paper_qm,historical,1994,2014,seasonal_full,84,68,china_mask,760,0,-0.23403868079185486,-0.09870569407939911,0.0,13.289473684210526,31.05263157894737,20.0,11.973684210526315,10.0,12.763157894736842,0.9210526315789473
MRI-ESM2-0,ssp126,paper_qm,historical,1994,2014,seasonal_climatology,4,4,china_mask,760,0,-0.4000000059604645,-0.1600000113248825,6.315789473684211,28.026315789473685,24.605263157894736,2.8947368421052633,9.210526315789474,7.105263157894737,13.289473684210526,8.552631578947368
MRI-ESM2-0,ssp126,paper_qm,mid_century,2040,2060,monthly_full,252,202,china_mask,760,0,-0.24196720123291016,-0.1564328968524933,0.0,10.394736842105264,34.473684210526315,24.342105263157894,13.947368421052632,11.31578947368421,5.526315789473684,0.0
MRI-ESM2-0,ssp126,paper_qm,mid_century,2040,2060,monthly_climatology,12,12,china_mask,760,0,-0.3636363744735718,-0.1866120845079422,0.39473684210526316,28.94736842105263,25.394736842105264,13.157894736842104,9.210526315789474,9.342105263157896,12.105263157894736,1.4473684210526316
MRI-ESM2-0,ssp126,paper_qm,mid_century,2040,2060,seasonal_full,84,68,china_mask,760,0,-0.2875468134880066,-0.15370143949985504,0.0,17.63157894736842,31.57894736842105,17.63157894736842,12.105263157894736,10.0,10.921052631578947,0.13157894736842105
MRI-ESM2-0,ssp126,paper_qm,mid_century,2040,2060,seasonal_climatology,4,4,china_mask,760,0,-0.4000000059604645,-0.1900000125169754,9.078947368421053,25.13157894736842,25.92105263157895,3.026315789473684,9.078947368421053,8.947368421052632,11.31578947368421,7.5
MRI-ESM2-0,ssp126,paper_qm,late_century,2080,2100,monthly_full,252,202,china_mask,760,0,-0.27760031819343567,-0.16859520971775055,0.0,12.368421052631579,35.39473684210526,22.63157894736842,12.894736842105264,10.131578947368421,6.578947368421052,0.0
MRI-ESM2-0,ssp126,paper_qm,late_century,2080,2100,monthly_climatology,12,12,china_mask,760,0,-0.4055944085121155,-0.20565882325172424,0.2631578947368421,32.89473684210526,23.289473684210527,12.631578947368421,6.7105263157894735,10.789473684210526,11.842105263157896,1.5789473684210527
MRI-ESM2-0,ssp126,paper_qm,late_century,2080,2100,seasonal_full,84,68,china_mask,760,0,-0.2990078032016754,-0.1664416640996933,0.0,22.63157894736842,27.36842105263158,17.894736842105264,10.131578947368421,10.789473684210526,10.921052631578947,0.2631578947368421
MRI-ESM2-0,ssp126,paper_qm,late_century,2080,2100,seasonal_climatology,4,4,china_mask,760,0,-0.4000000059604645,-0.2128947377204895,11.447368421052632,27.63157894736842,21.44736842105263,2.3684210526315788,10.263157894736842,7.894736842105263,12.368421052631579,6.578947368421052
MRI-ESM2-0,ssp126,optimized,historical,1994,2014,monthly_full,252,202,china_mask,760,0,-0.20805954933166504,-0.11497742682695389,0.0,7.894736842105263,32.76315789473684,25.0,13.947368421052632,13.289473684210526,7.105263157894737,0.0
MRI-ESM2-0,ssp126,optimized,historical,1994,2014,monthly_climatology,12,12,china_mask,760,0,-0.32867133617401123,-0.1511225700378418,0.0,24.07894736842105,29.210526315789473,12.5,8.947368421052632,10.526315789473685,13.157894736842104,1.5789473684210527
MRI-ESM2-0,ssp126,optimized,historical,1994,2014,seasonal_full,84,68,china_mask,760,0,-0.23403868079185486,-0.09870569407939911,0.0,13.289473684210526,31.05263157894737,20.0,11.973684210526315,10.0,12.763157894736842,0.9210526315789473
MRI-ESM2-0,ssp126,optimized,historical,1994,2014,seasonal_climatology,4,4,china_mask,760,0,-0.4000000059604645,-0.1600000113248825,6.315789473684211,28.026315789473685,24.605263157894736,2.8947368421052633,9.210526315789474,7.105263157894737,13.289473684210526,8.552631578947368
MRI-ESM2-0,ssp126,optimized,mid_century,2040,2060,monthly_full,252,202,china_mask,760,0,-0.2198171317577362,-0.13545140624046326,0.0,9.868421052631579,31.973684210526315,26.18421052631579,13.68421052631579,11.31578947368421,6.973684210526316,0.0
MRI-ESM2-0,ssp126,optimized,mid_century,2040,2060,monthly_climatology,12,12,china_mask,760,0,-0.3636363744735718,-0.17416267096996307,0.2631578947368421,28.68421052631579,24.07894736842105,13.289473684210526,10.526315789473685,9.210526315789474,11.578947368421053,2.3684210526315788
MRI-ESM2-0,ssp126,optimized,mid_century,2040,2060,seasonal_full,84,68,china_mask,760,0,-0.26938343048095703,-0.1404104083776474,0.0,16.842105263157894,30.394736842105264,19.342105263157894,12.236842105263158,9.605263157894736,11.447368421052632,0.13157894736842105
MRI-ESM2-0,ssp126,optimized,mid_century,2040,2060,seasonal_climatology,4,4,china_mask,760,0,-0.4000000059604645,-0.18605265021324158,8.81578947368421,25.92105263157895,25.13157894736842,2.8947368421052633,9.868421052631579,8.157894736842104,11.447368421052632,7.7631578947368425
MRI-ESM2-0,ssp126,optimized,late_century,2080,2100,monthly_full,252,202,china_mask,760,0,-0.23789089918136597,-0.1428404599428177,0.0,10.657894736842104,33.68421052631579,23.55263157894737,13.947368421052632,10.657894736842104,7.5,0.0
MRI-ESM2-0,ssp126,optimized,late_century,2080,2100,monthly_climatology,12,12,china_mask,760,0,-0.3776223659515381,-0.18122009932994843,0.6578947368421053,30.92105263157895,22.894736842105264,12.894736842105264,7.368421052631579,9.736842105263158,13.81578947368421,1.7105263157894737
MRI-ESM2-0,ssp126,optimized,late_century,2080,2100,seasonal_full,84,68,china_mask,760,0,-0.2798926830291748,-0.1443070024251938,0.0,19.736842105263158,28.42105263157895,18.289473684210527,10.526315789473685,11.052631578947368,11.710526315789474,0.2631578947368421
MRI-ESM2-0,ssp126,optimized,late_century,2080,2100,seasonal_climatology,4,4,china_mask,760,0,-0.4000000059604645,-0.19105264544487,11.18421052631579,27.763157894736842,20.92105263157895,1.9736842105263157,9.736842105263158,8.421052631578947,11.842105263157896,8.157894736842104
MRI-ESM2-0,ssp245,paper_qm,historical,1994,2014,monthly_full,252,202,china_mask,760,0,-0.20805954933166504,-0.11497742682695389,0.0,7.894736842105263,32.76315789473684,25.0,13.947368421052632,13.289473684210526,7.105263157894737,0.0
MRI-ESM2-0,ssp245,paper_qm,historical,1994,2014,monthly_climatology,12,12,china_mask,760,0,-0.32867133617401123,-0.1511225700378418,0.0,24.07894736842105,29.210526315789473,12.5,8.947368421052632,10.526315789473685,13.157894736842104,1.5789473684210527
MRI-ESM2-0,ssp245,paper_qm,historical,1994,2014,seasonal_full,84,68,china_mask,760,0,-0.23403868079185486,-0.09870569407939911,0.0,13.289473684210526,31.05263157894737,20.0,11.973684210526315,10.0,12.763157894736842,0.9210526315789473
MRI-ESM2-0,ssp245,paper_qm,historical,1994,2014,seasonal_climatology,4,4,china_mask,760,0,-0.4000000059604645,-0.1600000113248825,6.315789473684211,28.026315789473685,24.605263157894736,2.8947368421052633,9.210526315789474,7.105263157894737,13.289473684210526,8.552631578947368
MRI-ESM2-0,ssp245,paper_qm,mid_century,2040,2060,monthly_full,252,202,china_mask,760,0,-0.2519385814666748,-0.1552080661058426,0.0,9.868421052631579,34.86842105263158,25.0,13.026315789473685,11.18421052631579,6.052631578947368,0.0
MRI-ESM2-0,ssp245,paper_qm,mid_century,2040,2060,monthly_climatology,12,12,china_mask,760,0,-0.3496503531932831,-0.18629001080989838,0.9210526315789473,26.18421052631579,26.57894736842105,15.394736842105264,7.7631578947368425,8.81578947368421,13.289473684210526,1.0526315789473684
MRI-ESM2-0,ssp245,paper_qm,mid_century,2040,2060,seasonal_full,84,68,china_mask,760,0,-0.3000607490539551,-0.1581798493862152,0.13157894736842105,19.736842105263158,30.13157894736842,18.289473684210527,10.263157894736842,10.0,11.052631578947368,0.39473684210526316
MRI-ESM2-0,ssp245,paper_qm,mid_century,2040,2060,seasonal_climatology,4,4,china_mask,760,0,-0.4000000059604645,-0.1839473694562912,9.736842105263158,23.42105263157895,26.710526315789473,3.6842105263157894,9.210526315789474,8.289473684210526,10.921052631578947,8.026315789473685
MRI-ESM2-0,ssp245,paper_qm,late_century,2080,2100,monthly_full,252,202,china_mask,760,0,-0.26082757115364075,-0.16361208260059357,0.0,11.052631578947368,35.921052631578945,22.105263157894736,13.552631578947368,11.578947368421053,5.7894736842105265,0.0
MRI-ESM2-0,ssp245,paper_qm,late_century,2080,2100,monthly_climatology,12,12,china_mask,760,0,-0.3601398468017578,-0.17854250967502594,0.2631578947368421,27.105263157894736,26.57894736842105,13.421052631578947,8.157894736842104,11.052631578947368,11.973684210526315,1.4473684210526316
MRI-ESM2-0,ssp245,paper_qm,late_century,2080,2100,seasonal_full,84,68,china_mask,760,0,-0.2775843143463135,-0.14591339230537415,0.0,21.44736842105263,26.710526315789473,18.157894736842106,11.842105263157896,10.657894736842104,10.921052631578947,0.2631578947368421
MRI-ESM2-0,ssp245,paper_qm,late_century,2080,2100,seasonal_climatology,4,4,china_mask,760,0,-0.4000000059604645,-0.1692105382680893,9.605263157894736,24.07894736842105,22.894736842105264,4.342105263157895,11.447368421052632,8.157894736842104,10.921052631578947,8.552631578947368
MRI-ESM2-0,ssp245,optimized,historical,1994,2014,monthly_full,252,202,china_mask,760,0,-0.20805954933166504,-0.11497742682695389,0.0,7.894736842105263,32.76315789473684,25.0,13.947368421052632,13.289473684210526,7.105263157894737,0.0
MRI-ESM2-0,ssp245,optimized,historical,1994,2014,monthly_climatology,12,12,china_mask,760,0,-0.32867133617401123,-0.1511225700378418,0.0,24.07894736842105,29.210526315789473,12.5,8.947368421052632,10.526315789473685,13.157894736842104,1.5789473684210527
MRI-ESM2-0,ssp245,optimized,historical,1994,2014,seasonal_full,84,68,china_mask,760,0,-0.23403868079185486,-0.09870569407939911,0.0,13.289473684210526,31.05263157894737,20.0,11.973684210526315,10.0,12.763157894736842,0.9210526315789473
MRI-ESM2-0,ssp245,optimized,historical,1994,2014,seasonal_climatology,4,4,china_mask,760,0,-0.4000000059604645,-0.1600000113248825,6.315789473684211,28.026315789473685,24.605263157894736,2.8947368421052633,9.210526315789474,7.105263157894737,13.289473684210526,8.552631578947368
MRI-ESM2-0,ssp245,optimized,mid_century,2040,2060,monthly_full,252,202,china_mask,760,0,-0.20261059701442719,-0.12860001623630524,0.0,9.078947368421053,32.23684210526316,26.44736842105263,12.763157894736842,12.5,6.973684210526316,0.0
MRI-ESM2-0,ssp245,optimized,mid_century,2040,2060,monthly_climatology,12,12,china_mask,760,0,-0.3426573574542999,-0.16291867196559906,0.6578947368421053,26.05263157894737,25.789473684210527,14.078947368421053,9.078947368421053,9.078947368421053,13.289473684210526,1.9736842105263157
MRI-ESM2-0,ssp245,optimized,mid_century,2040,2060,seasonal_full,84,68,china_mask,760,0,-0.2680874764919281,-0.1371956318616867,0.13157894736842105,17.763157894736842,29.86842105263158,18.157894736842106,11.447368421052632,10.131578947368421,12.105263157894736,0.39473684210526316
MRI-ESM2-0,ssp245,optimized,mid_century,2040,2060,seasonal_climatology,4,4,china_mask,760,0,-0.4000000059604645,-0.17210526764392853,9.473684210526315,24.342105263157894,25.13157894736842,2.8947368421052633,9.868421052631579,8.421052631578947,11.052631578947368,8.81578947368421
MRI-ESM2-0,ssp245,optimized,late_century,2080,2100,monthly_full,252,202,china_mask,760,0,-0.2158593237400055,-0.13558463752269745,0.0,10.0,32.10526315789474,25.657894736842106,13.947368421052632,11.31578947368421,6.973684210526316,0.0
MRI-ESM2-0,ssp245,optimized,late_century,2080,2100,monthly_climatology,12,12,china_mask,760,0,-0.33916085958480835,-0.16125322878360748,0.39473684210526316,28.68421052631579,23.55263157894737,13.157894736842104,9.078947368421053,9.868421052631579,12.236842105263158,3.026315789473684
MRI-ESM2-0,ssp245,optimized,late_century,2080,2100,seasonal_full,84,68,china_mask,760,0,-0.2401336431503296,-0.12695695459842682,0.0,19.736842105263158,26.31578947368421,18.81578947368421,11.710526315789474,10.263157894736842,12.763157894736842,0.39473684210526316
MRI-ESM2-0,ssp245,optimized,late_century,2080,2100,seasonal_climatology,4,4,china_mask,760,0,-0.4000000059604645,-0.1605263352394104,10.131578947368421,23.55263157894737,24.07894736842105,3.289473684210526,9.605263157894736,8.68421052631579,11.447368421052632,9.210526315789474
MRI-ESM2-0,ssp585,paper_qm,historical,1994,2014,monthly_full,252,202,china_mask,760,0,-0.20805954933166504,-0.11497742682695389,0.0,7.894736842105263,32.76315789473684,25.0,13.947368421052632,13.289473684210526,7.105263157894737,0.0
MRI-ESM2-0,ssp585,paper_qm,historical,1994,2014,monthly_climatology,12,12,china_mask,760,0,-0.32867133617401123,-0.1511225700378418,0.0,24.07894736842105,29.210526315789473,12.5,8.947368421052632,10.526315789473685,13.157894736842104,1.5789473684210527
MRI-ESM2-0,ssp585,paper_qm,historical,1994,2014,seasonal_full,84,68,china_mask,760,0,-0.23403868079185486,-0.09870569407939911,0.0,13.289473684210526,31.05263157894737,20.0,11.973684210526315,10.0,12.763157894736842,0.9210526315789473
MRI-ESM2-0,ssp585,paper_qm,historical,1994,2014,seasonal_climatology,4,4,china_mask,760,0,-0.4000000059604645,-0.1600000113248825,6.315789473684211,28.026315789473685,24.605263157894736,2.8947368421052633,9.210526315789474,7.105263157894737,13.289473684210526,8.552631578947368
MRI-ESM2-0,ssp585,paper_qm,mid_century,2040,2060,monthly_full,252,202,china_mask,760,0,-0.2801993489265442,-0.17763462662696838,0.0,14.605263157894736,33.55263157894737,22.763157894736842,12.763157894736842,10.394736842105264,5.921052631578948,0.0
MRI-ESM2-0,ssp585,paper_qm,mid_century,2040,2060,monthly_climatology,12,12,china_mask,760,0,-0.4020979106426239,-0.20954176783561707,0.2631578947368421,30.13157894736842,25.394736842105264,14.605263157894736,7.105263157894737,10.0,11.842105263157896,0.6578947368421053
MRI-ESM2-0,ssp585,paper_qm,mid_century,2040,2060,seasonal_full,84,68,china_mask,760,0,-0.29631465673446655,-0.16914476454257965,0.0,21.973684210526315,27.63157894736842,17.894736842105264,11.31578947368421,10.394736842105264,10.263157894736842,0.5263157894736842
MRI-ESM2-0,ssp585,paper_qm,mid_century,2040,2060,seasonal_climatology,4,4,china_mask,760,0,-0.4000000059604645,-0.2139473706483841,11.31578947368421,24.473684210526315,26.18421052631579,2.5,9.868421052631579,7.368421052631579,10.394736842105264,7.894736842105263
MRI-ESM2-0,ssp585,paper_qm,late_century,2080,2100,monthly_full,252,202,china_mask,760,0,-0.29480233788490295,-0.1975758671760559,0.0,12.894736842105264,36.578947368421055,23.289473684210527,13.157894736842104,9.342105263157896,4.7368421052631575,0.0
MRI-ESM2-0,ssp585,paper_qm,late_century,2080,2100,monthly_climatology,12,12,china_mask,760,0,-0.38461539149284363,-0.22072139382362366,0.13157894736842105,31.710526315789473,23.68421052631579,15.789473684210526,7.105263157894737,10.789473684210526,9.736842105263158,1.0526315789473684
MRI-ESM2-0,ssp585,paper_qm,late_century,2080,2100,seasonal_full,84,68,china_mask,760,0,-0.30627721548080444,-0.18297307193279266,0.13157894736842105,22.236842105263158,28.026315789473685,18.289473684210527,11.842105263157896,9.736842105263158,9.605263157894736,0.13157894736842105
MRI-ESM2-0,ssp585,paper_qm,late_century,2080,2100,seasonal_climatology,4,4,china_mask,760,0,-0.4000000059604645,-0.220526322722435,9.605263157894736,27.5,23.026315789473685,3.5526315789473686,10.526315789473685,8.947368421052632,10.789473684210526,6.052631578947368
MRI-ESM2-0,ssp585,optimized,historical,1994,2014,monthly_full,252,202,china_mask,760,0,-0.20805954933166504,-0.11497742682695389,0.0,7.894736842105263,32.76315789473684,25.0,13.947368421052632,13.289473684210526,7.105263157894737,0.0
MRI-ESM2-0,ssp585,optimized,historical,1994,2014,monthly_climatology,12,12,china_mask,760,0,-0.32867133617401123,-0.1511225700378418,0.0,24.07894736842105,29.210526315789473,12.5,8.947368421052632,10.526315789473685,13.157894736842104,1.5789473684210527
MRI-ESM2-0,ssp585,optimized,historical,1994,2014,seasonal_full,84,68,china_mask,760,0,-0.23403868079185486,-0.09870569407939911,0.0,13.289473684210526,31.05263157894737,20.0,11.973684210526315,10.0,12.763157894736842,0.9210526315789473
MRI-ESM2-0,ssp585,optimized,historical,1994,2014,seasonal_climatology,4,4,china_mask,760,0,-0.4000000059604645,-0.1600000113248825,6.315789473684211,28.026315789473685,24.605263157894736,2.8947368421052633,9.210526315789474,7.105263157894737,13.289473684210526,8.552631578947368
MRI-ESM2-0,ssp585,optimized,mid_century,2040,2060,monthly_full,252,202,china_mask,760,0,-0.2175873965024948,-0.1361595094203949,0.0,10.921052631578947,31.05263157894737,26.05263157894737,13.421052631578947,11.578947368421053,6.973684210526316,0.0
MRI-ESM2-0,ssp585,optimized,mid_century,2040,2060,monthly_climatology,12,12,china_mask,760,0,-0.3356643319129944,-0.16963563859462738,0.6578947368421053,27.105263157894736,25.0,13.81578947368421,9.736842105263158,8.81578947368421,12.894736842105264,1.9736842105263157
MRI-ESM2-0,ssp585,optimized,mid_century,2040,2060,seasonal_full,84,68,china_mask,760,0,-0.2335425764322281,-0.13106848299503326,0.13157894736842105,18.289473684210527,27.36842105263158,19.605263157894736,11.31578947368421,10.789473684210526,11.973684210526315,0.5263157894736842
MRI-ESM2-0,ssp585,optimized,mid_century,2040,2060,seasonal_climatology,4,4,china_mask,760,0,-0.4000000059604645,-0.16657894849777222,9.605263157894736,23.68421052631579,25.0,3.289473684210526,10.526315789473685,7.631578947368421,11.578947368421053,8.68421052631579
MRI-ESM2-0,ssp585,optimized,late_century,2080,2100,monthly_full,252,202,china_mask,760,0,-0.22122839093208313,-0.1505764275789261,0.0,11.578947368421053,31.18421052631579,26.18421052631579,13.947368421052632,10.921052631578947,6.184210526315789,0.0
MRI-ESM2-0,ssp585,optimized,late_century,2080,2100,monthly_climatology,12,12,china_mask,760,0,-0.34265732765197754,-0.17845968902111053,0.39473684210526316,28.026315789473685,24.07894736842105,13.947368421052632,9.605263157894736,10.526315789473685,11.31578947368421,2.1052631578947367
MRI-ESM2-0,ssp585,optimized,late_century,2080,2100,seasonal_full,84,68,china_mask,760,0,-0.25308293104171753,-0.13934312760829926,0.0,19.86842105263158,26.710526315789473,19.605263157894736,11.842105263157896,11.18421052631579,10.657894736842104,0.13157894736842105
MRI-ESM2-0,ssp585,optimized,late_century,2080,2100,seasonal_climatology,4,4,china_mask,760,0,-0.4000000059604645,-0.1850000023841858,11.18421052631579,24.736842105263158,23.289473684210527,2.8947368421052633,9.473684210526315,7.894736842105263,13.026315789473685,7.5
TaiESM1,ssp126,paper_qm,historical,1994,2014,monthly_full,252,202,china_mask,805,0,-0.21141482889652252,-0.11580560356378555,0.0,8.4472049689441,33.29192546583851,24.472049689440993,15.15527950310559,9.937888198757763,8.695652173913043,0.0
TaiESM1,ssp126,paper_qm,historical,1994,2014,monthly_climatology,12,12,china_mask,805,0,-0.3426573574542999,-0.1598401516675949,0.37267080745341613,28.198757763975156,25.341614906832298,12.670807453416149,8.074534161490684,9.68944099378882,12.173913043478262,3.4782608695652173
TaiESM1,ssp126,paper_qm,historical,1994,2014,seasonal_full,84,68,china_mask,805,0,-0.24766629934310913,-0.10418600589036942,0.0,12.298136645962733,33.54037267080745,18.012422360248447,12.670807453416149,10.93167701863354,11.801242236024844,0.7453416149068323
TaiESM1,ssp126,paper_qm,historical,1994,2014,seasonal_climatology,4,4,china_mask,805,0,-0.4000000059604645,-0.16844721138477325,7.453416149068323,26.956521739130434,25.59006211180124,3.1055900621118013,8.695652173913043,6.3354037267080745,12.79503105590062,9.06832298136646
TaiESM1,ssp126,paper_qm,mid_century,2040,2060,monthly_full,252,202,china_mask,805,0,-0.2442546784877777,-0.14309297502040863,0.0,10.062111801242237,34.409937888198755,20.993788819875775,17.142857142857142,11.180124223602485,6.211180124223603,0.0
TaiESM1,ssp126,paper_qm,mid_century,2040,2060,monthly_climatology,12,12,china_mask,805,0,-0.35664334893226624,-0.17168918251991272,0.37267080745341613,29.68944099378882,23.975155279503106,11.180124223602485,9.937888198757763,11.5527950310559,11.677018633540373,1.6149068322981366
TaiESM1,ssp126,paper_qm,mid_century,2040,2060,seasonal_full,84,68,china_mask,805,0,-0.24493266642093658,-0.12689396739006042,0.0,15.031055900621118,32.04968944099379,17.763975155279503,12.79503105590062,11.180124223602485,10.807453416149068,0.37267080745341613
TaiESM1,ssp126,paper_qm,mid_century,2040,2060,seasonal_climatology,4,4,china_mask,805,0,-0.4000000059604645,-0.15677019953727722,10.31055900621118,20.74534161490683,26.335403726708076,3.7267080745341614,11.180124223602485,7.329192546583851,11.677018633540373,8.695652173913043
TaiESM1,ssp126,paper_qm,late_century,2080,2100,monthly_full,252,202,china_mask,805,0,-0.2660796642303467,-0.16321109235286713,0.0,14.285714285714286,32.422360248447205,20.248447204968944,15.900621118012422,11.428571428571429,5.714285714285714,0.0
TaiESM1,ssp126,paper_qm,late_century,2080,2100,monthly_climatology,12,12,china_mask,805,0,-0.3636363744735718,-0.1888546347618103,0.12422360248447205,30.93167701863354,22.732919254658384,13.043478260869565,9.937888198757763,10.186335403726709,11.428571428571429,1.6149068322981366
TaiESM1,ssp126,paper_qm,late_century,2080,2100,seasonal_full,84,68,china_mask,805,0,-0.286848247051239,-0.14594241976737976,0.0,18.509316770186334,30.31055900621118,15.900621118012422,13.416149068322982,11.304347826086957,10.559006211180124,0.0
TaiESM1,ssp126,paper_qm,late_century,2080,2100,seasonal_climatology,4,4,china_mask,805,0,-0.4000000059604645,-0.17565219104290009,10.31055900621118,23.975155279503106,25.093167701863354,2.857142857142857,8.944099378881987,8.4472049689441,12.298136645962733,8.074534161490684
TaiESM1,ssp126,optimized,historical,1994,2014,monthly_full,252,202,china_mask,805,0,-0.21141482889652252,-0.11580560356378555,0.0,8.4472049689441,33.29192546583851,24.472049689440993,15.15527950310559,9.937888198757763,8.695652173913043,0.0
TaiESM1,ssp126,optimized,historical,1994,2014,monthly_climatology,12,12,china_mask,805,0,-0.3426573574542999,-0.1598401516675949,0.37267080745341613,28.198757763975156,25.341614906832298,12.670807453416149,8.074534161490684,9.68944099378882,12.173913043478262,3.4782608695652173
TaiESM1,ssp126,optimized,historical,1994,2014,seasonal_full,84,68,china_mask,805,0,-0.24766629934310913,-0.10418600589036942,0.0,12.298136645962733,33.54037267080745,18.012422360248447,12.670807453416149,10.93167701863354,11.801242236024844,0.7453416149068323
TaiESM1,ssp126,optimized,historical,1994,2014,seasonal_climatology,4,4,china_mask,805,0,-0.4000000059604645,-0.16844721138477325,7.453416149068323,26.956521739130434,25.59006211180124,3.1055900621118013,8.695652173913043,6.3354037267080745,12.79503105590062,9.06832298136646
TaiESM1,ssp126,optimized,mid_century,2040,2060,monthly_full,252,202,china_mask,805,0,-0.2316771000623703,-0.1302613914012909,0.0,9.565217391304348,33.7888198757764,22.36024844720497,15.652173913043478,10.93167701863354,7.701863354037267,0.0
TaiESM1,ssp126,optimized,mid_century,2040,2060,monthly_climatology,12,12,china_mask,805,0,-0.35664334893226624,-0.1665378361940384,0.12422360248447205,30.18633540372671,22.857142857142858,11.677018633540373,10.062111801242237,10.186335403726709,12.173913043478262,2.732919254658385
TaiESM1,ssp126,optimized,mid_century,2040,2060,seasonal_full,84,68,china_mask,805,0,-0.2552191913127899,-0.12087525427341461,0.0,14.285714285714286,32.91925465838509,16.39751552795031,14.782608695652174,9.937888198757763,10.93167701863354,0.7453416149068323
TaiESM1,ssp126,optimized,mid_century,2040,2060,seasonal_climatology,4,4,china_mask,805,0,-0.4000000059604645,-0.16173914074897766,11.180124223602485,22.36024844720497,24.720496894409937,2.2360248447204967,10.683229813664596,8.074534161490684,10.559006211180124,10.186335403726709
TaiESM1,ssp126,optimized,late_century,2080,2100,monthly_full,252,202,china_mask,805,0,-0.23687519133090973,-0.13783115148544312,0.0,10.062111801242237,34.409937888198755,21.614906832298136,16.024844720496894,10.807453416149068,7.080745341614906,0.0
TaiESM1,ssp126,optimized,late_century,2080,2100,monthly_climatology,12,12,china_mask,805,0,-0.3776223659515381,-0.1756417602300644,0.2484472049689441,29.19254658385093,24.96894409937888,12.173913043478262,9.440993788819876,8.944099378881987,12.546583850931677,2.484472049689441
TaiESM1,ssp126,optimized,late_century,2080,2100,seasonal_full,84,68,china_mask,805,0,-0.2718031704425812,-0.12743212282657623,0.0,15.403726708074535,31.677018633540374,17.267080745341616,12.79503105590062,11.304347826086957,11.5527950310559,0.0
TaiESM1,ssp126,optimized,late_century,2080,2100,seasonal_climatology,4,4,china_mask,805,0,-0.4000000059604645,-0.17664597928524017,10.186335403726709,23.726708074534162,26.459627329192546,2.2360248447204967,9.565217391304348,7.453416149068323,10.93167701863354,9.440993788819876
TaiESM1,ssp245,paper_qm,historical,1994,2014,monthly_full,252,202,china_mask,805,0,-0.21141482889652252,-0.11580560356378555,0.0,8.4472049689441,33.29192546583851,24.472049689440993,15.15527950310559,9.937888198757763,8.695652173913043,0.0
TaiESM1,ssp245,paper_qm,historical,1994,2014,monthly_climatology,12,12,china_mask,805,0,-0.3426573574542999,-0.1598401516675949,0.37267080745341613,28.198757763975156,25.341614906832298,12.670807453416149,8.074534161490684,9.68944099378882,12.173913043478262,3.4782608695652173
TaiESM1,ssp245,paper_qm,historical,1994,2014,seasonal_full,84,68,china_mask,805,0,-0.24766629934310913,-0.10418600589036942,0.0,12.298136645962733,33.54037267080745,18.012422360248447,12.670807453416149,10.93167701863354,11.801242236024844,0.7453416149068323
TaiESM1,ssp245,paper_qm,historical,1994,2014,seasonal_climatology,4,4,china_mask,805,0,-0.4000000059604645,-0.16844721138477325,7.453416149068323,26.956521739130434,25.59006211180124,3.1055900621118013,8.695652173913043,6.3354037267080745,12.79503105590062,9.06832298136646
TaiESM1,ssp245,paper_qm,mid_century,2040,2060,monthly_full,252,202,china_mask,805,0,-0.2583582401275635,-0.15332503616809845,0.0,11.055900621118013,34.037267080745345,22.48447204968944,14.782608695652174,11.677018633540373,5.962732919254658,0.0
TaiESM1,ssp245,paper_qm,mid_century,2040,2060,monthly_climatology,12,12,china_mask,805,0,-0.3776223659515381,-0.19712461531162262,0.4968944099378882,28.322981366459626,26.70807453416149,11.925465838509316,9.937888198757763,10.062111801242237,11.055900621118013,1.4906832298136645
TaiESM1,ssp245,paper_qm,mid_century,2040,2060,seasonal_full,84,68,china_mask,805,0,-0.2752860188484192,-0.1375879943370819,0.0,15.77639751552795,32.67080745341615,15.403726708074535,14.409937888198758,11.677018633540373,9.565217391304348,0.4968944099378882
TaiESM1,ssp245,paper_qm,mid_century,2040,2060,seasonal_climatology,4,4,china_mask,805,0,-0.4000000059604645,-0.185838520526886,10.062111801242237,24.099378881987576,24.099378881987576,4.22360248447205,10.31055900621118,8.695652173913043,12.298136645962733,6.211180124223603
TaiESM1,ssp245,paper_qm,late_century,2080,2100,monthly_full,252,202,china_mask,805,0,-0.2730099856853485,-0.17135798931121826,0.0,13.540372670807454,33.41614906832298,21.987577639751553,14.658385093167702,10.807453416149068,5.590062111801243,0.0
TaiESM1,ssp245,paper_qm,late_century,2080,2100,monthly_climatology,12,12,china_mask,805,0,-0.3986014127731323,-0.20781826972961426,0.37267080745341613,31.677018633540374,23.47826086956522,12.422360248447205,9.937888198757763,8.944099378881987,12.049689440993788,1.1180124223602483
TaiESM1,ssp245,paper_qm,late_century,2080,2100,seasonal_full,84,68,china_mask,805,0,-0.2761567234992981,-0.14614872634410858,0.0,16.770186335403725,31.677018633540374,16.8944099378882,15.15527950310559,9.06832298136646,10.31055900621118,0.12422360248447205
TaiESM1,ssp245,paper_qm,late_century,2080,2100,seasonal_climatology,4,4,china_mask,805,0,-0.4000000059604645,-0.1918012499809265,11.677018633540373,22.236024844720497,24.596273291925467,3.9751552795031055,10.683229813664596,9.192546583850932,9.440993788819876,8.198757763975156
TaiESM1,ssp245,optimized,historical,1994,2014,monthly_full,252,202,china_mask,805,0,-0.21141482889652252,-0.11580560356378555,0.0,8.4472049689441,33.29192546583851,24.472049689440993,15.15527950310559,9.937888198757763,8.695652173913043,0.0
TaiESM1,ssp245,optimized,historical,1994,2014,monthly_climatology,12,12,china_mask,805,0,-0.3426573574542999,-0.1598401516675949,0.37267080745341613,28.198757763975156,25.341614906832298,12.670807453416149,8.074534161490684,9.68944099378882,12.173913043478262,3.4782608695652173
TaiESM1,ssp245,optimized,historical,1994,2014,seasonal_full,84,68,china_mask,805,0,-0.24766629934310913,-0.10418600589036942,0.0,12.298136645962733,33.54037267080745,18.012422360248447,12.670807453416149,10.93167701863354,11.801242236024844,0.7453416149068323
TaiESM1,ssp245,optimized,historical,1994,2014,seasonal_climatology,4,4,china_mask,805,0,-0.4000000059604645,-0.16844721138477325,7.453416149068323,26.956521739130434,25.59006211180124,3.1055900621118013,8.695652173913043,6.3354037267080745,12.79503105590062,9.06832298136646
TaiESM1,ssp245,optimized,mid_century,2040,2060,monthly_full,252,202,china_mask,805,0,-0.24821250140666962,-0.13827694952487946,0.0,8.944099378881987,36.024844720496894,22.48447204968944,14.409937888198758,10.93167701863354,7.204968944099379,0.0
TaiESM1,ssp245,optimized,mid_century,2040,2060,monthly_climatology,12,12,china_mask,805,0,-0.3916083872318268,-0.19592580199241638,0.12422360248447205,30.31055900621118,26.70807453416149,10.93167701863354,8.819875776397515,8.4472049689441,11.925465838509316,2.732919254658385
TaiESM1,ssp245,optimized,mid_century,2040,2060,seasonal_full,84,68,china_mask,805,0,-0.26672065258026123,-0.12892508506774902,0.0,14.161490683229813,33.66459627329193,16.770186335403725,13.664596273291925,9.937888198757763,11.055900621118013,0.7453416149068323
TaiESM1,ssp245,optimized,mid_century,2040,2060,seasonal_climatology,4,4,china_mask,805,0,-0.4000000059604645,-0.185838520526886,10.683229813664596,23.354037267080745,25.96273291925466,3.7267080745341614,9.192546583850932,7.701863354037267,10.31055900621118,9.06832298136646
TaiESM1,ssp245,optimized,late_century,2080,2100,monthly_full,252,202,china_mask,805,0,-0.24120120704174042,-0.14101523160934448,0.0,10.559006211180124,34.285714285714285,23.1055900621118,13.664596273291925,11.428571428571429,6.956521739130435,0.0
TaiESM1,ssp245,optimized,late_century,2080,2100,monthly_climatology,12,12,china_mask,805,0,-0.3916083872318268,-0.18726490437984467,0.2484472049689441,29.937888198757765,25.341614906832298,11.5527950310559,9.192546583850932,7.826086956521739,13.29192546583851,2.608695652173913
TaiESM1,ssp245,optimized,late_century,2080,2100,seasonal_full,84,68,china_mask,805,0,-0.2590867578983307,-0.12417754530906677,0.0,12.670807453416149,34.161490683229815,17.888198757763973,14.409937888198758,9.06832298136646,11.428571428571429,0.37267080745341613
TaiESM1,ssp245,optimized,late_century,2080,2100,seasonal_climatology,4,4,china_mask,805,0,-0.4000000059604645,-0.17739132046699524,10.807453416149068,22.732919254658384,26.211180124223603,2.608695652173913,9.937888198757763,8.819875776397515,9.316770186335404,9.565217391304348
TaiESM1,ssp585,paper_qm,historical,1994,2014,monthly_full,252,202,china_mask,805,0,-0.21141482889652252,-0.11580560356378555,0.0,8.4472049689441,33.29192546583851,24.472049689440993,15.15527950310559,9.937888198757763,8.695652173913043,0.0
TaiESM1,ssp585,paper_qm,historical,1994,2014,monthly_climatology,12,12,china_mask,805,0,-0.3426573574542999,-0.1598401516675949,0.37267080745341613,28.198757763975156,25.341614906832298,12.670807453416149,8.074534161490684,9.68944099378882,12.173913043478262,3.4782608695652173
TaiESM1,ssp585,paper_qm,historical,1994,2014,seasonal_full,84,68,china_mask,805,0,-0.24766629934310913,-0.10418600589036942,0.0,12.298136645962733,33.54037267080745,18.012422360248447,12.670807453416149,10.93167701863354,11.801242236024844,0.7453416149068323
TaiESM1,ssp585,paper_qm,historical,1994,2014,seasonal_climatology,4,4,china_mask,805,0,-0.4000000059604645,-0.16844721138477325,7.453416149068323,26.956521739130434,25.59006211180124,3.1055900621118013,8.695652173913043,6.3354037267080745,12.79503105590062,9.06832298136646
TaiESM1,ssp585,paper_qm,mid_century,2040,2060,monthly_full,252,202,china_mask,805,0,-0.24775058031082153,-0.16608549654483795,0.0,12.79503105590062,31.925465838509318,24.22360248447205,15.403726708074535,10.434782608695652,5.217391304347826,0.0
TaiESM1,ssp585,paper_qm,mid_century,2040,2060,monthly_climatology,12,12,china_mask,805,0,-0.3776223659515381,-0.20314466953277588,0.6211180124223602,28.571428571428573,25.341614906832298,15.527950310559007,8.4472049689441,9.440993788819876,9.937888198757763,2.111801242236025
TaiESM1,ssp585,paper_qm,mid_century,2040,2060,seasonal_full,84,68,china_mask,805,0,-0.2645540237426758,-0.13852007687091827,0.0,17.142857142857142,29.81366459627329,17.267080745341616,16.273291925465838,9.813664596273291,9.68944099378882,0.0
TaiESM1,ssp585,paper_qm,mid_century,2040,2060,seasonal_climatology,4,4,china_mask,805,0,-0.4000000059604645,-0.18459630012512207,9.68944099378882,25.217391304347824,23.726708074534162,4.596273291925466,8.819875776397515,9.316770186335404,10.683229813664596,7.950310559006211
TaiESM1,ssp585,paper_qm,late_century,2080,2100,monthly_full,252,202,china_mask,805,0,-0.20016077160835266,-0.13477519154548645,0.0,13.043478260869565,29.81366459627329,21.86335403726708,15.403726708074535,13.91304347826087,5.962732919254658,0.0
TaiESM1,ssp585,paper_qm,late_century,2080,2100,monthly_climatology,12,12,china_mask,805,0,-0.2937062978744507,-0.1636103093624115,0.4968944099378882,29.68944099378882,19.751552795031056,15.279503105590063,9.192546583850932,9.565217391304348,15.15527950310559,0.8695652173913043
TaiESM1,ssp585,paper_qm,late_century,2080,2100,seasonal_full,84,68,china_mask,805,0,-0.2083021104335785,-0.10252732038497925,0.0,16.52173913043478,28.074534161490682,16.273291925465838,14.161490683229813,14.161490683229813,10.434782608695652,0.37267080745341613
TaiESM1,ssp585,paper_qm,late_century,2080,2100,seasonal_climatology,4,4,china_mask,805,0,-0.4000000059604645,-0.1224844679236412,8.322981366459627,22.48447204968944,22.608695652173914,4.720496894409938,8.322981366459627,12.546583850931677,14.285714285714286,6.708074534161491
TaiESM1,ssp585,optimized,historical,1994,2014,monthly_full,252,202,china_mask,805,0,-0.21141482889652252,-0.11580560356378555,0.0,8.4472049689441,33.29192546583851,24.472049689440993,15.15527950310559,9.937888198757763,8.695652173913043,0.0
TaiESM1,ssp585,optimized,historical,1994,2014,monthly_climatology,12,12,china_mask,805,0,-0.3426573574542999,-0.1598401516675949,0.37267080745341613,28.198757763975156,25.341614906832298,12.670807453416149,8.074534161490684,9.68944099378882,12.173913043478262,3.4782608695652173
TaiESM1,ssp585,optimized,historical,1994,2014,seasonal_full,84,68,china_mask,805,0,-0.24766629934310913,-0.10418600589036942,0.0,12.298136645962733,33.54037267080745,18.012422360248447,12.670807453416149,10.93167701863354,11.801242236024844,0.7453416149068323
TaiESM1,ssp585,optimized,historical,1994,2014,seasonal_climatology,4,4,china_mask,805,0,-0.4000000059604645,-0.16844721138477325,7.453416149068323,26.956521739130434,25.59006211180124,3.1055900621118013,8.695652173913043,6.3354037267080745,12.79503105590062,9.06832298136646
TaiESM1,ssp585,optimized,mid_century,2040,2060,monthly_full,252,202,china_mask,805,0,-0.23916980624198914,-0.14290258288383484,0.0,9.68944099378882,34.409937888198755,23.354037267080745,15.031055900621118,10.559006211180124,6.956521739130435,0.0
TaiESM1,ssp585,optimized,mid_century,2040,2060,monthly_climatology,12,12,china_mask,805,0,-0.3916083872318268,-0.19241628050804138,0.4968944099378882,30.18633540372671,24.099378881987576,14.037267080745341,8.074534161490684,9.316770186335404,10.93167701863354,2.857142857142857
TaiESM1,ssp585,optimized,mid_century,2040,2060,seasonal_full,84,68,china_mask,805,0,-0.25963348150253296,-0.12867139279842377,0.0,15.652173913043478,30.80745341614907,18.012422360248447,15.15527950310559,9.440993788819876,10.93167701863354,0.0
TaiESM1,ssp585,optimized,mid_century,2040,2060,seasonal_climatology,4,4,china_mask,805,0,-0.4000000059604645,-0.1873292177915573,11.801242236024844,22.981366459627328,25.59006211180124,3.7267080745341614,7.577639751552795,8.074534161490684,11.428571428571429,8.819875776397515
TaiESM1,ssp585,optimized,late_century,2080,2100,monthly_full,252,202,china_mask,805,0,-0.200548455119133,-0.1255527138710022,0.0,11.428571428571429,31.180124223602483,22.732919254658384,13.91304347826087,13.167701863354038,7.577639751552795,0.0
TaiESM1,ssp585,optimized,late_century,2080,2100,monthly_climatology,12,12,china_mask,805,0,-0.3636363744735718,-0.17443427443504333,0.6211180124223602,30.93167701863354,21.11801242236025,13.540372670807454,8.819875776397515,8.695652173913043,13.540372670807454,2.732919254658385
TaiESM1,ssp585,optimized,late_century,2080,2100,seasonal_full,84,68,china_mask,805,0,-0.22356991469860077,-0.10978496074676514,0.0,15.279503105590063,29.81366459627329,17.391304347826086,13.540372670807454,11.428571428571429,11.925465838509316,0.6211180124223602
TaiESM1,ssp585,optimized,late_century,2080,2100,seasonal_climatology,4,4,china_mask,805,0,-0.4000000059604645,-0.15378881990909576,13.664596273291925,19.503105590062113,22.857142857142858,3.3540372670807455,10.559006211180124,9.192546583850932,11.925465838509316,8.944099378881987
