model,scenario,method,period,start_year,end_year,months,variable,aggregation,qc_region,unit,area_weighted_spatial_mean,finite_count,missing_percent,negative_percent,minimum,p01,median,mean,std,p99,maximum
ACCESS-CM2,ssp126,paper_qm,historical,1994,2014,252,tcell,all_monthly_grid_samples,china_intersection,degree_Celsius,nan,127512,0.0,18.80215195432587,-27.862154006958008,-17.45142988204956,16.088090896606445,14.2791908096624,13.920556364471764,36.43946002960205,41.71005630493164
ACCESS-CM2,ssp126,paper_qm,historical,1994,2014,252,tcell,period_mean_map,china_intersection,degree_Celsius,14.392994730243368,506,0.0,2.371541501976284,-4.883211135864258,-0.5241045758128167,14.359742641448975,14.279190808381856,7.770107673634891,28.232994174957273,30.54832649230957
ACCESS-CM2,ssp126,paper_qm,historical,1994,2014,252,performance_ratio,all_monthly_grid_samples,china_intersection,1,nan,127512,0.0,0.0,0.9164497256278992,0.9428026759624482,1.0445595383644104,1.0536040460217686,0.06960278179882916,1.2122571659088135,1.2643107175827026
ACCESS-CM2,ssp126,paper_qm,historical,1994,2014,252,performance_ratio,period_mean_map,china_intersection,1,1.053035025201901,506,0.0,0.0,0.9722586274147034,0.983835107088089,1.0532012581825256,1.053604043048361,0.038850522089749866,1.127620279788971,1.1494160890579224
ACCESS-CM2,ssp126,paper_qm,historical,1994,2014,252,pvpot,all_monthly_grid_samples,china_intersection,W m-2,nan,127512,0.0,0.0,40.46360778808594,70.09227600097657,196.19567108154297,198.9497675554345,68.2261730912373,363.37077880859374,449.7098388671875
ACCESS-CM2,ssp126,paper_qm,historical,1994,2014,252,pvpot,period_mean_map,china_intersection,W m-2,200.29452013994654,506,0.0,0.0,123.71822357177734,128.43232498168945,190.74127960205078,198.94976954403603,40.40653479305491,289.11484680175784,300.6372985839844
ACCESS-CM2,ssp126,paper_qm,historical,1994,2014,252,wind_speed_hub,all_monthly_grid_samples,china_intersection,m s-1,nan,127512,0.0,0.0,0.16303901374340057,0.5665168046951294,2.5686737298965454,3.0447317535385223,1.9907329693919076,10.67989333152771,19.6192684173584
ACCESS-CM2,ssp126,paper_qm,historical,1994,2014,252,wind_speed_hub,period_mean_map,china_intersection,m s-1,2.8015422462974486,506,0.0,0.0,0.850307285785675,1.0638402700424194,2.7223891019821167,3.044731774113395,1.4997664318233779,9.083990001678465,10.429802894592285
ACCESS-CM2,ssp126,paper_qm,historical,1994,2014,252,wpd,all_monthly_grid_samples,china_intersection,W m-2,nan,127512,0.0,0.0,0.0026544874999672174,0.11136392697691919,10.380849838256836,49.40849058292809,166.97646521980272,746.1168829345703,4625.45556640625
ACCESS-CM2,ssp126,paper_qm,historical,1994,2014,252,wpd,period_mean_map,china_intersection,W m-2,29.09315982013957,506,0.0,0.0,0.5021485686302185,0.9554224163293839,17.616929054260254,49.40849097455914,115.47950290015272,685.3314208984372,1180.070556640625
ACCESS-CM2,ssp126,paper_qm,mid_century,2040,2060,252,tcell,all_monthly_grid_samples,china_intersection,degree_Celsius,nan,127512,0.0,15.419725202333897,-24.250207901000977,-15.059970941543579,18.22197914123535,16.50752392562151,13.88838892455769,38.845676002502444,44.13661575317383
ACCESS-CM2,ssp126,paper_qm,mid_century,2040,2060,252,tcell,period_mean_map,china_intersection,degree_Celsius,16.660714389125722,506,0.0,0.1976284584980237,-2.7717998027801514,1.664040446281433,16.534031867980957,16.507523944594055,7.7372370475949825,30.240942287445066,32.49993896484375
ACCESS-CM2,ssp126,paper_qm,mid_century,2040,2060,252,performance_ratio,all_monthly_grid_samples,china_intersection,1,nan,127512,0.0,0.0,0.9043169021606445,0.9307716202735901,1.0338900685310364,1.0424623802735251,0.06944194447159274,1.2002998387813568,1.2462509870529175
ACCESS-CM2,ssp126,paper_qm,mid_century,2040,2060,252,performance_ratio,period_mean_map,china_intersection,1,1.0416964276477476,506,0.0,0.0,0.9625005722045898,0.9737954318523407,1.0423299670219421,1.0424623792114935,0.03868618082543074,1.11667919754982,1.1388592720031738
ACCESS-CM2,ssp126,paper_qm,mid_century,2040,2060,252,pvpot,all_monthly_grid_samples,china_intersection,W m-2,nan,127512,0.0,0.0,37.38603210449219,70.99758247375489,206.2498550415039,205.48696816680317,66.61341324064368,364.1831314086914,490.3262939453125
ACCESS-CM2,ssp126,paper_qm,mid_century,2040,2060,252,pvpot,period_mean_map,china_intersection,W m-2,207.24092004465425,506,0.0,0.0,143.0361785888672,150.57390747070312,195.39823150634766,205.48697095426175,35.07542228911685,287.8653259277344,301.11407470703125
ACCESS-CM2,ssp126,paper_qm,mid_century,2040,2060,252,wind_speed_hub,all_monthly_grid_samples,china_intersection,m s-1,nan,127512,0.0,0.0,0.1989736557006836,0.5482950270175934,2.5667121410369873,3.0490933295650895,2.0013254970031826,10.523250932693479,19.3391170501709
ACCESS-CM2,ssp126,paper_qm,mid_century,2040,2060,252,wind_speed_hub,period_mean_map,china_intersection,m s-1,2.8006207277501822,506,0.0,0.0,0.880788266658783,1.0668858349323274,2.76999294757843,3.0490933319796687,1.4886893621074098,9.075149965286254,10.277039527893066
ACCESS-CM2,ssp126,paper_qm,mid_century,2040,2060,252,wpd,all_monthly_grid_samples,china_intersection,W m-2,nan,127512,0.0,0.0,0.004824949894100428,0.1009599193930626,10.357085227966309,49.45245173054066,160.49060885512685,713.7660351562494,4430.125
ACCESS-CM2,ssp126,paper_qm,mid_century,2040,2060,252,wpd,period_mean_map,china_intersection,W m-2,29.122949386319565,506,0.0,0.0,0.5321002006530762,0.9729421973228455,19.26149845123291,49.45245050641859,112.08714447595888,655.9924560546873,1097.4256591796875
ACCESS-CM2,ssp126,paper_qm,late_century,2080,2100,252,tcell,all_monthly_grid_samples,china_intersection,degree_Celsius,nan,127512,0.0,14.883305100696406,-23.90273094177246,-15.15872031211853,18.716670036315918,16.917558398344273,13.921981993187297,39.23333839416504,43.491458892822266
ACCESS-CM2,ssp126,paper_qm,late_century,2080,2100,252,tcell,period_mean_map,china_intersection,degree_Celsius,17.0779291185679,506,0.0,0.1976284584980237,-2.2751119136810303,2.1734388709068297,16.964451789855957,16.917558452651907,7.722780785054194,30.58520402908325,32.93442916870117
ACCESS-CM2,ssp126,paper_qm,late_century,2080,2100,252,performance_ratio,all_monthly_grid_samples,china_intersection,1,nan,127512,0.0,0.0,0.9075427055358887,0.9288333237171174,1.031416654586792,1.0404122080255411,0.06960991001214116,1.2007935988903045,1.2445136308670044
ACCESS-CM2,ssp126,paper_qm,late_century,2080,2100,252,performance_ratio,period_mean_map,china_intersection,1,1.0396103451076184,506,0.0,0.0,0.9603280425071716,0.9720738679170609,1.0401776432991028,1.0404121982957064,0.03861389821634186,1.1141326427459717,1.136375904083252
ACCESS-CM2,ssp126,paper_qm,late_century,2080,2100,252,pvpot,all_monthly_grid_samples,china_intersection,W m-2,nan,127512,0.0,0.0,38.22578811645508,72.34310913085938,207.65602111816406,207.71757271457506,65.91477875244335,363.49328552246095,493.25445556640625
ACCESS-CM2,ssp126,paper_qm,late_century,2080,2100,252,pvpot,period_mean_map,china_intersection,W m-2,209.53850525357365,506,0.0,0.0,149.8640594482422,155.58610610961915,198.71051025390625,207.71757151486847,34.30915593468392,288.76294708251953,301.4183044433594
ACCESS-CM2,ssp126,paper_qm,late_century,2080,2100,252,wind_speed_hub,all_monthly_grid_samples,china_intersection,m s-1,nan,127512,0.0,0.0,0.15415968000888824,0.562544870376587,2.5756932497024536,3.0585515635969567,2.0216450380500053,10.817284679412841,20.610008239746094
ACCESS-CM2,ssp126,paper_qm,late_century,2080,2100,252,wind_speed_hub,period_mean_map,china_intersection,m s-1,2.808804744724637,506,0.0,0.0,0.9121033549308777,1.0860991537570954,2.783682942390442,3.0585515660495153,1.4920682720574947,9.190983247756957,10.464734077453613
ACCESS-CM2,ssp126,paper_qm,late_century,2080,2100,252,wpd,all_monthly_grid_samples,china_intersection,W m-2,nan,127512,0.0,0.0,0.002243977738544345,0.10903792522847652,10.466187953948975,50.86400022110822,170.18299178086806,775.2841986083982,5362.16943359375
ACCESS-CM2,ssp126,paper_qm,late_century,2080,2100,252,wpd,period_mean_map,china_intersection,W m-2,29.578860255566372,506,0.0,0.0,0.6149221658706665,1.0540061950683595,19.92416763305664,50.86400207193944,118.13185409904602,692.7552825927734,1182.5225830078125
ACCESS-CM2,ssp126,optimized,historical,1994,2014,252,tcell,all_monthly_grid_samples,china_intersection,degree_Celsius,nan,127512,0.0,18.80215195432587,-27.862154006958008,-17.45142988204956,16.088090896606445,14.2791908096624,13.920556364471764,36.43946002960205,41.71005630493164
ACCESS-CM2,ssp126,optimized,historical,1994,2014,252,tcell,period_mean_map,china_intersection,degree_Celsius,14.392994730243368,506,0.0,2.371541501976284,-4.883211135864258,-0.5241045758128167,14.359742641448975,14.279190808381856,7.770107673634891,28.232994174957273,30.54832649230957
ACCESS-CM2,ssp126,optimized,historical,1994,2014,252,performance_ratio,all_monthly_grid_samples,china_intersection,1,nan,127512,0.0,0.0,0.9164497256278992,0.9428026759624482,1.0445595383644104,1.0536040460217686,0.06960278179882916,1.2122571659088135,1.2643107175827026
ACCESS-CM2,ssp126,optimized,historical,1994,2014,252,performance_ratio,period_mean_map,china_intersection,1,1.053035025201901,506,0.0,0.0,0.9722586274147034,0.983835107088089,1.0532012581825256,1.053604043048361,0.038850522089749866,1.127620279788971,1.1494160890579224
ACCESS-CM2,ssp126,optimized,historical,1994,2014,252,pvpot,all_monthly_grid_samples,china_intersection,W m-2,nan,127512,0.0,0.0,40.46360778808594,70.09227600097657,196.19567108154297,198.9497675554345,68.2261730912373,363.37077880859374,449.7098388671875
ACCESS-CM2,ssp126,optimized,historical,1994,2014,252,pvpot,period_mean_map,china_intersection,W m-2,200.29452013994654,506,0.0,0.0,123.71822357177734,128.43232498168945,190.74127960205078,198.94976954403603,40.40653479305491,289.11484680175784,300.6372985839844
ACCESS-CM2,ssp126,optimized,historical,1994,2014,252,wind_speed_hub,all_monthly_grid_samples,china_intersection,m s-1,nan,127512,0.0,0.0,0.16303901374340057,0.5665168046951294,2.5686737298965454,3.0447317535385223,1.9907329693919076,10.67989333152771,19.6192684173584
ACCESS-CM2,ssp126,optimized,historical,1994,2014,252,wind_speed_hub,period_mean_map,china_intersection,m s-1,2.8015422462974486,506,0.0,0.0,0.850307285785675,1.0638402700424194,2.7223891019821167,3.044731774113395,1.4997664318233779,9.083990001678465,10.429802894592285
ACCESS-CM2,ssp126,optimized,historical,1994,2014,252,wpd,all_monthly_grid_samples,china_intersection,W m-2,nan,127512,0.0,0.0,0.0026544874999672174,0.11136392697691919,10.380849838256836,49.40849058292809,166.97646521980272,746.1168829345703,4625.45556640625
ACCESS-CM2,ssp126,optimized,historical,1994,2014,252,wpd,period_mean_map,china_intersection,W m-2,29.09315982013957,506,0.0,0.0,0.5021485686302185,0.9554224163293839,17.616929054260254,49.40849097455914,115.47950290015272,685.3314208984372,1180.070556640625
ACCESS-CM2,ssp126,optimized,mid_century,2040,2060,252,tcell,all_monthly_grid_samples,china_intersection,degree_Celsius,nan,127512,0.0,16.110640567162307,-24.272655487060547,-15.14677967071533,18.243993759155273,16.440824363868224,14.149889686193251,38.8788618850708,44.022743225097656
ACCESS-CM2,ssp126,optimized,mid_century,2040,2060,252,tcell,period_mean_map,china_intersection,degree_Celsius,16.564081992528642,506,0.0,0.3952569169960474,-3.193784713745117,1.2147643983364105,16.534552574157715,16.440824098472774,7.933921113705581,30.44787368774414,32.62505340576172
ACCESS-CM2,ssp126,optimized,mid_century,2040,2060,252,performance_ratio,all_monthly_grid_samples,china_intersection,1,nan,127512,0.0,0.0,0.9048863053321838,0.9306056934595108,1.033780038356781,1.0427958781801927,0.0707494483122513,1.2007339417934417,1.2463632822036743
ACCESS-CM2,ssp126,optimized,mid_century,2040,2060,252,performance_ratio,period_mean_map,china_intersection,1,1.0421796109761694,506,0.0,0.0,0.9618744850158691,0.9727605044841766,1.0423271656036377,1.042795895823377,0.03966959905194904,1.1189259231090545,1.140968680381775
ACCESS-CM2,ssp126,optimized,mid_century,2040,2060,252,pvpot,all_monthly_grid_samples,china_intersection,W m-2,nan,127512,0.0,0.0,37.402042388916016,71.07813514709473,206.37245178222656,205.5411418246104,66.6700474979207,365.11202728271485,490.56573486328125
ACCESS-CM2,ssp126,optimized,mid_century,2040,2060,252,pvpot,period_mean_map,china_intersection,W m-2,207.331566248789,506,0.0,0.0,142.94314575195312,150.3906135559082,195.44196319580078,205.54113953481078,35.346400296861496,288.69102630615237,301.74737548828125
ACCESS-CM2,ssp126,optimized,mid_century,2040,2060,252,wind_speed_hub,all_monthly_grid_samples,china_intersection,m s-1,nan,127512,0.0,0.0,0.17272642254829407,0.5898523640632629,2.6128445863723755,3.0817878461723995,1.9733950415271437,10.488006868362426,19.3391170501709
ACCESS-CM2,ssp126,optimized,mid_century,2040,2060,252,wind_speed_hub,period_mean_map,china_intersection,m s-1,2.837658339656796,506,0.0,0.0,0.8459246754646301,1.0809013366699218,2.7648857831954956,3.0817878167384225,1.4935207660184107,9.081267261505126,10.342491149902344
ACCESS-CM2,ssp126,optimized,mid_century,2040,2060,252,wpd,all_monthly_grid_samples,china_intersection,W m-2,nan,127512,0.0,0.0,0.0031563304364681244,0.12570021390914918,10.925638675689697,49.383928687695345,159.52952113928185,706.6184368896484,4430.125
ACCESS-CM2,ssp126,optimized,mid_century,2040,2060,252,wpd,period_mean_map,china_intersection,W m-2,29.293163630556773,506,0.0,0.0,0.490584135055542,0.9734728038311005,18.970240592956543,49.38393023127153,111.70485200810606,652.7152679443358,1110.25244140625
ACCESS-CM2,ssp126,optimized,late_century,2080,2100,252,tcell,all_monthly_grid_samples,china_intersection,degree_Celsius,nan,127512,0.0,15.625196059978668,-23.759794235229492,-15.245201416015625,18.762008666992188,16.853629048155575,14.211130545909402,39.32970771789551,43.446895599365234
ACCESS-CM2,ssp126,optimized,late_century,2080,2100,252,tcell,period_mean_map,china_intersection,degree_Celsius,16.98598243852879,506,0.0,0.1976284584980237,-2.8471219539642334,1.6345137059688568,16.981236457824707,16.853629291116484,7.9420587375460086,30.85929327011108,33.0717658996582
ACCESS-CM2,ssp126,optimized,late_century,2080,2100,252,performance_ratio,all_monthly_grid_samples,china_intersection,1,nan,127512,0.0,0.0,0.9077655076980591,0.9283514332771301,1.0311899781227112,1.0407318546690256,0.07105565264069846,1.2012260043621064,1.2437989711761475
ACCESS-CM2,ssp126,optimized,late_century,2080,2100,252,performance_ratio,period_mean_map,china_intersection,1,1.0400700757406254,506,0.0,0.0,0.9596410989761353,0.9707037091255188,1.0400936007499695,1.0407318482285903,0.03971029360390304,1.1168274104595184,1.1392356157302856
ACCESS-CM2,ssp126,optimized,late_century,2080,2100,252,pvpot,all_monthly_grid_samples,china_intersection,W m-2,nan,127512,0.0,0.0,38.099822998046875,72.3796590423584,207.861328125,207.76917709931203,65.97687185587831,364.5812243652344,496.78399658203125
ACCESS-CM2,ssp126,optimized,late_century,2080,2100,252,pvpot,period_mean_map,china_intersection,W m-2,209.62587625683557,506,0.0,0.0,149.6589813232422,155.32260131835938,198.8097381591797,207.76917734259203,34.61125874724666,289.6999969482422,302.2493896484375
ACCESS-CM2,ssp126,optimized,late_century,2080,2100,252,wind_speed_hub,all_monthly_grid_samples,china_intersection,m s-1,nan,127512,0.0,0.0,0.15415968000888824,0.5940352827310562,2.6198567152023315,3.0918758013533734,1.9952198428808774,10.7423757648468,20.610008239746094
ACCESS-CM2,ssp126,optimized,late_century,2080,2100,252,wind_speed_hub,period_mean_map,china_intersection,m s-1,2.843899248982861,506,0.0,0.0,0.887734055519104,1.0841435074806214,2.772002339363098,3.0918757964971038,1.5037001244409167,9.12032766342163,10.543245315551758
ACCESS-CM2,ssp126,optimized,late_century,2080,2100,252,wpd,all_monthly_grid_samples,china_intersection,W m-2,nan,127512,0.0,0.0,0.002243977738544345,0.12839343562722208,11.013838768005371,50.83399387499091,170.27774490122235,759.2889617919919,5362.16943359375
ACCESS-CM2,ssp126,optimized,late_century,2080,2100,252,wpd,period_mean_map,china_intersection,W m-2,29.715553355436214,506,0.0,0.0,0.5623494982719421,0.9877583622932434,18.902006149291992,50.83399194891274,118.25195252417812,691.110528564453,1197.6282958984375
ACCESS-CM2,ssp245,paper_qm,historical,1994,2014,252,tcell,all_monthly_grid_samples,china_intersection,degree_Celsius,nan,127512,0.0,18.80215195432587,-27.862154006958008,-17.45142988204956,16.088090896606445,14.2791908096624,13.920556364471764,36.43946002960205,41.71005630493164
ACCESS-CM2,ssp245,paper_qm,historical,1994,2014,252,tcell,period_mean_map,china_intersection,degree_Celsius,14.392994730243368,506,0.0,2.371541501976284,-4.883211135864258,-0.5241045758128167,14.359742641448975,14.279190808381856,7.770107673634891,28.232994174957273,30.54832649230957
ACCESS-CM2,ssp245,paper_qm,historical,1994,2014,252,performance_ratio,all_monthly_grid_samples,china_intersection,1,nan,127512,0.0,0.0,0.9164497256278992,0.9428026759624482,1.0445595383644104,1.0536040460217686,0.06960278179882916,1.2122571659088135,1.2643107175827026
ACCESS-CM2,ssp245,paper_qm,historical,1994,2014,252,performance_ratio,period_mean_map,china_intersection,1,1.053035025201901,506,0.0,0.0,0.9722586274147034,0.983835107088089,1.0532012581825256,1.053604043048361,0.038850522089749866,1.127620279788971,1.1494160890579224
ACCESS-CM2,ssp245,paper_qm,historical,1994,2014,252,pvpot,all_monthly_grid_samples,china_intersection,W m-2,nan,127512,0.0,0.0,40.46360778808594,70.09227600097657,196.19567108154297,198.9497675554345,68.2261730912373,363.37077880859374,449.7098388671875
ACCESS-CM2,ssp245,paper_qm,historical,1994,2014,252,pvpot,period_mean_map,china_intersection,W m-2,200.29452013994654,506,0.0,0.0,123.71822357177734,128.43232498168945,190.74127960205078,198.94976954403603,40.40653479305491,289.11484680175784,300.6372985839844
ACCESS-CM2,ssp245,paper_qm,historical,1994,2014,252,wind_speed_hub,all_monthly_grid_samples,china_intersection,m s-1,nan,127512,0.0,0.0,0.16303901374340057,0.5665168046951294,2.5686737298965454,3.0447317535385223,1.9907329693919076,10.67989333152771,19.6192684173584
ACCESS-CM2,ssp245,paper_qm,historical,1994,2014,252,wind_speed_hub,period_mean_map,china_intersection,m s-1,2.8015422462974486,506,0.0,0.0,0.850307285785675,1.0638402700424194,2.7223891019821167,3.044731774113395,1.4997664318233779,9.083990001678465,10.429802894592285
ACCESS-CM2,ssp245,paper_qm,historical,1994,2014,252,wpd,all_monthly_grid_samples,china_intersection,W m-2,nan,127512,0.0,0.0,0.0026544874999672174,0.11136392697691919,10.380849838256836,49.40849058292809,166.97646521980272,746.1168829345703,4625.45556640625
ACCESS-CM2,ssp245,paper_qm,historical,1994,2014,252,wpd,period_mean_map,china_intersection,W m-2,29.09315982013957,506,0.0,0.0,0.5021485686302185,0.9554224163293839,17.616929054260254,49.40849097455914,115.47950290015272,685.3314208984372,1180.070556640625
ACCESS-CM2,ssp245,paper_qm,mid_century,2040,2060,252,tcell,all_monthly_grid_samples,china_intersection,degree_Celsius,nan,127512,0.0,14.80723382897296,-23.014629364013672,-14.516405172348023,18.389761924743652,16.743102929887606,13.78897534029402,39.144277534484864,44.02497100830078
ACCESS-CM2,ssp245,paper_qm,mid_century,2040,2060,252,tcell,period_mean_map,china_intersection,degree_Celsius,16.895107906884636,506,0.0,0.1976284584980237,-2.3288233280181885,2.1058094978332518,16.8976469039917,16.74310299977955,7.586329758358804,30.08472805023193,32.36532974243164
ACCESS-CM2,ssp245,paper_qm,mid_century,2040,2060,252,performance_ratio,all_monthly_grid_samples,china_intersection,1,nan,127512,0.0,0.0,0.9048751592636108,0.9292785894870758,1.0330511927604675,1.041284485363614,0.06894487661669166,1.1975820672512054,1.2400730848312378
ACCESS-CM2,ssp245,paper_qm,mid_century,2040,2060,252,performance_ratio,period_mean_map,china_intersection,1,1.0405244449896676,506,0.0,0.0,0.9631734490394592,0.974576136469841,1.040511429309845,1.041284471043485,0.03793164274610949,1.1144712269306183,1.1366441249847412
ACCESS-CM2,ssp245,paper_qm,mid_century,2040,2060,252,pvpot,all_monthly_grid_samples,china_intersection,W m-2,nan,127512,0.0,0.0,37.8909912109375,69.72699096679688,200.73561096191406,201.9091333855918,66.62389598113344,360.82833282470705,430.62774658203125
ACCESS-CM2,ssp245,paper_qm,mid_century,2040,2060,252,pvpot,period_mean_map,china_intersection,W m-2,203.50932277823247,506,0.0,0.0,137.56202697753906,143.95714950561523,192.0142822265625,201.9091335191086,36.457886014779135,287.2306243896484,299.68084716796875
ACCESS-CM2,ssp245,paper_qm,mid_century,2040,2060,252,wind_speed_hub,all_monthly_grid_samples,china_intersection,m s-1,nan,127512,0.0,0.0,0.16298064589500427,0.5300766223669052,2.484700918197632,2.9828303585725178,2.0080058371052503,10.581995830535886,19.52887535095215
ACCESS-CM2,ssp245,paper_qm,mid_century,2040,2060,252,wind_speed_hub,period_mean_map,china_intersection,m s-1,2.7298355674911456,506,0.0,0.0,0.86627197265625,1.037307471036911,2.665336489677429,2.982830346926399,1.48028411027477,8.943467950820922,10.034063339233398
ACCESS-CM2,ssp245,paper_qm,mid_century,2040,2060,252,wpd,all_monthly_grid_samples,china_intersection,W m-2,nan,127512,0.0,0.0,0.0026516378857195377,0.09122673362493516,9.395685195922852,48.44573363059455,163.2131616456431,725.7864910888668,4561.81640625
ACCESS-CM2,ssp245,paper_qm,mid_century,2040,2060,252,wpd,period_mean_map,china_intersection,W m-2,28.357947400761198,506,0.0,0.0,0.5228145718574524,0.9753636091947555,17.026740074157715,48.44573367501907,111.91768610817094,654.712057495117,1093.8919677734375
ACCESS-CM2,ssp245,paper_qm,late_century,2080,2100,252,tcell,all_monthly_grid_samples,china_intersection,degree_Celsius,nan,127512,0.0,13.345410628019325,-24.43499183654785,-13.79159091949463,19.435051918029785,17.84384893710034,13.881360705639954,40.24084945678711,45.29084777832031
ACCESS-CM2,ssp245,paper_qm,late_century,2080,2100,252,tcell,period_mean_map,china_intersection,degree_Celsius,18.01824768279637,506,0.0,0.1976284584980237,-1.3930400609970093,3.1851608872413637,17.936790466308594,17.843849040538426,7.617645255827457,31.095035171508787,33.63389587402344
ACCESS-CM2,ssp245,paper_qm,late_century,2080,2100,252,performance_ratio,all_monthly_grid_samples,china_intersection,1,nan,127512,0.0,0.0,0.8985457420349121,0.9237957638502121,1.0278247594833374,1.0357807552858798,0.06940680365983101,1.193957929611206,1.2471749782562256
ACCESS-CM2,ssp245,paper_qm,late_century,2080,2100,252,performance_ratio,period_mean_map,china_intersection,1,1.034908759407013,506,0.0,0.0,0.9568307995796204,0.9695250511169433,1.0353161692619324,1.0357807501267067,0.038088215957784145,1.1090741574764251,1.1319648027420044
ACCESS-CM2,ssp245,paper_qm,late_century,2080,2100,252,pvpot,all_monthly_grid_samples,china_intersection,W m-2,nan,127512,0.0,0.0,41.00865173339844,70.0899055480957,205.3810577392578,204.7639424392963,66.02450249534807,360.13118438720704,456.3259582519531
ACCESS-CM2,ssp245,paper_qm,late_century,2080,2100,252,pvpot,period_mean_map,china_intersection,W m-2,206.51005052962992,506,0.0,0.0,147.32391357421875,153.03302001953125,194.9183807373047,204.76394553806472,34.45705902159919,286.0354629516602,300.7338562011719
ACCESS-CM2,ssp245,paper_qm,late_century,2080,2100,252,wind_speed_hub,all_monthly_grid_samples,china_intersection,m s-1,nan,127512,0.0,0.0,0.16523036360740662,0.5195322251319885,2.4917081594467163,2.9885253624142054,2.0206491555522073,10.727532148361204,19.419736862182617
ACCESS-CM2,ssp245,paper_qm,late_century,2080,2100,252,wind_speed_hub,period_mean_map,china_intersection,m s-1,2.7326161647047176,506,0.0,0.0,0.8477848172187805,1.058291530609131,2.7100800275802612,2.988525436918726,1.4733566420780346,9.018590402603149,10.105324745178223
ACCESS-CM2,ssp245,paper_qm,late_century,2080,2100,252,wpd,all_monthly_grid_samples,china_intersection,W m-2,nan,127512,0.0,0.0,0.0027629670221358538,0.08589020133018493,9.475401401519775,49.201176167138506,169.3201381090333,756.1459143066404,4485.7607421875
ACCESS-CM2,ssp245,paper_qm,late_century,2080,2100,252,wpd,period_mean_map,china_intersection,W m-2,28.127275175005217,506,0.0,0.0,0.5350160002708435,1.0574071049690246,18.487165451049805,49.20117565742123,115.40971231286126,679.3053497314451,1113.8900146484375
ACCESS-CM2,ssp245,optimized,historical,1994,2014,252,tcell,all_monthly_grid_samples,china_intersection,degree_Celsius,nan,127512,0.0,18.80215195432587,-27.862154006958008,-17.45142988204956,16.088090896606445,14.2791908096624,13.920556364471764,36.43946002960205,41.71005630493164
ACCESS-CM2,ssp245,optimized,historical,1994,2014,252,tcell,period_mean_map,china_intersection,degree_Celsius,14.392994730243368,506,0.0,2.371541501976284,-4.883211135864258,-0.5241045758128167,14.359742641448975,14.279190808381856,7.770107673634891,28.232994174957273,30.54832649230957
ACCESS-CM2,ssp245,optimized,historical,1994,2014,252,performance_ratio,all_monthly_grid_samples,china_intersection,1,nan,127512,0.0,0.0,0.9164497256278992,0.9428026759624482,1.0445595383644104,1.0536040460217686,0.06960278179882916,1.2122571659088135,1.2643107175827026
ACCESS-CM2,ssp245,optimized,historical,1994,2014,252,performance_ratio,period_mean_map,china_intersection,1,1.053035025201901,506,0.0,0.0,0.9722586274147034,0.983835107088089,1.0532012581825256,1.053604043048361,0.038850522089749866,1.127620279788971,1.1494160890579224
ACCESS-CM2,ssp245,optimized,historical,1994,2014,252,pvpot,all_monthly_grid_samples,china_intersection,W m-2,nan,127512,0.0,0.0,40.46360778808594,70.09227600097657,196.19567108154297,198.9497675554345,68.2261730912373,363.37077880859374,449.7098388671875
ACCESS-CM2,ssp245,optimized,historical,1994,2014,252,pvpot,period_mean_map,china_intersection,W m-2,200.29452013994654,506,0.0,0.0,123.71822357177734,128.43232498168945,190.74127960205078,198.94976954403603,40.40653479305491,289.11484680175784,300.6372985839844
ACCESS-CM2,ssp245,optimized,historical,1994,2014,252,wind_speed_hub,all_monthly_grid_samples,china_intersection,m s-1,nan,127512,0.0,0.0,0.16303901374340057,0.5665168046951294,2.5686737298965454,3.0447317535385223,1.9907329693919076,10.67989333152771,19.6192684173584
ACCESS-CM2,ssp245,optimized,historical,1994,2014,252,wind_speed_hub,period_mean_map,china_intersection,m s-1,2.8015422462974486,506,0.0,0.0,0.850307285785675,1.0638402700424194,2.7223891019821167,3.044731774113395,1.4997664318233779,9.083990001678465,10.429802894592285
ACCESS-CM2,ssp245,optimized,historical,1994,2014,252,wpd,all_monthly_grid_samples,china_intersection,W m-2,nan,127512,0.0,0.0,0.0026544874999672174,0.11136392697691919,10.380849838256836,49.40849058292809,166.97646521980272,746.1168829345703,4625.45556640625
ACCESS-CM2,ssp245,optimized,historical,1994,2014,252,wpd,period_mean_map,china_intersection,W m-2,29.09315982013957,506,0.0,0.0,0.5021485686302185,0.9554224163293839,17.616929054260254,49.40849097455914,115.47950290015272,685.3314208984372,1180.070556640625
ACCESS-CM2,ssp245,optimized,mid_century,2040,2060,252,tcell,all_monthly_grid_samples,china_intersection,degree_Celsius,nan,127512,0.0,15.523244871070958,-24.119836807250977,-14.522207651138306,18.387700080871582,16.63360551555815,14.050254329258967,39.120891914367675,43.95807647705078
ACCESS-CM2,ssp245,optimized,mid_century,2040,2060,252,tcell,period_mean_map,china_intersection,degree_Celsius,16.753380481234892,506,0.0,0.1976284584980237,-2.928050994873047,1.5908439040184021,16.81030559539795,16.63360547037287,7.786605404132273,30.09162530899048,32.452152252197266
ACCESS-CM2,ssp245,optimized,mid_century,2040,2060,252,performance_ratio,all_monthly_grid_samples,china_intersection,1,nan,127512,0.0,0.0,0.9052096009254456,0.9293955218791962,1.0330615043640137,1.041831972543647,0.07025127167653107,1.1976110303401948,1.2455991506576538
ACCESS-CM2,ssp245,optimized,mid_century,2040,2060,252,performance_ratio,period_mean_map,china_intersection,1,1.0412330837237045,506,0.0,0.0,0.9627389907836914,0.9745420306921005,1.0409484505653381,1.0418319690368862,0.03893304990560104,1.1170462131500245,1.139640212059021
ACCESS-CM2,ssp245,optimized,mid_century,2040,2060,252,pvpot,all_monthly_grid_samples,china_intersection,W m-2,nan,127512,0.0,0.0,37.82014846801758,69.76699478149415,200.98585510253906,202.01292721971947,66.71462097060265,361.91127624511716,434.74212646484375
ACCESS-CM2,ssp245,optimized,mid_century,2040,2060,252,pvpot,period_mean_map,china_intersection,W m-2,203.65077494274158,506,0.0,0.0,137.4887237548828,143.78241882324218,192.11956024169922,202.0129313110834,36.742704360735985,288.06152801513673,300.5202941894531
ACCESS-CM2,ssp245,optimized,mid_century,2040,2060,252,wind_speed_hub,all_monthly_grid_samples,china_intersection,m s-1,nan,127512,0.0,0.0,0.16298064589500427,0.5793669265508652,2.5805693864822388,3.056383333753637,1.982771955093424,10.59723663330078,19.52887535095215
ACCESS-CM2,ssp245,optimized,mid_century,2040,2060,252,wind_speed_hub,period_mean_map,china_intersection,m s-1,2.8088315524390706,506,0.0,0.0,0.851248562335968,1.074552971124649,2.7214138507843018,3.0563833885513274,1.4953031381056794,9.010261869430542,10.284852027893066
ACCESS-CM2,ssp245,optimized,mid_century,2040,2060,252,wpd,all_monthly_grid_samples,china_intersection,W m-2,nan,127512,0.0,0.0,0.0026516378857195377,0.11911521077156068,10.525740623474121,49.34072830731433,163.43091983725904,728.9270324707028,4561.81640625
ACCESS-CM2,ssp245,optimized,mid_century,2040,2060,252,wpd,period_mean_map,china_intersection,W m-2,29.248841154981594,506,0.0,0.0,0.5049187541007996,0.9824485927820206,17.295401573181152,49.34073269084508,112.98974068618428,670.1552764892576,1120.4134521484375
ACCESS-CM2,ssp245,optimized,late_century,2080,2100,252,tcell,all_monthly_grid_samples,china_intersection,degree_Celsius,nan,127512,0.0,14.081811907898864,-24.378002166748047,-13.928531684875487,19.48331642150879,17.76882126009729,14.189663132890484,40.36180068969727,44.973716735839844
ACCESS-CM2,ssp245,optimized,late_century,2080,2100,252,tcell,period_mean_map,china_intersection,degree_Celsius,17.910112344303528,506,0.0,0.1976284584980237,-1.9724514484405518,2.6412715554237365,17.96430206298828,17.768821334414802,7.854106066733407,31.41152114868164,33.84992218017578
ACCESS-CM2,ssp245,optimized,late_century,2080,2100,252,performance_ratio,all_monthly_grid_samples,china_intersection,1,nan,127512,0.0,0.0,0.9001314043998718,0.9231909692287446,1.0275834202766418,1.0361558936694775,0.070948315693487,1.1946426498889924,1.2468900680541992
ACCESS-CM2,ssp245,optimized,late_century,2080,2100,252,performance_ratio,period_mean_map,china_intersection,1,1.0354494266988665,506,0.0,0.0,0.9557502269744873,0.9679421812295914,1.0351784229278564,1.036155884562745,0.0392705444250401,1.1117937684059143,1.1348623037338257
ACCESS-CM2,ssp245,optimized,late_century,2080,2100,252,pvpot,all_monthly_grid_samples,china_intersection,W m-2,nan,127512,0.0,0.0,40.903690338134766,70.14395515441895,205.55148315429688,204.82645228905454,66.09465536192572,361.55795318603515,458.9227294921875
ACCESS-CM2,ssp245,optimized,late_century,2080,2100,252,pvpot,period_mean_map,china_intersection,W m-2,206.6121722101307,506,0.0,0.0,147.1638946533203,153.0037696838379,195.02828216552734,204.8264492773727,34.78589394342837,287.199040222168,301.597412109375
ACCESS-CM2,ssp245,optimized,late_century,2080,2100,252,wind_speed_hub,all_monthly_grid_samples,china_intersection,m s-1,nan,127512,0.0,0.0,0.16523036360740662,0.5777765971422195,2.573372721672058,3.0520340925660676,1.988789817816163,10.732522859573363,19.19804573059082
ACCESS-CM2,ssp245,optimized,late_century,2080,2100,252,wind_speed_hub,period_mean_map,china_intersection,m s-1,2.8005249782520276,506,0.0,0.0,0.8717923164367676,1.0990034818649292,2.729748487472534,3.052034105472414,1.4932825840615236,9.076237821578978,10.318863868713379
ACCESS-CM2,ssp245,optimized,late_century,2080,2100,252,wpd,all_monthly_grid_samples,china_intersection,W m-2,nan,127512,0.0,0.0,0.0027629670221358538,0.11813699312508107,10.437925815582275,49.69950309294538,169.32230995731595,757.2016729736328,4333.8828125
ACCESS-CM2,ssp245,optimized,late_century,2080,2100,252,wpd,period_mean_map,china_intersection,W m-2,28.683850584714335,506,0.0,0.0,0.5463250875473022,1.058934623003006,18.30294132232666,49.69950321717224,116.200005459157,695.9666564941404,1135.684326171875
ACCESS-CM2,ssp585,paper_qm,historical,1994,2014,252,tcell,all_monthly_grid_samples,china_intersection,degree_Celsius,nan,127512,0.0,18.80215195432587,-27.862154006958008,-17.45142988204956,16.088090896606445,14.2791908096624,13.920556364471764,36.43946002960205,41.71005630493164
ACCESS-CM2,ssp585,paper_qm,historical,1994,2014,252,tcell,period_mean_map,china_intersection,degree_Celsius,14.392994730243368,506,0.0,2.371541501976284,-4.883211135864258,-0.5241045758128167,14.359742641448975,14.279190808381856,7.770107673634891,28.232994174957273,30.54832649230957
ACCESS-CM2,ssp585,paper_qm,historical,1994,2014,252,performance_ratio,all_monthly_grid_samples,china_intersection,1,nan,127512,0.0,0.0,0.9164497256278992,0.9428026759624482,1.0445595383644104,1.0536040460217686,0.06960278179882916,1.2122571659088135,1.2643107175827026
ACCESS-CM2,ssp585,paper_qm,historical,1994,2014,252,performance_ratio,period_mean_map,china_intersection,1,1.053035025201901,506,0.0,0.0,0.9722586274147034,0.983835107088089,1.0532012581825256,1.053604043048361,0.038850522089749866,1.127620279788971,1.1494160890579224
ACCESS-CM2,ssp585,paper_qm,historical,1994,2014,252,pvpot,all_monthly_grid_samples,china_intersection,W m-2,nan,127512,0.0,0.0,40.46360778808594,70.09227600097657,196.19567108154297,198.9497675554345,68.2261730912373,363.37077880859374,449.7098388671875
ACCESS-CM2,ssp585,paper_qm,historical,1994,2014,252,pvpot,period_mean_map,china_intersection,W m-2,200.29452013994654,506,0.0,0.0,123.71822357177734,128.43232498168945,190.74127960205078,198.94976954403603,40.40653479305491,289.11484680175784,300.6372985839844
ACCESS-CM2,ssp585,paper_qm,historical,1994,2014,252,wind_speed_hub,all_monthly_grid_samples,china_intersection,m s-1,nan,127512,0.0,0.0,0.16303901374340057,0.5665168046951294,2.5686737298965454,3.0447317535385223,1.9907329693919076,10.67989333152771,19.6192684173584
ACCESS-CM2,ssp585,paper_qm,historical,1994,2014,252,wind_speed_hub,period_mean_map,china_intersection,m s-1,2.8015422462974486,506,0.0,0.0,0.850307285785675,1.0638402700424194,2.7223891019821167,3.044731774113395,1.4997664318233779,9.083990001678465,10.429802894592285
ACCESS-CM2,ssp585,paper_qm,historical,1994,2014,252,wpd,all_monthly_grid_samples,china_intersection,W m-2,nan,127512,0.0,0.0,0.0026544874999672174,0.11136392697691919,10.380849838256836,49.40849058292809,166.97646521980272,746.1168829345703,4625.45556640625
ACCESS-CM2,ssp585,paper_qm,historical,1994,2014,252,wpd,period_mean_map,china_intersection,W m-2,29.09315982013957,506,0.0,0.0,0.5021485686302185,0.9554224163293839,17.616929054260254,49.40849097455914,115.47950290015272,685.3314208984372,1180.070556640625
ACCESS-CM2,ssp585,paper_qm,mid_century,2040,2060,252,tcell,all_monthly_grid_samples,china_intersection,degree_Celsius,nan,127512,0.0,14.492753623188406,-23.20594596862793,-14.295453577041625,18.63371467590332,17.042356076822912,13.857841307587925,39.468222770690915,44.019622802734375
ACCESS-CM2,ssp585,paper_qm,mid_century,2040,2060,252,tcell,period_mean_map,china_intersection,degree_Celsius,17.19202827712007,506,0.0,0.1976284584980237,-2.093144655227661,2.2680337905883787,17.102069854736328,17.042356294252183,7.573107688327082,30.412540340423583,32.78960037231445
ACCESS-CM2,ssp585,paper_qm,mid_century,2040,2060,252,performance_ratio,all_monthly_grid_samples,china_intersection,1,nan,127512,0.0,0.0,0.9049018621444702,0.9276588630676269,1.0318313837051392,1.0397882194315125,0.06928920654943295,1.1964772355556488,1.2410297393798828
ACCESS-CM2,ssp585,paper_qm,mid_century,2040,2060,252,performance_ratio,period_mean_map,china_intersection,1,1.0390398527915838,506,0.0,0.0,0.9610519409179688,0.9729374378919602,1.03948974609375,1.039788215292301,0.03786552885937148,1.1136600732803346,1.135465383529663
ACCESS-CM2,ssp585,paper_qm,mid_century,2040,2060,252,pvpot,all_monthly_grid_samples,china_intersection,W m-2,nan,127512,0.0,0.0,41.40589904785156,69.6266404724121,201.28740692138672,201.6747242492986,66.6708195904826,361.4324911499023,463.6207580566406
ACCESS-CM2,ssp585,paper_qm,mid_century,2040,2060,252,pvpot,period_mean_map,china_intersection,W m-2,203.17804851822737,506,0.0,0.0,137.60745239257812,143.04310836791993,191.66956329345703,201.67472260365844,36.447816060180536,288.0676635742187,299.8503723144531
ACCESS-CM2,ssp585,paper_qm,mid_century,2040,2060,252,wind_speed_hub,all_monthly_grid_samples,china_intersection,m s-1,nan,127512,0.0,0.0,0.1628953516483307,0.5333697152137756,2.500138998031616,2.9895543695160858,2.0097421784745264,10.611640148162842,20.052072525024414
ACCESS-CM2,ssp585,paper_qm,mid_century,2040,2060,252,wind_speed_hub,period_mean_map,china_intersection,m s-1,2.734423373993118,506,0.0,0.0,0.8557541966438293,1.0706661701202393,2.70505690574646,2.9895543437230256,1.474654488258046,8.959029197692871,10.100841522216797
ACCESS-CM2,ssp585,paper_qm,mid_century,2040,2060,252,wpd,all_monthly_grid_samples,china_intersection,W m-2,nan,127512,0.0,0.0,0.002647476503625512,0.09293752491474151,9.571909427642822,48.75422985850631,166.43032775027962,731.9031677246091,4938.37353515625
ACCESS-CM2,ssp585,paper_qm,mid_century,2040,2060,252,wpd,period_mean_map,china_intersection,W m-2,28.19825390449741,506,0.0,0.0,0.503474771976471,1.0744420886039734,17.80126667022705,48.7542316960723,113.5427889351442,669.8212097167966,1119.6505126953125
ACCESS-CM2,ssp585,paper_qm,late_century,2080,2100,252,tcell,all_monthly_grid_samples,china_intersection,degree_Celsius,nan,127512,0.0,9.793588054457619,-18.7818660736084,-10.90608299255371,21.873847007751465,20.478411875649915,14.048456015018804,43.50164798736572,49.83890914916992
ACCESS-CM2,ssp585,paper_qm,late_century,2080,2100,252,tcell,period_mean_map,china_intersection,degree_Celsius,20.635123591815606,506,0.0,0.0,1.1247919797897339,5.402704882621765,20.58063316345215,20.47841200503436,7.407272559936714,33.58397922515869,36.1853141784668
ACCESS-CM2,ssp585,paper_qm,late_century,2080,2100,252,performance_ratio,all_monthly_grid_samples,china_intersection,1,nan,127512,0.0,0.0,0.8758054375648499,0.9074917370080948,1.0156307816505432,1.0226079406164972,0.07024228013193622,1.17953040599823,1.2189093828201294
ACCESS-CM2,ssp585,paper_qm,late_century,2080,2100,252,performance_ratio,period_mean_map,china_intersection,1,1.0218243814859578,506,0.0,0.0,0.9440733790397644,0.9570801258087158,1.0220968127250671,1.0226079389276241,0.037036346713117826,1.0979868710041045,1.1193757057189941
ACCESS-CM2,ssp585,paper_qm,late_century,2080,2100,252,pvpot,all_monthly_grid_samples,china_intersection,W m-2,nan,127512,0.0,0.0,38.0243034362793,66.51278114318848,203.0978546142578,202.4887383240395,66.2332499318545,357.35219635009764,468.5412292480469
ACCESS-CM2,ssp585,paper_qm,late_century,2080,2100,252,pvpot,period_mean_map,china_intersection,W m-2,204.02227601833312,506,0.0,0.0,148.34982299804688,152.40180130004882,192.6711196899414,202.4887415769072,34.36768514483557,283.3452651977539,298.7539367675781
ACCESS-CM2,ssp585,paper_qm,late_century,2080,2100,252,wind_speed_hub,all_monthly_grid_samples,china_intersection,m s-1,nan,127512,0.0,0.0,0.21709145605564117,0.508929346203804,2.431376814842224,2.911619378161848,1.997998283358294,10.618924283981324,19.207286834716797
ACCESS-CM2,ssp585,paper_qm,late_century,2080,2100,252,wind_speed_hub,period_mean_map,china_intersection,m s-1,2.661171543461701,506,0.0,0.0,0.8047623634338379,1.0757253766059875,2.649037480354309,2.9116193895990197,1.4487218424072499,8.958667802810668,9.988188743591309
ACCESS-CM2,ssp585,paper_qm,late_century,2080,2100,252,wpd,all_monthly_grid_samples,china_intersection,W m-2,nan,127512,0.0,0.0,0.006266633048653603,0.08073810145258904,8.803652286529541,46.541153257633745,159.21955892977923,733.4114349365234,4340.1435546875
ACCESS-CM2,ssp585,paper_qm,late_century,2080,2100,252,wpd,period_mean_map,china_intersection,W m-2,26.419784822896652,506,0.0,0.0,0.4384085237979889,1.1619307816028595,17.765177726745605,46.541154917815454,109.98383043222556,671.3531372070307,1013.416259765625
ACCESS-CM2,ssp585,optimized,historical,1994,2014,252,tcell,all_monthly_grid_samples,china_intersection,degree_Celsius,nan,127512,0.0,18.80215195432587,-27.862154006958008,-17.45142988204956,16.088090896606445,14.2791908096624,13.920556364471764,36.43946002960205,41.71005630493164
ACCESS-CM2,ssp585,optimized,historical,1994,2014,252,tcell,period_mean_map,china_intersection,degree_Celsius,14.392994730243368,506,0.0,2.371541501976284,-4.883211135864258,-0.5241045758128167,14.359742641448975,14.279190808381856,7.770107673634891,28.232994174957273,30.54832649230957
ACCESS-CM2,ssp585,optimized,historical,1994,2014,252,performance_ratio,all_monthly_grid_samples,china_intersection,1,nan,127512,0.0,0.0,0.9164497256278992,0.9428026759624482,1.0445595383644104,1.0536040460217686,0.06960278179882916,1.2122571659088135,1.2643107175827026
ACCESS-CM2,ssp585,optimized,historical,1994,2014,252,performance_ratio,period_mean_map,china_intersection,1,1.053035025201901,506,0.0,0.0,0.9722586274147034,0.983835107088089,1.0532012581825256,1.053604043048361,0.038850522089749866,1.127620279788971,1.1494160890579224
ACCESS-CM2,ssp585,optimized,historical,1994,2014,252,pvpot,all_monthly_grid_samples,china_intersection,W m-2,nan,127512,0.0,0.0,40.46360778808594,70.09227600097657,196.19567108154297,198.9497675554345,68.2261730912373,363.37077880859374,449.7098388671875
ACCESS-CM2,ssp585,optimized,historical,1994,2014,252,pvpot,period_mean_map,china_intersection,W m-2,200.29452013994654,506,0.0,0.0,123.71822357177734,128.43232498168945,190.74127960205078,198.94976954403603,40.40653479305491,289.11484680175784,300.6372985839844
ACCESS-CM2,ssp585,optimized,historical,1994,2014,252,wind_speed_hub,all_monthly_grid_samples,china_intersection,m s-1,nan,127512,0.0,0.0,0.16303901374340057,0.5665168046951294,2.5686737298965454,3.0447317535385223,1.9907329693919076,10.67989333152771,19.6192684173584
ACCESS-CM2,ssp585,optimized,historical,1994,2014,252,wind_speed_hub,period_mean_map,china_intersection,m s-1,2.8015422462974486,506,0.0,0.0,0.850307285785675,1.0638402700424194,2.7223891019821167,3.044731774113395,1.4997664318233779,9.083990001678465,10.429802894592285
ACCESS-CM2,ssp585,optimized,historical,1994,2014,252,wpd,all_monthly_grid_samples,china_intersection,W m-2,nan,127512,0.0,0.0,0.0026544874999672174,0.11136392697691919,10.380849838256836,49.40849058292809,166.97646521980272,746.1168829345703,4625.45556640625
ACCESS-CM2,ssp585,optimized,historical,1994,2014,252,wpd,period_mean_map,china_intersection,W m-2,29.09315982013957,506,0.0,0.0,0.5021485686302185,0.9554224163293839,17.616929054260254,49.40849097455914,115.47950290015272,685.3314208984372,1180.070556640625
ACCESS-CM2,ssp585,optimized,mid_century,2040,2060,252,tcell,all_monthly_grid_samples,china_intersection,degree_Celsius,nan,127512,0.0,15.285620176924525,-24.811513900756836,-14.224327011108398,18.672009468078613,16.948197901769706,14.14570547906812,39.47383632659912,43.9794921875
ACCESS-CM2,ssp585,optimized,mid_century,2040,2060,252,tcell,period_mean_map,china_intersection,degree_Celsius,17.066072945796467,506,0.0,0.1976284584980237,-2.7488300800323486,1.814137464761734,17.099780082702637,16.948198017572224,7.7925557554072515,30.459874439239503,32.944801330566406
ACCESS-CM2,ssp585,optimized,mid_century,2040,2060,252,performance_ratio,all_monthly_grid_samples,china_intersection,1,nan,127512,0.0,0.0,0.905102550983429,0.9276307982206344,1.0316399335861206,1.0402590106214236,0.07072852752912688,1.19612167596817,1.2490575313568115
ACCESS-CM2,ssp585,optimized,mid_century,2040,2060,252,performance_ratio,period_mean_map,china_intersection,1,1.0396696192749,506,0.0,0.0,0.9602755308151245,0.9727009177207947,1.039501130580902,1.0402589903283026,0.03896277276045351,1.1159295678138732,1.1387438774108887
ACCESS-CM2,ssp585,optimized,mid_century,2040,2060,252,pvpot,all_monthly_grid_samples,china_intersection,W m-2,nan,127512,0.0,0.0,41.3521728515625,69.76040725708009,201.5199432373047,201.76035219184487,66.75834766039156,362.5930694580078,464.14923095703125
ACCESS-CM2,ssp585,optimized,mid_century,2040,2060,252,pvpot,period_mean_map,china_intersection,W m-2,203.30204304496206,506,0.0,0.0,137.54969787597656,142.80613021850587,191.65530395507812,201.7603530883789,36.753431170973734,288.8357406616211,300.7920227050781
ACCESS-CM2,ssp585,optimized,mid_century,2040,2060,252,wind_speed_hub,all_monthly_grid_samples,china_intersection,m s-1,nan,127512,0.0,0.0,0.1628953516483307,0.5834585005044938,2.590193748474121,3.0610488740278208,1.983031918819254,10.628274936676025,20.052072525024414
ACCESS-CM2,ssp585,optimized,mid_century,2040,2060,252,wind_speed_hub,period_mean_map,china_intersection,m s-1,2.8111565097879376,506,0.0,0.0,0.8672732710838318,1.1005864083766936,2.7473729848861694,3.0610488789826045,1.494363215259828,9.06417818069458,10.315272331237793
ACCESS-CM2,ssp585,optimized,mid_century,2040,2060,252,wpd,all_monthly_grid_samples,china_intersection,W m-2,nan,127512,0.0,0.0,0.002647476503625512,0.12165670923888684,10.643949508666992,49.590953941286486,167.11160268423313,735.350630493164,4938.37353515625
ACCESS-CM2,ssp585,optimized,mid_century,2040,2060,252,wpd,period_mean_map,china_intersection,W m-2,29.010404034980912,506,0.0,0.0,0.531557023525238,1.0336039006710052,18.177157402038574,49.59095567288135,114.62024014000652,683.3407073974606,1139.815185546875
ACCESS-CM2,ssp585,optimized,late_century,2080,2100,252,tcell,all_monthly_grid_samples,china_intersection,degree_Celsius,nan,127512,0.0,10.516657255787692,-20.474525451660156,-11.149002046585082,21.913389205932617,20.377916374126322,14.334132466308724,43.44407165527344,49.45151901245117
ACCESS-CM2,ssp585,optimized,late_century,2080,2100,252,tcell,period_mean_map,china_intersection,degree_Celsius,20.50907588274634,506,0.0,0.0,0.6700723767280579,5.133615660667419,20.582420349121094,20.37791604074565,7.642595406768337,33.860754776000974,36.51274871826172
ACCESS-CM2,ssp585,optimized,late_century,2080,2100,252,performance_ratio,all_monthly_grid_samples,china_intersection,1,nan,127512,0.0,0.0,0.8777424097061157,0.9077796220779419,1.0154330730438232,1.0231104182211839,0.07167066236048704,1.1807450330257416,1.227372646331787
ACCESS-CM2,ssp585,optimized,late_century,2080,2100,252,performance_ratio,period_mean_map,china_intersection,1,1.022454618692818,506,0.0,0.0,0.942436158657074,0.955695953965187,1.0220877528190613,1.0231104147999655,0.03821298868994357,1.0993317484855651,1.1216496229171753
ACCESS-CM2,ssp585,optimized,late_century,2080,2100,252,pvpot,all_monthly_grid_samples,china_intersection,W m-2,nan,127512,0.0,0.0,37.90754699707031,66.61075859069824,203.29383850097656,202.5806779199999,66.31406545067554,358.58392822265625,467.74810791015625
ACCESS-CM2,ssp585,optimized,late_century,2080,2100,252,pvpot,period_mean_map,china_intersection,W m-2,204.14718404201201,506,0.0,0.0,148.15066528320312,152.3958541870117,192.7560577392578,202.5806762936558,34.6705549555129,284.5577056884766,299.4498291015625
ACCESS-CM2,ssp585,optimized,late_century,2080,2100,252,wind_speed_hub,all_monthly_grid_samples,china_intersection,m s-1,nan,127512,0.0,0.0,0.21709145605564117,0.5791365313529968,2.5419663190841675,3.011521543043036,1.962178750480975,10.568005790710448,18.73512077331543
ACCESS-CM2,ssp585,optimized,late_century,2080,2100,252,wind_speed_hub,period_mean_map,china_intersection,m s-1,2.762566119341096,506,0.0,0.0,0.88716059923172,1.0870643556118011,2.7216211557388306,3.011521574654598,1.4692114471496756,9.056525182723998,10.162446975708008
ACCESS-CM2,ssp585,optimized,late_century,2080,2100,252,wpd,all_monthly_grid_samples,china_intersection,W m-2,nan,127512,0.0,0.0,0.006266633048653603,0.11897313766181469,10.060405731201172,47.63655843231388,158.9372945607441,722.9116333007811,4027.87158203125
ACCESS-CM2,ssp585,optimized,late_century,2080,2100,252,wpd,period_mean_map,china_intersection,W m-2,27.51057073938696,506,0.0,0.0,0.5674712061882019,1.0475694358348846,18.079919815063477,47.636558848054044,110.37339730428401,642.4086975097656,1037.632568359375
ACCESS-ESM1-5,ssp126,paper_qm,historical,1994,2014,252,tcell,all_monthly_grid_samples,china_intersection,degree_Celsius,nan,125748,0.0,19.20189585520247,-29.624326705932617,-17.572835426330567,16.093149185180664,14.227609771145511,14.073192557268424,36.70738594055176,41.3131103515625
ACCESS-ESM1-5,ssp126,paper_qm,historical,1994,2014,252,tcell,period_mean_map,china_intersection,degree_Celsius,14.345796362011477,499,0.0,2.6052104208416833,-3.3767030239105225,-1.750104238986969,14.604433059692383,14.22760965987174,7.867059592012087,28.172232437133786,30.143239974975586
ACCESS-ESM1-5,ssp126,paper_qm,historical,1994,2014,252,performance_ratio,all_monthly_grid_samples,china_intersection,1,nan,125748,0.0,0.0,0.9184344410896301,0.941463075876236,1.0445342659950256,1.0538619511170966,0.07036596264746052,1.2128641664981843,1.2731215953826904
ACCESS-ESM1-5,ssp126,paper_qm,historical,1994,2014,252,performance_ratio,period_mean_map,china_intersection,1,1.0532710310952724,499,0.0,0.0,0.9742839336395264,0.9841384816169739,1.0519778728485107,1.0538619659945578,0.03933530978827298,1.1337502002716064,1.1418837308883667
ACCESS-ESM1-5,ssp126,paper_qm,historical,1994,2014,252,pvpot,all_monthly_grid_samples,china_intersection,W m-2,nan,125748,0.0,0.0,36.379150390625,67.37153823852539,196.5246810913086,198.3937033565497,68.62109217249682,363.08004119873044,425.4953308105469
ACCESS-ESM1-5,ssp126,paper_qm,historical,1994,2014,252,pvpot,period_mean_map,china_intersection,W m-2,200.17340201941025,499,0.0,0.0,118.52559661865234,126.35438110351562,189.92396545410156,198.39370125137972,40.85479094089883,289.3310278320312,297.22650146484375
ACCESS-ESM1-5,ssp126,paper_qm,historical,1994,2014,252,wind_speed_hub,all_monthly_grid_samples,china_intersection,m s-1,nan,125748,0.0,0.0,0.07748905569314957,0.4712058287858963,2.5885629653930664,3.0163482427261097,1.938336849944519,10.10093639373779,18.98505210876465
ACCESS-ESM1-5,ssp126,paper_qm,historical,1994,2014,252,wind_speed_hub,period_mean_map,china_intersection,m s-1,2.8615665559675274,499,0.0,0.0,0.6114984154701233,1.0691038894653322,2.7334389686584473,3.0163482483737694,1.4363670614682291,8.78799659729004,10.376117706298828
ACCESS-ESM1-5,ssp126,paper_qm,historical,1994,2014,252,wpd,all_monthly_grid_samples,china_intersection,W m-2,nan,125748,0.0,0.0,0.000284988374914974,0.06408230118453503,10.623857498168945,45.9465940304413,145.67129499428447,631.2348889160149,4191.2294921875
ACCESS-ESM1-5,ssp126,paper_qm,historical,1994,2014,252,wpd,period_mean_map,china_intersection,W m-2,32.70661869563196,499,0.0,0.0,0.2404828518629074,1.0009692180156708,18.106775283813477,45.94659297729661,100.43492496167883,565.7933227539061,1092.4019775390625
ACCESS-ESM1-5,ssp126,paper_qm,mid_century,2040,2060,252,tcell,all_monthly_grid_samples,china_intersection,degree_Celsius,nan,125748,0.0,15.367242421350639,-24.22715187072754,-14.948241319656372,18.130080223083496,16.289781533228414,13.713801573699858,38.44384788513184,43.87007141113281
ACCESS-ESM1-5,ssp126,paper_qm,mid_century,2040,2060,252,tcell,period_mean_map,china_intersection,degree_Celsius,16.466259881036805,499,0.0,0.6012024048096193,-1.4673426151275635,0.49069606602191923,16.30183219909668,16.289781583514145,7.702075944350797,29.5641100692749,31.25974464416504
ACCESS-ESM1-5,ssp126,paper_qm,mid_century,2040,2060,252,performance_ratio,all_monthly_grid_samples,china_intersection,1,nan,125748,0.0,0.0,0.9056496620178223,0.9327807730436325,1.0343496203422546,1.043551092199569,0.06856900783190999,1.1997412467002868,1.2461357116699219
ACCESS-ESM1-5,ssp126,paper_qm,mid_century,2040,2060,252,performance_ratio,period_mean_map,china_intersection,1,1.0426686864823285,499,0.0,0.0,0.968701183795929,0.9771795058250428,1.0434905290603638,1.043551085707181,0.03851038930777843,1.1225464630126953,1.1323368549346924
ACCESS-ESM1-5,ssp126,paper_qm,mid_century,2040,2060,252,pvpot,all_monthly_grid_samples,china_intersection,W m-2,nan,125748,0.0,0.0,36.14112854003906,68.76318183898925,203.53179168701172,203.81148202503388,66.7814344521694,359.7283361816406,451.4669494628906
ACCESS-ESM1-5,ssp126,paper_qm,mid_century,2040,2060,252,pvpot,period_mean_map,china_intersection,W m-2,205.87858895984968,499,0.0,0.0,142.63233947753906,148.1429525756836,195.67860412597656,203.8114834099351,35.744300192499395,286.9006744384765,294.2931213378906
ACCESS-ESM1-5,ssp126,paper_qm,mid_century,2040,2060,252,wind_speed_hub,all_monthly_grid_samples,china_intersection,m s-1,nan,125748,0.0,0.0,0.07466249167919159,0.46198321133852005,2.6302216053009033,3.0545624693728315,1.9591011567419285,10.216531858444212,20.18623161315918
ACCESS-ESM1-5,ssp126,paper_qm,mid_century,2040,2060,252,wind_speed_hub,period_mean_map,china_intersection,m s-1,2.8873944494129224,499,0.0,0.0,0.4966900050640106,0.9326406133174896,2.7924952507019043,3.0545624545318093,1.4490484023545724,8.84715257644653,10.220574378967285
ACCESS-ESM1-5,ssp126,paper_qm,mid_century,2040,2060,252,wpd,all_monthly_grid_samples,china_intersection,W m-2,nan,125748,0.0,0.0,0.0002549256314523518,0.06039273571223021,11.145078182220459,47.83014719562885,157.08533287933764,653.1554656982419,5038.15966796875
ACCESS-ESM1-5,ssp126,paper_qm,mid_century,2040,2060,252,wpd,period_mean_map,china_intersection,W m-2,33.045479899187285,499,0.0,0.0,0.15173158049583435,0.9145328164100648,18.908939361572266,47.83014735979642,106.01015653672324,658.4072082519531,1074.2615966796875
ACCESS-ESM1-5,ssp126,paper_qm,late_century,2080,2100,252,tcell,all_monthly_grid_samples,china_intersection,degree_Celsius,nan,125748,0.0,15.186722651652513,-26.280073165893555,-14.89100890159607,18.38344669342041,16.477181272617408,13.771343415855297,38.652961616516116,43.94923782348633
ACCESS-ESM1-5,ssp126,paper_qm,late_century,2080,2100,252,tcell,period_mean_map,china_intersection,degree_Celsius,16.667382984705394,499,0.0,0.6012024048096193,-1.336789846420288,0.7454046475887298,16.491910934448242,16.477180924796627,7.673206377121688,29.795969467163083,31.692489624023438
ACCESS-ESM1-5,ssp126,paper_qm,late_century,2080,2100,252,performance_ratio,all_monthly_grid_samples,china_intersection,1,nan,125748,0.0,0.0,0.9052538275718689,0.9317351913452149,1.0330827832221985,1.0426140935661328,0.0688567172138699,1.1994550144672393,1.2564003467559814
ACCESS-ESM1-5,ssp126,paper_qm,late_century,2080,2100,252,performance_ratio,period_mean_map,china_intersection,1,1.0416630841269416,499,0.0,0.0,0.9665374755859375,0.9760202944278717,1.0425405502319336,1.042614091852146,0.03836602544560119,1.121272532939911,1.1316840648651123
ACCESS-ESM1-5,ssp126,paper_qm,late_century,2080,2100,252,pvpot,all_monthly_grid_samples,china_intersection,W m-2,nan,125748,0.0,0.0,35.8465690612793,69.59477966308594,205.21234893798828,204.64629750646594,66.9110319897943,359.75655487060544,432.36212158203125
ACCESS-ESM1-5,ssp126,paper_qm,late_century,2080,2100,252,pvpot,period_mean_map,china_intersection,W m-2,206.54739409259486,499,0.0,0.0,141.2551727294922,148.05616607666016,198.26406860351562,204.646296438091,35.43952951006106,287.8531854248046,294.22442626953125
ACCESS-ESM1-5,ssp126,paper_qm,late_century,2080,2100,252,wind_speed_hub,all_monthly_grid_samples,china_intersection,m s-1,nan,125748,0.0,0.0,0.07649460434913635,0.38057892680168154,2.573955774307251,3.0011407391456104,1.9743899936843416,10.244808416366576,18.04635238647461
ACCESS-ESM1-5,ssp126,paper_qm,late_century,2080,2100,252,wind_speed_hub,period_mean_map,china_intersection,m s-1,2.8185186651139245,499,0.0,0.0,0.4665083885192871,0.7855186176300049,2.7301628589630127,3.0011407851217267,1.5015063013953729,9.148653526306152,10.829534530639648
ACCESS-ESM1-5,ssp126,paper_qm,late_century,2080,2100,252,wpd,all_monthly_grid_samples,china_intersection,W m-2,nan,125748,0.0,0.0,0.0002741565112955868,0.03376295208930969,10.44502067565918,46.77378209992347,149.20993211476693,658.5937854003904,3599.767578125
ACCESS-ESM1-5,ssp126,paper_qm,late_century,2080,2100,252,wpd,period_mean_map,china_intersection,W m-2,31.88049895769269,499,0.0,0.0,0.14911170303821564,0.4121572089195251,18.425809860229492,46.773780049774835,106.27854036542077,617.0211474609374,1115.7841796875
ACCESS-ESM1-5,ssp126,optimized,historical,1994,2014,252,tcell,all_monthly_grid_samples,china_intersection,degree_Celsius,nan,125748,0.0,19.20189585520247,-29.624326705932617,-17.572835426330567,16.093149185180664,14.227609771145511,14.073192557268424,36.70738594055176,41.3131103515625
ACCESS-ESM1-5,ssp126,optimized,historical,1994,2014,252,tcell,period_mean_map,china_intersection,degree_Celsius,14.345796362011477,499,0.0,2.6052104208416833,-3.3767030239105225,-1.750104238986969,14.604433059692383,14.22760965987174,7.867059592012087,28.172232437133786,30.143239974975586
ACCESS-ESM1-5,ssp126,optimized,historical,1994,2014,252,performance_ratio,all_monthly_grid_samples,china_intersection,1,nan,125748,0.0,0.0,0.9184344410896301,0.941463075876236,1.0445342659950256,1.0538619511170966,0.07036596264746052,1.2128641664981843,1.2731215953826904
ACCESS-ESM1-5,ssp126,optimized,historical,1994,2014,252,performance_ratio,period_mean_map,china_intersection,1,1.0532710310952724,499,0.0,0.0,0.9742839336395264,0.9841384816169739,1.0519778728485107,1.0538619659945578,0.03933530978827298,1.1337502002716064,1.1418837308883667
ACCESS-ESM1-5,ssp126,optimized,historical,1994,2014,252,pvpot,all_monthly_grid_samples,china_intersection,W m-2,nan,125748,0.0,0.0,36.379150390625,67.37153823852539,196.5246810913086,198.3937033565497,68.62109217249682,363.08004119873044,425.4953308105469
ACCESS-ESM1-5,ssp126,optimized,historical,1994,2014,252,pvpot,period_mean_map,china_intersection,W m-2,200.17340201941025,499,0.0,0.0,118.52559661865234,126.35438110351562,189.92396545410156,198.39370125137972,40.85479094089883,289.3310278320312,297.22650146484375
ACCESS-ESM1-5,ssp126,optimized,historical,1994,2014,252,wind_speed_hub,all_monthly_grid_samples,china_intersection,m s-1,nan,125748,0.0,0.0,0.07748905569314957,0.4712058287858963,2.5885629653930664,3.0163482427261097,1.938336849944519,10.10093639373779,18.98505210876465
ACCESS-ESM1-5,ssp126,optimized,historical,1994,2014,252,wind_speed_hub,period_mean_map,china_intersection,m s-1,2.8615665559675274,499,0.0,0.0,0.6114984154701233,1.0691038894653322,2.7334389686584473,3.0163482483737694,1.4363670614682291,8.78799659729004,10.376117706298828
ACCESS-ESM1-5,ssp126,optimized,historical,1994,2014,252,wpd,all_monthly_grid_samples,china_intersection,W m-2,nan,125748,0.0,0.0,0.000284988374914974,0.06408230118453503,10.623857498168945,45.9465940304413,145.67129499428447,631.2348889160149,4191.2294921875
ACCESS-ESM1-5,ssp126,optimized,historical,1994,2014,252,wpd,period_mean_map,china_intersection,W m-2,32.70661869563196,499,0.0,0.0,0.2404828518629074,1.0009692180156708,18.106775283813477,45.94659297729661,100.43492496167883,565.7933227539061,1092.4019775390625
ACCESS-ESM1-5,ssp126,optimized,mid_century,2040,2060,252,tcell,all_monthly_grid_samples,china_intersection,degree_Celsius,nan,125748,0.0,16.25075547921239,-26.06170082092285,-15.630349130630494,18.009843826293945,16.19197705864744,14.124688784171898,38.88610099792481,44.04144287109375
ACCESS-ESM1-5,ssp126,optimized,mid_century,2040,2060,252,tcell,period_mean_map,china_intersection,degree_Celsius,16.343998319038096,499,0.0,1.2024048096192386,-1.6644142866134644,-0.09866957738995552,16.341461181640625,16.191977118506827,7.9620367361373106,29.866067695617673,31.826383590698242
ACCESS-ESM1-5,ssp126,optimized,mid_century,2040,2060,252,performance_ratio,all_monthly_grid_samples,china_intersection,1,nan,125748,0.0,0.0,0.9047927856445312,0.9305695027112961,1.0349507927894592,1.044040114755439,0.07062344391019909,1.2031518006324768,1.2553085088729858
ACCESS-ESM1-5,ssp126,optimized,mid_century,2040,2060,252,performance_ratio,period_mean_map,china_intersection,1,1.0432799979890695,499,0.0,0.0,0.9658678770065308,0.9756697118282318,1.0432931184768677,1.0440401070581409,0.03981017469841208,1.125493643283844,1.1333221197128296
ACCESS-ESM1-5,ssp126,optimized,mid_century,2040,2060,252,pvpot,all_monthly_grid_samples,china_intersection,W m-2,nan,125748,0.0,0.0,36.419776916503906,69.01774284362793,203.53208923339844,203.86944564567304,66.82857666714482,360.95952087402344,452.1888427734375
ACCESS-ESM1-5,ssp126,optimized,mid_century,2040,2060,252,pvpot,period_mean_map,china_intersection,W m-2,205.9694378718931,499,0.0,0.0,142.5791473388672,147.7931106567383,195.6382293701172,203.86944561730883,36.021110320580725,287.89272338867187,294.6434326171875
ACCESS-ESM1-5,ssp126,optimized,mid_century,2040,2060,252,wind_speed_hub,all_monthly_grid_samples,china_intersection,m s-1,nan,125748,0.0,0.0,0.07466249167919159,0.49820445001125335,2.6186561584472656,3.046589276937841,1.9570144093548705,10.41998224258423,20.286277770996094
ACCESS-ESM1-5,ssp126,optimized,mid_century,2040,2060,252,wind_speed_hub,period_mean_map,china_intersection,m s-1,2.877946352051649,499,0.0,0.0,0.6186355948448181,1.0949859023094177,2.7893917560577393,3.046589290809058,1.4537551204766348,8.95220592498779,10.287894248962402
ACCESS-ESM1-5,ssp126,optimized,mid_century,2040,2060,252,wpd,all_monthly_grid_samples,china_intersection,W m-2,nan,125748,0.0,0.0,0.0002549256314523518,0.0757406309992075,10.998703479766846,47.960006803591234,162.12397889129053,692.9582391357421,5113.44091796875
ACCESS-ESM1-5,ssp126,optimized,mid_century,2040,2060,252,wpd,period_mean_map,china_intersection,W m-2,33.33894763031866,499,0.0,0.0,0.22156737744808197,1.0466630017757417,17.885700225830078,47.96000712784474,108.66178450111599,647.3881555175781,1103.09423828125
ACCESS-ESM1-5,ssp126,optimized,late_century,2080,2100,252,tcell,all_monthly_grid_samples,china_intersection,degree_Celsius,nan,125748,0.0,16.296084231955977,-26.984699249267578,-15.542221355438233,18.194992065429688,16.34898955322723,14.232286942278893,39.113875999450684,43.918304443359375
ACCESS-ESM1-5,ssp126,optimized,late_century,2080,2100,252,tcell,period_mean_map,china_intersection,degree_Celsius,16.5029593294032,499,0.0,1.2024048096192386,-1.5556851625442505,-0.05507153682410717,16.509719848632812,16.348989560908986,7.972100145563388,30.21062561035156,32.19800567626953
ACCESS-ESM1-5,ssp126,optimized,late_century,2080,2100,252,performance_ratio,all_monthly_grid_samples,china_intersection,1,nan,125748,0.0,0.0,0.905408501625061,0.9294306093454361,1.0340250134468079,1.043255052195253,0.07116143471360328,1.202711101770401,1.2599234580993652
ACCESS-ESM1-5,ssp126,optimized,late_century,2080,2100,252,performance_ratio,period_mean_map,china_intersection,1,1.0424852024079645,499,0.0,0.0,0.9640101194381714,0.9739467632770539,1.0424515008926392,1.043255047712154,0.039860502698588506,1.1252756452560424,1.1327786445617676
ACCESS-ESM1-5,ssp126,optimized,late_century,2080,2100,252,pvpot,all_monthly_grid_samples,china_intersection,W m-2,nan,125748,0.0,0.0,36.10454559326172,69.85572769165039,205.24781036376953,204.73273545177315,66.9818731239556,361.38095916748046,438.24334716796875
ACCESS-ESM1-5,ssp126,optimized,late_century,2080,2100,252,pvpot,period_mean_map,china_intersection,W m-2,206.68123947370972,499,0.0,0.0,141.29388427734375,147.93120910644532,197.80662536621094,204.7327358574571,35.76658068865908,289.5148675537109,295.70465087890625
ACCESS-ESM1-5,ssp126,optimized,late_century,2080,2100,252,wind_speed_hub,all_monthly_grid_samples,china_intersection,m s-1,nan,125748,0.0,0.0,0.07649460434913635,0.47397927939891815,2.5899688005447388,3.016719156703137,1.9530005954877336,10.355330381393431,18.040321350097656
ACCESS-ESM1-5,ssp126,optimized,late_century,2080,2100,252,wind_speed_hub,period_mean_map,china_intersection,m s-1,2.8390873039275766,499,0.0,0.0,0.6140440106391907,1.0804351723194123,2.7570102214813232,3.0167191165960383,1.4785558261637934,9.091128273010254,10.64474105834961
ACCESS-ESM1-5,ssp126,optimized,late_century,2080,2100,252,wpd,all_monthly_grid_samples,china_intersection,W m-2,nan,125748,0.0,0.0,0.0002741565112955868,0.06522054828703404,10.641177654266357,46.85717901593021,152.7623139664565,680.1394329833983,3596.15869140625
ACCESS-ESM1-5,ssp126,optimized,late_century,2080,2100,252,wpd,period_mean_map,china_intersection,W m-2,32.292357078610046,499,0.0,0.0,0.22573809325695038,1.0091391968727113,17.72962760925293,46.85718151129678,107.08134103634747,615.285234375,1119.1650390625
ACCESS-ESM1-5,ssp245,paper_qm,historical,1994,2014,252,tcell,all_monthly_grid_samples,china_intersection,degree_Celsius,nan,125748,0.0,19.20189585520247,-29.624326705932617,-17.572835426330567,16.093149185180664,14.227609771145511,14.073192557268424,36.70738594055176,41.3131103515625
ACCESS-ESM1-5,ssp245,paper_qm,historical,1994,2014,252,tcell,period_mean_map,china_intersection,degree_Celsius,14.345796362011477,499,0.0,2.6052104208416833,-3.3767030239105225,-1.750104238986969,14.604433059692383,14.22760965987174,7.867059592012087,28.172232437133786,30.143239974975586
ACCESS-ESM1-5,ssp245,paper_qm,historical,1994,2014,252,performance_ratio,all_monthly_grid_samples,china_intersection,1,nan,125748,0.0,0.0,0.9184344410896301,0.941463075876236,1.0445342659950256,1.0538619511170966,0.07036596264746052,1.2128641664981843,1.2731215953826904
ACCESS-ESM1-5,ssp245,paper_qm,historical,1994,2014,252,performance_ratio,period_mean_map,china_intersection,1,1.0532710310952724,499,0.0,0.0,0.9742839336395264,0.9841384816169739,1.0519778728485107,1.0538619659945578,0.03933530978827298,1.1337502002716064,1.1418837308883667
ACCESS-ESM1-5,ssp245,paper_qm,historical,1994,2014,252,pvpot,all_monthly_grid_samples,china_intersection,W m-2,nan,125748,0.0,0.0,36.379150390625,67.37153823852539,196.5246810913086,198.3937033565497,68.62109217249682,363.08004119873044,425.4953308105469
ACCESS-ESM1-5,ssp245,paper_qm,historical,1994,2014,252,pvpot,period_mean_map,china_intersection,W m-2,200.17340201941025,499,0.0,0.0,118.52559661865234,126.35438110351562,189.92396545410156,198.39370125137972,40.85479094089883,289.3310278320312,297.22650146484375
ACCESS-ESM1-5,ssp245,paper_qm,historical,1994,2014,252,wind_speed_hub,all_monthly_grid_samples,china_intersection,m s-1,nan,125748,0.0,0.0,0.07748905569314957,0.4712058287858963,2.5885629653930664,3.0163482427261097,1.938336849944519,10.10093639373779,18.98505210876465
ACCESS-ESM1-5,ssp245,paper_qm,historical,1994,2014,252,wind_speed_hub,period_mean_map,china_intersection,m s-1,2.8615665559675274,499,0.0,0.0,0.6114984154701233,1.0691038894653322,2.7334389686584473,3.0163482483737694,1.4363670614682291,8.78799659729004,10.376117706298828
ACCESS-ESM1-5,ssp245,paper_qm,historical,1994,2014,252,wpd,all_monthly_grid_samples,china_intersection,W m-2,nan,125748,0.0,0.0,0.000284988374914974,0.06408230118453503,10.623857498168945,45.9465940304413,145.67129499428447,631.2348889160149,4191.2294921875
ACCESS-ESM1-5,ssp245,paper_qm,historical,1994,2014,252,wpd,period_mean_map,china_intersection,W m-2,32.70661869563196,499,0.0,0.0,0.2404828518629074,1.0009692180156708,18.106775283813477,45.94659297729661,100.43492496167883,565.7933227539061,1092.4019775390625
ACCESS-ESM1-5,ssp245,paper_qm,mid_century,2040,2060,252,tcell,all_monthly_grid_samples,china_intersection,degree_Celsius,nan,125748,0.0,14.964850335591818,-24.08491325378418,-14.756081056594848,18.163010597229004,16.438475150798293,13.682956134133972,38.70250591278076,45.25215148925781
ACCESS-ESM1-5,ssp245,paper_qm,mid_century,2040,2060,252,tcell,period_mean_map,china_intersection,degree_Celsius,16.607188556617434,499,0.0,0.6012024048096193,-1.279247760772705,0.681003839969635,16.556884765625,16.438475085164836,7.6128298622239985,29.482806053161617,31.5880184173584
ACCESS-ESM1-5,ssp245,paper_qm,mid_century,2040,2060,252,performance_ratio,all_monthly_grid_samples,china_intersection,1,nan,125748,0.0,0.0,0.8987392783164978,0.9314874702692032,1.034184992313385,1.0428076242322317,0.06841478058969111,1.1987803971767426,1.245424509048462
ACCESS-ESM1-5,ssp245,paper_qm,mid_century,2040,2060,252,performance_ratio,period_mean_map,china_intersection,1,1.0419640544962145,499,0.0,0.0,0.9670601487159729,0.9775860774517059,1.0422152280807495,1.042807621205737,0.0380641465680921,1.1215945339202882,1.1313961744308472
ACCESS-ESM1-5,ssp245,paper_qm,mid_century,2040,2060,252,pvpot,all_monthly_grid_samples,china_intersection,W m-2,nan,125748,0.0,0.0,38.376441955566406,66.86588233947754,199.75572967529297,200.08099205976194,67.74067263283,357.4678512573242,420.3525695800781
ACCESS-ESM1-5,ssp245,paper_qm,mid_century,2040,2060,252,pvpot,period_mean_map,china_intersection,W m-2,201.87259933630082,499,0.0,0.0,130.2373809814453,135.55301635742188,192.0330810546875,200.08099230687938,37.473585210901966,285.98657409667965,294.0398254394531
ACCESS-ESM1-5,ssp245,paper_qm,mid_century,2040,2060,252,wind_speed_hub,all_monthly_grid_samples,china_intersection,m s-1,nan,125748,0.0,0.0,0.07730105519294739,0.4690511441230774,2.573257088661194,2.9920484866268167,1.9232887195014359,10.14121078491211,18.493309020996094
ACCESS-ESM1-5,ssp245,paper_qm,mid_century,2040,2060,252,wind_speed_hub,period_mean_map,china_intersection,m s-1,2.8212029511518795,499,0.0,0.0,0.5250954031944275,0.9994225132465363,2.749858856201172,2.9920485263358136,1.4120547644995123,8.737589626312253,10.244438171386719
ACCESS-ESM1-5,ssp245,paper_qm,mid_century,2040,2060,252,wpd,all_monthly_grid_samples,china_intersection,W m-2,nan,125748,0.0,0.0,0.0002829191798809916,0.06320721998810769,10.436517715454102,45.2504244963275,150.21322137278347,638.8156243896484,3873.913818359375
ACCESS-ESM1-5,ssp245,paper_qm,mid_century,2040,2060,252,wpd,period_mean_map,china_intersection,W m-2,31.23882982432442,499,0.0,0.0,0.17125894129276276,0.8847661137580872,17.914445877075195,45.25042343650289,101.98350891129759,604.8407556152343,1071.9898681640625
ACCESS-ESM1-5,ssp245,paper_qm,late_century,2080,2100,252,tcell,all_monthly_grid_samples,china_intersection,degree_Celsius,nan,125748,0.0,13.210548080287559,-22.92633819580078,-13.774819946289062,19.439812660217285,17.617280735095136,13.686601146265895,39.868827400207515,46.80296325683594
ACCESS-ESM1-5,ssp245,paper_qm,late_century,2080,2100,252,tcell,period_mean_map,china_intersection,degree_Celsius,17.802359097084345,499,0.0,0.0,0.007827626541256905,1.9047650456428529,17.61810874938965,17.617280941900756,7.506556431192939,30.443788261413573,32.48006820678711
ACCESS-ESM1-5,ssp245,paper_qm,late_century,2080,2100,252,performance_ratio,all_monthly_grid_samples,china_intersection,1,nan,125748,0.0,0.0,0.8909851908683777,0.9256558465957642,1.0278009176254272,1.036913596330418,0.0684330056702613,1.193874136209488,1.2396316528320312
ACCESS-ESM1-5,ssp245,paper_qm,late_century,2080,2100,252,performance_ratio,period_mean_map,china_intersection,1,1.0359881969736207,499,0.0,0.0,0.9625995755195618,0.9727806520462036,1.0369093418121338,1.0369135887923844,0.03753279902714846,1.1154757165908813,1.1249608993530273
ACCESS-ESM1-5,ssp245,paper_qm,late_century,2080,2100,252,pvpot,all_monthly_grid_samples,china_intersection,W m-2,nan,125748,0.0,0.0,34.364994049072266,66.41547088623047,202.3744354248047,201.71647116405066,67.32544398760291,355.76317810058595,430.415283203125
ACCESS-ESM1-5,ssp245,paper_qm,late_century,2080,2100,252,pvpot,period_mean_map,china_intersection,W m-2,203.5321882695871,499,0.0,0.0,137.58287048339844,144.65900817871093,193.50009155273438,201.71647384123716,35.71855202490021,285.1910607910156,291.7550048828125
ACCESS-ESM1-5,ssp245,paper_qm,late_century,2080,2100,252,wind_speed_hub,all_monthly_grid_samples,china_intersection,m s-1,nan,125748,0.0,0.0,0.07798276096582413,0.43810881674289703,2.5440375804901123,2.9605035835187805,1.9269354829523366,10.07659686088562,19.383039474487305
ACCESS-ESM1-5,ssp245,paper_qm,late_century,2080,2100,252,wind_speed_hub,period_mean_map,china_intersection,m s-1,2.7831641147290327,499,0.0,0.0,0.49696919322013855,0.9369372498989105,2.711554765701294,2.9605035332137932,1.415195426408734,8.789785900115966,10.22200870513916
ACCESS-ESM1-5,ssp245,paper_qm,late_century,2080,2100,252,wpd,all_monthly_grid_samples,china_intersection,W m-2,nan,125748,0.0,0.0,0.0002904704597312957,0.05150532212108374,10.085018157958984,44.649883458577946,150.13948156685254,626.6827453613278,4460.37890625
ACCESS-ESM1-5,ssp245,paper_qm,late_century,2080,2100,252,wpd,period_mean_map,china_intersection,W m-2,30.120658684638084,499,0.0,0.0,0.1535440981388092,0.9388017916679383,17.99863052368164,44.64988476593413,102.28476579772585,625.0626159667968,1051.957275390625
ACCESS-ESM1-5,ssp245,optimized,historical,1994,2014,252,tcell,all_monthly_grid_samples,china_intersection,degree_Celsius,nan,125748,0.0,19.20189585520247,-29.624326705932617,-17.572835426330567,16.093149185180664,14.227609771145511,14.073192557268424,36.70738594055176,41.3131103515625
ACCESS-ESM1-5,ssp245,optimized,historical,1994,2014,252,tcell,period_mean_map,china_intersection,degree_Celsius,14.345796362011477,499,0.0,2.6052104208416833,-3.3767030239105225,-1.750104238986969,14.604433059692383,14.22760965987174,7.867059592012087,28.172232437133786,30.143239974975586
ACCESS-ESM1-5,ssp245,optimized,historical,1994,2014,252,performance_ratio,all_monthly_grid_samples,china_intersection,1,nan,125748,0.0,0.0,0.9184344410896301,0.941463075876236,1.0445342659950256,1.0538619511170966,0.07036596264746052,1.2128641664981843,1.2731215953826904
ACCESS-ESM1-5,ssp245,optimized,historical,1994,2014,252,performance_ratio,period_mean_map,china_intersection,1,1.0532710310952724,499,0.0,0.0,0.9742839336395264,0.9841384816169739,1.0519778728485107,1.0538619659945578,0.03933530978827298,1.1337502002716064,1.1418837308883667
ACCESS-ESM1-5,ssp245,optimized,historical,1994,2014,252,pvpot,all_monthly_grid_samples,china_intersection,W m-2,nan,125748,0.0,0.0,36.379150390625,67.37153823852539,196.5246810913086,198.3937033565497,68.62109217249682,363.08004119873044,425.4953308105469
ACCESS-ESM1-5,ssp245,optimized,historical,1994,2014,252,pvpot,period_mean_map,china_intersection,W m-2,200.17340201941025,499,0.0,0.0,118.52559661865234,126.35438110351562,189.92396545410156,198.39370125137972,40.85479094089883,289.3310278320312,297.22650146484375
ACCESS-ESM1-5,ssp245,optimized,historical,1994,2014,252,wind_speed_hub,all_monthly_grid_samples,china_intersection,m s-1,nan,125748,0.0,0.0,0.07748905569314957,0.4712058287858963,2.5885629653930664,3.0163482427261097,1.938336849944519,10.10093639373779,18.98505210876465
ACCESS-ESM1-5,ssp245,optimized,historical,1994,2014,252,wind_speed_hub,period_mean_map,china_intersection,m s-1,2.8615665559675274,499,0.0,0.0,0.6114984154701233,1.0691038894653322,2.7334389686584473,3.0163482483737694,1.4363670614682291,8.78799659729004,10.376117706298828
ACCESS-ESM1-5,ssp245,optimized,historical,1994,2014,252,wpd,all_monthly_grid_samples,china_intersection,W m-2,nan,125748,0.0,0.0,0.000284988374914974,0.06408230118453503,10.623857498168945,45.9465940304413,145.67129499428447,631.2348889160149,4191.2294921875
ACCESS-ESM1-5,ssp245,optimized,historical,1994,2014,252,wpd,period_mean_map,china_intersection,W m-2,32.70661869563196,499,0.0,0.0,0.2404828518629074,1.0009692180156708,18.106775283813477,45.94659297729661,100.43492496167883,565.7933227539061,1092.4019775390625
ACCESS-ESM1-5,ssp245,optimized,mid_century,2040,2060,252,tcell,all_monthly_grid_samples,china_intersection,degree_Celsius,nan,125748,0.0,16.062283296752234,-26.333515167236328,-15.406770257949828,17.984797477722168,16.30479831012979,14.122826172623487,39.12822368621826,45.40911865234375
ACCESS-ESM1-5,ssp245,optimized,mid_century,2040,2060,252,tcell,period_mean_map,china_intersection,degree_Celsius,16.4396832626682,499,0.0,1.402805611222445,-1.5257214307785034,-0.1202395713329315,16.641939163208008,16.304798290267854,7.886671517897967,29.949171333312986,32.062835693359375
ACCESS-ESM1-5,ssp245,optimized,mid_century,2040,2060,252,performance_ratio,all_monthly_grid_samples,china_intersection,1,nan,125748,0.0,0.0,0.8979544043540955,0.9293588960170746,1.0350759625434875,1.0434760084691483,0.07061413086530573,1.2020339012145995,1.2566676139831543
ACCESS-ESM1-5,ssp245,optimized,mid_century,2040,2060,252,performance_ratio,period_mean_map,china_intersection,1,1.0428015826202637,499,0.0,0.0,0.9646859169006348,0.9752543640136718,1.041790246963501,1.0434760198086679,0.03943336035772019,1.1256013345718383,1.1326285600662231
ACCESS-ESM1-5,ssp245,optimized,mid_century,2040,2060,252,pvpot,all_monthly_grid_samples,china_intersection,W m-2,nan,125748,0.0,0.0,38.4952278137207,66.97326438903809,199.85171508789062,200.17833288437075,67.82825081793838,358.96521667480465,419.2944030761719
ACCESS-ESM1-5,ssp245,optimized,mid_century,2040,2060,252,pvpot,period_mean_map,china_intersection,W m-2,202.0135843517733,499,0.0,0.0,130.24771118164062,135.7824026489258,192.0033721923828,200.1783340545838,37.801698177163075,287.6890380859375,294.4969482421875
ACCESS-ESM1-5,ssp245,optimized,mid_century,2040,2060,252,wind_speed_hub,all_monthly_grid_samples,china_intersection,m s-1,nan,125748,0.0,0.0,0.09184775501489639,0.4924840545654297,2.5905851125717163,3.0090157944155904,1.924202912072636,10.323990144729606,18.493309020996094
ACCESS-ESM1-5,ssp245,optimized,mid_century,2040,2060,252,wind_speed_hub,period_mean_map,china_intersection,m s-1,2.8412497583544702,499,0.0,0.0,0.6371742486953735,1.1126649308204652,2.749114990234375,3.0090157971353473,1.4280412982468071,8.86018964767456,10.336278915405273
ACCESS-ESM1-5,ssp245,optimized,mid_century,2040,2060,252,wpd,all_monthly_grid_samples,china_intersection,W m-2,nan,125748,0.0,0.0,0.0004745824553538114,0.07316150680184365,10.648776531219482,45.9856570607718,154.465897080097,673.9830786132798,3873.913818359375
ACCESS-ESM1-5,ssp245,optimized,mid_century,2040,2060,252,wpd,period_mean_map,china_intersection,W m-2,32.13621208461117,499,0.0,0.0,0.23404556512832642,1.0800789177417756,17.62346076965332,45.98565708067947,105.56617996123364,602.4978808593745,1091.7801513671875
ACCESS-ESM1-5,ssp245,optimized,late_century,2080,2100,252,tcell,all_monthly_grid_samples,china_intersection,degree_Celsius,nan,125748,0.0,14.416133855011608,-25.480789184570312,-14.463487987518311,19.228947639465332,17.481801212403738,14.202150128383481,40.33349418640137,47.340755462646484
ACCESS-ESM1-5,ssp245,optimized,late_century,2080,2100,252,tcell,period_mean_map,china_intersection,degree_Celsius,17.635712488787213,499,0.0,0.2004008016032064,-0.22726909816265106,1.264676926136017,17.667253494262695,17.48180109968704,7.833909947364674,31.068729057312012,33.08954620361328
ACCESS-ESM1-5,ssp245,optimized,late_century,2080,2100,252,performance_ratio,all_monthly_grid_samples,china_intersection,1,nan,125748,0.0,0.0,0.8882962465286255,0.9233325433731079,1.0288552045822144,1.037590993893288,0.07101075065214175,1.197317488193512,1.252403974533081
ACCESS-ESM1-5,ssp245,optimized,late_century,2080,2100,252,performance_ratio,period_mean_map,china_intersection,1,1.0368214374135054,499,0.0,0.0,0.9595521688461304,0.9696567034721375,1.0366634130477905,1.0375909966552903,0.039169551438090804,1.1186768746376037,1.1261368989944458
ACCESS-ESM1-5,ssp245,optimized,late_century,2080,2100,252,pvpot,all_monthly_grid_samples,china_intersection,W m-2,nan,125748,0.0,0.0,34.468753814697266,66.57167907714843,202.3587875366211,201.80749417191626,67.40721078051241,357.6920513916015,435.0179138183594
ACCESS-ESM1-5,ssp245,optimized,late_century,2080,2100,252,pvpot,period_mean_map,china_intersection,W m-2,203.66632434898304,499,0.0,0.0,137.52688598632812,144.48754486083985,193.61187744140625,201.8074933130421,36.091272306426355,286.52539428710935,292.7361755371094
ACCESS-ESM1-5,ssp245,optimized,late_century,2080,2100,252,wind_speed_hub,all_monthly_grid_samples,china_intersection,m s-1,nan,125748,0.0,0.0,0.09155889600515366,0.4796332812309265,2.5706616640090942,2.9870891773852657,1.916822596394876,10.25816481590271,19.558971405029297
ACCESS-ESM1-5,ssp245,optimized,late_century,2080,2100,252,wind_speed_hub,period_mean_map,china_intersection,m s-1,2.8133283274679015,499,0.0,0.0,0.6240952014923096,1.1073270452022552,2.7401857376098633,2.9870892158729996,1.4224066766106578,8.84967044830322,10.307829856872559
ACCESS-ESM1-5,ssp245,optimized,late_century,2080,2100,252,wpd,all_monthly_grid_samples,china_intersection,W m-2,nan,125748,0.0,0.0,0.00047011891729198396,0.06758246898651123,10.404970645904541,45.22638933648966,153.5583657147392,661.1730493164061,4582.939453125
ACCESS-ESM1-5,ssp245,optimized,late_century,2080,2100,252,wpd,period_mean_map,china_intersection,W m-2,30.775351487955703,499,0.0,0.0,0.22595161199569702,1.0915325486660006,17.660093307495117,45.22638778755803,104.6500858542909,624.2334509277342,1077.1259765625
ACCESS-ESM1-5,ssp585,paper_qm,historical,1994,2014,252,tcell,all_monthly_grid_samples,china_intersection,degree_Celsius,nan,125748,0.0,19.20189585520247,-29.624326705932617,-17.572835426330567,16.093149185180664,14.227609771145511,14.073192557268424,36.70738594055176,41.3131103515625
ACCESS-ESM1-5,ssp585,paper_qm,historical,1994,2014,252,tcell,period_mean_map,china_intersection,degree_Celsius,14.345796362011477,499,0.0,2.6052104208416833,-3.3767030239105225,-1.750104238986969,14.604433059692383,14.22760965987174,7.867059592012087,28.172232437133786,30.143239974975586
ACCESS-ESM1-5,ssp585,paper_qm,historical,1994,2014,252,performance_ratio,all_monthly_grid_samples,china_intersection,1,nan,125748,0.0,0.0,0.9184344410896301,0.941463075876236,1.0445342659950256,1.0538619511170966,0.07036596264746052,1.2128641664981843,1.2731215953826904
ACCESS-ESM1-5,ssp585,paper_qm,historical,1994,2014,252,performance_ratio,period_mean_map,china_intersection,1,1.0532710310952724,499,0.0,0.0,0.9742839336395264,0.9841384816169739,1.0519778728485107,1.0538619659945578,0.03933530978827298,1.1337502002716064,1.1418837308883667
ACCESS-ESM1-5,ssp585,paper_qm,historical,1994,2014,252,pvpot,all_monthly_grid_samples,china_intersection,W m-2,nan,125748,0.0,0.0,36.379150390625,67.37153823852539,196.5246810913086,198.3937033565497,68.62109217249682,363.08004119873044,425.4953308105469
ACCESS-ESM1-5,ssp585,paper_qm,historical,1994,2014,252,pvpot,period_mean_map,china_intersection,W m-2,200.17340201941025,499,0.0,0.0,118.52559661865234,126.35438110351562,189.92396545410156,198.39370125137972,40.85479094089883,289.3310278320312,297.22650146484375
ACCESS-ESM1-5,ssp585,paper_qm,historical,1994,2014,252,wind_speed_hub,all_monthly_grid_samples,china_intersection,m s-1,nan,125748,0.0,0.0,0.07748905569314957,0.4712058287858963,2.5885629653930664,3.0163482427261097,1.938336849944519,10.10093639373779,18.98505210876465
ACCESS-ESM1-5,ssp585,paper_qm,historical,1994,2014,252,wind_speed_hub,period_mean_map,china_intersection,m s-1,2.8615665559675274,499,0.0,0.0,0.6114984154701233,1.0691038894653322,2.7334389686584473,3.0163482483737694,1.4363670614682291,8.78799659729004,10.376117706298828
ACCESS-ESM1-5,ssp585,paper_qm,historical,1994,2014,252,wpd,all_monthly_grid_samples,china_intersection,W m-2,nan,125748,0.0,0.0,0.000284988374914974,0.06408230118453503,10.623857498168945,45.9465940304413,145.67129499428447,631.2348889160149,4191.2294921875
ACCESS-ESM1-5,ssp585,paper_qm,historical,1994,2014,252,wpd,period_mean_map,china_intersection,W m-2,32.70661869563196,499,0.0,0.0,0.2404828518629074,1.0009692180156708,18.106775283813477,45.94659297729661,100.43492496167883,565.7933227539061,1092.4019775390625
ACCESS-ESM1-5,ssp585,paper_qm,mid_century,2040,2060,252,tcell,all_monthly_grid_samples,china_intersection,degree_Celsius,nan,125748,0.0,14.313547730381398,-21.429882049560547,-13.974007816314698,18.64937973022461,16.928180965854605,13.66096005799535,39.34628757476806,47.83684539794922
ACCESS-ESM1-5,ssp585,paper_qm,mid_century,2040,2060,252,tcell,period_mean_map,china_intersection,degree_Celsius,17.10423114990928,499,0.0,0.2004008016032064,-0.7086192965507507,1.3142889499664308,16.94382095336914,16.928180827884255,7.57259014095365,30.028676605224607,31.76892852783203
ACCESS-ESM1-5,ssp585,paper_qm,mid_century,2040,2060,252,performance_ratio,all_monthly_grid_samples,china_intersection,1,nan,125748,0.0,0.0,0.8858157992362976,0.9282685792446137,1.0317530632019043,1.0403590950674428,0.06830480028821262,1.19487007021904,1.232149362564087
ACCESS-ESM1-5,ssp585,paper_qm,mid_century,2040,2060,252,performance_ratio,period_mean_map,china_intersection,1,1.0394788467502971,499,0.0,0.0,0.9661555290222168,0.9748565232753754,1.040281057357788,1.040359100980128,0.037862949415388536,1.118428223133087,1.128542423248291
ACCESS-ESM1-5,ssp585,paper_qm,mid_century,2040,2060,252,pvpot,all_monthly_grid_samples,china_intersection,W m-2,nan,125748,0.0,0.0,38.76129150390625,66.19199256896972,199.93256378173828,199.9696157285987,67.34249690701454,354.56080474853513,426.44146728515625
ACCESS-ESM1-5,ssp585,paper_qm,mid_century,2040,2060,252,pvpot,period_mean_map,china_intersection,W m-2,201.78921268977052,499,0.0,0.0,131.1104278564453,138.30720703125,191.6564178466797,199.96961366580817,36.9692556199213,284.8775622558594,291.8775939941406
ACCESS-ESM1-5,ssp585,paper_qm,mid_century,2040,2060,252,wind_speed_hub,all_monthly_grid_samples,china_intersection,m s-1,nan,125748,0.0,0.0,0.07382993400096893,0.4510197937488556,2.5825339555740356,3.0116427048497947,1.9505666440418954,10.113707046508788,18.647218704223633
ACCESS-ESM1-5,ssp585,paper_qm,mid_century,2040,2060,252,wind_speed_hub,period_mean_map,china_intersection,m s-1,2.8434957103136687,499,0.0,0.0,0.4114360511302948,0.9574156665802002,2.7635011672973633,3.0116427438650915,1.4240626060592163,8.635628871917724,10.157668113708496
ACCESS-ESM1-5,ssp585,paper_qm,mid_century,2040,2060,252,wpd,all_monthly_grid_samples,china_intersection,W m-2,nan,125748,0.0,0.0,0.0002464924182277173,0.0561943781748414,10.549799919128418,46.45849012217296,151.79405088769028,633.6321752929684,3971.442138671875
ACCESS-ESM1-5,ssp585,paper_qm,mid_century,2040,2060,252,wpd,period_mean_map,china_intersection,W m-2,32.374614187858164,499,0.0,0.0,0.11330028623342514,0.8460768342018128,18.567617416381836,46.45849048068564,101.65603251735202,608.6924560546872,1049.125732421875
ACCESS-ESM1-5,ssp585,paper_qm,late_century,2080,2100,252,tcell,all_monthly_grid_samples,china_intersection,degree_Celsius,nan,125748,0.0,10.47491809014855,-21.448135375976562,-11.32014603614807,21.380027770996094,19.625345643674873,13.664486542699565,41.96854778289795,48.71159744262695
ACCESS-ESM1-5,ssp585,paper_qm,late_century,2080,2100,252,tcell,period_mean_map,china_intersection,degree_Celsius,19.822125349034337,499,0.0,0.0,2.037036180496216,4.120280923843384,19.734954833984375,19.625345411663783,7.421627171679261,32.58228660583496,33.933937072753906
ACCESS-ESM1-5,ssp585,paper_qm,late_century,2080,2100,252,performance_ratio,all_monthly_grid_samples,china_intersection,1,nan,125748,0.0,0.0,0.8814420104026794,0.9151572519540787,1.018099844455719,1.0268732718873328,0.06832243271994977,1.1816007447242736,1.2322406768798828
ACCESS-ESM1-5,ssp585,paper_qm,late_century,2080,2100,252,performance_ratio,period_mean_map,china_intersection,1,1.0258893624377259,499,0.0,0.0,0.9553305506706238,0.9620888376235962,1.026324987411499,1.0268732576905366,0.037108143560076544,1.1043987107276916,1.1148147583007812
ACCESS-ESM1-5,ssp585,paper_qm,late_century,2080,2100,252,pvpot,all_monthly_grid_samples,china_intersection,W m-2,nan,125748,0.0,0.0,34.15637969970703,62.43387718200684,202.51087951660156,199.83744761926906,67.17518562811502,352.019631652832,452.42474365234375
ACCESS-ESM1-5,ssp585,paper_qm,late_century,2080,2100,252,pvpot,period_mean_map,china_intersection,W m-2,201.58551229592769,499,0.0,0.0,139.85025024414062,145.95001922607423,191.52835083007812,199.83744634655054,34.57163380426991,281.78570373535155,289.8102111816406
ACCESS-ESM1-5,ssp585,paper_qm,late_century,2080,2100,252,wind_speed_hub,all_monthly_grid_samples,china_intersection,m s-1,nan,125748,0.0,0.0,0.07207762449979782,0.4361634770035744,2.5662355422973633,2.9885492982576225,1.9377845223545955,10.090209035873412,19.889196395874023
ACCESS-ESM1-5,ssp585,paper_qm,late_century,2080,2100,252,wind_speed_hub,period_mean_map,china_intersection,m s-1,2.810041897125157,499,0.0,0.0,0.4490612745285034,0.8577368867397308,2.8147828578948975,2.988549315738296,1.4262646542464608,8.63550504684448,10.206111907958984
ACCESS-ESM1-5,ssp585,paper_qm,late_century,2080,2100,252,wpd,all_monthly_grid_samples,china_intersection,W m-2,nan,125748,0.0,0.0,0.0002293546131113544,0.05082228288054467,10.351317882537842,45.19727353390867,142.88055362028615,629.2258636474609,4819.009765625
ACCESS-ESM1-5,ssp585,paper_qm,late_century,2080,2100,252,wpd,period_mean_map,china_intersection,W m-2,31.11249363378841,499,0.0,0.0,0.16130077838897705,0.7656192946434022,19.35848617553711,45.197273776681726,98.18799376721043,577.7309765624991,987.3177490234375
ACCESS-ESM1-5,ssp585,optimized,historical,1994,2014,252,tcell,all_monthly_grid_samples,china_intersection,degree_Celsius,nan,125748,0.0,19.20189585520247,-29.624326705932617,-17.572835426330567,16.093149185180664,14.227609771145511,14.073192557268424,36.70738594055176,41.3131103515625
ACCESS-ESM1-5,ssp585,optimized,historical,1994,2014,252,tcell,period_mean_map,china_intersection,degree_Celsius,14.345796362011477,499,0.0,2.6052104208416833,-3.3767030239105225,-1.750104238986969,14.604433059692383,14.22760965987174,7.867059592012087,28.172232437133786,30.143239974975586
ACCESS-ESM1-5,ssp585,optimized,historical,1994,2014,252,performance_ratio,all_monthly_grid_samples,china_intersection,1,nan,125748,0.0,0.0,0.9184344410896301,0.941463075876236,1.0445342659950256,1.0538619511170966,0.07036596264746052,1.2128641664981843,1.2731215953826904
ACCESS-ESM1-5,ssp585,optimized,historical,1994,2014,252,performance_ratio,period_mean_map,china_intersection,1,1.0532710310952724,499,0.0,0.0,0.9742839336395264,0.9841384816169739,1.0519778728485107,1.0538619659945578,0.03933530978827298,1.1337502002716064,1.1418837308883667
ACCESS-ESM1-5,ssp585,optimized,historical,1994,2014,252,pvpot,all_monthly_grid_samples,china_intersection,W m-2,nan,125748,0.0,0.0,36.379150390625,67.37153823852539,196.5246810913086,198.3937033565497,68.62109217249682,363.08004119873044,425.4953308105469
ACCESS-ESM1-5,ssp585,optimized,historical,1994,2014,252,pvpot,period_mean_map,china_intersection,W m-2,200.17340201941025,499,0.0,0.0,118.52559661865234,126.35438110351562,189.92396545410156,198.39370125137972,40.85479094089883,289.3310278320312,297.22650146484375
ACCESS-ESM1-5,ssp585,optimized,historical,1994,2014,252,wind_speed_hub,all_monthly_grid_samples,china_intersection,m s-1,nan,125748,0.0,0.0,0.07748905569314957,0.4712058287858963,2.5885629653930664,3.0163482427261097,1.938336849944519,10.10093639373779,18.98505210876465
ACCESS-ESM1-5,ssp585,optimized,historical,1994,2014,252,wind_speed_hub,period_mean_map,china_intersection,m s-1,2.8615665559675274,499,0.0,0.0,0.6114984154701233,1.0691038894653322,2.7334389686584473,3.0163482483737694,1.4363670614682291,8.78799659729004,10.376117706298828
ACCESS-ESM1-5,ssp585,optimized,historical,1994,2014,252,wpd,all_monthly_grid_samples,china_intersection,W m-2,nan,125748,0.0,0.0,0.000284988374914974,0.06408230118453503,10.623857498168945,45.9465940304413,145.67129499428447,631.2348889160149,4191.2294921875
ACCESS-ESM1-5,ssp585,optimized,historical,1994,2014,252,wpd,period_mean_map,china_intersection,W m-2,32.70661869563196,499,0.0,0.0,0.2404828518629074,1.0009692180156708,18.106775283813477,45.94659297729661,100.43492496167883,565.7933227539061,1092.4019775390625
ACCESS-ESM1-5,ssp585,optimized,mid_century,2040,2060,252,tcell,all_monthly_grid_samples,china_intersection,degree_Celsius,nan,125748,0.0,15.518338263829246,-23.627410888671875,-14.657204494476318,18.465846061706543,16.79105183149231,14.172835935943736,39.78732196807861,47.813114166259766
ACCESS-ESM1-5,ssp585,optimized,mid_century,2040,2060,252,tcell,period_mean_map,china_intersection,degree_Celsius,16.937183848418815,499,0.0,0.4008016032064128,-1.000983715057373,0.4569284909963608,16.977392196655273,16.791051673021666,7.88231747469394,30.47210411071777,32.46525192260742
ACCESS-ESM1-5,ssp585,optimized,mid_century,2040,2060,252,performance_ratio,all_monthly_grid_samples,china_intersection,1,nan,125748,0.0,0.0,0.8859344124794006,0.9260633844137192,1.032670795917511,1.0410447409726373,0.07086417958352571,1.1982860362529755,1.243137001991272
ACCESS-ESM1-5,ssp585,optimized,mid_century,2040,2060,252,performance_ratio,period_mean_map,china_intersection,1,1.040314088273456,499,0.0,0.0,0.9626736044883728,0.9726395797729492,1.0401129722595215,1.0410447513651035,0.03941157783065346,1.1227156829833984,1.1300054788589478
ACCESS-ESM1-5,ssp585,optimized,mid_century,2040,2060,252,pvpot,all_monthly_grid_samples,china_intersection,W m-2,nan,125748,0.0,0.0,39.02837371826172,66.39149780273438,199.99429321289062,200.05743192301478,67.41293702023162,356.2036059570312,425.2643127441406
ACCESS-ESM1-5,ssp585,optimized,mid_century,2040,2060,252,pvpot,period_mean_map,china_intersection,W m-2,201.91864604295952,499,0.0,0.0,131.02088928222656,138.10018920898438,191.8659210205078,200.05742995390193,37.32519399105246,285.4389434814453,292.40625
ACCESS-ESM1-5,ssp585,optimized,mid_century,2040,2060,252,wind_speed_hub,all_monthly_grid_samples,china_intersection,m s-1,nan,125748,0.0,0.0,0.07382993400096893,0.48712016493082044,2.59069561958313,3.019080570733731,1.9415263108350838,10.24688286781311,18.647218704223633
ACCESS-ESM1-5,ssp585,optimized,mid_century,2040,2060,252,wind_speed_hub,period_mean_map,china_intersection,m s-1,2.8513141679202447,499,0.0,0.0,0.5971099734306335,1.0819905817508697,2.7482359409332275,3.0190805715167213,1.4323836885927124,8.805320720672606,10.27338695526123
ACCESS-ESM1-5,ssp585,optimized,mid_century,2040,2060,252,wpd,all_monthly_grid_samples,china_intersection,W m-2,nan,125748,0.0,0.0,0.0002464924182277173,0.0707969281077385,10.65013837814331,46.62712443127692,154.12862850669245,658.9939538574218,3971.442138671875
ACCESS-ESM1-5,ssp585,optimized,mid_century,2040,2060,252,wpd,period_mean_map,china_intersection,W m-2,32.52508892540656,499,0.0,0.0,0.20209521055221558,0.9780551517009736,17.219444274902344,46.627125499363174,103.95146657047682,625.8283007812499,1075.931640625
ACCESS-ESM1-5,ssp585,optimized,late_century,2080,2100,252,tcell,all_monthly_grid_samples,china_intersection,degree_Celsius,nan,125748,0.0,11.480103063269397,-23.792272567749023,-12.160981464385987,21.19945526123047,19.5184160954681,14.20680101806826,42.493988494873044,48.75361633300781
ACCESS-ESM1-5,ssp585,optimized,late_century,2080,2100,252,tcell,period_mean_map,china_intersection,degree_Celsius,19.686415620881696,499,0.0,0.0,1.8750519752502441,3.349451675415039,19.83568572998047,19.518416168694507,7.746310652682373,33.16897155761718,34.564964294433594
ACCESS-ESM1-5,ssp585,optimized,late_century,2080,2100,252,performance_ratio,all_monthly_grid_samples,china_intersection,1,nan,125748,0.0,0.0,0.8812319040298462,0.9125300472974778,1.0190026760101318,1.0274079194311445,0.07103400503672001,1.1858049392700196,1.2439613342285156
ACCESS-ESM1-5,ssp585,optimized,late_century,2080,2100,252,performance_ratio,period_mean_map,china_intersection,1,1.02656791125137,499,0.0,0.0,0.952174961566925,0.9591549623012543,1.0258220434188843,1.0274079053817626,0.03873153969836781,1.108252899646759,1.1156245470046997
ACCESS-ESM1-5,ssp585,optimized,late_century,2080,2100,252,pvpot,all_monthly_grid_samples,china_intersection,W m-2,nan,125748,0.0,0.0,34.142730712890625,62.54085865020752,202.52484893798828,199.89251210990858,67.22369854786776,353.72256378173824,454.677001953125
ACCESS-ESM1-5,ssp585,optimized,late_century,2080,2100,252,pvpot,period_mean_map,china_intersection,W m-2,201.6816729669599,499,0.0,0.0,139.70852661132812,145.72385833740233,191.40036010742188,199.8925134203955,34.928001360483634,282.1836029052734,290.1803283691406
ACCESS-ESM1-5,ssp585,optimized,late_century,2080,2100,252,wind_speed_hub,all_monthly_grid_samples,china_intersection,m s-1,nan,125748,0.0,0.0,0.07207762449979782,0.48842632383108137,2.5788694620132446,2.9992052563184544,1.913952908540523,10.183152503967284,19.889196395874023
ACCESS-ESM1-5,ssp585,optimized,late_century,2080,2100,252,wind_speed_hub,period_mean_map,china_intersection,m s-1,2.823939586011362,499,0.0,0.0,0.615422248840332,1.0368661749362946,2.7463884353637695,2.99920527610129,1.4242585894117124,8.73966188430786,10.22010326385498
ACCESS-ESM1-5,ssp585,optimized,late_century,2080,2100,252,wpd,all_monthly_grid_samples,china_intersection,W m-2,nan,125748,0.0,0.0,0.0002293546131113544,0.07136796087026596,10.504953861236572,44.98271926370813,144.03910339744107,646.7744287109373,4819.009765625
ACCESS-ESM1-5,ssp585,optimized,late_century,2080,2100,252,wpd,period_mean_map,china_intersection,W m-2,31.07138358270647,499,0.0,0.0,0.23007167875766754,0.8829152238368988,17.69951820373535,44.98272011146875,99.06690401991997,594.2731066894527,1007.314208984375
AWI-CM-1-1-MR,ssp126,paper_qm,historical,1994,2014,252,tcell,all_monthly_grid_samples,china_intersection,degree_Celsius,nan,317772,0.0,18.936533111790844,-28.00641632080078,-17.190204315185547,15.735913276672363,14.046979309066359,13.838202636708514,36.50892105102538,41.968318939208984
AWI-CM-1-1-MR,ssp126,paper_qm,historical,1994,2014,252,tcell,period_mean_map,china_intersection,degree_Celsius,14.254275445650299,1261,0.0,2.0618556701030926,-3.6602838039398193,-1.4536411285400392,14.21311092376709,14.046979561829193,7.589398179121192,27.92327384948732,29.840373992919922
AWI-CM-1-1-MR,ssp126,paper_qm,historical,1994,2014,252,performance_ratio,all_monthly_grid_samples,china_intersection,1,nan,317772,0.0,0.0,0.9151583909988403,0.9424554079771041,1.0463204383850098,1.0547651034573249,0.06919101320089395,1.2109509992599485,1.2650320529937744
AWI-CM-1-1-MR,ssp126,paper_qm,historical,1994,2014,252,performance_ratio,period_mean_map,china_intersection,1,1.0537286374679886,1261,0.0,0.0,0.9757983684539795,0.9853833436965942,1.0539345741271973,1.0547651115341097,0.03794700069335176,1.1322681903839111,1.1433013677597046
AWI-CM-1-1-MR,ssp126,paper_qm,historical,1994,2014,252,pvpot,all_monthly_grid_samples,china_intersection,W m-2,nan,317772,0.0,0.0,38.423072814941406,69.4865550994873,196.31201934814453,198.67510406614713,68.47097525116868,361.5359738159179,439.9617614746094
AWI-CM-1-1-MR,ssp126,paper_qm,historical,1994,2014,252,pvpot,period_mean_map,china_intersection,W m-2,200.10984435869165,1261,0.0,0.0,121.7666015625,130.19006958007813,189.30690002441406,198.6751035891479,41.11752581822445,290.1034606933594,300.1153869628906
AWI-CM-1-1-MR,ssp126,paper_qm,historical,1994,2014,252,wind_speed_hub,all_monthly_grid_samples,china_intersection,m s-1,nan,317772,0.0,0.0,0.16096681356430054,0.5750109678506852,2.644666910171509,3.0199533891157273,1.8191153218622982,9.225954446792592,19.467119216918945
AWI-CM-1-1-MR,ssp126,paper_qm,historical,1994,2014,252,wind_speed_hub,period_mean_map,china_intersection,m s-1,2.8811645890798947,1261,0.0,0.0,0.7398190498352051,1.0907917737960815,2.828746795654297,3.0199534098464853,1.3045486409250933,8.435981559753426,10.481937408447266
AWI-CM-1-1-MR,ssp126,paper_qm,historical,1994,2014,252,wpd,all_monthly_grid_samples,china_intersection,W m-2,nan,317772,0.0,0.0,0.0025545540265738964,0.11644866116344929,11.329716682434082,42.11782003053546,135.52423111946658,480.9943395996077,4518.67529296875
AWI-CM-1-1-MR,ssp126,paper_qm,historical,1994,2014,252,wpd,period_mean_map,china_intersection,W m-2,30.21766894552642,1261,0.0,0.0,0.35473865270614624,1.0269950866699218,19.149280548095703,42.117819791980246,92.26353625359258,519.3283996582089,1201.939453125
AWI-CM-1-1-MR,ssp126,paper_qm,mid_century,2040,2060,252,tcell,all_monthly_grid_samples,china_intersection,degree_Celsius,nan,317772,0.0,17.04240776405725,-27.1318302154541,-16.08702095031738,17.0878324508667,15.428133022447197,13.93638648137744,38.28611072540283,43.53565216064453
AWI-CM-1-1-MR,ssp126,paper_qm,mid_century,2040,2060,252,tcell,period_mean_map,china_intersection,degree_Celsius,15.66449661764248,1261,0.0,1.3481363996827915,-2.753910779953003,-0.46503210067749023,15.556892395019531,15.428133051345402,7.770231898585856,29.1819263458252,30.69015884399414
AWI-CM-1-1-MR,ssp126,paper_qm,mid_century,2040,2060,252,performance_ratio,all_monthly_grid_samples,china_intersection,1,nan,317772,0.0,0.0,0.9073217511177063,0.9335694527626037,1.039560854434967,1.0478593348659988,0.06968193234989095,1.2054350733757018,1.260659098625183
AWI-CM-1-1-MR,ssp126,paper_qm,mid_century,2040,2060,252,performance_ratio,period_mean_map,china_intersection,1,1.046677516550304,1261,0.0,0.0,0.9715490341186523,0.979090404510498,1.0472157001495361,1.0478593329887935,0.03885116454534414,1.1273252010345458,1.1387698650360107
AWI-CM-1-1-MR,ssp126,paper_qm,mid_century,2040,2060,252,pvpot,all_monthly_grid_samples,china_intersection,W m-2,nan,317772,0.0,0.0,24.01067352294922,69.66184074401855,199.24151611328125,200.3676537865081,66.66540414384419,358.3915472412109,429.9341125488281
AWI-CM-1-1-MR,ssp126,paper_qm,mid_century,2040,2060,252,pvpot,period_mean_map,china_intersection,W m-2,201.80050498564745,1261,0.0,0.0,126.93145751953125,135.59389038085936,191.45802307128906,200.3676535525462,37.89925275416391,287.66270751953135,296.7821044921875
AWI-CM-1-1-MR,ssp126,paper_qm,mid_century,2040,2060,252,wind_speed_hub,all_monthly_grid_samples,china_intersection,m s-1,nan,317772,0.0,0.0,0.14106792211532593,0.45724833995103836,2.4133259057998657,2.8362669964976717,1.8558433753164263,9.153491315841668,20.846628189086914
AWI-CM-1-1-MR,ssp126,paper_qm,mid_century,2040,2060,252,wind_speed_hub,period_mean_map,china_intersection,m s-1,2.6734457935277183,1261,0.0,0.0,0.7560728788375854,0.9851779937744141,2.5595223903656006,2.8362670160776844,1.3499966507967913,8.355119132995613,10.599162101745605
AWI-CM-1-1-MR,ssp126,paper_qm,mid_century,2040,2060,252,wpd,all_monthly_grid_samples,china_intersection,W m-2,nan,317772,0.0,0.0,0.0017194555839523673,0.05855479992926121,8.609025001525879,39.47501051613737,138.7066718111225,469.749624633788,5548.98486328125
AWI-CM-1-1-MR,ssp126,paper_qm,mid_century,2040,2060,252,wpd,period_mean_map,china_intersection,W m-2,27.094614020683498,1261,0.0,0.0,0.38424044847488403,0.8676683306694031,15.307592391967773,39.475011124675184,93.35263582029036,548.136865234381,1211.45751953125
AWI-CM-1-1-MR,ssp126,paper_qm,late_century,2080,2100,252,tcell,all_monthly_grid_samples,china_intersection,degree_Celsius,nan,317772,0.0,16.789396170839467,-26.652179718017578,-15.90846227645874,17.170455932617188,15.524184116271128,13.889866280919804,38.46779254913327,44.14009094238281
AWI-CM-1-1-MR,ssp126,paper_qm,late_century,2080,2100,252,tcell,period_mean_map,china_intersection,degree_Celsius,15.74142486318401,1261,0.0,1.26883425852498,-2.7084708213806152,-0.38860700726509095,15.709464073181152,15.524184157523127,7.787097190440164,29.209674453735353,30.79335594177246
AWI-CM-1-1-MR,ssp126,paper_qm,late_century,2080,2100,252,performance_ratio,all_monthly_grid_samples,china_intersection,1,nan,317772,0.0,0.0,0.9042995572090149,0.9326610434055328,1.0391477346420288,1.047379079506002,0.06944933139970465,1.2045423364639283,1.2582608461380005
AWI-CM-1-1-MR,ssp126,paper_qm,late_century,2080,2100,252,performance_ratio,period_mean_map,china_intersection,1,1.0462928717292002,1261,0.0,0.0,0.9710333347320557,0.9789514303207397,1.0464529991149902,1.0473790757245813,0.03893547784119854,1.1269429922103882,1.138542652130127
AWI-CM-1-1-MR,ssp126,paper_qm,late_century,2080,2100,252,pvpot,all_monthly_grid_samples,china_intersection,W m-2,nan,317772,0.0,0.0,29.355730056762695,70.2897509765625,200.6636505126953,201.55370536138693,66.46120042294991,358.8160122680664,468.4126281738281
AWI-CM-1-1-MR,ssp126,paper_qm,late_century,2080,2100,252,pvpot,period_mean_map,china_intersection,W m-2,202.9856940631393,1261,0.0,0.0,128.92372131347656,137.91302490234375,192.54116821289062,201.553705468053,37.091961772971395,288.1016784667969,296.2590637207031
AWI-CM-1-1-MR,ssp126,paper_qm,late_century,2080,2100,252,wind_speed_hub,all_monthly_grid_samples,china_intersection,m s-1,nan,317772,0.0,0.0,0.13886255025863647,0.44080220580101015,2.453386664390564,2.85349715147359,1.859752747631987,9.071952590942363,20.162199020385742
AWI-CM-1-1-MR,ssp126,paper_qm,late_century,2080,2100,252,wind_speed_hub,period_mean_map,china_intersection,m s-1,2.695480832834135,1261,0.0,0.0,0.648409366607666,0.9396616101264954,2.6241514682769775,2.853497153374054,1.3564956670644832,8.33957843780519,10.307108879089355
AWI-CM-1-1-MR,ssp126,paper_qm,late_century,2080,2100,252,wpd,all_monthly_grid_samples,china_intersection,W m-2,nan,317772,0.0,0.0,0.00164006685372442,0.052461097314953804,9.044906616210938,39.67690806808521,137.94747279986902,457.3075515747042,5020.18603515625
AWI-CM-1-1-MR,ssp126,paper_qm,late_century,2080,2100,252,wpd,period_mean_map,china_intersection,W m-2,27.64396653268839,1261,0.0,0.0,0.3159671127796173,0.7590450286865235,16.432815551757812,39.676908679300595,92.00500890572567,537.5642089843776,1162.0865478515625
AWI-CM-1-1-MR,ssp126,optimized,historical,1994,2014,252,tcell,all_monthly_grid_samples,china_intersection,degree_Celsius,nan,317772,0.0,18.936533111790844,-28.00641632080078,-17.190204315185547,15.735913276672363,14.046979309066359,13.838202636708514,36.50892105102538,41.968318939208984
AWI-CM-1-1-MR,ssp126,optimized,historical,1994,2014,252,tcell,period_mean_map,china_intersection,degree_Celsius,14.254275445650299,1261,0.0,2.0618556701030926,-3.6602838039398193,-1.4536411285400392,14.21311092376709,14.046979561829193,7.589398179121192,27.92327384948732,29.840373992919922
AWI-CM-1-1-MR,ssp126,optimized,historical,1994,2014,252,performance_ratio,all_monthly_grid_samples,china_intersection,1,nan,317772,0.0,0.0,0.9151583909988403,0.9424554079771041,1.0463204383850098,1.0547651034573249,0.06919101320089395,1.2109509992599485,1.2650320529937744
AWI-CM-1-1-MR,ssp126,optimized,historical,1994,2014,252,performance_ratio,period_mean_map,china_intersection,1,1.0537286374679886,1261,0.0,0.0,0.9757983684539795,0.9853833436965942,1.0539345741271973,1.0547651115341097,0.03794700069335176,1.1322681903839111,1.1433013677597046
AWI-CM-1-1-MR,ssp126,optimized,historical,1994,2014,252,pvpot,all_monthly_grid_samples,china_intersection,W m-2,nan,317772,0.0,0.0,38.423072814941406,69.4865550994873,196.31201934814453,198.67510406614713,68.47097525116868,361.5359738159179,439.9617614746094
AWI-CM-1-1-MR,ssp126,optimized,historical,1994,2014,252,pvpot,period_mean_map,china_intersection,W m-2,200.10984435869165,1261,0.0,0.0,121.7666015625,130.19006958007813,189.30690002441406,198.6751035891479,41.11752581822445,290.1034606933594,300.1153869628906
AWI-CM-1-1-MR,ssp126,optimized,historical,1994,2014,252,wind_speed_hub,all_monthly_grid_samples,china_intersection,m s-1,nan,317772,0.0,0.0,0.16096681356430054,0.5750109678506852,2.644666910171509,3.0199533891157273,1.8191153218622982,9.225954446792592,19.467119216918945
AWI-CM-1-1-MR,ssp126,optimized,historical,1994,2014,252,wind_speed_hub,period_mean_map,china_intersection,m s-1,2.8811645890798947,1261,0.0,0.0,0.7398190498352051,1.0907917737960815,2.828746795654297,3.0199534098464853,1.3045486409250933,8.435981559753426,10.481937408447266
AWI-CM-1-1-MR,ssp126,optimized,historical,1994,2014,252,wpd,all_monthly_grid_samples,china_intersection,W m-2,nan,317772,0.0,0.0,0.0025545540265738964,0.11644866116344929,11.329716682434082,42.11782003053546,135.52423111946658,480.9943395996077,4518.67529296875
AWI-CM-1-1-MR,ssp126,optimized,historical,1994,2014,252,wpd,period_mean_map,china_intersection,W m-2,30.21766894552642,1261,0.0,0.0,0.35473865270614624,1.0269950866699218,19.149280548095703,42.117819791980246,92.26353625359258,519.3283996582089,1201.939453125
AWI-CM-1-1-MR,ssp126,optimized,mid_century,2040,2060,252,tcell,all_monthly_grid_samples,china_intersection,degree_Celsius,nan,317772,0.0,17.49178656395151,-28.723495483398438,-16.0166054725647,17.081289291381836,15.36790311442265,14.015490063164101,37.95178867340086,43.59075927734375
AWI-CM-1-1-MR,ssp126,optimized,mid_century,2040,2060,252,tcell,period_mean_map,china_intersection,degree_Celsius,15.587698740809957,1261,0.0,1.4274385408406027,-2.9744722843170166,-0.7283967256546021,15.55323314666748,15.367903056637953,7.818655870421373,29.196005249023436,30.87791633605957
AWI-CM-1-1-MR,ssp126,optimized,mid_century,2040,2060,252,performance_ratio,all_monthly_grid_samples,china_intersection,1,nan,317772,0.0,0.0,0.9070461988449097,0.9352410560846329,1.039593517780304,1.0481604845672494,0.07007745036357438,1.2050830686092375,1.2686175107955933
AWI-CM-1-1-MR,ssp126,optimized,mid_century,2040,2060,252,performance_ratio,period_mean_map,china_intersection,1,1.0470614996356191,1261,0.0,0.0,0.9706100821495056,0.9790199279785157,1.0472335815429688,1.0481604775391713,0.039093286409834255,1.128641939163208,1.1398721933364868
AWI-CM-1-1-MR,ssp126,optimized,mid_century,2040,2060,252,pvpot,all_monthly_grid_samples,china_intersection,W m-2,nan,317772,0.0,0.0,23.970460891723633,69.64377075195313,199.3292236328125,200.4238503371496,66.681491074978,358.509216003418,433.83319091796875
AWI-CM-1-1-MR,ssp126,optimized,mid_century,2040,2060,252,pvpot,period_mean_map,china_intersection,W m-2,201.87613221380883,1261,0.0,0.0,126.87420654296875,135.60925903320313,191.6398162841797,200.42385117654098,37.98570998819287,287.9899353027345,297.2807312011719
AWI-CM-1-1-MR,ssp126,optimized,mid_century,2040,2060,252,wind_speed_hub,all_monthly_grid_samples,china_intersection,m s-1,nan,317772,0.0,0.0,0.14106792211532593,0.5505343681573868,2.528005838394165,2.933092119224477,1.817210319043413,9.129635553359982,20.846628189086914
AWI-CM-1-1-MR,ssp126,optimized,mid_century,2040,2060,252,wind_speed_hub,period_mean_map,china_intersection,m s-1,2.777305286182178,1261,0.0,0.0,0.7681914567947388,1.0953517198562621,2.6739606857299805,2.933092107761483,1.3318690319951385,8.431371307373055,10.742276191711426
AWI-CM-1-1-MR,ssp126,optimized,mid_century,2040,2060,252,wpd,all_monthly_grid_samples,china_intersection,W m-2,nan,317772,0.0,0.0,0.0017194555839523673,0.10220201067626476,9.895557880401611,40.415051896416976,137.28528039869406,466.08638977050737,5548.98486328125
AWI-CM-1-1-MR,ssp126,optimized,mid_century,2040,2060,252,wpd,period_mean_map,china_intersection,W m-2,28.06830348660806,1261,0.0,0.0,0.3942558467388153,1.0367681980133057,16.93877601623535,40.41505338588374,93.44447802244161,541.7209594726614,1227.42529296875
AWI-CM-1-1-MR,ssp126,optimized,late_century,2080,2100,252,tcell,all_monthly_grid_samples,china_intersection,degree_Celsius,nan,317772,0.0,17.268985310222423,-27.593013763427734,-15.779868535995483,17.176039695739746,15.466983592441313,13.97632527989101,38.0692232131958,43.55402755737305
AWI-CM-1-1-MR,ssp126,optimized,late_century,2080,2100,252,tcell,period_mean_map,china_intersection,degree_Celsius,15.669427742648136,1261,0.0,1.3481363996827915,-2.9476184844970703,-0.6819408059120179,15.721686363220215,15.466983789609099,7.850516018307404,29.303258895874027,31.001577377319336
AWI-CM-1-1-MR,ssp126,optimized,late_century,2080,2100,252,performance_ratio,all_monthly_grid_samples,china_intersection,1,nan,317772,0.0,0.0,0.9072298407554626,0.9346539032459259,1.0391197800636292,1.047665082064826,0.06988162640965805,1.2038992965221404,1.2629650831222534
AWI-CM-1-1-MR,ssp126,optimized,late_century,2080,2100,252,performance_ratio,period_mean_map,china_intersection,1,1.0466528736021503,1261,0.0,0.0,0.96999192237854,0.9784838318824768,1.0463916063308716,1.0476650929848037,0.03925258168120124,1.1284099817276003,1.1397380828857422
AWI-CM-1-1-MR,ssp126,optimized,late_century,2080,2100,252,pvpot,all_monthly_grid_samples,china_intersection,W m-2,nan,317772,0.0,0.0,29.402902603149414,70.28148132324219,200.7634048461914,201.6107831331406,66.49067983434418,358.957739868164,468.4204406738281
AWI-CM-1-1-MR,ssp126,optimized,late_century,2080,2100,252,pvpot,period_mean_map,china_intersection,W m-2,203.061520911859,1261,0.0,0.0,128.82200622558594,137.98062133789062,192.5504150390625,201.61078385452163,37.195120372882506,288.4420166015625,296.76934814453125
AWI-CM-1-1-MR,ssp126,optimized,late_century,2080,2100,252,wind_speed_hub,all_monthly_grid_samples,china_intersection,m s-1,nan,317772,0.0,0.0,0.13729630410671234,0.5582519012689591,2.561973214149475,2.9565514799760266,1.8127432575667182,9.104018878936735,20.162199020385742
AWI-CM-1-1-MR,ssp126,optimized,late_century,2080,2100,252,wind_speed_hub,period_mean_map,china_intersection,m s-1,2.804259390721507,1261,0.0,0.0,0.7949437499046326,1.0730077028274536,2.7204320430755615,2.9565514663587384,1.3288254629765501,8.379380798339861,10.55202865600586
AWI-CM-1-1-MR,ssp126,optimized,late_century,2080,2100,252,wpd,all_monthly_grid_samples,china_intersection,W m-2,nan,317772,0.0,0.0,0.0015851946081966162,0.10656062982976437,10.299824714660645,40.670949382929244,136.7513063834923,462.1740707397411,5020.18603515625
AWI-CM-1-1-MR,ssp126,optimized,late_century,2080,2100,252,wpd,period_mean_map,china_intersection,W m-2,28.52245011934521,1261,0.0,0.0,0.44815361499786377,1.0254760265350342,17.733728408813477,40.6709495747874,92.63084851743427,533.9043945312528,1193.87841796875
AWI-CM-1-1-MR,ssp245,paper_qm,historical,1994,2014,252,tcell,all_monthly_grid_samples,china_intersection,degree_Celsius,nan,317772,0.0,18.936533111790844,-28.00641632080078,-17.190204315185547,15.735913276672363,14.046979309066359,13.838202636708514,36.50892105102538,41.968318939208984
AWI-CM-1-1-MR,ssp245,paper_qm,historical,1994,2014,252,tcell,period_mean_map,china_intersection,degree_Celsius,14.254275445650299,1261,0.0,2.0618556701030926,-3.6602838039398193,-1.4536411285400392,14.21311092376709,14.046979561829193,7.589398179121192,27.92327384948732,29.840373992919922
AWI-CM-1-1-MR,ssp245,paper_qm,historical,1994,2014,252,performance_ratio,all_monthly_grid_samples,china_intersection,1,nan,317772,0.0,0.0,0.9151583909988403,0.9424554079771041,1.0463204383850098,1.0547651034573249,0.06919101320089395,1.2109509992599485,1.2650320529937744
AWI-CM-1-1-MR,ssp245,paper_qm,historical,1994,2014,252,performance_ratio,period_mean_map,china_intersection,1,1.0537286374679886,1261,0.0,0.0,0.9757983684539795,0.9853833436965942,1.0539345741271973,1.0547651115341097,0.03794700069335176,1.1322681903839111,1.1433013677597046
AWI-CM-1-1-MR,ssp245,paper_qm,historical,1994,2014,252,pvpot,all_monthly_grid_samples,china_intersection,W m-2,nan,317772,0.0,0.0,38.423072814941406,69.4865550994873,196.31201934814453,198.67510406614713,68.47097525116868,361.5359738159179,439.9617614746094
AWI-CM-1-1-MR,ssp245,paper_qm,historical,1994,2014,252,pvpot,period_mean_map,china_intersection,W m-2,200.10984435869165,1261,0.0,0.0,121.7666015625,130.19006958007813,189.30690002441406,198.6751035891479,41.11752581822445,290.1034606933594,300.1153869628906
AWI-CM-1-1-MR,ssp245,paper_qm,historical,1994,2014,252,wind_speed_hub,all_monthly_grid_samples,china_intersection,m s-1,nan,317772,0.0,0.0,0.16096681356430054,0.5750109678506852,2.644666910171509,3.0199533891157273,1.8191153218622982,9.225954446792592,19.467119216918945
AWI-CM-1-1-MR,ssp245,paper_qm,historical,1994,2014,252,wind_speed_hub,period_mean_map,china_intersection,m s-1,2.8811645890798947,1261,0.0,0.0,0.7398190498352051,1.0907917737960815,2.828746795654297,3.0199534098464853,1.3045486409250933,8.435981559753426,10.481937408447266
AWI-CM-1-1-MR,ssp245,paper_qm,historical,1994,2014,252,wpd,all_monthly_grid_samples,china_intersection,W m-2,nan,317772,0.0,0.0,0.0025545540265738964,0.11644866116344929,11.329716682434082,42.11782003053546,135.52423111946658,480.9943395996077,4518.67529296875
AWI-CM-1-1-MR,ssp245,paper_qm,historical,1994,2014,252,wpd,period_mean_map,china_intersection,W m-2,30.21766894552642,1261,0.0,0.0,0.35473865270614624,1.0269950866699218,19.149280548095703,42.117819791980246,92.26353625359258,519.3283996582089,1201.939453125
AWI-CM-1-1-MR,ssp245,paper_qm,mid_century,2040,2060,252,tcell,all_monthly_grid_samples,china_intersection,degree_Celsius,nan,317772,0.0,15.766020920660095,-25.607040405273438,-14.969642524719239,17.22230052947998,15.759412588322236,13.633933131028282,38.48344589233398,43.772972106933594
AWI-CM-1-1-MR,ssp245,paper_qm,mid_century,2040,2060,252,tcell,period_mean_map,china_intersection,degree_Celsius,15.981659788027272,1261,0.0,0.7930214115781126,-2.3091025352478027,0.26489977240562435,15.958123207092285,15.759412843979966,7.508894917957583,29.1087516784668,30.988418579101562
AWI-CM-1-1-MR,ssp245,paper_qm,mid_century,2040,2060,252,performance_ratio,all_monthly_grid_samples,china_intersection,1,nan,317772,0.0,0.0,0.9061351418495178,0.9325827670097351,1.0388885140419006,1.0462029370872516,0.06816966571239562,1.1998482549190521,1.2530351877212524
AWI-CM-1-1-MR,ssp245,paper_qm,mid_century,2040,2060,252,performance_ratio,period_mean_map,china_intersection,1,1.0450917119430085,1261,0.0,0.0,0.9700579643249512,0.9794562458992004,1.045209288597107,1.0462029440170428,0.03754447514082196,1.1236756324768067,1.1365455389022827
AWI-CM-1-1-MR,ssp245,paper_qm,mid_century,2040,2060,252,pvpot,all_monthly_grid_samples,china_intersection,W m-2,nan,317772,0.0,0.0,32.4437141418457,69.01576583862305,196.64508819580078,197.83564347341974,66.4158999636969,356.4861764526367,427.76165771484375
AWI-CM-1-1-MR,ssp245,paper_qm,mid_century,2040,2060,252,pvpot,period_mean_map,china_intersection,W m-2,199.2870397667143,1261,0.0,0.0,126.2116928100586,133.8932373046875,188.84092712402344,197.83564296059907,38.07786521288328,285.12424316406253,294.4092102050781
AWI-CM-1-1-MR,ssp245,paper_qm,mid_century,2040,2060,252,wind_speed_hub,all_monthly_grid_samples,china_intersection,m s-1,nan,317772,0.0,0.0,0.14462658762931824,0.49365794479846953,2.574269413948059,2.9459920033341533,1.8259434125681118,9.105044832229598,21.147991180419922
AWI-CM-1-1-MR,ssp245,paper_qm,mid_century,2040,2060,252,wind_speed_hub,period_mean_map,china_intersection,m s-1,2.8023675920970055,1261,0.0,0.0,0.700607419013977,1.0443835020065309,2.733901262283325,2.9459920037274885,1.2900626755440463,8.382625579833993,10.172406196594238
AWI-CM-1-1-MR,ssp245,paper_qm,mid_century,2040,2060,252,wpd,all_monthly_grid_samples,china_intersection,W m-2,nan,317772,0.0,0.0,0.001852893503382802,0.07368590898811818,10.448839664459229,40.88216300734771,143.09091399811126,462.33033782958745,5793.1328125
AWI-CM-1-1-MR,ssp245,paper_qm,mid_century,2040,2060,252,wpd,period_mean_map,china_intersection,W m-2,28.498100434644062,1261,0.0,0.0,0.4137149453163147,0.9876038551330566,18.232664108276367,40.882163340827006,93.48774067831732,552.4706787109425,1207.46142578125
AWI-CM-1-1-MR,ssp245,paper_qm,late_century,2080,2100,252,tcell,all_monthly_grid_samples,china_intersection,degree_Celsius,nan,317772,0.0,14.714952859282757,-26.31597900390625,-14.308445587158204,18.15977668762207,16.61876680524125,13.703848870571463,39.55702442169189,45.46437454223633
AWI-CM-1-1-MR,ssp245,paper_qm,late_century,2080,2100,252,tcell,period_mean_map,china_intersection,degree_Celsius,16.849666515810164,1261,0.0,0.3965107057890563,-1.682850956916809,1.0059940099716187,16.848791122436523,16.618766824851473,7.55432824566488,29.986813735961913,31.636903762817383
AWI-CM-1-1-MR,ssp245,paper_qm,late_century,2080,2100,252,performance_ratio,all_monthly_grid_samples,china_intersection,1,nan,317772,0.0,0.0,0.8976781368255615,0.9272148686647416,1.0342010855674744,1.0419061659238653,0.06851924442282054,1.1965421831607816,1.256579875946045
AWI-CM-1-1-MR,ssp245,paper_qm,late_century,2080,2100,252,performance_ratio,period_mean_map,china_intersection,1,1.0407516629383762,1261,0.0,0.0,0.9668153524398804,0.9750658869743347,1.0407557487487793,1.0419061635336546,0.037771649490401536,1.1199700832366943,1.1334148645401
AWI-CM-1-1-MR,ssp245,paper_qm,late_century,2080,2100,252,pvpot,all_monthly_grid_samples,china_intersection,W m-2,nan,317772,0.0,0.0,39.64596939086914,68.9170915222168,198.18472290039062,198.59349881969004,65.57463307811412,354.22795837402344,422.9090881347656
AWI-CM-1-1-MR,ssp245,paper_qm,late_century,2080,2100,252,pvpot,period_mean_map,china_intersection,W m-2,200.07035328709463,1261,0.0,0.0,130.55044555664062,138.21152038574218,189.4638214111328,198.5935007529444,36.27779938504784,283.58904418945315,292.5870056152344
AWI-CM-1-1-MR,ssp245,paper_qm,late_century,2080,2100,252,wind_speed_hub,all_monthly_grid_samples,china_intersection,m s-1,nan,317772,0.0,0.0,0.1318330019712448,0.4658005875349045,2.5231900215148926,2.910381064576857,1.8389857331216903,9.06926019668573,21.334733963012695
AWI-CM-1-1-MR,ssp245,paper_qm,late_century,2080,2100,252,wind_speed_hub,period_mean_map,china_intersection,m s-1,2.7635505100336024,1261,0.0,0.0,0.6548159718513489,1.0111786127090454,2.678478479385376,2.9103810502649017,1.298673813642901,8.435566520690921,10.068796157836914
AWI-CM-1-1-MR,ssp245,paper_qm,late_century,2080,2100,252,wpd,all_monthly_grid_samples,china_intersection,W m-2,nan,317772,0.0,0.0,0.0014033906627446413,0.06190221529453993,9.839113712310791,40.35102443201061,140.19701179379814,456.90059753417063,5947.95654296875
AWI-CM-1-1-MR,ssp245,paper_qm,late_century,2080,2100,252,wpd,period_mean_map,china_intersection,W m-2,28.21610963450468,1261,0.0,0.0,0.2932114005088806,1.0079347133636474,17.162477493286133,40.35102452282202,91.86020287578013,545.7379760742211,1174.89306640625
AWI-CM-1-1-MR,ssp245,optimized,historical,1994,2014,252,tcell,all_monthly_grid_samples,china_intersection,degree_Celsius,nan,317772,0.0,18.936533111790844,-28.00641632080078,-17.190204315185547,15.735913276672363,14.046979309066359,13.838202636708514,36.50892105102538,41.968318939208984
AWI-CM-1-1-MR,ssp245,optimized,historical,1994,2014,252,tcell,period_mean_map,china_intersection,degree_Celsius,14.254275445650299,1261,0.0,2.0618556701030926,-3.6602838039398193,-1.4536411285400392,14.21311092376709,14.046979561829193,7.589398179121192,27.92327384948732,29.840373992919922
AWI-CM-1-1-MR,ssp245,optimized,historical,1994,2014,252,performance_ratio,all_monthly_grid_samples,china_intersection,1,nan,317772,0.0,0.0,0.9151583909988403,0.9424554079771041,1.0463204383850098,1.0547651034573249,0.06919101320089395,1.2109509992599485,1.2650320529937744
AWI-CM-1-1-MR,ssp245,optimized,historical,1994,2014,252,performance_ratio,period_mean_map,china_intersection,1,1.0537286374679886,1261,0.0,0.0,0.9757983684539795,0.9853833436965942,1.0539345741271973,1.0547651115341097,0.03794700069335176,1.1322681903839111,1.1433013677597046
AWI-CM-1-1-MR,ssp245,optimized,historical,1994,2014,252,pvpot,all_monthly_grid_samples,china_intersection,W m-2,nan,317772,0.0,0.0,38.423072814941406,69.4865550994873,196.31201934814453,198.67510406614713,68.47097525116868,361.5359738159179,439.9617614746094
AWI-CM-1-1-MR,ssp245,optimized,historical,1994,2014,252,pvpot,period_mean_map,china_intersection,W m-2,200.10984435869165,1261,0.0,0.0,121.7666015625,130.19006958007813,189.30690002441406,198.6751035891479,41.11752581822445,290.1034606933594,300.1153869628906
AWI-CM-1-1-MR,ssp245,optimized,historical,1994,2014,252,wind_speed_hub,all_monthly_grid_samples,china_intersection,m s-1,nan,317772,0.0,0.0,0.16096681356430054,0.5750109678506852,2.644666910171509,3.0199533891157273,1.8191153218622982,9.225954446792592,19.467119216918945
AWI-CM-1-1-MR,ssp245,optimized,historical,1994,2014,252,wind_speed_hub,period_mean_map,china_intersection,m s-1,2.8811645890798947,1261,0.0,0.0,0.7398190498352051,1.0907917737960815,2.828746795654297,3.0199534098464853,1.3045486409250933,8.435981559753426,10.481937408447266
AWI-CM-1-1-MR,ssp245,optimized,historical,1994,2014,252,wpd,all_monthly_grid_samples,china_intersection,W m-2,nan,317772,0.0,0.0,0.0025545540265738964,0.11644866116344929,11.329716682434082,42.11782003053546,135.52423111946658,480.9943395996077,4518.67529296875
AWI-CM-1-1-MR,ssp245,optimized,historical,1994,2014,252,wpd,period_mean_map,china_intersection,W m-2,30.21766894552642,1261,0.0,0.0,0.35473865270614624,1.0269950866699218,19.149280548095703,42.117819791980246,92.26353625359258,519.3283996582089,1201.939453125
AWI-CM-1-1-MR,ssp245,optimized,mid_century,2040,2060,252,tcell,all_monthly_grid_samples,china_intersection,degree_Celsius,nan,317772,0.0,16.30005160932996,-25.74925994873047,-14.917711420059204,17.306897163391113,15.76478884114771,13.77175061687911,38.15007759094236,43.73788833618164
AWI-CM-1-1-MR,ssp245,optimized,mid_century,2040,2060,252,tcell,period_mean_map,china_intersection,degree_Celsius,15.977771309859797,1261,0.0,1.0309278350515463,-2.516791582107544,0.019339841604232688,15.964609146118164,15.764788842929157,7.630174058195872,29.476281356811523,31.232412338256836
AWI-CM-1-1-MR,ssp245,optimized,mid_century,2040,2060,252,performance_ratio,all_monthly_grid_samples,china_intersection,1,nan,317772,0.0,0.0,0.9063105583190918,0.9342496162652969,1.0384654998779297,1.0461760557771649,0.06885875307196355,1.1995885789394378,1.2537462711334229
AWI-CM-1-1-MR,ssp245,optimized,mid_century,2040,2060,252,performance_ratio,period_mean_map,china_intersection,1,1.0451111447684698,1261,0.0,0.0,0.9688377976417542,0.9776184439659119,1.0451773405075073,1.0461760597225223,0.038150867450900156,1.124903702735901,1.1375839710235596
AWI-CM-1-1-MR,ssp245,optimized,mid_century,2040,2060,252,pvpot,all_monthly_grid_samples,china_intersection,W m-2,nan,317772,0.0,0.0,32.508766174316406,68.99539779663085,196.66380310058594,197.83102775048317,66.43879281813275,356.42172912597636,429.4106140136719
AWI-CM-1-1-MR,ssp245,optimized,mid_century,2040,2060,252,pvpot,period_mean_map,china_intersection,W m-2,199.2960802958626,1261,0.0,0.0,126.09770202636719,133.84805297851562,188.64048767089844,197.83102681994154,38.22511308860521,285.19776000976566,295.11981201171875
AWI-CM-1-1-MR,ssp245,optimized,mid_century,2040,2060,252,wind_speed_hub,all_monthly_grid_samples,china_intersection,m s-1,nan,317772,0.0,0.0,0.1340298056602478,0.5595781838893891,2.595102906227112,2.9747605470948044,1.8075812961088522,9.094906921386714,21.147991180419922
AWI-CM-1-1-MR,ssp245,optimized,mid_century,2040,2060,252,wind_speed_hub,period_mean_map,china_intersection,m s-1,2.8267146549648365,1261,0.0,0.0,0.7633658051490784,1.0898812532424926,2.749785900115967,2.9747604948012816,1.304013353920191,8.451493644714358,10.487417221069336
AWI-CM-1-1-MR,ssp245,optimized,mid_century,2040,2060,252,wpd,all_monthly_grid_samples,china_intersection,W m-2,nan,317772,0.0,0.0,0.0014747221721336246,0.10732190974056721,10.704585552215576,41.04670843461684,141.5313386231322,460.78767364501886,5793.1328125
AWI-CM-1-1-MR,ssp245,optimized,mid_century,2040,2060,252,wpd,period_mean_map,china_intersection,W m-2,28.619027226564498,1261,0.0,0.0,0.3783093988895416,1.0317920207977296,18.099796295166016,41.04670900444395,94.15665046746331,547.3935913085991,1236.6519775390625
AWI-CM-1-1-MR,ssp245,optimized,late_century,2080,2100,252,tcell,all_monthly_grid_samples,china_intersection,degree_Celsius,nan,317772,0.0,15.262515262515263,-26.775514602661133,-14.273975563049316,18.287452697753906,16.6502253066195,13.861762563698708,39.21291896820067,45.43067169189453
AWI-CM-1-1-MR,ssp245,optimized,late_century,2080,2100,252,tcell,period_mean_map,china_intersection,degree_Celsius,16.871186335281745,1261,0.0,0.63441712926249,-1.8820605278015137,0.7418625235557554,16.847518920898438,16.65022555666272,7.688497003611177,30.206739425659183,31.882469177246094
AWI-CM-1-1-MR,ssp245,optimized,late_century,2080,2100,252,performance_ratio,all_monthly_grid_samples,china_intersection,1,nan,317772,0.0,0.0,0.8978466391563416,0.9289353865385056,1.03356271982193,1.0417488734791358,0.06930881283186906,1.1963698661327362,1.2588776350021362
AWI-CM-1-1-MR,ssp245,optimized,late_century,2080,2100,252,performance_ratio,period_mean_map,china_intersection,1,1.0406440712571645,1261,0.0,0.0,0.9655874967575073,0.9739664196968079,1.0407623052597046,1.0417488741080596,0.03844248854841945,1.1212903976440431,1.1344105005264282
AWI-CM-1-1-MR,ssp245,optimized,late_century,2080,2100,252,pvpot,all_monthly_grid_samples,china_intersection,W m-2,nan,317772,0.0,0.0,39.59910583496094,68.92094299316406,198.1848907470703,198.56448761284184,65.59442237344093,354.23322082519525,428.5653991699219
AWI-CM-1-1-MR,ssp245,optimized,late_century,2080,2100,252,pvpot,period_mean_map,china_intersection,W m-2,200.05588249847867,1261,0.0,0.0,130.35586547851562,138.1289093017578,189.5313262939453,198.56448745425024,36.44802003641838,283.6593505859375,293.3985595703125
AWI-CM-1-1-MR,ssp245,optimized,late_century,2080,2100,252,wind_speed_hub,all_monthly_grid_samples,china_intersection,m s-1,nan,317772,0.0,0.0,0.1318330019712448,0.5508661085367202,2.581150531768799,2.964797049255738,1.8126524050862334,9.0926724052429,21.334733963012695
AWI-CM-1-1-MR,ssp245,optimized,late_century,2080,2100,252,wind_speed_hub,period_mean_map,china_intersection,m s-1,2.815806781906132,1261,0.0,0.0,0.7759274840354919,1.0865135669708252,2.736084222793579,2.964797031397294,1.3086670568888663,8.521168136596685,10.437705993652344
AWI-CM-1-1-MR,ssp245,optimized,late_century,2080,2100,252,wpd,all_monthly_grid_samples,china_intersection,W m-2,nan,317772,0.0,0.0,0.0014033906627446413,0.10238688297569752,10.532854080200195,40.90263327528826,139.5717319185598,460.44809509277064,5947.95654296875
AWI-CM-1-1-MR,ssp245,optimized,late_century,2080,2100,252,wpd,period_mean_map,china_intersection,W m-2,28.645371554140944,1261,0.0,0.0,0.41334250569343567,1.0632306575775146,17.814043045043945,40.90263289305353,93.25667859204286,546.0434082031279,1212.8536376953125
AWI-CM-1-1-MR,ssp585,paper_qm,historical,1994,2014,252,tcell,all_monthly_grid_samples,china_intersection,degree_Celsius,nan,317772,0.0,18.936533111790844,-28.00641632080078,-17.190204315185547,15.735913276672363,14.046979309066359,13.838202636708514,36.50892105102538,41.968318939208984
AWI-CM-1-1-MR,ssp585,paper_qm,historical,1994,2014,252,tcell,period_mean_map,china_intersection,degree_Celsius,14.254275445650299,1261,0.0,2.0618556701030926,-3.6602838039398193,-1.4536411285400392,14.21311092376709,14.046979561829193,7.589398179121192,27.92327384948732,29.840373992919922
AWI-CM-1-1-MR,ssp585,paper_qm,historical,1994,2014,252,performance_ratio,all_monthly_grid_samples,china_intersection,1,nan,317772,0.0,0.0,0.9151583909988403,0.9424554079771041,1.0463204383850098,1.0547651034573249,0.06919101320089395,1.2109509992599485,1.2650320529937744
AWI-CM-1-1-MR,ssp585,paper_qm,historical,1994,2014,252,performance_ratio,period_mean_map,china_intersection,1,1.0537286374679886,1261,0.0,0.0,0.9757983684539795,0.9853833436965942,1.0539345741271973,1.0547651115341097,0.03794700069335176,1.1322681903839111,1.1433013677597046
AWI-CM-1-1-MR,ssp585,paper_qm,historical,1994,2014,252,pvpot,all_monthly_grid_samples,china_intersection,W m-2,nan,317772,0.0,0.0,38.423072814941406,69.4865550994873,196.31201934814453,198.67510406614713,68.47097525116868,361.5359738159179,439.9617614746094
AWI-CM-1-1-MR,ssp585,paper_qm,historical,1994,2014,252,pvpot,period_mean_map,china_intersection,W m-2,200.10984435869165,1261,0.0,0.0,121.7666015625,130.19006958007813,189.30690002441406,198.6751035891479,41.11752581822445,290.1034606933594,300.1153869628906
AWI-CM-1-1-MR,ssp585,paper_qm,historical,1994,2014,252,wind_speed_hub,all_monthly_grid_samples,china_intersection,m s-1,nan,317772,0.0,0.0,0.16096681356430054,0.5750109678506852,2.644666910171509,3.0199533891157273,1.8191153218622982,9.225954446792592,19.467119216918945
AWI-CM-1-1-MR,ssp585,paper_qm,historical,1994,2014,252,wind_speed_hub,period_mean_map,china_intersection,m s-1,2.8811645890798947,1261,0.0,0.0,0.7398190498352051,1.0907917737960815,2.828746795654297,3.0199534098464853,1.3045486409250933,8.435981559753426,10.481937408447266
AWI-CM-1-1-MR,ssp585,paper_qm,historical,1994,2014,252,wpd,all_monthly_grid_samples,china_intersection,W m-2,nan,317772,0.0,0.0,0.0025545540265738964,0.11644866116344929,11.329716682434082,42.11782003053546,135.52423111946658,480.9943395996077,4518.67529296875
AWI-CM-1-1-MR,ssp585,paper_qm,historical,1994,2014,252,wpd,period_mean_map,china_intersection,W m-2,30.21766894552642,1261,0.0,0.0,0.35473865270614624,1.0269950866699218,19.149280548095703,42.117819791980246,92.26353625359258,519.3283996582089,1201.939453125
AWI-CM-1-1-MR,ssp585,paper_qm,mid_century,2040,2060,252,tcell,all_monthly_grid_samples,china_intersection,degree_Celsius,nan,317772,0.0,15.619689588761753,-28.27730369567871,-15.312105541229249,17.626026153564453,16.019546018144855,13.757913442495312,39.035351181030265,46.03461456298828
AWI-CM-1-1-MR,ssp585,paper_qm,mid_century,2040,2060,252,tcell,period_mean_map,china_intersection,degree_Celsius,16.246575936802024,1261,0.0,0.7930214115781126,-2.0614569187164307,0.4890899658203125,16.129837036132812,16.019546193446637,7.5005043761031915,29.075909805297854,30.871858596801758
AWI-CM-1-1-MR,ssp585,paper_qm,mid_century,2040,2060,252,performance_ratio,all_monthly_grid_samples,china_intersection,1,nan,317772,0.0,0.0,0.8948269486427307,0.929823254942894,1.0368698835372925,1.0449022699338832,0.06878956719465303,1.2015605747699736,1.2663865089416504
AWI-CM-1-1-MR,ssp585,paper_qm,mid_century,2040,2060,252,performance_ratio,period_mean_map,china_intersection,1,1.0437671272455373,1261,0.0,0.0,0.9706406593322754,0.9796205282211303,1.0443509817123413,1.0449022740527432,0.037502511084418017,1.122554850578308,1.1353074312210083
AWI-CM-1-1-MR,ssp585,paper_qm,mid_century,2040,2060,252,pvpot,all_monthly_grid_samples,china_intersection,W m-2,nan,317772,0.0,0.0,33.9051399230957,69.22079071044922,196.35072326660156,197.3787289435741,66.06191942926176,354.11188232421864,426.6237487792969
AWI-CM-1-1-MR,ssp585,paper_qm,mid_century,2040,2060,252,pvpot,period_mean_map,china_intersection,W m-2,198.87903103532986,1261,0.0,0.0,125.07062530517578,134.933447265625,188.2944793701172,197.37872883178807,37.725960680508166,284.0775268554688,292.7330017089844
AWI-CM-1-1-MR,ssp585,paper_qm,mid_century,2040,2060,252,wind_speed_hub,all_monthly_grid_samples,china_intersection,m s-1,nan,317772,0.0,0.0,0.15824709832668304,0.4975892895460129,2.574169158935547,2.959653476034468,1.8533783680893547,9.23012890815729,20.59471321105957
AWI-CM-1-1-MR,ssp585,paper_qm,mid_century,2040,2060,252,wind_speed_hub,period_mean_map,china_intersection,m s-1,2.8072245785948033,1261,0.0,0.0,0.8007712960243225,1.0591692447662353,2.7593915462493896,2.9596535050613744,1.3031344742432396,8.50092353820802,10.415460586547852
AWI-CM-1-1-MR,ssp585,paper_qm,mid_century,2040,2060,252,wpd,all_monthly_grid_samples,china_intersection,W m-2,nan,317772,0.0,0.0,0.002427243860438466,0.07546041160821915,10.447618007659912,41.89282937350543,142.99702618624224,481.64755920409254,5350.240234375
AWI-CM-1-1-MR,ssp585,paper_qm,mid_century,2040,2060,252,wpd,period_mean_map,china_intersection,W m-2,29.17214713252555,1261,0.0,0.0,0.46171003580093384,1.0493953943252563,18.76667594909668,41.892828494712155,94.5610415983571,551.3358032226587,1233.1478271484375
AWI-CM-1-1-MR,ssp585,paper_qm,late_century,2080,2100,252,tcell,all_monthly_grid_samples,china_intersection,degree_Celsius,nan,317772,0.0,11.183490049469432,-21.88490867614746,-11.658352689743042,20.205721855163574,18.806353949067972,13.601876523164032,42.12858215332031,49.969139099121094
AWI-CM-1-1-MR,ssp585,paper_qm,late_century,2080,2100,252,tcell,period_mean_map,china_intersection,degree_Celsius,19.028856393333935,1261,0.0,0.07930214115781126,-0.19512633979320526,3.0690379619598387,19.120820999145508,18.806354252676186,7.405806599421889,31.268672561645513,33.32024383544922
AWI-CM-1-1-MR,ssp585,paper_qm,late_century,2080,2100,252,performance_ratio,all_monthly_grid_samples,china_intersection,1,nan,317772,0.0,0.0,0.8751543164253235,0.9143570685386657,1.0239713788032532,1.0309682303558878,0.06800938269042231,1.1832917654514312,1.2344245910644531
AWI-CM-1-1-MR,ssp585,paper_qm,late_century,2080,2100,252,performance_ratio,period_mean_map,china_intersection,1,1.0298557170776201,1261,0.0,0.0,0.958398699760437,0.9686567664146424,1.0293960571289062,1.030968229322562,0.0370290362471148,1.1096548318862915,1.1259760856628418
AWI-CM-1-1-MR,ssp585,paper_qm,late_century,2080,2100,252,pvpot,all_monthly_grid_samples,china_intersection,W m-2,nan,317772,0.0,0.0,33.076438903808594,67.73988784790039,197.17776489257812,196.6469133196119,63.85324506650681,347.8057806396483,437.8467102050781
AWI-CM-1-1-MR,ssp585,paper_qm,late_century,2080,2100,252,pvpot,period_mean_map,china_intersection,W m-2,198.30900960164155,1261,0.0,0.0,134.5469207763672,143.6874267578125,187.9362335205078,196.64691300055605,34.722010736891654,279.44541015625003,287.63543701171875
AWI-CM-1-1-MR,ssp585,paper_qm,late_century,2080,2100,252,wind_speed_hub,all_monthly_grid_samples,china_intersection,m s-1,nan,317772,0.0,0.0,0.1241271123290062,0.45494561195373534,2.480510711669922,2.8686234456744595,1.835490955592224,9.014187221527079,20.82186508178711
AWI-CM-1-1-MR,ssp585,paper_qm,late_century,2080,2100,252,wind_speed_hub,period_mean_map,china_intersection,m s-1,2.725427531894038,1261,0.0,0.0,0.786313533782959,1.035823369026184,2.66601824760437,2.868623442729251,1.2653121501208566,8.239631080627449,10.023213386535645
AWI-CM-1-1-MR,ssp585,paper_qm,late_century,2080,2100,252,wpd,all_monthly_grid_samples,china_intersection,W m-2,nan,317772,0.0,0.0,0.0011714021675288677,0.05767459575086832,9.348230838775635,39.355404900438245,139.00694202214072,448.62735015868833,5529.23486328125
AWI-CM-1-1-MR,ssp585,paper_qm,late_century,2080,2100,252,wpd,period_mean_map,china_intersection,W m-2,27.410643707342008,1261,0.0,0.0,0.47957494854927063,0.9872599124908447,17.68399429321289,39.355405126484875,89.83069499863367,545.519128417972,1179.6732177734375
AWI-CM-1-1-MR,ssp585,optimized,historical,1994,2014,252,tcell,all_monthly_grid_samples,china_intersection,degree_Celsius,nan,317772,0.0,18.936533111790844,-28.00641632080078,-17.190204315185547,15.735913276672363,14.046979309066359,13.838202636708514,36.50892105102538,41.968318939208984
AWI-CM-1-1-MR,ssp585,optimized,historical,1994,2014,252,tcell,period_mean_map,china_intersection,degree_Celsius,14.254275445650299,1261,0.0,2.0618556701030926,-3.6602838039398193,-1.4536411285400392,14.21311092376709,14.046979561829193,7.589398179121192,27.92327384948732,29.840373992919922
AWI-CM-1-1-MR,ssp585,optimized,historical,1994,2014,252,performance_ratio,all_monthly_grid_samples,china_intersection,1,nan,317772,0.0,0.0,0.9151583909988403,0.9424554079771041,1.0463204383850098,1.0547651034573249,0.06919101320089395,1.2109509992599485,1.2650320529937744
AWI-CM-1-1-MR,ssp585,optimized,historical,1994,2014,252,performance_ratio,period_mean_map,china_intersection,1,1.0537286374679886,1261,0.0,0.0,0.9757983684539795,0.9853833436965942,1.0539345741271973,1.0547651115341097,0.03794700069335176,1.1322681903839111,1.1433013677597046
AWI-CM-1-1-MR,ssp585,optimized,historical,1994,2014,252,pvpot,all_monthly_grid_samples,china_intersection,W m-2,nan,317772,0.0,0.0,38.423072814941406,69.4865550994873,196.31201934814453,198.67510406614713,68.47097525116868,361.5359738159179,439.9617614746094
AWI-CM-1-1-MR,ssp585,optimized,historical,1994,2014,252,pvpot,period_mean_map,china_intersection,W m-2,200.10984435869165,1261,0.0,0.0,121.7666015625,130.19006958007813,189.30690002441406,198.6751035891479,41.11752581822445,290.1034606933594,300.1153869628906
AWI-CM-1-1-MR,ssp585,optimized,historical,1994,2014,252,wind_speed_hub,all_monthly_grid_samples,china_intersection,m s-1,nan,317772,0.0,0.0,0.16096681356430054,0.5750109678506852,2.644666910171509,3.0199533891157273,1.8191153218622982,9.225954446792592,19.467119216918945
AWI-CM-1-1-MR,ssp585,optimized,historical,1994,2014,252,wind_speed_hub,period_mean_map,china_intersection,m s-1,2.8811645890798947,1261,0.0,0.0,0.7398190498352051,1.0907917737960815,2.828746795654297,3.0199534098464853,1.3045486409250933,8.435981559753426,10.481937408447266
AWI-CM-1-1-MR,ssp585,optimized,historical,1994,2014,252,wpd,all_monthly_grid_samples,china_intersection,W m-2,nan,317772,0.0,0.0,0.0025545540265738964,0.11644866116344929,11.329716682434082,42.11782003053546,135.52423111946658,480.9943395996077,4518.67529296875
AWI-CM-1-1-MR,ssp585,optimized,historical,1994,2014,252,wpd,period_mean_map,china_intersection,W m-2,30.21766894552642,1261,0.0,0.0,0.35473865270614624,1.0269950866699218,19.149280548095703,42.117819791980246,92.26353625359258,519.3283996582089,1201.939453125
AWI-CM-1-1-MR,ssp585,optimized,mid_century,2040,2060,252,tcell,all_monthly_grid_samples,china_intersection,degree_Celsius,nan,317772,0.0,16.078823810782573,-29.90721893310547,-15.203450002670287,17.70751953125,16.052777403300777,13.888922035894415,38.70341835021973,46.27334976196289
AWI-CM-1-1-MR,ssp585,optimized,mid_century,2040,2060,252,tcell,period_mean_map,china_intersection,degree_Celsius,16.268518422249915,1261,0.0,0.9516256938937351,-2.277956247329712,0.24642163664102543,16.2747802734375,16.052777416912527,7.620326796589623,29.441339111328126,30.998003005981445
AWI-CM-1-1-MR,ssp585,optimized,mid_century,2040,2060,252,performance_ratio,all_monthly_grid_samples,china_intersection,1,nan,317772,0.0,0.0,0.893633246421814,0.9314829188585282,1.036462426185608,1.0447361129477382,0.06944461010771362,1.2010172009468076,1.2745361328125
AWI-CM-1-1-MR,ssp585,optimized,mid_century,2040,2060,252,performance_ratio,period_mean_map,china_intersection,1,1.0436574100740754,1261,0.0,0.0,0.9700098633766174,0.977793276309967,1.0436259508132935,1.0447361149266068,0.038101645204101406,1.123767924308777,1.1363898515701294
AWI-CM-1-1-MR,ssp585,optimized,mid_century,2040,2060,252,pvpot,all_monthly_grid_samples,china_intersection,W m-2,nan,317772,0.0,0.0,33.84430694580078,69.18859985351563,196.33680725097656,197.35537085524678,66.09643277515649,354.27319000244125,431.7755126953125
AWI-CM-1-1-MR,ssp585,optimized,mid_century,2040,2060,252,pvpot,period_mean_map,china_intersection,W m-2,198.87178226983454,1261,0.0,0.0,124.96825408935547,134.77980041503906,188.08338928222656,197.35537259905797,37.89344102386489,284.14104003906255,293.56597900390625
AWI-CM-1-1-MR,ssp585,optimized,mid_century,2040,2060,252,wind_speed_hub,all_monthly_grid_samples,china_intersection,m s-1,nan,317772,0.0,0.0,0.13549230992794037,0.5635854852199554,2.603719472885132,2.99251370009017,1.8290310615961183,9.199380989074704,20.59471321105957
AWI-CM-1-1-MR,ssp585,optimized,mid_century,2040,2060,252,wind_speed_hub,period_mean_map,china_intersection,m s-1,2.8382846522637615,1261,0.0,0.0,0.7686254978179932,1.0928253412246705,2.7786288261413574,2.992513716740801,1.3213551065361335,8.559666633605962,10.7214937210083
AWI-CM-1-1-MR,ssp585,optimized,mid_century,2040,2060,252,wpd,all_monthly_grid_samples,china_intersection,W m-2,nan,317772,0.0,0.0,0.001523526618257165,0.10964415296912193,10.811567783355713,41.97251822808918,141.37156907380924,476.85011413574176,5350.240234375
AWI-CM-1-1-MR,ssp585,optimized,mid_century,2040,2060,252,wpd,period_mean_map,china_intersection,W m-2,29.25825825811484,1261,0.0,0.0,0.3971651792526245,1.0190386533737184,19.087160110473633,41.97251831539844,95.38405661674948,541.7580444335973,1266.959228515625
AWI-CM-1-1-MR,ssp585,optimized,late_century,2080,2100,252,tcell,all_monthly_grid_samples,china_intersection,degree_Celsius,nan,317772,0.0,11.682904724141837,-21.882062911987305,-11.547365970611573,20.373275756835938,18.875401095696695,13.768900167949758,41.74638950347897,49.86211013793945
AWI-CM-1-1-MR,ssp585,optimized,late_century,2080,2100,252,tcell,period_mean_map,china_intersection,degree_Celsius,19.09562765121403,1261,0.0,0.07930214115781126,-0.29655545949935913,2.915431451797485,19.161989212036133,18.875401149516442,7.544926970110492,31.8689266204834,33.6932487487793
AWI-CM-1-1-MR,ssp585,optimized,late_century,2080,2100,252,performance_ratio,all_monthly_grid_samples,china_intersection,1,nan,317772,0.0,0.0,0.8756894469261169,0.9162680470943451,1.023133635520935,1.0306229945620853,0.0688445007918862,1.1827368569374084,1.234410285949707
AWI-CM-1-1-MR,ssp585,optimized,late_century,2080,2100,252,performance_ratio,period_mean_map,china_intersection,1,1.02952186318027,1261,0.0,0.0,0.9565340876579285,0.9656556010246277,1.0291903018951416,1.0306229985110067,0.03772462760790075,1.1104230642318726,1.1264827251434326
AWI-CM-1-1-MR,ssp585,optimized,late_century,2080,2100,252,pvpot,all_monthly_grid_samples,china_intersection,W m-2,nan,317772,0.0,0.0,33.101837158203125,67.75975708007813,197.19088745117188,196.58161499926945,63.86039942227198,347.6833697509765,437.9186096191406
AWI-CM-1-1-MR,ssp585,optimized,late_century,2080,2100,252,pvpot,period_mean_map,china_intersection,W m-2,198.25175606502782,1261,0.0,0.0,134.34722900390625,143.47777099609374,187.8822021484375,196.58161395055544,34.89210533359152,279.42590942382816,288.3491516113281
AWI-CM-1-1-MR,ssp585,optimized,late_century,2080,2100,252,wind_speed_hub,all_monthly_grid_samples,china_intersection,m s-1,nan,317772,0.0,0.0,0.1241271123290062,0.5560126006603241,2.5560983419418335,2.943477540675356,1.803911913782513,9.02648538589474,20.82186508178711
AWI-CM-1-1-MR,ssp585,optimized,late_century,2080,2100,252,wind_speed_hub,period_mean_map,china_intersection,m s-1,2.793893285043518,1261,0.0,0.0,0.7856088876724243,1.085075283050537,2.7465431690216064,2.943477512965781,1.2920679656373184,8.378603553771976,10.487069129943848
AWI-CM-1-1-MR,ssp585,optimized,late_century,2080,2100,252,wpd,all_monthly_grid_samples,china_intersection,W m-2,nan,317772,0.0,0.0,0.0011714021675288677,0.10528343044221401,10.229132652282715,40.16650401420275,138.2928887734814,450.4661633300728,5529.23486328125
AWI-CM-1-1-MR,ssp585,optimized,late_century,2080,2100,252,wpd,period_mean_map,china_intersection,W m-2,27.99939387401842,1261,0.0,0.0,0.4456350803375244,0.9743991732597351,17.876535415649414,40.166503783684696,91.56153407520151,539.11422119141,1219.6226806640625
BCC-CSM2-MR,ssp126,paper_qm,historical,1994,2014,252,tcell,all_monthly_grid_samples,china_intersection,degree_Celsius,nan,226044,0.0,19.52230539187061,-28.932161331176758,-17.611371212005615,15.61866569519043,13.828446058774082,13.923758417897048,36.23895126342775,42.522438049316406
BCC-CSM2-MR,ssp126,paper_qm,historical,1994,2014,252,tcell,period_mean_map,china_intersection,degree_Celsius,14.07697306820141,897,0.0,2.341137123745819,-5.099723815917969,-2.089968042373657,13.799539566040039,13.828446108735724,7.649794235759165,27.967935333251937,30.086727142333984
BCC-CSM2-MR,ssp126,paper_qm,historical,1994,2014,252,performance_ratio,all_monthly_grid_samples,china_intersection,1,nan,226044,0.0,0.0,0.9123878479003906,0.9438052242994308,1.0469067096710205,1.0558577696612075,0.06961879208798756,1.2130568063259126,1.2696608304977417
BCC-CSM2-MR,ssp126,paper_qm,historical,1994,2014,252,performance_ratio,period_mean_map,china_intersection,1,1.0546151394103669,897,0.0,0.0,0.9745664596557617,0.9851605010032654,1.0560022592544556,1.0558577749375648,0.038248967743767674,1.1354496574401856,1.1504985094070435
BCC-CSM2-MR,ssp126,paper_qm,historical,1994,2014,252,pvpot,all_monthly_grid_samples,china_intersection,W m-2,nan,226044,0.0,0.0,39.082176208496094,70.0554795074463,195.83658599853516,198.9110992044541,68.50956910326231,362.4930099487305,431.4889831542969
BCC-CSM2-MR,ssp126,paper_qm,historical,1994,2014,252,pvpot,period_mean_map,china_intersection,W m-2,200.28737638862367,897,0.0,0.0,120.44550323486328,129.22237274169922,190.5956573486328,198.91109726819704,41.208004689909565,291.047314453125,299.93597412109375
BCC-CSM2-MR,ssp126,paper_qm,historical,1994,2014,252,wind_speed_hub,all_monthly_grid_samples,china_intersection,m s-1,nan,226044,0.0,0.0,0.13516181707382202,0.5640530902147293,2.6194136142730713,3.0118243107723983,1.8349139308318099,9.319098854064949,20.287912368774414
BCC-CSM2-MR,ssp126,paper_qm,historical,1994,2014,252,wind_speed_hub,period_mean_map,china_intersection,m s-1,2.8785993093205975,897,0.0,0.0,0.7793188095092773,1.047981858253479,2.766007900238037,3.011824334810676,1.3318166907054307,8.648194465637205,10.503729820251465
BCC-CSM2-MR,ssp126,paper_qm,historical,1994,2014,252,wpd,all_monthly_grid_samples,china_intersection,W m-2,nan,226044,0.0,0.0,0.0015124054625630379,0.1099173142760992,11.008250713348389,42.44209507635863,135.95215553245885,495.7101794433606,5114.67626953125
BCC-CSM2-MR,ssp126,paper_qm,historical,1994,2014,252,wpd,period_mean_map,china_intersection,W m-2,30.506573297021983,897,0.0,0.0,0.45830583572387695,0.9658889436721801,18.892032623291016,42.4420952472001,92.59318220488858,569.4605859374999,1213.8348388671875
BCC-CSM2-MR,ssp126,paper_qm,mid_century,2040,2060,252,tcell,all_monthly_grid_samples,china_intersection,degree_Celsius,nan,226044,0.0,17.579320840190405,-25.701519012451172,-16.349686584472657,16.765697479248047,15.100726616079777,13.937200021188133,38.18333042144776,44.790565490722656
BCC-CSM2-MR,ssp126,paper_qm,mid_century,2040,2060,252,tcell,period_mean_map,china_intersection,degree_Celsius,15.378255680111497,897,0.0,1.1148272017837235,-3.709461212158203,-0.7916340541839599,14.931905746459961,15.10072635078892,7.803636773868824,29.674531478881832,31.352025985717773
BCC-CSM2-MR,ssp126,paper_qm,mid_century,2040,2060,252,performance_ratio,all_monthly_grid_samples,china_intersection,1,nan,226044,0.0,0.0,0.9010471701622009,0.9340833628177643,1.0411714911460876,1.0494963669962656,0.06968600018391345,1.206748458147049,1.2535076141357422
BCC-CSM2-MR,ssp126,paper_qm,mid_century,2040,2060,252,performance_ratio,period_mean_map,china_intersection,1,1.0481087244262806,897,0.0,0.0,0.9682400822639465,0.9766274762153625,1.0503404140472412,1.0494963677564726,0.039018170744343626,1.1289579629898072,1.1435469388961792
BCC-CSM2-MR,ssp126,paper_qm,mid_century,2040,2060,252,pvpot,all_monthly_grid_samples,china_intersection,W m-2,nan,226044,0.0,0.0,31.02923583984375,69.91065971374512,201.80559539794922,202.4643616208615,67.4072156990578,360.98350189208986,443.0793151855469
BCC-CSM2-MR,ssp126,paper_qm,mid_century,2040,2060,252,pvpot,period_mean_map,china_intersection,W m-2,204.10396546941956,897,0.0,0.0,132.60052490234375,141.00305786132813,193.11575317382812,202.46436365099922,37.34812293444456,287.23518432617186,296.1531066894531
BCC-CSM2-MR,ssp126,paper_qm,mid_century,2040,2060,252,wind_speed_hub,all_monthly_grid_samples,china_intersection,m s-1,nan,226044,0.0,0.0,0.12001342326402664,0.5662974083423614,2.6777026653289795,3.0570190990296324,1.8326548223034853,9.375905323028574,20.041364669799805
BCC-CSM2-MR,ssp126,paper_qm,mid_century,2040,2060,252,wind_speed_hub,period_mean_map,china_intersection,m s-1,2.9187487476593743,897,0.0,0.0,0.8153609037399292,1.0761360216140747,2.8262319564819336,3.057019096287331,1.3210834946032473,8.586618881225585,10.44236946105957
BCC-CSM2-MR,ssp126,paper_qm,mid_century,2040,2060,252,wpd,all_monthly_grid_samples,china_intersection,W m-2,nan,226044,0.0,0.0,0.0010587552096694708,0.11123458102345465,11.759617328643799,43.06026832716777,130.05848676833588,504.8306704711929,4930.466796875
BCC-CSM2-MR,ssp126,paper_qm,mid_century,2040,2060,252,wpd,period_mean_map,china_intersection,W m-2,31.211887116333227,897,0.0,0.0,0.5192830562591553,1.0258431148529052,20.070308685302734,43.06026936467808,89.46976749123266,526.3336230468733,1167.799072265625
BCC-CSM2-MR,ssp126,paper_qm,late_century,2080,2100,252,tcell,all_monthly_grid_samples,china_intersection,degree_Celsius,nan,226044,0.0,17.17984109288457,-26.87464714050293,-16.16786464691162,16.960948944091797,15.202069664243169,13.845083730847657,37.8780478668213,44.94452667236328
BCC-CSM2-MR,ssp126,paper_qm,late_century,2080,2100,252,tcell,period_mean_map,china_intersection,degree_Celsius,15.457486460550568,897,0.0,1.1148272017837235,-3.585961103439331,-0.8079887509346008,15.198124885559082,15.202069595231858,7.721916750223025,29.34665115356445,31.008623123168945
BCC-CSM2-MR,ssp126,paper_qm,late_century,2080,2100,252,performance_ratio,all_monthly_grid_samples,china_intersection,1,nan,226044,0.0,0.0,0.9002773761749268,0.935609757900238,1.0401952862739563,1.0489896516102235,0.06922541853141541,1.2058392906188966,1.2593731880187988
BCC-CSM2-MR,ssp126,paper_qm,late_century,2080,2100,252,performance_ratio,period_mean_map,china_intersection,1,1.0477125641413372,897,0.0,0.0,0.9699566960334778,0.9782663464546204,1.0490096807479858,1.0489896496004085,0.038609585639587204,1.1290401554107665,1.1429297924041748
BCC-CSM2-MR,ssp126,paper_qm,late_century,2080,2100,252,pvpot,all_monthly_grid_samples,china_intersection,W m-2,nan,226044,0.0,0.0,34.773380279541016,68.9473225402832,201.60831451416016,202.44327935740293,67.26145289925422,360.61698303222664,429.4501037597656
BCC-CSM2-MR,ssp126,paper_qm,late_century,2080,2100,252,pvpot,period_mean_map,china_intersection,W m-2,204.0984985469709,897,0.0,0.0,131.46192932128906,139.73981506347656,193.3558807373047,202.4432770251696,37.530577533965335,287.7844287109375,296.6870422363281
BCC-CSM2-MR,ssp126,paper_qm,late_century,2080,2100,252,wind_speed_hub,all_monthly_grid_samples,china_intersection,m s-1,nan,226044,0.0,0.0,0.12977275252342224,0.5496274870634079,2.6671667098999023,3.0442044885133916,1.837786884197256,9.493902015686036,20.661935806274414
BCC-CSM2-MR,ssp126,paper_qm,late_century,2080,2100,252,wind_speed_hub,period_mean_map,china_intersection,m s-1,2.910983142226847,897,0.0,0.0,0.7896953821182251,1.0631720209121704,2.831483840942383,3.0442044640597423,1.3291765085442229,8.715712890625,10.83840560913086
BCC-CSM2-MR,ssp126,paper_qm,late_century,2080,2100,252,wpd,all_monthly_grid_samples,china_intersection,W m-2,nan,226044,0.0,0.0,0.0013386181090027094,0.10169777087867259,11.621349334716797,43.147179026878746,135.74513725524028,524.1316162109378,5402.80322265625
BCC-CSM2-MR,ssp126,paper_qm,late_century,2080,2100,252,wpd,period_mean_map,china_intersection,W m-2,30.740630143073208,897,0.0,0.0,0.49994421005249023,1.0085277581214904,19.992128372192383,43.14718065559532,94.6270217516555,547.6577563476542,1265.74755859375
BCC-CSM2-MR,ssp126,optimized,historical,1994,2014,252,tcell,all_monthly_grid_samples,china_intersection,degree_Celsius,nan,226044,0.0,19.52230539187061,-28.932161331176758,-17.611371212005615,15.61866569519043,13.828446058774082,13.923758417897048,36.23895126342775,42.522438049316406
BCC-CSM2-MR,ssp126,optimized,historical,1994,2014,252,tcell,period_mean_map,china_intersection,degree_Celsius,14.07697306820141,897,0.0,2.341137123745819,-5.099723815917969,-2.089968042373657,13.799539566040039,13.828446108735724,7.649794235759165,27.967935333251937,30.086727142333984
BCC-CSM2-MR,ssp126,optimized,historical,1994,2014,252,performance_ratio,all_monthly_grid_samples,china_intersection,1,nan,226044,0.0,0.0,0.9123878479003906,0.9438052242994308,1.0469067096710205,1.0558577696612075,0.06961879208798756,1.2130568063259126,1.2696608304977417
BCC-CSM2-MR,ssp126,optimized,historical,1994,2014,252,performance_ratio,period_mean_map,china_intersection,1,1.0546151394103669,897,0.0,0.0,0.9745664596557617,0.9851605010032654,1.0560022592544556,1.0558577749375648,0.038248967743767674,1.1354496574401856,1.1504985094070435
BCC-CSM2-MR,ssp126,optimized,historical,1994,2014,252,pvpot,all_monthly_grid_samples,china_intersection,W m-2,nan,226044,0.0,0.0,39.082176208496094,70.0554795074463,195.83658599853516,198.9110992044541,68.50956910326231,362.4930099487305,431.4889831542969
BCC-CSM2-MR,ssp126,optimized,historical,1994,2014,252,pvpot,period_mean_map,china_intersection,W m-2,200.28737638862367,897,0.0,0.0,120.44550323486328,129.22237274169922,190.5956573486328,198.91109726819704,41.208004689909565,291.047314453125,299.93597412109375
BCC-CSM2-MR,ssp126,optimized,historical,1994,2014,252,wind_speed_hub,all_monthly_grid_samples,china_intersection,m s-1,nan,226044,0.0,0.0,0.13516181707382202,0.5640530902147293,2.6194136142730713,3.0118243107723983,1.8349139308318099,9.319098854064949,20.287912368774414
BCC-CSM2-MR,ssp126,optimized,historical,1994,2014,252,wind_speed_hub,period_mean_map,china_intersection,m s-1,2.8785993093205975,897,0.0,0.0,0.7793188095092773,1.047981858253479,2.766007900238037,3.011824334810676,1.3318166907054307,8.648194465637205,10.503729820251465
BCC-CSM2-MR,ssp126,optimized,historical,1994,2014,252,wpd,all_monthly_grid_samples,china_intersection,W m-2,nan,226044,0.0,0.0,0.0015124054625630379,0.1099173142760992,11.008250713348389,42.44209507635863,135.95215553245885,495.7101794433606,5114.67626953125
BCC-CSM2-MR,ssp126,optimized,historical,1994,2014,252,wpd,period_mean_map,china_intersection,W m-2,30.506573297021983,897,0.0,0.0,0.45830583572387695,0.9658889436721801,18.892032623291016,42.4420952472001,92.59318220488858,569.4605859374999,1213.8348388671875
BCC-CSM2-MR,ssp126,optimized,mid_century,2040,2060,252,tcell,all_monthly_grid_samples,china_intersection,degree_Celsius,nan,226044,0.0,17.49438162481641,-25.609664916992188,-16.035411529541015,16.824435234069824,15.250735545188427,14.010364586471772,38.36709102630617,45.20588684082031
BCC-CSM2-MR,ssp126,optimized,mid_century,2040,2060,252,tcell,period_mean_map,china_intersection,degree_Celsius,15.530559843453732,897,0.0,1.2263099219620959,-3.9536867141723633,-0.8588881206512449,15.18841552734375,15.25073559748148,7.856865863122199,29.659347000122064,31.348651885986328
BCC-CSM2-MR,ssp126,optimized,mid_century,2040,2060,252,performance_ratio,all_monthly_grid_samples,china_intersection,1,nan,226044,0.0,0.0,0.8989705443382263,0.9331645220518112,1.0408778190612793,1.0487463222226754,0.07005182288126653,1.2051770603656768,1.253048300743103
BCC-CSM2-MR,ssp126,optimized,mid_century,2040,2060,252,performance_ratio,period_mean_map,china_intersection,1,1.047347201390056,897,0.0,0.0,0.9682563543319702,0.9767034769058227,1.0490578413009644,1.0487463209142653,0.039284335179699335,1.1292945384979247,1.1447690725326538
BCC-CSM2-MR,ssp126,optimized,mid_century,2040,2060,252,pvpot,all_monthly_grid_samples,china_intersection,W m-2,nan,226044,0.0,0.0,31.029523849487305,69.83906517028808,201.5644073486328,202.32709116119864,67.40546025660166,361.13020263671876,444.25970458984375
BCC-CSM2-MR,ssp126,optimized,mid_century,2040,2060,252,pvpot,period_mean_map,china_intersection,W m-2,203.96641116498225,897,0.0,0.0,132.21499633789062,140.85682739257814,192.99427795410156,202.32709090659185,37.47185352228991,287.6861389160156,295.9520263671875
BCC-CSM2-MR,ssp126,optimized,mid_century,2040,2060,252,wind_speed_hub,all_monthly_grid_samples,china_intersection,m s-1,nan,226044,0.0,0.0,0.13347414135932922,0.5754923921823502,2.6611459255218506,3.0405925621230017,1.8251906487327183,9.319973945617697,20.041364669799805
BCC-CSM2-MR,ssp126,optimized,mid_century,2040,2060,252,wind_speed_hub,period_mean_map,china_intersection,m s-1,2.902943194457729,897,0.0,0.0,0.80989670753479,1.0567766332626343,2.793119430541992,3.0405926001377597,1.330599274295787,8.500749168395991,10.500375747680664
BCC-CSM2-MR,ssp126,optimized,mid_century,2040,2060,252,wpd,all_monthly_grid_samples,china_intersection,W m-2,nan,226044,0.0,0.0,0.0014564564917236567,0.11674138978123665,11.542826175689697,42.526477334173975,129.79388255030474,495.849855346683,4930.466796875
BCC-CSM2-MR,ssp126,optimized,mid_century,2040,2060,252,wpd,period_mean_map,china_intersection,W m-2,30.80128897292238,897,0.0,0.0,0.5252856016159058,1.0005580163002015,19.14946746826172,42.52647767039047,89.68740300191273,528.1568334960923,1177.1839599609375
BCC-CSM2-MR,ssp126,optimized,late_century,2080,2100,252,tcell,all_monthly_grid_samples,china_intersection,degree_Celsius,nan,226044,0.0,17.112597547380158,-25.941707611083984,-15.8963747215271,17.047335624694824,15.36366354683463,13.930694908513296,38.09583473205567,45.83214569091797
BCC-CSM2-MR,ssp126,optimized,late_century,2080,2100,252,tcell,period_mean_map,china_intersection,degree_Celsius,15.625389490010459,897,0.0,1.3377926421404682,-3.8177027702331543,-0.8880165624618527,15.490382194519043,15.36366364314172,7.82363962550529,29.52068031311035,31.089942932128906
BCC-CSM2-MR,ssp126,optimized,late_century,2080,2100,252,performance_ratio,all_monthly_grid_samples,china_intersection,1,nan,226044,0.0,0.0,0.895839273929596,0.9345208388566971,1.039763331413269,1.0481816822386507,0.06965347450644087,1.2044818961620332,1.2547085285186768
BCC-CSM2-MR,ssp126,optimized,late_century,2080,2100,252,performance_ratio,period_mean_map,china_intersection,1,1.046873044921867,897,0.0,0.0,0.9695500731468201,0.9773966193199157,1.0475478172302246,1.048181669634986,0.03911820914228591,1.1294397449493407,1.1440887451171875
BCC-CSM2-MR,ssp126,optimized,late_century,2080,2100,252,pvpot,all_monthly_grid_samples,china_intersection,W m-2,nan,226044,0.0,0.0,34.77100372314453,68.8031990814209,201.40499877929688,202.3058218289311,67.2927286921515,360.9208230590822,428.8182067871094
BCC-CSM2-MR,ssp126,optimized,late_century,2080,2100,252,pvpot,period_mean_map,china_intersection,W m-2,203.9584810812538,897,0.0,0.0,131.08973693847656,139.31356079101562,193.03294372558594,202.30582345475588,37.68067513053671,288.4431530761719,297.08782958984375
BCC-CSM2-MR,ssp126,optimized,late_century,2080,2100,252,wind_speed_hub,all_monthly_grid_samples,china_intersection,m s-1,nan,226044,0.0,0.0,0.12167877703905106,0.5738361120223999,2.6486213207244873,3.032529490122017,1.8268600581879197,9.384634103775028,20.661935806274414
BCC-CSM2-MR,ssp126,optimized,late_century,2080,2100,252,wind_speed_hub,period_mean_map,china_intersection,m s-1,2.895619563713672,897,0.0,0.0,0.7945064902305603,1.0652833890914917,2.8032872676849365,3.032529480747023,1.3305626981549263,8.662485427856446,10.642492294311523
BCC-CSM2-MR,ssp126,optimized,late_century,2080,2100,252,wpd,all_monthly_grid_samples,china_intersection,W m-2,nan,226044,0.0,0.0,0.0011034447234123945,0.11573632687330246,11.380614280700684,42.58316626134397,134.0079682744937,506.2419641113288,5402.80322265625
BCC-CSM2-MR,ssp126,optimized,late_century,2080,2100,252,wpd,period_mean_map,china_intersection,W m-2,30.412786918737478,897,0.0,0.0,0.49388688802719116,1.0257157230377199,18.876049041748047,42.583166995342225,92.84923250955633,544.2732983398422,1239.3363037109375
BCC-CSM2-MR,ssp245,paper_qm,historical,1994,2014,252,tcell,all_monthly_grid_samples,china_intersection,degree_Celsius,nan,226044,0.0,19.52230539187061,-28.932161331176758,-17.611371212005615,15.61866569519043,13.828446058774082,13.923758417897048,36.23895126342775,42.522438049316406
BCC-CSM2-MR,ssp245,paper_qm,historical,1994,2014,252,tcell,period_mean_map,china_intersection,degree_Celsius,14.07697306820141,897,0.0,2.341137123745819,-5.099723815917969,-2.089968042373657,13.799539566040039,13.828446108735724,7.649794235759165,27.967935333251937,30.086727142333984
BCC-CSM2-MR,ssp245,paper_qm,historical,1994,2014,252,performance_ratio,all_monthly_grid_samples,china_intersection,1,nan,226044,0.0,0.0,0.9123878479003906,0.9438052242994308,1.0469067096710205,1.0558577696612075,0.06961879208798756,1.2130568063259126,1.2696608304977417
BCC-CSM2-MR,ssp245,paper_qm,historical,1994,2014,252,performance_ratio,period_mean_map,china_intersection,1,1.0546151394103669,897,0.0,0.0,0.9745664596557617,0.9851605010032654,1.0560022592544556,1.0558577749375648,0.038248967743767674,1.1354496574401856,1.1504985094070435
BCC-CSM2-MR,ssp245,paper_qm,historical,1994,2014,252,pvpot,all_monthly_grid_samples,china_intersection,W m-2,nan,226044,0.0,0.0,39.082176208496094,70.0554795074463,195.83658599853516,198.9110992044541,68.50956910326231,362.4930099487305,431.4889831542969
BCC-CSM2-MR,ssp245,paper_qm,historical,1994,2014,252,pvpot,period_mean_map,china_intersection,W m-2,200.28737638862367,897,0.0,0.0,120.44550323486328,129.22237274169922,190.5956573486328,198.91109726819704,41.208004689909565,291.047314453125,299.93597412109375
BCC-CSM2-MR,ssp245,paper_qm,historical,1994,2014,252,wind_speed_hub,all_monthly_grid_samples,china_intersection,m s-1,nan,226044,0.0,0.0,0.13516181707382202,0.5640530902147293,2.6194136142730713,3.0118243107723983,1.8349139308318099,9.319098854064949,20.287912368774414
BCC-CSM2-MR,ssp245,paper_qm,historical,1994,2014,252,wind_speed_hub,period_mean_map,china_intersection,m s-1,2.8785993093205975,897,0.0,0.0,0.7793188095092773,1.047981858253479,2.766007900238037,3.011824334810676,1.3318166907054307,8.648194465637205,10.503729820251465
BCC-CSM2-MR,ssp245,paper_qm,historical,1994,2014,252,wpd,all_monthly_grid_samples,china_intersection,W m-2,nan,226044,0.0,0.0,0.0015124054625630379,0.1099173142760992,11.008250713348389,42.44209507635863,135.95215553245885,495.7101794433606,5114.67626953125
BCC-CSM2-MR,ssp245,paper_qm,historical,1994,2014,252,wpd,period_mean_map,china_intersection,W m-2,30.506573297021983,897,0.0,0.0,0.45830583572387695,0.9658889436721801,18.892032623291016,42.4420952472001,92.59318220488858,569.4605859374999,1213.8348388671875
BCC-CSM2-MR,ssp245,paper_qm,mid_century,2040,2060,252,tcell,all_monthly_grid_samples,china_intersection,degree_Celsius,nan,226044,0.0,16.411849020544672,-24.628374099731445,-15.420405778884888,17.124374389648438,15.482815818482672,13.682835733670096,38.049098167419444,44.233848571777344
BCC-CSM2-MR,ssp245,paper_qm,mid_century,2040,2060,252,tcell,period_mean_map,china_intersection,degree_Celsius,15.745276170290264,897,0.0,1.1148272017837235,-3.197155714035034,-0.13315375328063958,15.475924491882324,15.482815537730454,7.608650777824432,29.47234748840331,31.36408233642578
BCC-CSM2-MR,ssp245,paper_qm,mid_century,2040,2060,252,performance_ratio,all_monthly_grid_samples,china_intersection,1,nan,226044,0.0,0.0,0.9038307666778564,0.9347545343637467,1.0393781065940857,1.0475859208840126,0.06841417867490032,1.2021020221710206,1.248141884803772
BCC-CSM2-MR,ssp245,paper_qm,mid_century,2040,2060,252,performance_ratio,period_mean_map,china_intersection,1,1.0462736162458832,897,0.0,0.0,0.9681797623634338,0.9776382875442505,1.0476202964782715,1.0475859204795182,0.03804324753541267,1.125665168762207,1.1409860849380493
BCC-CSM2-MR,ssp245,paper_qm,mid_century,2040,2060,252,pvpot,all_monthly_grid_samples,china_intersection,W m-2,nan,226044,0.0,0.0,30.405378341674805,67.86754867553711,198.60043334960938,199.81563842021313,67.62495340795685,359.6654370117188,433.4725036621094
BCC-CSM2-MR,ssp245,paper_qm,mid_century,2040,2060,252,pvpot,period_mean_map,china_intersection,W m-2,201.3313493942495,897,0.0,0.0,127.45745086669922,134.75350463867187,190.6065673828125,199.815638096702,38.39026636989807,286.9343103027344,295.32659912109375
BCC-CSM2-MR,ssp245,paper_qm,mid_century,2040,2060,252,wind_speed_hub,all_monthly_grid_samples,china_intersection,m s-1,nan,226044,0.0,0.0,0.13922110199928284,0.56201062977314,2.6377032995224,3.0222826190845256,1.822347413615031,9.294248752594012,19.46698570251465
BCC-CSM2-MR,ssp245,paper_qm,mid_century,2040,2060,252,wind_speed_hub,period_mean_map,china_intersection,m s-1,2.887320616308724,897,0.0,0.0,0.7928820252418518,1.0726591634750366,2.791395425796509,3.022282644591337,1.3077027879649088,8.690777435302733,10.642165184020996
BCC-CSM2-MR,ssp245,paper_qm,mid_century,2040,2060,252,wpd,all_monthly_grid_samples,china_intersection,W m-2,nan,226044,0.0,0.0,0.001652803854085505,0.10872756280004978,11.24045705795288,42.07605913350024,130.1213204052079,491.75527648926055,4518.58251953125
BCC-CSM2-MR,ssp245,paper_qm,mid_century,2040,2060,252,wpd,period_mean_map,china_intersection,W m-2,30.144815194433832,897,0.0,0.0,0.49380192160606384,0.9850842833518982,19.215669631958008,42.076059518948846,90.47302107301307,542.4499975585927,1189.639892578125
BCC-CSM2-MR,ssp245,paper_qm,late_century,2080,2100,252,tcell,all_monthly_grid_samples,china_intersection,degree_Celsius,nan,226044,0.0,15.275344623170712,-24.00939178466797,-14.734441595077515,18.059553146362305,16.39098344143352,13.768762128737832,39.22571258544922,45.09443664550781
BCC-CSM2-MR,ssp245,paper_qm,late_century,2080,2100,252,tcell,period_mean_map,china_intersection,degree_Celsius,16.660811920201912,897,0.0,0.4459308807134894,-2.2458982467651367,0.7950457549095155,16.450130462646484,16.390983619288008,7.59931289264957,30.321429061889642,31.953475952148438
BCC-CSM2-MR,ssp245,paper_qm,late_century,2080,2100,252,performance_ratio,all_monthly_grid_samples,china_intersection,1,nan,226044,0.0,0.0,0.8995277881622314,0.9288714343309402,1.0347022414207458,1.043045082884092,0.06884381057466432,1.1986722433567047,1.2450469732284546
BCC-CSM2-MR,ssp245,paper_qm,late_century,2080,2100,252,performance_ratio,period_mean_map,china_intersection,1,1.0416959423631935,897,0.0,0.0,0.9652324914932251,0.9733927536010742,1.0427495241165161,1.0430450818876227,0.037996562310527275,1.1210245180130005,1.1362297534942627
BCC-CSM2-MR,ssp245,paper_qm,late_century,2080,2100,252,pvpot,all_monthly_grid_samples,china_intersection,W m-2,nan,226044,0.0,0.0,33.17878341674805,68.91739387512207,200.61611938476562,201.5032501805622,66.27085198367989,357.81789520263675,426.75982666015625
BCC-CSM2-MR,ssp245,paper_qm,late_century,2080,2100,252,pvpot,period_mean_map,china_intersection,W m-2,203.16588633547502,897,0.0,0.0,132.42881774902344,140.35816589355468,192.60621643066406,201.50325015609215,36.48833953631876,284.77997802734376,293.91192626953125
BCC-CSM2-MR,ssp245,paper_qm,late_century,2080,2100,252,wind_speed_hub,all_monthly_grid_samples,china_intersection,m s-1,nan,226044,0.0,0.0,0.12047106772661209,0.5441230618953705,2.6395323276519775,3.0204142483856353,1.8261662221220853,9.281923770904555,19.60906219482422
BCC-CSM2-MR,ssp245,paper_qm,late_century,2080,2100,252,wind_speed_hub,period_mean_map,china_intersection,m s-1,2.8810845635619846,897,0.0,0.0,0.8277509808540344,1.0745831203460694,2.807072401046753,3.0204142333406003,1.3019491755876906,8.71929733276367,10.562189102172852
BCC-CSM2-MR,ssp245,paper_qm,late_century,2080,2100,252,wpd,all_monthly_grid_samples,china_intersection,W m-2,nan,226044,0.0,0.0,0.0010709133930504322,0.09867280855774878,11.263854503631592,42.19274443412055,133.2710214089316,489.801560058596,4618.240234375
BCC-CSM2-MR,ssp245,paper_qm,late_century,2080,2100,252,wpd,period_mean_map,china_intersection,W m-2,29.95754896927852,897,0.0,0.0,0.5189638733863831,1.0209533262252808,20.024099349975586,42.192743789126375,90.62536324783238,569.15716796875,1170.1251220703125
BCC-CSM2-MR,ssp245,optimized,historical,1994,2014,252,tcell,all_monthly_grid_samples,china_intersection,degree_Celsius,nan,226044,0.0,19.52230539187061,-28.932161331176758,-17.611371212005615,15.61866569519043,13.828446058774082,13.923758417897048,36.23895126342775,42.522438049316406
BCC-CSM2-MR,ssp245,optimized,historical,1994,2014,252,tcell,period_mean_map,china_intersection,degree_Celsius,14.07697306820141,897,0.0,2.341137123745819,-5.099723815917969,-2.089968042373657,13.799539566040039,13.828446108735724,7.649794235759165,27.967935333251937,30.086727142333984
BCC-CSM2-MR,ssp245,optimized,historical,1994,2014,252,performance_ratio,all_monthly_grid_samples,china_intersection,1,nan,226044,0.0,0.0,0.9123878479003906,0.9438052242994308,1.0469067096710205,1.0558577696612075,0.06961879208798756,1.2130568063259126,1.2696608304977417
BCC-CSM2-MR,ssp245,optimized,historical,1994,2014,252,performance_ratio,period_mean_map,china_intersection,1,1.0546151394103669,897,0.0,0.0,0.9745664596557617,0.9851605010032654,1.0560022592544556,1.0558577749375648,0.038248967743767674,1.1354496574401856,1.1504985094070435
BCC-CSM2-MR,ssp245,optimized,historical,1994,2014,252,pvpot,all_monthly_grid_samples,china_intersection,W m-2,nan,226044,0.0,0.0,39.082176208496094,70.0554795074463,195.83658599853516,198.9110992044541,68.50956910326231,362.4930099487305,431.4889831542969
BCC-CSM2-MR,ssp245,optimized,historical,1994,2014,252,pvpot,period_mean_map,china_intersection,W m-2,200.28737638862367,897,0.0,0.0,120.44550323486328,129.22237274169922,190.5956573486328,198.91109726819704,41.208004689909565,291.047314453125,299.93597412109375
BCC-CSM2-MR,ssp245,optimized,historical,1994,2014,252,wind_speed_hub,all_monthly_grid_samples,china_intersection,m s-1,nan,226044,0.0,0.0,0.13516181707382202,0.5640530902147293,2.6194136142730713,3.0118243107723983,1.8349139308318099,9.319098854064949,20.287912368774414
BCC-CSM2-MR,ssp245,optimized,historical,1994,2014,252,wind_speed_hub,period_mean_map,china_intersection,m s-1,2.8785993093205975,897,0.0,0.0,0.7793188095092773,1.047981858253479,2.766007900238037,3.011824334810676,1.3318166907054307,8.648194465637205,10.503729820251465
BCC-CSM2-MR,ssp245,optimized,historical,1994,2014,252,wpd,all_monthly_grid_samples,china_intersection,W m-2,nan,226044,0.0,0.0,0.0015124054625630379,0.1099173142760992,11.008250713348389,42.44209507635863,135.95215553245885,495.7101794433606,5114.67626953125
BCC-CSM2-MR,ssp245,optimized,historical,1994,2014,252,wpd,period_mean_map,china_intersection,W m-2,30.506573297021983,897,0.0,0.0,0.45830583572387695,0.9658889436721801,18.892032623291016,42.4420952472001,92.59318220488858,569.4605859374999,1213.8348388671875
BCC-CSM2-MR,ssp245,optimized,mid_century,2040,2060,252,tcell,all_monthly_grid_samples,china_intersection,degree_Celsius,nan,226044,0.0,16.292403248924987,-23.968639373779297,-15.101015729904175,17.2264347076416,15.678381703803996,13.77604698951979,38.271441459655776,44.26137161254883
BCC-CSM2-MR,ssp245,optimized,mid_century,2040,2060,252,tcell,period_mean_map,china_intersection,degree_Celsius,15.942971436213979,897,0.0,1.1148272017837235,-3.3147854804992676,-0.18625623941421474,15.83408260345459,15.678381490999772,7.678773649343798,29.69786521911621,31.370038986206055
BCC-CSM2-MR,ssp245,optimized,mid_century,2040,2060,252,performance_ratio,all_monthly_grid_samples,china_intersection,1,nan,226044,0.0,0.0,0.9036931395530701,0.9336428117752075,1.0388677716255188,1.0466080913969016,0.0688802348820206,1.2005051004886627,1.2448432445526123
BCC-CSM2-MR,ssp245,optimized,mid_century,2040,2060,252,performance_ratio,period_mean_map,china_intersection,1,1.0452851349412569,897,0.0,0.0,0.9681498408317566,0.9765106844902038,1.0458297729492188,1.0466080882743316,0.03839387879436136,1.125931634902954,1.1415739059448242
BCC-CSM2-MR,ssp245,optimized,mid_century,2040,2060,252,pvpot,all_monthly_grid_samples,china_intersection,W m-2,nan,226044,0.0,0.0,30.474660873413086,67.70807868957519,198.41737365722656,199.63871006664317,67.61093712006634,359.74555755615245,432.91302490234375
BCC-CSM2-MR,ssp245,optimized,mid_century,2040,2060,252,pvpot,period_mean_map,china_intersection,W m-2,201.15360685012064,897,0.0,0.0,127.0303955078125,134.44798767089844,190.470703125,199.6387079381358,38.52424052403027,287.0891162109375,295.133544921875
BCC-CSM2-MR,ssp245,optimized,mid_century,2040,2060,252,wind_speed_hub,all_monthly_grid_samples,china_intersection,m s-1,nan,226044,0.0,0.0,0.12257453799247742,0.5715929764509201,2.6353191137313843,3.01658137185672,1.8193999926341362,9.295337266922003,19.193775177001953
BCC-CSM2-MR,ssp245,optimized,mid_century,2040,2060,252,wind_speed_hub,period_mean_map,china_intersection,m s-1,2.8779916394779397,897,0.0,0.0,0.7916377782821655,1.05661226272583,2.775280475616455,3.016581345627805,1.3268097442157158,8.66196968078613,10.6122465133667
BCC-CSM2-MR,ssp245,optimized,mid_century,2040,2060,252,wpd,all_monthly_grid_samples,china_intersection,W m-2,nan,226044,0.0,0.0,0.0011279941536486149,0.1143843850493431,11.210002899169922,41.89037169960211,129.99527002927525,491.9279580688486,4330.9912109375
BCC-CSM2-MR,ssp245,optimized,mid_century,2040,2060,252,wpd,period_mean_map,china_intersection,W m-2,30.002597514188707,897,0.0,0.0,0.4837624132633209,1.0025974750518798,18.867780685424805,41.890370779046776,90.53466372933772,542.3906591796866,1188.817138671875
BCC-CSM2-MR,ssp245,optimized,late_century,2080,2100,252,tcell,all_monthly_grid_samples,china_intersection,degree_Celsius,nan,226044,0.0,15.045743306612872,-23.32166862487793,-14.207915773391724,18.209192276000977,16.648122776176546,13.843651538104405,39.387259597778325,45.03569793701172
BCC-CSM2-MR,ssp245,optimized,late_century,2080,2100,252,tcell,period_mean_map,china_intersection,degree_Celsius,16.915549585663925,897,0.0,0.7803790412486065,-2.3216445446014404,0.6040524017810824,16.922765731811523,16.64812289171519,7.68384443075623,30.601155166625972,31.95629119873047
BCC-CSM2-MR,ssp245,optimized,late_century,2080,2100,252,performance_ratio,all_monthly_grid_samples,china_intersection,1,nan,226044,0.0,0.0,0.8998215198516846,0.928063709139824,1.0339540243148804,1.0417593860659022,0.06921825771069244,1.1960395801067354,1.2416083812713623
BCC-CSM2-MR,ssp245,optimized,late_century,2080,2100,252,performance_ratio,period_mean_map,china_intersection,1,1.040422262076168,897,0.0,0.0,0.9652181267738342,0.9719939994812011,1.0403863191604614,1.0417593908283358,0.0384192241946211,1.1219798421859741,1.1366078853607178
BCC-CSM2-MR,ssp245,optimized,late_century,2080,2100,252,pvpot,all_monthly_grid_samples,china_intersection,W m-2,nan,226044,0.0,0.0,32.975589752197266,68.70258590698242,200.36399841308594,201.27927672808792,66.28033710464663,357.6512344360352,429.87237548828125
BCC-CSM2-MR,ssp245,optimized,late_century,2080,2100,252,pvpot,period_mean_map,china_intersection,W m-2,202.94450099667725,897,0.0,0.0,131.88824462890625,139.78886291503906,192.07058715820312,201.27927579847866,36.66198593157324,284.91844848632815,293.4670104980469
BCC-CSM2-MR,ssp245,optimized,late_century,2080,2100,252,wind_speed_hub,all_monthly_grid_samples,china_intersection,m s-1,nan,226044,0.0,0.0,0.12047106772661209,0.5681262946128846,2.628845453262329,3.016091607020159,1.8229949030659842,9.268266792297364,19.60906219482422
BCC-CSM2-MR,ssp245,optimized,late_century,2080,2100,252,wind_speed_hub,period_mean_map,china_intersection,m s-1,2.876060895281647,897,0.0,0.0,0.8129950165748596,1.0586264657974243,2.779141426086426,3.0160916172541103,1.319874673549578,8.675193824768064,10.504392623901367
BCC-CSM2-MR,ssp245,optimized,late_century,2080,2100,252,wpd,all_monthly_grid_samples,china_intersection,W m-2,nan,226044,0.0,0.0,0.0010709133930504322,0.11231577299535274,11.127593040466309,42.074595115656486,133.16402587795798,487.6426535034181,4618.240234375
BCC-CSM2-MR,ssp245,optimized,late_century,2080,2100,252,wpd,period_mean_map,china_intersection,W m-2,29.920309031861148,897,0.0,0.0,0.5160713195800781,1.0277703666687013,18.784957885742188,42.074594346642364,91.07622741081857,566.2010107421875,1179.3900146484375
BCC-CSM2-MR,ssp585,paper_qm,historical,1994,2014,252,tcell,all_monthly_grid_samples,china_intersection,degree_Celsius,nan,226044,0.0,19.52230539187061,-28.932161331176758,-17.611371212005615,15.61866569519043,13.828446058774082,13.923758417897048,36.23895126342775,42.522438049316406
BCC-CSM2-MR,ssp585,paper_qm,historical,1994,2014,252,tcell,period_mean_map,china_intersection,degree_Celsius,14.07697306820141,897,0.0,2.341137123745819,-5.099723815917969,-2.089968042373657,13.799539566040039,13.828446108735724,7.649794235759165,27.967935333251937,30.086727142333984
BCC-CSM2-MR,ssp585,paper_qm,historical,1994,2014,252,performance_ratio,all_monthly_grid_samples,china_intersection,1,nan,226044,0.0,0.0,0.9123878479003906,0.9438052242994308,1.0469067096710205,1.0558577696612075,0.06961879208798756,1.2130568063259126,1.2696608304977417
BCC-CSM2-MR,ssp585,paper_qm,historical,1994,2014,252,performance_ratio,period_mean_map,china_intersection,1,1.0546151394103669,897,0.0,0.0,0.9745664596557617,0.9851605010032654,1.0560022592544556,1.0558577749375648,0.038248967743767674,1.1354496574401856,1.1504985094070435
BCC-CSM2-MR,ssp585,paper_qm,historical,1994,2014,252,pvpot,all_monthly_grid_samples,china_intersection,W m-2,nan,226044,0.0,0.0,39.082176208496094,70.0554795074463,195.83658599853516,198.9110992044541,68.50956910326231,362.4930099487305,431.4889831542969
BCC-CSM2-MR,ssp585,paper_qm,historical,1994,2014,252,pvpot,period_mean_map,china_intersection,W m-2,200.28737638862367,897,0.0,0.0,120.44550323486328,129.22237274169922,190.5956573486328,198.91109726819704,41.208004689909565,291.047314453125,299.93597412109375
BCC-CSM2-MR,ssp585,paper_qm,historical,1994,2014,252,wind_speed_hub,all_monthly_grid_samples,china_intersection,m s-1,nan,226044,0.0,0.0,0.13516181707382202,0.5640530902147293,2.6194136142730713,3.0118243107723983,1.8349139308318099,9.319098854064949,20.287912368774414
BCC-CSM2-MR,ssp585,paper_qm,historical,1994,2014,252,wind_speed_hub,period_mean_map,china_intersection,m s-1,2.8785993093205975,897,0.0,0.0,0.7793188095092773,1.047981858253479,2.766007900238037,3.011824334810676,1.3318166907054307,8.648194465637205,10.503729820251465
BCC-CSM2-MR,ssp585,paper_qm,historical,1994,2014,252,wpd,all_monthly_grid_samples,china_intersection,W m-2,nan,226044,0.0,0.0,0.0015124054625630379,0.1099173142760992,11.008250713348389,42.44209507635863,135.95215553245885,495.7101794433606,5114.67626953125
BCC-CSM2-MR,ssp585,paper_qm,historical,1994,2014,252,wpd,period_mean_map,china_intersection,W m-2,30.506573297021983,897,0.0,0.0,0.45830583572387695,0.9658889436721801,18.892032623291016,42.4420952472001,92.59318220488858,569.4605859374999,1213.8348388671875
BCC-CSM2-MR,ssp585,paper_qm,mid_century,2040,2060,252,tcell,all_monthly_grid_samples,china_intersection,degree_Celsius,nan,226044,0.0,15.977862716993151,-24.551206588745117,-15.41588110923767,17.691486358642578,15.948295556189285,13.820019635879175,38.80328105926514,43.79117202758789
BCC-CSM2-MR,ssp585,paper_qm,mid_century,2040,2060,252,tcell,period_mean_map,china_intersection,degree_Celsius,16.208643379234015,897,0.0,0.7803790412486065,-2.6818830966949463,0.4411165499687196,15.886832237243652,15.948295527610226,7.562785279911849,29.97612480163574,31.6005916595459
BCC-CSM2-MR,ssp585,paper_qm,mid_century,2040,2060,252,performance_ratio,all_monthly_grid_samples,china_intersection,1,nan,226044,0.0,0.0,0.9060441255569458,0.9309835994243622,1.0365425944328308,1.0452585221710717,0.06910009819768259,1.2020794129371644,1.247756004333496
BCC-CSM2-MR,ssp585,paper_qm,mid_century,2040,2060,252,performance_ratio,period_mean_map,china_intersection,1,1.0439567810482813,897,0.0,0.0,0.9669969081878662,0.9751196670532226,1.0455660820007324,1.0452585211034071,0.037813943989605976,1.1227948522567748,1.1384096145629883
BCC-CSM2-MR,ssp585,paper_qm,mid_century,2040,2060,252,pvpot,all_monthly_grid_samples,china_intersection,W m-2,nan,226044,0.0,0.0,30.88640022277832,67.56032867431641,198.68262481689453,199.6438422385999,66.9753574859339,356.96111053466814,424.0120544433594
BCC-CSM2-MR,ssp585,paper_qm,mid_century,2040,2060,252,pvpot,period_mean_map,china_intersection,W m-2,201.2536461706954,897,0.0,0.0,129.33709716796875,136.29049865722655,190.0066680908203,199.64384223997527,37.81736468291598,285.48195800781247,294.95184326171875
BCC-CSM2-MR,ssp585,paper_qm,mid_century,2040,2060,252,wind_speed_hub,all_monthly_grid_samples,china_intersection,m s-1,nan,226044,0.0,0.0,0.1152338907122612,0.5761534464359284,2.634436845779419,3.0164421197347413,1.8148608523716572,9.36930752754213,20.109228134155273
BCC-CSM2-MR,ssp585,paper_qm,mid_century,2040,2060,252,wind_speed_hub,period_mean_map,china_intersection,m s-1,2.8832567243269724,897,0.0,0.0,0.8061813712120056,1.0643695735931396,2.8144679069519043,3.016442125324687,1.3003120134673964,8.596293182373046,10.508599281311035
BCC-CSM2-MR,ssp585,paper_qm,mid_century,2040,2060,252,wpd,all_monthly_grid_samples,china_intersection,W m-2,nan,226044,0.0,0.0,0.0009372312924824655,0.11714415475726127,11.198748588562012,41.9109814001917,133.47719946690526,503.7656747436548,4980.72119140625
BCC-CSM2-MR,ssp585,paper_qm,mid_century,2040,2060,252,wpd,period_mean_map,china_intersection,W m-2,29.87710844983203,897,0.0,0.0,0.48509159684181213,1.0328604459762574,19.244401931762695,41.91098153647638,90.9241602108985,535.3663818359357,1192.6500244140625
BCC-CSM2-MR,ssp585,paper_qm,late_century,2080,2100,252,tcell,all_monthly_grid_samples,china_intersection,degree_Celsius,nan,226044,0.0,12.843959583090017,-21.837562561035156,-12.990323848724366,19.726370811462402,18.145718778271174,13.835098049021939,41.53651840209962,47.096134185791016
BCC-CSM2-MR,ssp585,paper_qm,late_century,2080,2100,252,tcell,period_mean_map,china_intersection,degree_Celsius,18.416812395899566,897,0.0,0.11148272017837235,-0.03931180387735367,2.8668551445007324,18.135217666625977,18.14571884451403,7.352156921549371,31.732652053833007,32.962093353271484
BCC-CSM2-MR,ssp585,paper_qm,late_century,2080,2100,252,performance_ratio,all_monthly_grid_samples,china_intersection,1,nan,226044,0.0,0.0,0.8895193338394165,0.917317408323288,1.0263681411743164,1.0342714060493792,0.06917549021093512,1.1899515974521637,1.2341878414154053
BCC-CSM2-MR,ssp585,paper_qm,late_century,2080,2100,252,performance_ratio,period_mean_map,china_intersection,1,1.0329159370955132,897,0.0,0.0,0.9601894617080688,0.9663368463516235,1.034323811531067,1.0342714063565734,0.036760782108435225,1.1106650447845459,1.1251965761184692
BCC-CSM2-MR,ssp585,paper_qm,late_century,2080,2100,252,pvpot,all_monthly_grid_samples,china_intersection,W m-2,nan,226044,0.0,0.0,27.564546585083008,66.45886138916016,199.0357208251953,200.231836526594,66.13548666414275,352.7636987304692,423.8705139160156
BCC-CSM2-MR,ssp585,paper_qm,late_century,2080,2100,252,pvpot,period_mean_map,china_intersection,W m-2,201.93818275183557,897,0.0,0.0,133.21121215820312,141.73148864746094,191.5067901611328,200.23183840068023,35.95537417084384,282.08830444335933,290.83184814453125
BCC-CSM2-MR,ssp585,paper_qm,late_century,2080,2100,252,wind_speed_hub,all_monthly_grid_samples,china_intersection,m s-1,nan,226044,0.0,0.0,0.14850248396396637,0.5801035457849503,2.70159649848938,3.089031617078698,1.8639564289052515,9.597314310073857,20.735700607299805
BCC-CSM2-MR,ssp585,paper_qm,late_century,2080,2100,252,wind_speed_hub,period_mean_map,china_intersection,m s-1,2.954947254409016,897,0.0,0.0,0.8678756952285767,1.146790533065796,2.9258973598480225,3.089031619704022,1.3164801768705217,8.869678993225097,10.803731918334961
BCC-CSM2-MR,ssp585,paper_qm,late_century,2080,2100,252,wpd,all_monthly_grid_samples,china_intersection,W m-2,nan,226044,0.0,0.0,0.0020058907102793455,0.1195701216906309,12.07723617553711,45.015731187131415,140.89273320408714,541.4461254882822,5460.87548828125
BCC-CSM2-MR,ssp585,paper_qm,late_century,2080,2100,252,wpd,period_mean_map,china_intersection,W m-2,32.11114683517004,897,0.0,0.0,0.5541555881500244,1.225029091835022,21.8388729095459,45.01573290015543,96.29086684356606,581.3649829101552,1248.2960205078125
BCC-CSM2-MR,ssp585,optimized,historical,1994,2014,252,tcell,all_monthly_grid_samples,china_intersection,degree_Celsius,nan,226044,0.0,19.52230539187061,-28.932161331176758,-17.611371212005615,15.61866569519043,13.828446058774082,13.923758417897048,36.23895126342775,42.522438049316406
BCC-CSM2-MR,ssp585,optimized,historical,1994,2014,252,tcell,period_mean_map,china_intersection,degree_Celsius,14.07697306820141,897,0.0,2.341137123745819,-5.099723815917969,-2.089968042373657,13.799539566040039,13.828446108735724,7.649794235759165,27.967935333251937,30.086727142333984
BCC-CSM2-MR,ssp585,optimized,historical,1994,2014,252,performance_ratio,all_monthly_grid_samples,china_intersection,1,nan,226044,0.0,0.0,0.9123878479003906,0.9438052242994308,1.0469067096710205,1.0558577696612075,0.06961879208798756,1.2130568063259126,1.2696608304977417
BCC-CSM2-MR,ssp585,optimized,historical,1994,2014,252,performance_ratio,period_mean_map,china_intersection,1,1.0546151394103669,897,0.0,0.0,0.9745664596557617,0.9851605010032654,1.0560022592544556,1.0558577749375648,0.038248967743767674,1.1354496574401856,1.1504985094070435
BCC-CSM2-MR,ssp585,optimized,historical,1994,2014,252,pvpot,all_monthly_grid_samples,china_intersection,W m-2,nan,226044,0.0,0.0,39.082176208496094,70.0554795074463,195.83658599853516,198.9110992044541,68.50956910326231,362.4930099487305,431.4889831542969
BCC-CSM2-MR,ssp585,optimized,historical,1994,2014,252,pvpot,period_mean_map,china_intersection,W m-2,200.28737638862367,897,0.0,0.0,120.44550323486328,129.22237274169922,190.5956573486328,198.91109726819704,41.208004689909565,291.047314453125,299.93597412109375
BCC-CSM2-MR,ssp585,optimized,historical,1994,2014,252,wind_speed_hub,all_monthly_grid_samples,china_intersection,m s-1,nan,226044,0.0,0.0,0.13516181707382202,0.5640530902147293,2.6194136142730713,3.0118243107723983,1.8349139308318099,9.319098854064949,20.287912368774414
BCC-CSM2-MR,ssp585,optimized,historical,1994,2014,252,wind_speed_hub,period_mean_map,china_intersection,m s-1,2.8785993093205975,897,0.0,0.0,0.7793188095092773,1.047981858253479,2.766007900238037,3.011824334810676,1.3318166907054307,8.648194465637205,10.503729820251465
BCC-CSM2-MR,ssp585,optimized,historical,1994,2014,252,wpd,all_monthly_grid_samples,china_intersection,W m-2,nan,226044,0.0,0.0,0.0015124054625630379,0.1099173142760992,11.008250713348389,42.44209507635863,135.95215553245885,495.7101794433606,5114.67626953125
BCC-CSM2-MR,ssp585,optimized,historical,1994,2014,252,wpd,period_mean_map,china_intersection,W m-2,30.506573297021983,897,0.0,0.0,0.45830583572387695,0.9658889436721801,18.892032623291016,42.4420952472001,92.59318220488858,569.4605859374999,1213.8348388671875
BCC-CSM2-MR,ssp585,optimized,mid_century,2040,2060,252,tcell,all_monthly_grid_samples,china_intersection,degree_Celsius,nan,226044,0.0,15.818601688166906,-24.590476989746094,-14.974269485473632,17.81071186065674,16.18177751731824,13.905763482606922,39.04460613250733,43.4432258605957
BCC-CSM2-MR,ssp585,optimized,mid_century,2040,2060,252,tcell,period_mean_map,china_intersection,degree_Celsius,16.44431817822326,897,0.0,1.0033444816053512,-2.830549955368042,0.24971907496452364,16.33496856689453,16.181777391744696,7.63800234430057,30.053186721801758,31.623126983642578
BCC-CSM2-MR,ssp585,optimized,mid_century,2040,2060,252,performance_ratio,all_monthly_grid_samples,china_intersection,1,nan,226044,0.0,0.0,0.9077838659286499,0.9297769731283188,1.0359464883804321,1.0440911125023287,0.06952881741186204,1.1998713529109957,1.2479523420333862
BCC-CSM2-MR,ssp585,optimized,mid_century,2040,2060,252,performance_ratio,period_mean_map,china_intersection,1,1.0427784016538382,897,0.0,0.0,0.9668840169906616,0.9747343182563781,1.0433253049850464,1.0440911087835645,0.038189998295302646,1.1237514638900756,1.1391526460647583
BCC-CSM2-MR,ssp585,optimized,mid_century,2040,2060,252,pvpot,all_monthly_grid_samples,china_intersection,W m-2,nan,226044,0.0,0.0,30.861387252807617,67.43050247192383,198.4272918701172,199.44619541593823,67.00026501451791,357.0394094848633,422.4886169433594
BCC-CSM2-MR,ssp585,optimized,mid_century,2040,2060,252,pvpot,period_mean_map,china_intersection,W m-2,201.0559097188604,897,0.0,0.0,128.85519409179688,135.94815795898438,189.6375274658203,199.4461946179104,37.99453920375047,286.06069091796877,295.3868408203125
BCC-CSM2-MR,ssp585,optimized,mid_century,2040,2060,252,wind_speed_hub,all_monthly_grid_samples,china_intersection,m s-1,nan,226044,0.0,0.0,0.1152338907122612,0.5795087611675263,2.6414637565612793,3.02386834133489,1.8169418760906029,9.332720432281498,20.308874130249023
BCC-CSM2-MR,ssp585,optimized,mid_century,2040,2060,252,wind_speed_hub,period_mean_map,china_intersection,m s-1,2.88634362705085,897,0.0,0.0,0.803818941116333,1.054124722480774,2.7934281826019287,3.0238683345325814,1.3242837660044096,8.592267265319823,10.567008018493652
BCC-CSM2-MR,ssp585,optimized,mid_century,2040,2060,252,wpd,all_monthly_grid_samples,china_intersection,W m-2,nan,226044,0.0,0.0,0.0009372312924824655,0.11920270718634128,11.288599491119385,42.09355262135418,133.23987813729144,497.88708526611384,5130.546875
BCC-CSM2-MR,ssp585,optimized,mid_century,2040,2060,252,wpd,period_mean_map,china_intersection,W m-2,30.101741640918142,897,0.0,0.0,0.5010120272636414,1.0106990456581115,18.851295471191406,42.09355326719508,91.15125283876732,533.2537280273419,1200.661376953125
BCC-CSM2-MR,ssp585,optimized,late_century,2080,2100,252,tcell,all_monthly_grid_samples,china_intersection,degree_Celsius,nan,226044,0.0,12.449788536745059,-20.936080932617188,-12.23343306541443,19.952606201171875,18.499058791558905,13.9169425667439,41.76626869201661,46.72527313232422
BCC-CSM2-MR,ssp585,optimized,late_century,2080,2100,252,tcell,period_mean_map,china_intersection,degree_Celsius,18.76718939020984,897,0.0,0.11148272017837235,-0.12316015362739563,2.780423564910889,18.646495819091797,18.499058458850268,7.429989489072718,31.934010009765625,33.07517623901367
BCC-CSM2-MR,ssp585,optimized,late_century,2080,2100,252,performance_ratio,all_monthly_grid_samples,china_intersection,1,nan,226044,0.0,0.0,0.8913736343383789,0.916168652176857,1.025236964225769,1.0325047061345913,0.06958471281107764,1.1861671829223632,1.2296804189682007
BCC-CSM2-MR,ssp585,optimized,late_century,2080,2100,252,performance_ratio,period_mean_map,china_intersection,1,1.0311640445885513,897,0.0,0.0,0.9596237540245056,0.9653296494483947,1.03176748752594,1.0325047018270164,0.037149960214353045,1.1110980415344238,1.1256163120269775
BCC-CSM2-MR,ssp585,optimized,late_century,2080,2100,252,pvpot,all_monthly_grid_samples,china_intersection,W m-2,nan,226044,0.0,0.0,27.491962432861328,66.14254920959472,198.73009490966797,199.9192474741854,66.12757751265045,352.8351177978517,427.1835632324219
BCC-CSM2-MR,ssp585,optimized,late_century,2080,2100,252,pvpot,period_mean_map,china_intersection,W m-2,201.6293398237595,897,0.0,0.0,132.62033081054688,140.92648254394533,191.17214965820312,199.91925011404115,36.169347256831045,282.66129028320313,291.2375793457031
BCC-CSM2-MR,ssp585,optimized,late_century,2080,2100,252,wind_speed_hub,all_monthly_grid_samples,china_intersection,m s-1,nan,226044,0.0,0.0,0.13130006194114685,0.5848439997434616,2.673018455505371,3.0587641718054766,1.842771785929076,9.451440448760998,20.735700607299805
BCC-CSM2-MR,ssp585,optimized,late_century,2080,2100,252,wind_speed_hub,period_mean_map,china_intersection,m s-1,2.9188529719113565,897,0.0,0.0,0.8303681015968323,1.0695143032073975,2.8523964881896973,3.0587641717731087,1.3371909659590002,8.802914009094238,10.801488876342773
BCC-CSM2-MR,ssp585,optimized,late_century,2080,2100,252,wpd,all_monthly_grid_samples,china_intersection,W m-2,nan,226044,0.0,0.0,0.0013864393113180995,0.12252541206777096,11.698010921478271,43.74682140470324,138.99575723928768,517.1304730224629,5460.87548828125
BCC-CSM2-MR,ssp585,optimized,late_century,2080,2100,252,wpd,period_mean_map,china_intersection,W m-2,31.139342913726733,897,0.0,0.0,0.5372615456581116,1.0261664509773254,20.313671112060547,43.746821147542335,95.27202182063486,570.3437011718737,1246.83447265625
CAS-ESM2-0,ssp126,paper_qm,historical,1994,2014,252,tcell,all_monthly_grid_samples,china_intersection,degree_Celsius,nan,146916,0.0,19.263388603011244,-31.22897720336914,-17.936169815063476,16.075648307800293,14.088614085469672,14.021544495647792,36.219446945190434,41.37287902832031
CAS-ESM2-0,ssp126,paper_qm,historical,1994,2014,252,tcell,period_mean_map,china_intersection,degree_Celsius,14.270353085734264,583,0.0,3.2590051457975986,-3.5880541801452637,-2.2328407907485963,14.470643997192383,14.088614044696616,7.72546911409536,28.032598075866687,31.35325813293457
CAS-ESM2-0,ssp126,paper_qm,historical,1994,2014,252,performance_ratio,all_monthly_grid_samples,china_intersection,1,nan,146916,0.0,0.0,0.9181355834007263,0.9439027667045593,1.044621765613556,1.0545569295675976,0.07010772237281737,1.2146808981895447,1.2811448574066162
CAS-ESM2-0,ssp126,paper_qm,historical,1994,2014,252,performance_ratio,period_mean_map,china_intersection,1,1.0536482374766345,583,0.0,0.0,0.9682338237762451,0.9848369038105012,1.0526469945907593,1.0545569202298775,0.038627342985704485,1.1361638045310973,1.1429400444030762
CAS-ESM2-0,ssp126,paper_qm,historical,1994,2014,252,pvpot,all_monthly_grid_samples,china_intersection,W m-2,nan,146916,0.0,0.0,41.2130126953125,68.79851150512695,195.91046905517578,198.37599044526547,68.47765295809148,364.5433471679688,434.61163330078125
CAS-ESM2-0,ssp126,paper_qm,historical,1994,2014,252,pvpot,period_mean_map,china_intersection,W m-2,200.08678302935476,583,0.0,0.0,121.41583251953125,129.2854718017578,188.841552734375,198.37598885066717,40.59059384837237,289.9421398925781,301.09075927734375
CAS-ESM2-0,ssp126,paper_qm,historical,1994,2014,252,wind_speed_hub,all_monthly_grid_samples,china_intersection,m s-1,nan,146916,0.0,0.0,0.14759692549705505,0.527799928188324,2.580273389816284,3.007044469493891,1.922127419659879,9.792541360855115,19.489065170288086
CAS-ESM2-0,ssp126,paper_qm,historical,1994,2014,252,wind_speed_hub,period_mean_map,china_intersection,m s-1,2.820253301509741,583,0.0,0.0,0.738862931728363,0.9773647487163544,2.742504835128784,3.007044488222276,1.432255380508585,8.652322349548326,10.43874740600586
CAS-ESM2-0,ssp126,paper_qm,historical,1994,2014,252,wpd,all_monthly_grid_samples,china_intersection,W m-2,nan,146916,0.0,0.0,0.001969418488442898,0.090056287124753,10.522119522094727,45.264582194636,146.83666952503316,575.1648223876973,4533.9755859375
CAS-ESM2-0,ssp126,paper_qm,historical,1994,2014,252,wpd,period_mean_map,china_intersection,W m-2,30.085748506861993,583,0.0,0.0,0.3535453975200653,0.8246407854557037,18.201175689697266,45.26458268360862,101.62479699307721,593.9940161132785,1148.97119140625
CAS-ESM2-0,ssp126,paper_qm,mid_century,2040,2060,252,tcell,all_monthly_grid_samples,china_intersection,degree_Celsius,nan,146916,0.0,15.884587111002205,-26.771230697631836,-16.116232776641844,17.709922790527344,15.964392001818764,13.876405313007929,38.55035247802735,43.106380462646484
CAS-ESM2-0,ssp126,paper_qm,mid_century,2040,2060,252,tcell,period_mean_map,china_intersection,degree_Celsius,16.190991044675794,583,0.0,1.2006861063464835,-1.731225848197937,-0.10001666873693466,16.312700271606445,15.964391729383895,7.557686349518218,29.562325859069823,32.92431640625
CAS-ESM2-0,ssp126,paper_qm,mid_century,2040,2060,252,performance_ratio,all_monthly_grid_samples,china_intersection,1,nan,146916,0.0,0.0,0.9094681143760681,0.9322482049465179,1.0364503860473633,1.0451780400389068,0.06938202657173174,1.205581158399582,1.258856177330017
CAS-ESM2-0,ssp126,paper_qm,mid_century,2040,2060,252,performance_ratio,period_mean_map,china_intersection,1,1.0440450431777457,583,0.0,0.0,0.960378110408783,0.9771885895729064,1.0434364080429077,1.0451780355201576,0.03778841983241194,1.1255003118515015,1.1336557865142822
CAS-ESM2-0,ssp126,paper_qm,mid_century,2040,2060,252,pvpot,all_monthly_grid_samples,china_intersection,W m-2,nan,146916,0.0,0.0,37.46097946166992,68.09342727661132,199.4417266845703,199.61831773895395,66.5842403556834,359.19243164062505,448.8347473144531
CAS-ESM2-0,ssp126,paper_qm,mid_century,2040,2060,252,pvpot,period_mean_map,china_intersection,W m-2,201.44521677286272,583,0.0,0.0,130.65298461914062,139.19216247558595,190.14732360839844,199.61832136150903,36.16036650636275,282.55635986328116,294.0265808105469
CAS-ESM2-0,ssp126,paper_qm,mid_century,2040,2060,252,wind_speed_hub,all_monthly_grid_samples,china_intersection,m s-1,nan,146916,0.0,0.0,0.12451393902301788,0.533239272236824,2.611863851547241,3.0372182963736334,1.9423810172087577,10.001678180694585,22.08162498474121
CAS-ESM2-0,ssp126,paper_qm,mid_century,2040,2060,252,wind_speed_hub,period_mean_map,china_intersection,m s-1,2.850615146300209,583,0.0,0.0,0.7291237115859985,0.9438578128814697,2.77506160736084,3.0372183021304946,1.4522655472420614,8.843755550384515,10.788241386413574
CAS-ESM2-0,ssp126,paper_qm,mid_century,2040,2060,252,wpd,all_monthly_grid_samples,china_intersection,W m-2,nan,146916,0.0,0.0,0.001182388048619032,0.09286936968564988,10.913340091705322,46.91138314528817,156.4447645956832,612.8083740234383,6594.7626953125
CAS-ESM2-0,ssp126,paper_qm,mid_century,2040,2060,252,wpd,period_mean_map,china_intersection,W m-2,30.712480041009737,583,0.0,0.0,0.3511384129524231,0.7259387481212616,19.017391204833984,46.91138322260326,107.92195068120657,618.733405761717,1238.3336181640625
CAS-ESM2-0,ssp126,paper_qm,late_century,2080,2100,252,tcell,all_monthly_grid_samples,china_intersection,degree_Celsius,nan,146916,0.0,15.085491028887255,-25.082626342773438,-16.05135908126831,18.312957763671875,16.52327385789993,13.951443221693363,39.21702518463135,43.60490036010742
CAS-ESM2-0,ssp126,paper_qm,late_century,2080,2100,252,tcell,period_mean_map,china_intersection,degree_Celsius,16.772254331065835,583,0.0,0.5145797598627788,-1.2654294967651367,0.45232579827308655,16.943761825561523,16.523273654034487,7.634151642334138,30.234938850402827,33.35802459716797
CAS-ESM2-0,ssp126,paper_qm,late_century,2080,2100,252,performance_ratio,all_monthly_grid_samples,china_intersection,1,nan,146916,0.0,0.0,0.906975507736206,0.928914874792099,1.0334352254867554,1.0423836306379728,0.0697572160431974,1.2052568376064303,1.250413179397583
CAS-ESM2-0,ssp126,paper_qm,late_century,2080,2100,252,performance_ratio,period_mean_map,china_intersection,1,1.0411387100885954,583,0.0,0.0,0.9582099318504333,0.9738252699375153,1.0402816534042358,1.042383618256649,0.038170785626071145,1.1227385187149048,1.1313270330429077
CAS-ESM2-0,ssp126,paper_qm,late_century,2080,2100,252,pvpot,all_monthly_grid_samples,china_intersection,W m-2,nan,146916,0.0,0.0,39.40973663330078,69.688228225708,200.5586700439453,200.7303637529738,66.37159745467373,358.92031707763675,455.6031494140625
CAS-ESM2-0,ssp126,paper_qm,late_century,2080,2100,252,pvpot,period_mean_map,china_intersection,W m-2,202.66848409644012,583,0.0,0.0,134.15513610839844,143.10912322998047,191.83226013183594,200.73036513156794,35.229012453208064,282.2809765624999,293.2420654296875
CAS-ESM2-0,ssp126,paper_qm,late_century,2080,2100,252,wind_speed_hub,all_monthly_grid_samples,china_intersection,m s-1,nan,146916,0.0,0.0,0.14353354275226593,0.5074069261550903,2.57252299785614,3.0096006258010113,1.9453666003033665,9.962099647521985,18.768653869628906
CAS-ESM2-0,ssp126,paper_qm,late_century,2080,2100,252,wind_speed_hub,period_mean_map,china_intersection,m s-1,2.8267758845574567,583,0.0,0.0,0.7506434917449951,0.9254564881324768,2.73270845413208,3.009600606524924,1.4382501819058928,8.697214965820303,10.513951301574707
CAS-ESM2-0,ssp126,paper_qm,late_century,2080,2100,252,wpd,all_monthly_grid_samples,china_intersection,W m-2,nan,146916,0.0,0.0,0.0018111998215317726,0.0800157256424427,10.427589416503906,46.05337524416311,148.96169538031225,605.5621673584006,4049.53759765625
CAS-ESM2-0,ssp126,paper_qm,late_century,2080,2100,252,wpd,period_mean_map,china_intersection,W m-2,30.397537243594574,583,0.0,0.0,0.36724817752838135,0.6832447111606598,18.526384353637695,46.05337485584141,102.83214570207228,602.3424743652338,1152.6593017578125
CAS-ESM2-0,ssp126,optimized,historical,1994,2014,252,tcell,all_monthly_grid_samples,china_intersection,degree_Celsius,nan,146916,0.0,19.263388603011244,-31.22897720336914,-17.936169815063476,16.075648307800293,14.088614085469672,14.021544495647792,36.219446945190434,41.37287902832031
CAS-ESM2-0,ssp126,optimized,historical,1994,2014,252,tcell,period_mean_map,china_intersection,degree_Celsius,14.270353085734264,583,0.0,3.2590051457975986,-3.5880541801452637,-2.2328407907485963,14.470643997192383,14.088614044696616,7.72546911409536,28.032598075866687,31.35325813293457
CAS-ESM2-0,ssp126,optimized,historical,1994,2014,252,performance_ratio,all_monthly_grid_samples,china_intersection,1,nan,146916,0.0,0.0,0.9181355834007263,0.9439027667045593,1.044621765613556,1.0545569295675976,0.07010772237281737,1.2146808981895447,1.2811448574066162
CAS-ESM2-0,ssp126,optimized,historical,1994,2014,252,performance_ratio,period_mean_map,china_intersection,1,1.0536482374766345,583,0.0,0.0,0.9682338237762451,0.9848369038105012,1.0526469945907593,1.0545569202298775,0.038627342985704485,1.1361638045310973,1.1429400444030762
CAS-ESM2-0,ssp126,optimized,historical,1994,2014,252,pvpot,all_monthly_grid_samples,china_intersection,W m-2,nan,146916,0.0,0.0,41.2130126953125,68.79851150512695,195.91046905517578,198.37599044526547,68.47765295809148,364.5433471679688,434.61163330078125
CAS-ESM2-0,ssp126,optimized,historical,1994,2014,252,pvpot,period_mean_map,china_intersection,W m-2,200.08678302935476,583,0.0,0.0,121.41583251953125,129.2854718017578,188.841552734375,198.37598885066717,40.59059384837237,289.9421398925781,301.09075927734375
CAS-ESM2-0,ssp126,optimized,historical,1994,2014,252,wind_speed_hub,all_monthly_grid_samples,china_intersection,m s-1,nan,146916,0.0,0.0,0.14759692549705505,0.527799928188324,2.580273389816284,3.007044469493891,1.922127419659879,9.792541360855115,19.489065170288086
CAS-ESM2-0,ssp126,optimized,historical,1994,2014,252,wind_speed_hub,period_mean_map,china_intersection,m s-1,2.820253301509741,583,0.0,0.0,0.738862931728363,0.9773647487163544,2.742504835128784,3.007044488222276,1.432255380508585,8.652322349548326,10.43874740600586
CAS-ESM2-0,ssp126,optimized,historical,1994,2014,252,wpd,all_monthly_grid_samples,china_intersection,W m-2,nan,146916,0.0,0.0,0.001969418488442898,0.090056287124753,10.522119522094727,45.264582194636,146.83666952503316,575.1648223876973,4533.9755859375
CAS-ESM2-0,ssp126,optimized,historical,1994,2014,252,wpd,period_mean_map,china_intersection,W m-2,30.085748506861993,583,0.0,0.0,0.3535453975200653,0.8246407854557037,18.201175689697266,45.26458268360862,101.62479699307721,593.9940161132785,1148.97119140625
CAS-ESM2-0,ssp126,optimized,mid_century,2040,2060,252,tcell,all_monthly_grid_samples,china_intersection,degree_Celsius,nan,146916,0.0,16.202455825097335,-27.900466918945312,-15.815022325515747,17.497185707092285,15.852783683143734,13.914360653157054,38.21136550903321,43.52482986450195
CAS-ESM2-0,ssp126,optimized,mid_century,2040,2060,252,tcell,period_mean_map,china_intersection,degree_Celsius,16.037760215883523,583,0.0,1.5437392795883362,-1.9214848279953003,-0.5884716165065765,16.352243423461914,15.85278353265664,7.665911145077922,29.515113716125487,32.98345184326172
CAS-ESM2-0,ssp126,optimized,mid_century,2040,2060,252,performance_ratio,all_monthly_grid_samples,china_intersection,1,nan,146916,0.0,0.0,0.9073758721351624,0.933943173289299,1.037514090538025,1.0457360815259775,0.06957180327010996,1.2040751516819002,1.2645022869110107
CAS-ESM2-0,ssp126,optimized,mid_century,2040,2060,252,performance_ratio,period_mean_map,china_intersection,1,1.0448111885695592,583,0.0,0.0,0.9600828289985657,0.9774246740341187,1.0432385206222534,1.045736077719242,0.038329561983994426,1.1279425311088562,1.1346074342727661
CAS-ESM2-0,ssp126,optimized,mid_century,2040,2060,252,pvpot,all_monthly_grid_samples,china_intersection,W m-2,nan,146916,0.0,0.0,37.4928092956543,68.09262313842774,199.54070281982422,199.78665252073185,66.84914085211767,361.0250885009769,452.6675720214844
CAS-ESM2-0,ssp126,optimized,mid_century,2040,2060,252,pvpot,period_mean_map,china_intersection,W m-2,201.65829286625808,583,0.0,0.0,130.65696716308594,139.07945678710936,190.0480499267578,199.78664841823675,36.477337563080184,283.9630596923828,294.69970703125
CAS-ESM2-0,ssp126,optimized,mid_century,2040,2060,252,wind_speed_hub,all_monthly_grid_samples,china_intersection,m s-1,nan,146916,0.0,0.0,0.12451393902301788,0.5611983060836792,2.6352875232696533,3.0584609916072054,1.9270137258388138,9.923917388916022,22.08162498474121
CAS-ESM2-0,ssp126,optimized,mid_century,2040,2060,252,wind_speed_hub,period_mean_map,china_intersection,m s-1,2.8722080674952037,583,0.0,0.0,0.7415252923965454,1.0081488394737244,2.809115171432495,3.0584609944047485,1.4471219047446382,8.858671417236328,10.76769733428955
CAS-ESM2-0,ssp126,optimized,mid_century,2040,2060,252,wpd,all_monthly_grid_samples,china_intersection,W m-2,nan,146916,0.0,0.0,0.001182388048619032,0.10825679190456867,11.209600448608398,46.87172508081047,154.91413683570374,598.6259674072278,6594.7626953125
CAS-ESM2-0,ssp126,optimized,mid_century,2040,2060,252,wpd,period_mean_map,china_intersection,W m-2,30.90943914915616,583,0.0,0.0,0.361704021692276,0.8855818212032318,18.74907112121582,46.871724786521234,107.03349373116465,616.1472277832007,1230.908447265625
CAS-ESM2-0,ssp126,optimized,late_century,2080,2100,252,tcell,all_monthly_grid_samples,china_intersection,degree_Celsius,nan,146916,0.0,15.491165019466907,-25.996768951416016,-15.71693696975708,18.1060791015625,16.41441353761947,13.995130041658165,38.919975090026874,43.595088958740234
CAS-ESM2-0,ssp126,optimized,late_century,2080,2100,252,tcell,period_mean_map,china_intersection,degree_Celsius,16.619612310284772,583,0.0,1.2006861063464835,-1.4412535429000854,-0.1619917258620262,16.87623405456543,16.414413693864187,7.770916529432149,30.15830585479735,33.45798873901367
CAS-ESM2-0,ssp126,optimized,late_century,2080,2100,252,performance_ratio,all_monthly_grid_samples,china_intersection,1,nan,146916,0.0,0.0,0.9070245623588562,0.9304001152515411,1.0344696044921875,1.042927932286815,0.06997565017176766,1.2035847127437593,1.254983901977539
CAS-ESM2-0,ssp126,optimized,late_century,2080,2100,252,performance_ratio,period_mean_map,china_intersection,1,1.0419019254142952,583,0.0,0.0,0.9577102065086365,0.974208676815033,1.0406187772750854,1.04292791703553,0.038854570090820925,1.1258095502853394,1.132205605506897
CAS-ESM2-0,ssp126,optimized,late_century,2080,2100,252,pvpot,all_monthly_grid_samples,china_intersection,W m-2,nan,146916,0.0,0.0,39.268775939941406,69.66937026977538,200.70996856689453,200.9075301411903,66.67615676073719,361.004801940918,458.3489685058594
CAS-ESM2-0,ssp126,optimized,late_century,2080,2100,252,pvpot,period_mean_map,china_intersection,W m-2,202.89243086959107,583,0.0,0.0,134.1217803955078,143.0860461425781,191.62721252441406,200.90753069136605,35.58670224321326,283.781577758789,293.9830627441406
CAS-ESM2-0,ssp126,optimized,late_century,2080,2100,252,wind_speed_hub,all_monthly_grid_samples,china_intersection,m s-1,nan,146916,0.0,0.0,0.14353354275226593,0.5486778616905212,2.6129244565963745,3.0404522393814983,1.924431229651784,9.88035368919373,18.77433967590332
CAS-ESM2-0,ssp126,optimized,late_century,2080,2100,252,wind_speed_hub,period_mean_map,china_intersection,m s-1,2.8550263342490143,583,0.0,0.0,0.7542279958724976,1.0006222867965697,2.7805826663970947,3.0404522345364606,1.4368766632685277,8.732422084808338,10.470741271972656
CAS-ESM2-0,ssp126,optimized,late_century,2080,2100,252,wpd,all_monthly_grid_samples,china_intersection,W m-2,nan,146916,0.0,0.0,0.0018111998215317726,0.10117154642939567,10.926640510559082,46.09744386163237,147.23381270779257,590.777032470704,4053.219482421875
CAS-ESM2-0,ssp126,optimized,late_century,2080,2100,252,wpd,period_mean_map,china_intersection,W m-2,30.63492175662767,583,0.0,0.0,0.3842555582523346,0.8403239738941193,18.715478897094727,46.09744256918876,102.22721693789313,612.8670031738278,1136.6170654296875
CAS-ESM2-0,ssp245,paper_qm,historical,1994,2014,252,tcell,all_monthly_grid_samples,china_intersection,degree_Celsius,nan,146916,0.0,19.263388603011244,-31.22897720336914,-17.936169815063476,16.075648307800293,14.088614085469672,14.021544495647792,36.219446945190434,41.37287902832031
CAS-ESM2-0,ssp245,paper_qm,historical,1994,2014,252,tcell,period_mean_map,china_intersection,degree_Celsius,14.270353085734264,583,0.0,3.2590051457975986,-3.5880541801452637,-2.2328407907485963,14.470643997192383,14.088614044696616,7.72546911409536,28.032598075866687,31.35325813293457
CAS-ESM2-0,ssp245,paper_qm,historical,1994,2014,252,performance_ratio,all_monthly_grid_samples,china_intersection,1,nan,146916,0.0,0.0,0.9181355834007263,0.9439027667045593,1.044621765613556,1.0545569295675976,0.07010772237281737,1.2146808981895447,1.2811448574066162
CAS-ESM2-0,ssp245,paper_qm,historical,1994,2014,252,performance_ratio,period_mean_map,china_intersection,1,1.0536482374766345,583,0.0,0.0,0.9682338237762451,0.9848369038105012,1.0526469945907593,1.0545569202298775,0.038627342985704485,1.1361638045310973,1.1429400444030762
CAS-ESM2-0,ssp245,paper_qm,historical,1994,2014,252,pvpot,all_monthly_grid_samples,china_intersection,W m-2,nan,146916,0.0,0.0,41.2130126953125,68.79851150512695,195.91046905517578,198.37599044526547,68.47765295809148,364.5433471679688,434.61163330078125
CAS-ESM2-0,ssp245,paper_qm,historical,1994,2014,252,pvpot,period_mean_map,china_intersection,W m-2,200.08678302935476,583,0.0,0.0,121.41583251953125,129.2854718017578,188.841552734375,198.37598885066717,40.59059384837237,289.9421398925781,301.09075927734375
CAS-ESM2-0,ssp245,paper_qm,historical,1994,2014,252,wind_speed_hub,all_monthly_grid_samples,china_intersection,m s-1,nan,146916,0.0,0.0,0.14759692549705505,0.527799928188324,2.580273389816284,3.007044469493891,1.922127419659879,9.792541360855115,19.489065170288086
CAS-ESM2-0,ssp245,paper_qm,historical,1994,2014,252,wind_speed_hub,period_mean_map,china_intersection,m s-1,2.820253301509741,583,0.0,0.0,0.738862931728363,0.9773647487163544,2.742504835128784,3.007044488222276,1.432255380508585,8.652322349548326,10.43874740600586
CAS-ESM2-0,ssp245,paper_qm,historical,1994,2014,252,wpd,all_monthly_grid_samples,china_intersection,W m-2,nan,146916,0.0,0.0,0.001969418488442898,0.090056287124753,10.522119522094727,45.264582194636,146.83666952503316,575.1648223876973,4533.9755859375
CAS-ESM2-0,ssp245,paper_qm,historical,1994,2014,252,wpd,period_mean_map,china_intersection,W m-2,30.085748506861993,583,0.0,0.0,0.3535453975200653,0.8246407854557037,18.201175689697266,45.26458268360862,101.62479699307721,593.9940161132785,1148.97119140625
CAS-ESM2-0,ssp245,paper_qm,mid_century,2040,2060,252,tcell,all_monthly_grid_samples,china_intersection,degree_Celsius,nan,146916,0.0,15.367965367965366,-25.812238693237305,-16.02323713302612,17.896924018859863,16.141938881518506,13.797509641301843,38.844823646545414,43.26469421386719
CAS-ESM2-0,ssp245,paper_qm,mid_century,2040,2060,252,tcell,period_mean_map,china_intersection,degree_Celsius,16.36647738257251,583,0.0,0.6861063464837049,-1.545086145401001,0.306799405515194,16.545724868774414,16.14193883409271,7.577707692560111,29.81703960418701,32.904823303222656
CAS-ESM2-0,ssp245,paper_qm,mid_century,2040,2060,252,performance_ratio,all_monthly_grid_samples,china_intersection,1,nan,146916,0.0,0.0,0.9086765050888062,0.9307758897542954,1.0355153679847717,1.0442903056688424,0.06898754829891052,1.2051161885261537,1.254061222076416
CAS-ESM2-0,ssp245,paper_qm,mid_century,2040,2060,252,performance_ratio,period_mean_map,china_intersection,1,1.0431676174448727,583,0.0,0.0,0.9604759216308594,0.9759147310256958,1.042271614074707,1.0442903068421432,0.03788853770346662,1.1234660220146178,1.1327251195907593
CAS-ESM2-0,ssp245,paper_qm,mid_century,2040,2060,252,pvpot,all_monthly_grid_samples,china_intersection,W m-2,nan,146916,0.0,0.0,28.401491165161133,65.94230041503906,196.03109741210938,196.55007461190417,66.93752776348026,358.93456268310564,430.0345458984375
CAS-ESM2-0,ssp245,paper_qm,mid_century,2040,2060,252,pvpot,period_mean_map,china_intersection,W m-2,198.35813133516896,583,0.0,0.0,125.80613708496094,133.77398864746092,186.47824096679688,196.55007089186287,37.014468297907236,282.6663635253906,291.9346618652344
CAS-ESM2-0,ssp245,paper_qm,mid_century,2040,2060,252,wind_speed_hub,all_monthly_grid_samples,china_intersection,m s-1,nan,146916,0.0,0.0,0.133223295211792,0.4858724012970924,2.523210287094116,2.959163451322601,1.93564963747346,9.826752042770387,19.76838493347168
CAS-ESM2-0,ssp245,paper_qm,mid_century,2040,2060,252,wind_speed_hub,period_mean_map,china_intersection,m s-1,2.777233976682953,583,0.0,0.0,0.7078092694282532,0.9160623061656952,2.7161998748779297,2.959163415493319,1.422823869207248,8.543331832885737,10.05699634552002
CAS-ESM2-0,ssp245,paper_qm,mid_century,2040,2060,252,wpd,all_monthly_grid_samples,china_intersection,W m-2,nan,146916,0.0,0.0,0.0014482603874057531,0.07025428041815758,9.83935022354126,44.62131689834696,148.32012400767223,581.2139892578127,4731.7265625
CAS-ESM2-0,ssp245,paper_qm,mid_century,2040,2060,252,wpd,period_mean_map,china_intersection,W m-2,29.575973430028593,583,0.0,0.0,0.30779844522476196,0.5996404004096985,17.784435272216797,44.62131459175211,100.03815929064851,573.7096594238249,1111.7056884765625
CAS-ESM2-0,ssp245,paper_qm,late_century,2080,2100,252,tcell,all_monthly_grid_samples,china_intersection,degree_Celsius,nan,146916,0.0,13.215034441449536,-23.284944534301758,-14.305874156951903,19.121785163879395,17.440155648380802,13.605724268758959,39.935469055175794,44.35203170776367
CAS-ESM2-0,ssp245,paper_qm,late_century,2080,2100,252,tcell,period_mean_map,china_intersection,degree_Celsius,17.680884251215307,583,0.0,0.17152658662092624,-0.21726511418819427,1.4215138173103332,18.007553100585938,17.44015564315826,7.4810196933326205,30.794789085388185,34.1209602355957
CAS-ESM2-0,ssp245,paper_qm,late_century,2080,2100,252,performance_ratio,all_monthly_grid_samples,china_intersection,1,nan,146916,0.0,0.0,0.9032398462295532,0.9253226518630981,1.0293910503387451,1.0377992216374223,0.06802862122339645,1.196529406309128,1.2414246797561646
CAS-ESM2-0,ssp245,paper_qm,late_century,2080,2100,252,performance_ratio,period_mean_map,china_intersection,1,1.036595564587183,583,0.0,0.0,0.9543948173522949,0.9710262000560761,1.0349621772766113,1.0377992063402925,0.03740510923810565,1.1178921961784363,1.1260863542556763
CAS-ESM2-0,ssp245,paper_qm,late_century,2080,2100,252,pvpot,all_monthly_grid_samples,china_intersection,W m-2,nan,146916,0.0,0.0,32.5064582824707,65.01517066955566,196.7498550415039,196.90839157957708,65.81996230233517,355.20512847900403,430.2457580566406
CAS-ESM2-0,ssp245,paper_qm,late_century,2080,2100,252,pvpot,period_mean_map,china_intersection,W m-2,198.9157081092416,583,0.0,0.0,130.24696350097656,140.95836517333984,187.82656860351562,196.90839327097348,35.15316942094447,280.76556335449214,289.4458312988281
CAS-ESM2-0,ssp245,paper_qm,late_century,2080,2100,252,wind_speed_hub,all_monthly_grid_samples,china_intersection,m s-1,nan,146916,0.0,0.0,0.13015855848789215,0.47606494128704074,2.5351085662841797,2.968008585413782,1.9409125054794407,9.784953641891489,20.153474807739258
CAS-ESM2-0,ssp245,paper_qm,late_century,2080,2100,252,wind_speed_hub,period_mean_map,china_intersection,m s-1,2.7860802265879743,583,0.0,0.0,0.6971516013145447,0.886209923028946,2.697432041168213,2.968008650412486,1.4263982442549357,8.540901298522948,10.308533668518066
CAS-ESM2-0,ssp245,paper_qm,late_century,2080,2100,252,wpd,all_monthly_grid_samples,china_intersection,W m-2,nan,146916,0.0,0.0,0.001350592472590506,0.06608527339994907,9.979200839996338,45.074261963753486,152.4557762062373,573.8288787841813,5013.67236328125
CAS-ESM2-0,ssp245,paper_qm,late_century,2080,2100,252,wpd,period_mean_map,china_intersection,W m-2,29.508574231316057,583,0.0,0.0,0.3060969114303589,0.570149508714676,17.814119338989258,45.07426223542228,102.26192195312099,586.6390258789048,1141.4283447265625
CAS-ESM2-0,ssp245,optimized,historical,1994,2014,252,tcell,all_monthly_grid_samples,china_intersection,degree_Celsius,nan,146916,0.0,19.263388603011244,-31.22897720336914,-17.936169815063476,16.075648307800293,14.088614085469672,14.021544495647792,36.219446945190434,41.37287902832031
CAS-ESM2-0,ssp245,optimized,historical,1994,2014,252,tcell,period_mean_map,china_intersection,degree_Celsius,14.270353085734264,583,0.0,3.2590051457975986,-3.5880541801452637,-2.2328407907485963,14.470643997192383,14.088614044696616,7.72546911409536,28.032598075866687,31.35325813293457
CAS-ESM2-0,ssp245,optimized,historical,1994,2014,252,performance_ratio,all_monthly_grid_samples,china_intersection,1,nan,146916,0.0,0.0,0.9181355834007263,0.9439027667045593,1.044621765613556,1.0545569295675976,0.07010772237281737,1.2146808981895447,1.2811448574066162
CAS-ESM2-0,ssp245,optimized,historical,1994,2014,252,performance_ratio,period_mean_map,china_intersection,1,1.0536482374766345,583,0.0,0.0,0.9682338237762451,0.9848369038105012,1.0526469945907593,1.0545569202298775,0.038627342985704485,1.1361638045310973,1.1429400444030762
CAS-ESM2-0,ssp245,optimized,historical,1994,2014,252,pvpot,all_monthly_grid_samples,china_intersection,W m-2,nan,146916,0.0,0.0,41.2130126953125,68.79851150512695,195.91046905517578,198.37599044526547,68.47765295809148,364.5433471679688,434.61163330078125
CAS-ESM2-0,ssp245,optimized,historical,1994,2014,252,pvpot,period_mean_map,china_intersection,W m-2,200.08678302935476,583,0.0,0.0,121.41583251953125,129.2854718017578,188.841552734375,198.37598885066717,40.59059384837237,289.9421398925781,301.09075927734375
CAS-ESM2-0,ssp245,optimized,historical,1994,2014,252,wind_speed_hub,all_monthly_grid_samples,china_intersection,m s-1,nan,146916,0.0,0.0,0.14759692549705505,0.527799928188324,2.580273389816284,3.007044469493891,1.922127419659879,9.792541360855115,19.489065170288086
CAS-ESM2-0,ssp245,optimized,historical,1994,2014,252,wind_speed_hub,period_mean_map,china_intersection,m s-1,2.820253301509741,583,0.0,0.0,0.738862931728363,0.9773647487163544,2.742504835128784,3.007044488222276,1.432255380508585,8.652322349548326,10.43874740600586
CAS-ESM2-0,ssp245,optimized,historical,1994,2014,252,wpd,all_monthly_grid_samples,china_intersection,W m-2,nan,146916,0.0,0.0,0.001969418488442898,0.090056287124753,10.522119522094727,45.264582194636,146.83666952503316,575.1648223876973,4533.9755859375
CAS-ESM2-0,ssp245,optimized,historical,1994,2014,252,wpd,period_mean_map,china_intersection,W m-2,30.085748506861993,583,0.0,0.0,0.3535453975200653,0.8246407854557037,18.201175689697266,45.26458268360862,101.62479699307721,593.9940161132785,1148.97119140625
CAS-ESM2-0,ssp245,optimized,mid_century,2040,2060,252,tcell,all_monthly_grid_samples,china_intersection,degree_Celsius,nan,146916,0.0,15.762748781616706,-26.3680362701416,-15.696088647842407,17.67520046234131,15.977797848840696,13.836338218092711,38.376161193847665,42.93210983276367
CAS-ESM2-0,ssp245,optimized,mid_century,2040,2060,252,tcell,period_mean_map,china_intersection,degree_Celsius,16.161824173288068,583,0.0,1.3722126929674099,-1.7129319906234741,-0.33549040436744687,16.50552749633789,15.977797730428072,7.6883368632470654,29.73674629211426,32.913047790527344
CAS-ESM2-0,ssp245,optimized,mid_century,2040,2060,252,performance_ratio,all_monthly_grid_samples,china_intersection,1,nan,146916,0.0,0.0,0.9103394150733948,0.9331192046403884,1.036624014377594,1.0451110108099326,0.06918169110841597,1.2034804821014404,1.2568402290344238
CAS-ESM2-0,ssp245,optimized,mid_century,2040,2060,252,performance_ratio,period_mean_map,china_intersection,1,1.0441908823125845,583,0.0,0.0,0.9604349136352539,0.976316202878952,1.042472243309021,1.0451110130108854,0.0384416978739984,1.1266776084899903,1.1335651874542236
CAS-ESM2-0,ssp245,optimized,mid_century,2040,2060,252,pvpot,all_monthly_grid_samples,china_intersection,W m-2,nan,146916,0.0,0.0,28.406845092773438,65.88914680480957,196.20545196533203,196.7705333976457,67.23285945641248,361.006642150879,429.938232421875
CAS-ESM2-0,ssp245,optimized,mid_century,2040,2060,252,pvpot,period_mean_map,china_intersection,W m-2,198.62302198427562,583,0.0,0.0,125.9139175415039,133.76082427978517,186.6426544189453,196.77053334414447,37.343501950729994,283.9733837890625,292.6934814453125
CAS-ESM2-0,ssp245,optimized,mid_century,2040,2060,252,wind_speed_hub,all_monthly_grid_samples,china_intersection,m s-1,nan,146916,0.0,0.0,0.133223295211792,0.544710037112236,2.5971323251724243,3.0211813399243788,1.9184447243672496,9.82657980918885,19.76838493347168
CAS-ESM2-0,ssp245,optimized,mid_century,2040,2060,252,wind_speed_hub,period_mean_map,china_intersection,m s-1,2.8391419818749544,583,0.0,0.0,0.7387436628341675,0.9983000338077546,2.764906883239746,3.0211813611395364,1.4267026986867017,8.591890258789055,10.33678913116455
CAS-ESM2-0,ssp245,optimized,mid_century,2040,2060,252,wpd,all_monthly_grid_samples,china_intersection,W m-2,nan,146916,0.0,0.0,0.0014482603874057531,0.09899248667061329,10.72971773147583,45.52586249524135,148.67137582340004,581.1834472656265,4731.7265625
CAS-ESM2-0,ssp245,optimized,mid_century,2040,2060,252,wpd,period_mean_map,china_intersection,W m-2,30.388093832041903,583,0.0,0.0,0.345906525850296,0.8307827568054199,18.45301628112793,45.52586252468528,101.35691550451702,584.3623474121061,1132.21142578125
CAS-ESM2-0,ssp245,optimized,late_century,2080,2100,252,tcell,all_monthly_grid_samples,china_intersection,degree_Celsius,nan,146916,0.0,13.580549429606034,-23.991790771484375,-13.62473554611206,18.994976043701172,17.342055027819413,13.632928281429637,39.48730850219727,44.59502029418945
CAS-ESM2-0,ssp245,optimized,late_century,2080,2100,252,tcell,period_mean_map,china_intersection,degree_Celsius,17.53508931779417,583,0.0,0.34305317324185247,-0.22644555568695068,0.8704815113544464,18.01095962524414,17.34205522890463,7.592733858302556,30.719224739074704,34.27863693237305
CAS-ESM2-0,ssp245,optimized,late_century,2080,2100,252,performance_ratio,all_monthly_grid_samples,china_intersection,1,nan,146916,0.0,0.0,0.9020249247550964,0.927563464641571,1.0300251245498657,1.0382897249074086,0.06816464128781079,1.1931236863136292,1.2449589967727661
CAS-ESM2-0,ssp245,optimized,late_century,2080,2100,252,performance_ratio,period_mean_map,china_intersection,1,1.037324559440399,583,0.0,0.0,0.953606367111206,0.9714041185379029,1.0349452495574951,1.0382897289498592,0.037963672751560346,1.1206472969055175,1.1261318922042847
CAS-ESM2-0,ssp245,optimized,late_century,2080,2100,252,pvpot,all_monthly_grid_samples,china_intersection,W m-2,nan,146916,0.0,0.0,32.305477142333984,64.97429695129395,196.89279174804688,197.0785769634968,66.12428558126933,357.4727890014649,432.1832275390625
CAS-ESM2-0,ssp245,optimized,late_century,2080,2100,252,pvpot,period_mean_map,china_intersection,W m-2,199.13421782091245,583,0.0,0.0,130.36932373046875,141.13745849609376,187.83055114746094,197.07857713650267,35.50887517840424,281.28107727050775,290.0856628417969
CAS-ESM2-0,ssp245,optimized,late_century,2080,2100,252,wind_speed_hub,all_monthly_grid_samples,china_intersection,m s-1,nan,146916,0.0,0.0,0.13015855848789215,0.5405303061008454,2.603869318962097,3.024944156414294,1.9167917305702256,9.783573722839387,20.070720672607422
CAS-ESM2-0,ssp245,optimized,late_century,2080,2100,252,wind_speed_hub,period_mean_map,china_intersection,m s-1,2.8411212101275205,583,0.0,0.0,0.7241284847259521,0.9799461603164673,2.765657663345337,3.024944220562537,1.4318748703713005,8.66185642242431,10.486398696899414
CAS-ESM2-0,ssp245,optimized,late_century,2080,2100,252,wpd,all_monthly_grid_samples,china_intersection,W m-2,nan,146916,0.0,0.0,0.001350592472590506,0.09673112444579601,10.81343412399292,45.653448818738006,151.56019296775938,573.586172485357,4952.1630859375
CAS-ESM2-0,ssp245,optimized,late_century,2080,2100,252,wpd,period_mean_map,china_intersection,W m-2,30.084382374704873,583,0.0,0.0,0.33089926838874817,0.7622277021408081,18.2523193359375,45.6534504055159,103.26685177856702,601.8758447265618,1152.963623046875
CAS-ESM2-0,ssp585,paper_qm,historical,1994,2014,252,tcell,all_monthly_grid_samples,china_intersection,degree_Celsius,nan,146916,0.0,19.263388603011244,-31.22897720336914,-17.936169815063476,16.075648307800293,14.088614085469672,14.021544495647792,36.219446945190434,41.37287902832031
CAS-ESM2-0,ssp585,paper_qm,historical,1994,2014,252,tcell,period_mean_map,china_intersection,degree_Celsius,14.270353085734264,583,0.0,3.2590051457975986,-3.5880541801452637,-2.2328407907485963,14.470643997192383,14.088614044696616,7.72546911409536,28.032598075866687,31.35325813293457
CAS-ESM2-0,ssp585,paper_qm,historical,1994,2014,252,performance_ratio,all_monthly_grid_samples,china_intersection,1,nan,146916,0.0,0.0,0.9181355834007263,0.9439027667045593,1.044621765613556,1.0545569295675976,0.07010772237281737,1.2146808981895447,1.2811448574066162
CAS-ESM2-0,ssp585,paper_qm,historical,1994,2014,252,performance_ratio,period_mean_map,china_intersection,1,1.0536482374766345,583,0.0,0.0,0.9682338237762451,0.9848369038105012,1.0526469945907593,1.0545569202298775,0.038627342985704485,1.1361638045310973,1.1429400444030762
CAS-ESM2-0,ssp585,paper_qm,historical,1994,2014,252,pvpot,all_monthly_grid_samples,china_intersection,W m-2,nan,146916,0.0,0.0,41.2130126953125,68.79851150512695,195.91046905517578,198.37599044526547,68.47765295809148,364.5433471679688,434.61163330078125
CAS-ESM2-0,ssp585,paper_qm,historical,1994,2014,252,pvpot,period_mean_map,china_intersection,W m-2,200.08678302935476,583,0.0,0.0,121.41583251953125,129.2854718017578,188.841552734375,198.37598885066717,40.59059384837237,289.9421398925781,301.09075927734375
CAS-ESM2-0,ssp585,paper_qm,historical,1994,2014,252,wind_speed_hub,all_monthly_grid_samples,china_intersection,m s-1,nan,146916,0.0,0.0,0.14759692549705505,0.527799928188324,2.580273389816284,3.007044469493891,1.922127419659879,9.792541360855115,19.489065170288086
CAS-ESM2-0,ssp585,paper_qm,historical,1994,2014,252,wind_speed_hub,period_mean_map,china_intersection,m s-1,2.820253301509741,583,0.0,0.0,0.738862931728363,0.9773647487163544,2.742504835128784,3.007044488222276,1.432255380508585,8.652322349548326,10.43874740600586
CAS-ESM2-0,ssp585,paper_qm,historical,1994,2014,252,wpd,all_monthly_grid_samples,china_intersection,W m-2,nan,146916,0.0,0.0,0.001969418488442898,0.090056287124753,10.522119522094727,45.264582194636,146.83666952503316,575.1648223876973,4533.9755859375
CAS-ESM2-0,ssp585,paper_qm,historical,1994,2014,252,wpd,period_mean_map,china_intersection,W m-2,30.085748506861993,583,0.0,0.0,0.3535453975200653,0.8246407854557037,18.201175689697266,45.26458268360862,101.62479699307721,593.9940161132785,1148.97119140625
CAS-ESM2-0,ssp585,paper_qm,mid_century,2040,2060,252,tcell,all_monthly_grid_samples,china_intersection,degree_Celsius,nan,146916,0.0,14.65735522339296,-25.566320419311523,-15.57361559867859,18.32603931427002,16.507744875393964,13.723350551656617,39.03791389465333,44.717620849609375
CAS-ESM2-0,ssp585,paper_qm,mid_century,2040,2060,252,tcell,period_mean_map,china_intersection,degree_Celsius,16.75366349100096,583,0.0,0.34305317324185247,-0.8874669075012207,0.7312508475780487,16.94257354736328,16.50774471282857,7.513444640263002,30.079385681152342,33.20079040527344
CAS-ESM2-0,ssp585,paper_qm,mid_century,2040,2060,252,performance_ratio,all_monthly_grid_samples,china_intersection,1,nan,146916,0.0,0.0,0.9014118909835815,0.9298104166984558,1.033369779586792,1.0424612755427876,0.06861675277032757,1.2028680443763733,1.2528315782546997
CAS-ESM2-0,ssp585,paper_qm,mid_century,2040,2060,252,performance_ratio,period_mean_map,china_intersection,1,1.041231665355814,583,0.0,0.0,0.9589959383010864,0.9746032333374024,1.040286660194397,1.0424612617410887,0.037567233307698074,1.1213437867164613,1.12943696975708
CAS-ESM2-0,ssp585,paper_qm,mid_century,2040,2060,252,pvpot,all_monthly_grid_samples,china_intersection,W m-2,nan,146916,0.0,0.0,23.456026077270508,64.0985610961914,194.75668334960938,195.53348439025848,66.36204040768462,355.81157836914065,450.677001953125
CAS-ESM2-0,ssp585,paper_qm,mid_century,2040,2060,252,pvpot,period_mean_map,china_intersection,W m-2,197.36896870180584,583,0.0,0.0,126.35531616210938,134.78952178955078,185.65682983398438,195.53348471901634,36.74507862384911,280.8444458007811,291.27862548828125
CAS-ESM2-0,ssp585,paper_qm,mid_century,2040,2060,252,wind_speed_hub,all_monthly_grid_samples,china_intersection,m s-1,nan,146916,0.0,0.0,0.13090716302394867,0.48295488506555556,2.5557864904403687,2.9863168064594827,1.9449277780203094,9.92270321846009,19.252609252929688
CAS-ESM2-0,ssp585,paper_qm,mid_century,2040,2060,252,wind_speed_hub,period_mean_map,china_intersection,m s-1,2.799422385127232,583,0.0,0.0,0.7045578360557556,0.9074069774150848,2.7447400093078613,2.9863167313114447,1.4380944821490365,8.626728096008298,10.485649108886719
CAS-ESM2-0,ssp585,paper_qm,mid_century,2040,2060,252,wpd,all_monthly_grid_samples,china_intersection,W m-2,nan,146916,0.0,0.0,0.0013740303693339229,0.06899630315601826,10.225387573242188,45.537806737852634,150.19357952462568,598.406152343751,4370.9404296875
CAS-ESM2-0,ssp585,paper_qm,mid_century,2040,2060,252,wpd,period_mean_map,china_intersection,W m-2,29.968012929712422,583,0.0,0.0,0.3095792233943939,0.6197584056854248,17.994029998779297,45.53780825740273,102.4403049980793,580.9796325683567,1173.430908203125
CAS-ESM2-0,ssp585,paper_qm,late_century,2080,2100,252,tcell,all_monthly_grid_samples,china_intersection,degree_Celsius,nan,146916,0.0,10.205151242887093,-22.67494773864746,-12.400267505645752,20.980594635009766,19.381391885637022,13.529077237450934,42.24999637603762,46.79387283325195
CAS-ESM2-0,ssp585,paper_qm,late_century,2080,2100,252,tcell,period_mean_map,china_intersection,degree_Celsius,19.678479133793637,583,0.0,0.0,2.0478193759918213,3.7112516736984253,19.808176040649414,19.38139149337036,7.465476905433515,32.65219215393066,36.05964279174805
CAS-ESM2-0,ssp585,paper_qm,late_century,2080,2100,252,performance_ratio,all_monthly_grid_samples,china_intersection,1,nan,146916,0.0,0.0,0.8910306096076965,0.9137500256299973,1.020097017288208,1.0280930406958049,0.0676453861782838,1.1870012938976289,1.2383747100830078
CAS-ESM2-0,ssp585,paper_qm,late_century,2080,2100,252,performance_ratio,period_mean_map,china_intersection,1,1.0266076182089356,583,0.0,0.0,0.9447013735771179,0.9617391622066498,1.025958776473999,1.0280930492931124,0.03732738393394899,1.106443910598755,1.1147608757019043
CAS-ESM2-0,ssp585,paper_qm,late_century,2080,2100,252,pvpot,all_monthly_grid_samples,china_intersection,W m-2,nan,146916,0.0,0.0,35.541900634765625,62.24409427642822,193.41944122314453,193.29578696001155,65.03178817240196,351.08572540283205,435.8407287597656
CAS-ESM2-0,ssp585,paper_qm,late_century,2080,2100,252,pvpot,period_mean_map,china_intersection,W m-2,195.40157069704838,583,0.0,0.0,129.52734375,142.71393585205078,185.2493438720703,193.29578715041407,34.132930127295424,276.6955792236328,284.1153869628906
CAS-ESM2-0,ssp585,paper_qm,late_century,2080,2100,252,wind_speed_hub,all_monthly_grid_samples,china_intersection,m s-1,nan,146916,0.0,0.0,0.12973971664905548,0.4649470925331116,2.5331218242645264,2.9717457242912113,1.9385460466155753,9.62177028656007,19.000600814819336
CAS-ESM2-0,ssp585,paper_qm,late_century,2080,2100,252,wind_speed_hub,period_mean_map,china_intersection,m s-1,2.7915911835067675,583,0.0,0.0,0.6300260424613953,0.8131600558757782,2.725057601928711,2.971745744373132,1.4310479102607285,8.257902374267571,10.248592376708984
CAS-ESM2-0,ssp585,paper_qm,late_century,2080,2100,252,wpd,all_monthly_grid_samples,china_intersection,W m-2,nan,146916,0.0,0.0,0.001337595866061747,0.061562567017972476,9.95575761795044,44.522182174183534,141.78106419158593,545.5958862304705,4201.53564453125
CAS-ESM2-0,ssp585,paper_qm,late_century,2080,2100,252,wpd,period_mean_map,china_intersection,W m-2,29.98064767815238,583,0.0,0.0,0.21147088706493378,0.4121666806936264,17.70469856262207,44.52218266434674,95.66619590101509,522.097548828122,1079.1290283203125
CAS-ESM2-0,ssp585,optimized,historical,1994,2014,252,tcell,all_monthly_grid_samples,china_intersection,degree_Celsius,nan,146916,0.0,19.263388603011244,-31.22897720336914,-17.936169815063476,16.075648307800293,14.088614085469672,14.021544495647792,36.219446945190434,41.37287902832031
CAS-ESM2-0,ssp585,optimized,historical,1994,2014,252,tcell,period_mean_map,china_intersection,degree_Celsius,14.270353085734264,583,0.0,3.2590051457975986,-3.5880541801452637,-2.2328407907485963,14.470643997192383,14.088614044696616,7.72546911409536,28.032598075866687,31.35325813293457
CAS-ESM2-0,ssp585,optimized,historical,1994,2014,252,performance_ratio,all_monthly_grid_samples,china_intersection,1,nan,146916,0.0,0.0,0.9181355834007263,0.9439027667045593,1.044621765613556,1.0545569295675976,0.07010772237281737,1.2146808981895447,1.2811448574066162
CAS-ESM2-0,ssp585,optimized,historical,1994,2014,252,performance_ratio,period_mean_map,china_intersection,1,1.0536482374766345,583,0.0,0.0,0.9682338237762451,0.9848369038105012,1.0526469945907593,1.0545569202298775,0.038627342985704485,1.1361638045310973,1.1429400444030762
CAS-ESM2-0,ssp585,optimized,historical,1994,2014,252,pvpot,all_monthly_grid_samples,china_intersection,W m-2,nan,146916,0.0,0.0,41.2130126953125,68.79851150512695,195.91046905517578,198.37599044526547,68.47765295809148,364.5433471679688,434.61163330078125
CAS-ESM2-0,ssp585,optimized,historical,1994,2014,252,pvpot,period_mean_map,china_intersection,W m-2,200.08678302935476,583,0.0,0.0,121.41583251953125,129.2854718017578,188.841552734375,198.37598885066717,40.59059384837237,289.9421398925781,301.09075927734375
CAS-ESM2-0,ssp585,optimized,historical,1994,2014,252,wind_speed_hub,all_monthly_grid_samples,china_intersection,m s-1,nan,146916,0.0,0.0,0.14759692549705505,0.527799928188324,2.580273389816284,3.007044469493891,1.922127419659879,9.792541360855115,19.489065170288086
CAS-ESM2-0,ssp585,optimized,historical,1994,2014,252,wind_speed_hub,period_mean_map,china_intersection,m s-1,2.820253301509741,583,0.0,0.0,0.738862931728363,0.9773647487163544,2.742504835128784,3.007044488222276,1.432255380508585,8.652322349548326,10.43874740600586
CAS-ESM2-0,ssp585,optimized,historical,1994,2014,252,wpd,all_monthly_grid_samples,china_intersection,W m-2,nan,146916,0.0,0.0,0.001969418488442898,0.090056287124753,10.522119522094727,45.264582194636,146.83666952503316,575.1648223876973,4533.9755859375
CAS-ESM2-0,ssp585,optimized,historical,1994,2014,252,wpd,period_mean_map,china_intersection,W m-2,30.085748506861993,583,0.0,0.0,0.3535453975200653,0.8246407854557037,18.201175689697266,45.26458268360862,101.62479699307721,593.9940161132785,1148.97119140625
CAS-ESM2-0,ssp585,optimized,mid_century,2040,2060,252,tcell,all_monthly_grid_samples,china_intersection,degree_Celsius,nan,146916,0.0,15.159683084211387,-26.453916549682617,-15.077910566329956,18.116074562072754,16.362684803263484,13.747745454279327,38.542086601257324,44.67628479003906
CAS-ESM2-0,ssp585,optimized,mid_century,2040,2060,252,tcell,period_mean_map,china_intersection,degree_Celsius,16.559987964165778,583,0.0,0.6861063464837049,-1.0667327642440796,0.10003136292099954,16.824552536010742,16.3626845628726,7.618784548451863,29.965846214294434,33.237308502197266
CAS-ESM2-0,ssp585,optimized,mid_century,2040,2060,252,performance_ratio,all_monthly_grid_samples,china_intersection,1,nan,146916,0.0,0.0,0.9016185998916626,0.9322895705699921,1.0344196557998657,1.0431865761269283,0.06873872731007942,1.200389528274536,1.2572696208953857
CAS-ESM2-0,ssp585,optimized,mid_century,2040,2060,252,performance_ratio,period_mean_map,china_intersection,1,1.0422000454127625,583,0.0,0.0,0.9588136076927185,0.9751707255840302,1.040877103805542,1.0431865637748154,0.038093904586832934,1.1244995975494385,1.130333662033081
CAS-ESM2-0,ssp585,optimized,mid_century,2040,2060,252,pvpot,all_monthly_grid_samples,china_intersection,W m-2,nan,146916,0.0,0.0,23.33053207397461,64.09283828735352,194.9848403930664,195.7464137521985,66.68004056247196,357.9363067626953,458.2600402832031
CAS-ESM2-0,ssp585,optimized,mid_century,2040,2060,252,pvpot,period_mean_map,china_intersection,W m-2,197.63245228678107,583,0.0,0.0,126.48914337158203,134.94936187744142,185.7637939453125,195.7464123132094,37.10845816567988,282.4972448730468,291.9787292480469
CAS-ESM2-0,ssp585,optimized,mid_century,2040,2060,252,wind_speed_hub,all_monthly_grid_samples,china_intersection,m s-1,nan,146916,0.0,0.0,0.13090716302394867,0.5461271405220032,2.6137611865997314,3.035556820085207,1.9230113638780681,9.849918413162243,19.173553466796875
CAS-ESM2-0,ssp585,optimized,mid_century,2040,2060,252,wind_speed_hub,period_mean_map,china_intersection,m s-1,2.8503203167246167,583,0.0,0.0,0.7311258316040039,0.9887352788448334,2.7713115215301514,3.0355568325744486,1.4373602678335888,8.738074855804442,10.648569107055664
CAS-ESM2-0,ssp585,optimized,mid_century,2040,2060,252,wpd,all_monthly_grid_samples,china_intersection,W m-2,nan,146916,0.0,0.0,0.0013740303693339229,0.09976711682975292,10.937140941619873,46.03732147355638,150.09969037506835,585.3343444824238,4317.31689453125
CAS-ESM2-0,ssp585,optimized,mid_century,2040,2060,252,wpd,period_mean_map,china_intersection,W m-2,30.497056777332453,583,0.0,0.0,0.33665141463279724,0.8261968183517456,18.330459594726562,46.03732163956194,103.4215634966084,591.0623156738254,1185.92626953125
CAS-ESM2-0,ssp585,optimized,late_century,2080,2100,252,tcell,all_monthly_grid_samples,china_intersection,degree_Celsius,nan,146916,0.0,10.363064608347628,-22.738542556762695,-11.548772716522217,20.902737617492676,19.31746630635982,13.525247783092322,41.77129707336427,46.76213073730469
CAS-ESM2-0,ssp585,optimized,late_century,2080,2100,252,tcell,period_mean_map,china_intersection,degree_Celsius,19.565508587953346,583,0.0,0.0,2.0633838176727295,3.1136143255233764,19.75490951538086,19.31746627740549,7.545033630628349,32.69306900024414,36.15016555786133
CAS-ESM2-0,ssp585,optimized,late_century,2080,2100,252,performance_ratio,all_monthly_grid_samples,china_intersection,1,nan,146916,0.0,0.0,0.8911893367767334,0.9161435395479203,1.020486295223236,1.028412668479544,0.0676262389518055,1.182743889093399,1.2386927604675293
CAS-ESM2-0,ssp585,optimized,late_century,2080,2100,252,performance_ratio,period_mean_map,china_intersection,1,1.0271724476316872,583,0.0,0.0,0.944249153137207,0.9615344703197479,1.0262253284454346,1.0284126568617584,0.037725177440501405,1.1094318985939027,1.1146835088729858
CAS-ESM2-0,ssp585,optimized,late_century,2080,2100,252,pvpot,all_monthly_grid_samples,china_intersection,W m-2,nan,146916,0.0,0.0,35.40175247192383,62.27066135406494,193.62548828125,193.43085288448407,65.30361191993117,352.98458099365246,436.56048583984375
CAS-ESM2-0,ssp585,optimized,late_century,2080,2100,252,pvpot,period_mean_map,china_intersection,W m-2,195.58424714966944,583,0.0,0.0,129.6396942138672,142.72244415283203,185.0942840576172,193.4308533971142,34.478345382132524,277.55425231933594,284.52313232421875
CAS-ESM2-0,ssp585,optimized,late_century,2080,2100,252,wind_speed_hub,all_monthly_grid_samples,china_intersection,m s-1,nan,146916,0.0,0.0,0.15927918255329132,0.5440531492233276,2.6075295209884644,3.030981007056768,1.9099221515384195,9.663121318817145,19.14388084411621
CAS-ESM2-0,ssp585,optimized,late_century,2080,2100,252,wind_speed_hub,period_mean_map,china_intersection,m s-1,2.8490485374124863,583,0.0,0.0,0.732609748840332,0.9789582645893097,2.7792937755584717,3.030981035113948,1.4266837069897174,8.526805229187007,10.38933277130127
CAS-ESM2-0,ssp585,optimized,late_century,2080,2100,252,wpd,all_monthly_grid_samples,china_intersection,W m-2,nan,146916,0.0,0.0,0.0024750453885644674,0.09863478764891624,10.859097480773926,45.20800409130024,142.45448827621004,552.6604980468762,4297.30419921875
CAS-ESM2-0,ssp585,optimized,late_century,2080,2100,252,wpd,period_mean_map,china_intersection,W m-2,30.44172150432648,583,0.0,0.0,0.34219086170196533,0.7446682870388032,18.7667236328125,45.208004356861935,97.88228051996558,562.2696301269518,1101.8819580078125
CESM2-WACCM,ssp126,paper_qm,historical,1994,2014,252,tcell,all_monthly_grid_samples,china_intersection,degree_Celsius,nan,240660,0.0,18.898445940330756,-28.841535568237305,-17.173659019470215,15.81752872467041,14.147142305617148,13.911472535738511,36.6092569732666,42.05951690673828
CESM2-WACCM,ssp126,paper_qm,historical,1994,2014,252,tcell,period_mean_map,china_intersection,degree_Celsius,14.328882406779789,955,0.0,2.7225130890052354,-5.467555046081543,-1.4767657136917114,14.28382396697998,14.147142482513845,7.65725818532972,28.590097999572755,30.219961166381836
CESM2-WACCM,ssp126,paper_qm,historical,1994,2014,252,performance_ratio,all_monthly_grid_samples,china_intersection,1,nan,240660,0.0,0.0,0.9147024154663086,0.941953734755516,1.0459123253822327,1.0542642885554534,0.06955736255217163,1.210868308544159,1.2692077159881592
CESM2-WACCM,ssp126,paper_qm,historical,1994,2014,252,performance_ratio,period_mean_map,china_intersection,1,1.0533555941748693,955,0.0,0.0,0.9739003777503967,0.9820493936538697,1.053580403327942,1.054264293603248,0.03828629075389018,1.1323839616775513,1.152337908744812
CESM2-WACCM,ssp126,paper_qm,historical,1994,2014,252,pvpot,all_monthly_grid_samples,china_intersection,W m-2,nan,240660,0.0,0.0,26.414306640625,68.76984344482422,195.57623291015625,198.35566205831773,67.99801189303936,360.749841003418,432.3440246582031
CESM2-WACCM,ssp126,paper_qm,historical,1994,2014,252,pvpot,period_mean_map,china_intersection,W m-2,199.57516249296705,955,0.0,0.0,118.13619232177734,127.45859954833985,189.3649444580078,198.35566121845346,40.53175522903367,288.45683349609374,300.5338134765625
CESM2-WACCM,ssp126,paper_qm,historical,1994,2014,252,wind_speed_hub,all_monthly_grid_samples,china_intersection,m s-1,nan,240660,0.0,0.0,0.12566488981246948,0.5133797532320022,2.5871572494506836,2.9785321832870957,1.82533841158895,9.115392446517948,18.891387939453125
CESM2-WACCM,ssp126,paper_qm,historical,1994,2014,252,wind_speed_hub,period_mean_map,china_intersection,m s-1,2.8392353717521317,955,0.0,0.0,0.6659690141677856,1.0148771047592162,2.7251293659210205,2.9785322165614025,1.3182895484582962,8.48830390930176,10.2875394821167
CESM2-WACCM,ssp126,paper_qm,historical,1994,2014,252,wpd,all_monthly_grid_samples,china_intersection,W m-2,nan,240660,0.0,0.0,0.0012154805008322,0.0828747719526291,10.606559753417969,41.30338416385315,135.3181041439692,463.90839050293016,4129.501953125
CESM2-WACCM,ssp126,paper_qm,historical,1994,2014,252,wpd,period_mean_map,china_intersection,W m-2,29.560203368191292,955,0.0,0.0,0.27217110991477966,0.971075760126114,17.710617065429688,41.30338439788494,92.70870636227953,482.7675830078125,1097.5709228515625
CESM2-WACCM,ssp126,paper_qm,mid_century,2040,2060,252,tcell,all_monthly_grid_samples,china_intersection,degree_Celsius,nan,240660,0.0,16.010138785007896,-26.933059692382812,-15.730262966156006,17.721978187561035,16.017028017939577,13.92679045444176,38.715318908691415,45.02347946166992
CESM2-WACCM,ssp126,paper_qm,mid_century,2040,2060,252,tcell,period_mean_map,china_intersection,degree_Celsius,16.24301867407323,955,0.0,0.8376963350785341,-3.961538076400757,0.19487146496772773,16.281869888305664,16.017027733586144,7.686187194530639,30.074910125732423,31.773469924926758
CESM2-WACCM,ssp126,paper_qm,mid_century,2040,2060,252,performance_ratio,all_monthly_grid_samples,china_intersection,1,nan,240660,0.0,0.0,0.8998826146125793,0.9314233940839768,1.0363901257514954,1.0449148598624656,0.0696339522361174,1.2036513447761537,1.2596652507781982
CESM2-WACCM,ssp126,paper_qm,mid_century,2040,2060,252,performance_ratio,period_mean_map,china_intersection,1,1.0437849010579483,955,0.0,0.0,0.9661329388618469,0.9746254205703735,1.0435909032821655,1.04491485731764,0.038430937634289945,1.124025661945343,1.1448074579238892
CESM2-WACCM,ssp126,paper_qm,mid_century,2040,2060,252,pvpot,all_monthly_grid_samples,china_intersection,W m-2,nan,240660,0.0,0.0,32.43548583984375,69.55128761291503,198.78778076171875,200.44084822915394,67.2158610428385,360.1426306152344,432.3020324707031
CESM2-WACCM,ssp126,paper_qm,mid_century,2040,2060,252,pvpot,period_mean_map,china_intersection,W m-2,201.8724741193859,955,0.0,0.0,123.89127349853516,135.7312954711914,192.20033264160156,200.44084756262015,38.46913615648341,288.9254998779297,300.7789001464844
CESM2-WACCM,ssp126,paper_qm,mid_century,2040,2060,252,wind_speed_hub,all_monthly_grid_samples,china_intersection,m s-1,nan,240660,0.0,0.0,0.12525753676891327,0.4145925679802895,2.3728818893432617,2.8015537323943946,1.8692516387853066,9.28950647354126,19.17548370361328
CESM2-WACCM,ssp126,paper_qm,mid_century,2040,2060,252,wind_speed_hub,period_mean_map,china_intersection,m s-1,2.652381605113746,955,0.0,0.0,0.6860291361808777,0.90446160197258,2.4729881286621094,2.8015537369937795,1.3744103712627844,8.376564502716064,10.509535789489746
CESM2-WACCM,ssp126,paper_qm,mid_century,2040,2060,252,wpd,all_monthly_grid_samples,china_intersection,W m-2,nan,240660,0.0,0.0,0.0012036986881867051,0.043648630790412424,8.183413028717041,38.962197508755196,132.41308960925835,491.0028103637698,4318.6201171875
CESM2-WACCM,ssp126,paper_qm,mid_century,2040,2060,252,wpd,period_mean_map,china_intersection,W m-2,27.589458087608723,955,0.0,0.0,0.34198641777038574,0.7960084664821625,14.232872009277344,38.96219672613743,91.63821642265681,450.8234259033206,1089.909423828125
CESM2-WACCM,ssp126,paper_qm,late_century,2080,2100,252,tcell,all_monthly_grid_samples,china_intersection,degree_Celsius,nan,240660,0.0,15.927033989861213,-26.12748146057129,-15.244347352981567,17.826892852783203,16.137730758806967,13.881856475673972,38.96896224975586,45.603111267089844
CESM2-WACCM,ssp126,paper_qm,late_century,2080,2100,252,tcell,period_mean_map,china_intersection,degree_Celsius,16.37268019557388,955,0.0,1.0471204188481675,-3.984227418899536,0.052517982944846255,16.37468147277832,16.137730731632736,7.7601310286000915,30.387636032104496,32.206241607666016
CESM2-WACCM,ssp126,paper_qm,late_century,2080,2100,252,performance_ratio,all_monthly_grid_samples,china_intersection,1,nan,240660,0.0,0.0,0.8969844579696655,0.9301551932096481,1.0358655452728271,1.0443113462252578,0.06940928240016671,1.201221694946289,1.2556374073028564
CESM2-WACCM,ssp126,paper_qm,late_century,2080,2100,252,performance_ratio,period_mean_map,china_intersection,1,1.0431366010929806,955,0.0,0.0,0.9639690518379211,0.973061740398407,1.0431267023086548,1.0443113463711364,0.038800643395277494,1.124737365245819,1.1449209451675415
CESM2-WACCM,ssp126,paper_qm,late_century,2080,2100,252,pvpot,all_monthly_grid_samples,china_intersection,W m-2,nan,240660,0.0,0.0,33.37882614135742,72.15896507263184,199.12596893310547,202.42164456842943,66.98428246981493,360.6802975463868,432.6095275878906
CESM2-WACCM,ssp126,paper_qm,late_century,2080,2100,252,pvpot,period_mean_map,china_intersection,W m-2,203.92076832342542,955,0.0,0.0,127.79920959472656,138.70886932373048,193.7636260986328,202.42164376942898,38.402046458753254,291.95901062011717,303.6730041503906
CESM2-WACCM,ssp126,paper_qm,late_century,2080,2100,252,wind_speed_hub,all_monthly_grid_samples,china_intersection,m s-1,nan,240660,0.0,0.0,0.12042047828435898,0.40664554357528687,2.4346894025802612,2.8440562171356745,1.8764521260103222,9.342054176330574,19.624935150146484
CESM2-WACCM,ssp126,paper_qm,late_century,2080,2100,252,wind_speed_hub,period_mean_map,china_intersection,m s-1,2.697615248962762,955,0.0,0.0,0.6304925680160522,0.8317559838294983,2.569425344467163,2.8440561740810333,1.3932332135624494,8.63740432739258,10.675519943237305
CESM2-WACCM,ssp126,paper_qm,late_century,2080,2100,252,wpd,all_monthly_grid_samples,china_intersection,W m-2,nan,240660,0.0,0.0,0.0010695649543777108,0.04118643112480641,8.83968448638916,39.98968843726438,136.5387207064013,499.3824249267591,4629.46533203125
CESM2-WACCM,ssp126,paper_qm,late_century,2080,2100,252,wpd,period_mean_map,china_intersection,W m-2,28.090800014237903,955,0.0,0.0,0.35853111743927,0.7388316488265991,15.206902503967285,39.989689097198514,95.45333684316532,494.9200311279305,1132.321533203125
CESM2-WACCM,ssp126,optimized,historical,1994,2014,252,tcell,all_monthly_grid_samples,china_intersection,degree_Celsius,nan,240660,0.0,18.898445940330756,-28.841535568237305,-17.173659019470215,15.81752872467041,14.147142305617148,13.911472535738511,36.6092569732666,42.05951690673828
CESM2-WACCM,ssp126,optimized,historical,1994,2014,252,tcell,period_mean_map,china_intersection,degree_Celsius,14.328882406779789,955,0.0,2.7225130890052354,-5.467555046081543,-1.4767657136917114,14.28382396697998,14.147142482513845,7.65725818532972,28.590097999572755,30.219961166381836
CESM2-WACCM,ssp126,optimized,historical,1994,2014,252,performance_ratio,all_monthly_grid_samples,china_intersection,1,nan,240660,0.0,0.0,0.9147024154663086,0.941953734755516,1.0459123253822327,1.0542642885554534,0.06955736255217163,1.210868308544159,1.2692077159881592
CESM2-WACCM,ssp126,optimized,historical,1994,2014,252,performance_ratio,period_mean_map,china_intersection,1,1.0533555941748693,955,0.0,0.0,0.9739003777503967,0.9820493936538697,1.053580403327942,1.054264293603248,0.03828629075389018,1.1323839616775513,1.152337908744812
CESM2-WACCM,ssp126,optimized,historical,1994,2014,252,pvpot,all_monthly_grid_samples,china_intersection,W m-2,nan,240660,0.0,0.0,26.414306640625,68.76984344482422,195.57623291015625,198.35566205831773,67.99801189303936,360.749841003418,432.3440246582031
CESM2-WACCM,ssp126,optimized,historical,1994,2014,252,pvpot,period_mean_map,china_intersection,W m-2,199.57516249296705,955,0.0,0.0,118.13619232177734,127.45859954833985,189.3649444580078,198.35566121845346,40.53175522903367,288.45683349609374,300.5338134765625
CESM2-WACCM,ssp126,optimized,historical,1994,2014,252,wind_speed_hub,all_monthly_grid_samples,china_intersection,m s-1,nan,240660,0.0,0.0,0.12566488981246948,0.5133797532320022,2.5871572494506836,2.9785321832870957,1.82533841158895,9.115392446517948,18.891387939453125
CESM2-WACCM,ssp126,optimized,historical,1994,2014,252,wind_speed_hub,period_mean_map,china_intersection,m s-1,2.8392353717521317,955,0.0,0.0,0.6659690141677856,1.0148771047592162,2.7251293659210205,2.9785322165614025,1.3182895484582962,8.48830390930176,10.2875394821167
CESM2-WACCM,ssp126,optimized,historical,1994,2014,252,wpd,all_monthly_grid_samples,china_intersection,W m-2,nan,240660,0.0,0.0,0.0012154805008322,0.0828747719526291,10.606559753417969,41.30338416385315,135.3181041439692,463.90839050293016,4129.501953125
CESM2-WACCM,ssp126,optimized,historical,1994,2014,252,wpd,period_mean_map,china_intersection,W m-2,29.560203368191292,955,0.0,0.0,0.27217110991477966,0.971075760126114,17.710617065429688,41.30338439788494,92.70870636227953,482.7675830078125,1097.5709228515625
CESM2-WACCM,ssp126,optimized,mid_century,2040,2060,252,tcell,all_monthly_grid_samples,china_intersection,degree_Celsius,nan,240660,0.0,16.41569018532369,-26.55250358581543,-15.784433031082154,17.543764114379883,15.843413909076297,13.980699033943642,38.33712257385254,44.6009521484375
CESM2-WACCM,ssp126,optimized,mid_century,2040,2060,252,tcell,period_mean_map,china_intersection,degree_Celsius,16.03737985366451,955,0.0,1.1518324607329842,-3.832794666290283,-0.13149809807538984,15.97901725769043,15.843414084812265,7.710999780382842,30.046945457458495,31.742788314819336
CESM2-WACCM,ssp126,optimized,mid_century,2040,2060,252,performance_ratio,all_monthly_grid_samples,china_intersection,1,nan,240660,0.0,0.0,0.9019952416419983,0.9333144015073777,1.0372811555862427,1.0457829304274147,0.06990349512585008,1.2039221704006196,1.2577625513076782
CESM2-WACCM,ssp126,optimized,mid_century,2040,2060,252,performance_ratio,period_mean_map,china_intersection,1,1.0448131130227374,955,0.0,0.0,0.9662858247756958,0.9747653472423553,1.0451048612594604,1.0457829398010414,0.038555009064911154,1.1256577444076539,1.1441642045974731
CESM2-WACCM,ssp126,optimized,mid_century,2040,2060,252,pvpot,all_monthly_grid_samples,china_intersection,W m-2,nan,240660,0.0,0.0,32.49189758300781,69.61375625610351,198.91248321533203,200.60581327519353,67.28800444999595,360.65901611328127,432.7643737792969
CESM2-WACCM,ssp126,optimized,mid_century,2040,2060,252,pvpot,period_mean_map,china_intersection,W m-2,202.07166322554622,955,0.0,0.0,123.87884521484375,135.77767669677735,192.2166748046875,200.60581259203207,38.560015183770204,289.2496405029297,300.6883544921875
CESM2-WACCM,ssp126,optimized,mid_century,2040,2060,252,wind_speed_hub,all_monthly_grid_samples,china_intersection,m s-1,nan,240660,0.0,0.0,0.11267656832933426,0.5251675945520401,2.5368512868881226,2.9407561500530064,1.8188144467408403,9.222409496307376,19.045501708984375
CESM2-WACCM,ssp126,optimized,mid_century,2040,2060,252,wind_speed_hub,period_mean_map,china_intersection,m s-1,2.8003416658212945,955,0.0,0.0,0.7061669826507568,1.03411456823349,2.6679904460906982,2.940756174344667,1.332280083655391,8.362173213958743,10.393787384033203
CESM2-WACCM,ssp126,optimized,mid_century,2040,2060,252,wpd,all_monthly_grid_samples,china_intersection,W m-2,nan,240660,0.0,0.0,0.0008762074285186827,0.08871557332575321,9.999794483184814,40.3411794777083,129.9373356757229,480.44018554687557,4231.392578125
CESM2-WACCM,ssp126,optimized,mid_century,2040,2060,252,wpd,period_mean_map,china_intersection,W m-2,29.148495774406634,955,0.0,0.0,0.3036874532699585,0.9834330415725708,16.479310989379883,40.34118002983912,89.89106370045758,447.08491333007834,1068.0567626953125
CESM2-WACCM,ssp126,optimized,late_century,2080,2100,252,tcell,all_monthly_grid_samples,china_intersection,degree_Celsius,nan,240660,0.0,16.307653951633007,-27.622901916503906,-15.269737291336059,17.66737174987793,15.971187811777769,13.953660366473047,38.5830436706543,45.117835998535156
CESM2-WACCM,ssp126,optimized,late_century,2080,2100,252,tcell,period_mean_map,china_intersection,degree_Celsius,16.17726800835018,955,0.0,1.1518324607329842,-3.8712668418884277,-0.25932402729988097,16.05276107788086,15.971187885799957,7.804065781631277,30.399926414489748,32.210365295410156
CESM2-WACCM,ssp126,optimized,late_century,2080,2100,252,performance_ratio,all_monthly_grid_samples,china_intersection,1,nan,240660,0.0,0.0,0.8994108438491821,0.9320847791433334,1.0366631150245667,1.0451440609376705,0.06976830190990226,1.2013487148284911,1.2631144523620605
CESM2-WACCM,ssp126,optimized,late_century,2080,2100,252,performance_ratio,period_mean_map,china_intersection,1,1.044113672112663,955,0.0,0.0,0.9639482498168945,0.9730006194114685,1.044736385345459,1.0451440686330746,0.03902033262116698,1.126296169757843,1.1443564891815186
CESM2-WACCM,ssp126,optimized,late_century,2080,2100,252,pvpot,all_monthly_grid_samples,china_intersection,W m-2,nan,240660,0.0,0.0,33.24367141723633,72.30630012512208,199.2919692993164,202.57891984332642,67.04876197565301,361.2988739013672,431.9154357910156
CESM2-WACCM,ssp126,optimized,late_century,2080,2100,252,pvpot,period_mean_map,china_intersection,W m-2,204.10979554736525,955,0.0,0.0,127.7788314819336,138.84077911376954,193.9036407470703,202.57892199611163,38.484617890643136,291.8409045410156,303.60693359375
CESM2-WACCM,ssp126,optimized,late_century,2080,2100,252,wind_speed_hub,all_monthly_grid_samples,china_intersection,m s-1,nan,240660,0.0,0.0,0.12042047828435898,0.5349891072511673,2.5868037939071655,2.978017817246601,1.8176104422590693,9.241854753494263,19.624935150146484
CESM2-WACCM,ssp126,optimized,late_century,2080,2100,252,wind_speed_hub,period_mean_map,china_intersection,m s-1,2.8371630782089707,955,0.0,0.0,0.7269050478935242,1.0382047700881958,2.7164201736450195,2.978017852693328,1.338444214871925,8.61553535461426,10.479937553405762
CESM2-WACCM,ssp126,optimized,late_century,2080,2100,252,wpd,all_monthly_grid_samples,china_intersection,W m-2,nan,240660,0.0,0.0,0.0010695649543777108,0.0937866284698248,10.602214813232422,41.216681244039684,135.15179031938467,483.48561737060555,4629.46533203125
CESM2-WACCM,ssp126,optimized,late_century,2080,2100,252,wpd,period_mean_map,china_intersection,W m-2,29.409323111832645,955,0.0,0.0,0.3270280659198761,1.0679709601402283,17.39008140563965,41.21668165644426,93.88600667060568,486.1552789306646,1108.692626953125
CESM2-WACCM,ssp245,paper_qm,historical,1994,2014,252,tcell,all_monthly_grid_samples,china_intersection,degree_Celsius,nan,240660,0.0,18.898445940330756,-28.841535568237305,-17.173659019470215,15.81752872467041,14.147142305617148,13.911472535738511,36.6092569732666,42.05951690673828
CESM2-WACCM,ssp245,paper_qm,historical,1994,2014,252,tcell,period_mean_map,china_intersection,degree_Celsius,14.328882406779789,955,0.0,2.7225130890052354,-5.467555046081543,-1.4767657136917114,14.28382396697998,14.147142482513845,7.65725818532972,28.590097999572755,30.219961166381836
CESM2-WACCM,ssp245,paper_qm,historical,1994,2014,252,performance_ratio,all_monthly_grid_samples,china_intersection,1,nan,240660,0.0,0.0,0.9147024154663086,0.941953734755516,1.0459123253822327,1.0542642885554534,0.06955736255217163,1.210868308544159,1.2692077159881592
CESM2-WACCM,ssp245,paper_qm,historical,1994,2014,252,performance_ratio,period_mean_map,china_intersection,1,1.0533555941748693,955,0.0,0.0,0.9739003777503967,0.9820493936538697,1.053580403327942,1.054264293603248,0.03828629075389018,1.1323839616775513,1.152337908744812
CESM2-WACCM,ssp245,paper_qm,historical,1994,2014,252,pvpot,all_monthly_grid_samples,china_intersection,W m-2,nan,240660,0.0,0.0,26.414306640625,68.76984344482422,195.57623291015625,198.35566205831773,67.99801189303936,360.749841003418,432.3440246582031
CESM2-WACCM,ssp245,paper_qm,historical,1994,2014,252,pvpot,period_mean_map,china_intersection,W m-2,199.57516249296705,955,0.0,0.0,118.13619232177734,127.45859954833985,189.3649444580078,198.35566121845346,40.53175522903367,288.45683349609374,300.5338134765625
CESM2-WACCM,ssp245,paper_qm,historical,1994,2014,252,wind_speed_hub,all_monthly_grid_samples,china_intersection,m s-1,nan,240660,0.0,0.0,0.12566488981246948,0.5133797532320022,2.5871572494506836,2.9785321832870957,1.82533841158895,9.115392446517948,18.891387939453125
CESM2-WACCM,ssp245,paper_qm,historical,1994,2014,252,wind_speed_hub,period_mean_map,china_intersection,m s-1,2.8392353717521317,955,0.0,0.0,0.6659690141677856,1.0148771047592162,2.7251293659210205,2.9785322165614025,1.3182895484582962,8.48830390930176,10.2875394821167
CESM2-WACCM,ssp245,paper_qm,historical,1994,2014,252,wpd,all_monthly_grid_samples,china_intersection,W m-2,nan,240660,0.0,0.0,0.0012154805008322,0.0828747719526291,10.606559753417969,41.30338416385315,135.3181041439692,463.90839050293016,4129.501953125
CESM2-WACCM,ssp245,paper_qm,historical,1994,2014,252,wpd,period_mean_map,china_intersection,W m-2,29.560203368191292,955,0.0,0.0,0.27217110991477966,0.971075760126114,17.710617065429688,41.30338439788494,92.70870636227953,482.7675830078125,1097.5709228515625
CESM2-WACCM,ssp245,paper_qm,mid_century,2040,2060,252,tcell,all_monthly_grid_samples,china_intersection,degree_Celsius,nan,240660,0.0,15.73713953295105,-25.841249465942383,-14.836173315048217,17.440532684326172,15.901827145515453,13.713749716261821,38.60848903656006,43.9445915222168
CESM2-WACCM,ssp245,paper_qm,mid_century,2040,2060,252,tcell,period_mean_map,china_intersection,degree_Celsius,16.095430485679305,955,0.0,0.8376963350785341,-3.973536968231201,0.2018662786483765,16.187955856323242,15.90182736083007,7.546860945875257,29.9592395401001,31.68971061706543
CESM2-WACCM,ssp245,paper_qm,mid_century,2040,2060,252,performance_ratio,all_monthly_grid_samples,china_intersection,1,nan,240660,0.0,0.0,0.9052770137786865,0.9319575452804565,1.0377973318099976,1.045490864226371,0.06856874854100588,1.1991808807849884,1.2542062997817993
CESM2-WACCM,ssp245,paper_qm,mid_century,2040,2060,252,performance_ratio,period_mean_map,china_intersection,1,1.0445228465714929,955,0.0,0.0,0.9665517210960388,0.9752039623260498,1.0440605878829956,1.045490860751786,0.037734287349327926,1.1239904189109802,1.1448681354522705
CESM2-WACCM,ssp245,paper_qm,mid_century,2040,2060,252,pvpot,all_monthly_grid_samples,china_intersection,W m-2,nan,240660,0.0,0.0,26.380046844482422,67.41306037902832,194.37744140625,196.68732278118168,67.39538464378697,355.8685525512696,425.9038391113281
CESM2-WACCM,ssp245,paper_qm,mid_century,2040,2060,252,pvpot,period_mean_map,china_intersection,W m-2,197.89069695849773,955,0.0,0.0,120.11206817626953,128.25535552978516,189.02645874023438,196.68732101680098,39.63014541216369,286.0471875,298.18109130859375
CESM2-WACCM,ssp245,paper_qm,mid_century,2040,2060,252,wind_speed_hub,all_monthly_grid_samples,china_intersection,m s-1,nan,240660,0.0,0.0,0.1101263165473938,0.44004353135824203,2.463213086128235,2.8685676462313046,1.854815161099083,9.303750286102295,19.52850914001465
CESM2-WACCM,ssp245,paper_qm,mid_century,2040,2060,252,wind_speed_hub,period_mean_map,china_intersection,m s-1,2.724094886210607,955,0.0,0.0,0.6348024010658264,0.972437492609024,2.612175941467285,2.868567621895156,1.329965188705626,8.527551422119142,10.566659927368164
CESM2-WACCM,ssp245,paper_qm,mid_century,2040,2060,252,wpd,all_monthly_grid_samples,china_intersection,W m-2,nan,240660,0.0,0.0,0.0008180493023246527,0.05219069078564644,9.154022693634033,40.03681551933768,137.0538300061599,493.2649307250977,4561.55908203125
CESM2-WACCM,ssp245,paper_qm,mid_century,2040,2060,252,wpd,period_mean_map,china_intersection,W m-2,28.38550710349663,955,0.0,0.0,0.24116484820842743,0.8165493488311768,16.720476150512695,40.03681547184577,93.58664979637689,476.9176196289063,1119.034912109375
CESM2-WACCM,ssp245,paper_qm,late_century,2080,2100,252,tcell,all_monthly_grid_samples,china_intersection,degree_Celsius,nan,240660,0.0,14.313554392088424,-25.355213165283203,-13.894712429046631,18.424654960632324,16.878490569541412,13.69714151484792,39.82060276031494,46.879432678222656
CESM2-WACCM,ssp245,paper_qm,late_century,2080,2100,252,tcell,period_mean_map,china_intersection,degree_Celsius,17.114569804360986,955,0.0,0.31413612565445026,-3.196584701538086,1.0455515456199647,17.09950828552246,16.87849047643508,7.6289537586198675,30.913558158874523,32.82387161254883
CESM2-WACCM,ssp245,paper_qm,late_century,2080,2100,252,performance_ratio,all_monthly_grid_samples,china_intersection,1,nan,240660,0.0,0.0,0.8906028270721436,0.9258969688415527,1.03287672996521,1.0406075471153207,0.06848570762525612,1.194473556280136,1.251776099205017
CESM2-WACCM,ssp245,paper_qm,late_century,2080,2100,252,performance_ratio,period_mean_map,china_intersection,1,1.0394271600417953,955,0.0,0.0,0.9608809947967529,0.970432288646698,1.039502739906311,1.0406075554368384,0.03814475873257773,1.119771909713745,1.1409826278686523
CESM2-WACCM,ssp245,paper_qm,late_century,2080,2100,252,pvpot,all_monthly_grid_samples,china_intersection,W m-2,nan,240660,0.0,0.0,36.26297378540039,68.86553665161132,197.8307342529297,198.97511773234262,66.8798220284062,354.1294390869141,424.0208740234375
CESM2-WACCM,ssp245,paper_qm,late_century,2080,2100,252,pvpot,period_mean_map,china_intersection,W m-2,200.38352636775946,955,0.0,0.0,124.92217254638672,134.61283538818358,191.35328674316406,198.9751139216398,37.93527526714114,287.48946960449223,298.29052734375
CESM2-WACCM,ssp245,paper_qm,late_century,2080,2100,252,wind_speed_hub,all_monthly_grid_samples,china_intersection,m s-1,nan,240660,0.0,0.0,0.1123255044221878,0.4381603035330772,2.4658775329589844,2.856889317283229,1.8253060533161087,9.087281732559209,19.845537185668945
CESM2-WACCM,ssp245,paper_qm,late_century,2080,2100,252,wind_speed_hub,period_mean_map,china_intersection,m s-1,2.7105787311821854,955,0.0,0.0,0.6211812496185303,0.9618529748916627,2.6033172607421875,2.856889348754084,1.326747505801823,8.463073806762695,10.51226806640625
CESM2-WACCM,ssp245,paper_qm,late_century,2080,2100,252,wpd,all_monthly_grid_samples,china_intersection,W m-2,nan,240660,0.0,0.0,0.0008680429891683161,0.051523479409515856,9.183763027191162,38.524494110809776,125.92177925977796,459.6297369384774,4787.34521484375
CESM2-WACCM,ssp245,paper_qm,late_century,2080,2100,252,wpd,period_mean_map,china_intersection,W m-2,27.394655408017837,955,0.0,0.0,0.21553073823451996,0.8618760359287262,16.245073318481445,38.52449362744524,88.1590300122906,452.1701782226565,1038.02001953125
CESM2-WACCM,ssp245,optimized,historical,1994,2014,252,tcell,all_monthly_grid_samples,china_intersection,degree_Celsius,nan,240660,0.0,18.898445940330756,-28.841535568237305,-17.173659019470215,15.81752872467041,14.147142305617148,13.911472535738511,36.6092569732666,42.05951690673828
CESM2-WACCM,ssp245,optimized,historical,1994,2014,252,tcell,period_mean_map,china_intersection,degree_Celsius,14.328882406779789,955,0.0,2.7225130890052354,-5.467555046081543,-1.4767657136917114,14.28382396697998,14.147142482513845,7.65725818532972,28.590097999572755,30.219961166381836
CESM2-WACCM,ssp245,optimized,historical,1994,2014,252,performance_ratio,all_monthly_grid_samples,china_intersection,1,nan,240660,0.0,0.0,0.9147024154663086,0.941953734755516,1.0459123253822327,1.0542642885554534,0.06955736255217163,1.210868308544159,1.2692077159881592
CESM2-WACCM,ssp245,optimized,historical,1994,2014,252,performance_ratio,period_mean_map,china_intersection,1,1.0533555941748693,955,0.0,0.0,0.9739003777503967,0.9820493936538697,1.053580403327942,1.054264293603248,0.03828629075389018,1.1323839616775513,1.152337908744812
CESM2-WACCM,ssp245,optimized,historical,1994,2014,252,pvpot,all_monthly_grid_samples,china_intersection,W m-2,nan,240660,0.0,0.0,26.414306640625,68.76984344482422,195.57623291015625,198.35566205831773,67.99801189303936,360.749841003418,432.3440246582031
CESM2-WACCM,ssp245,optimized,historical,1994,2014,252,pvpot,period_mean_map,china_intersection,W m-2,199.57516249296705,955,0.0,0.0,118.13619232177734,127.45859954833985,189.3649444580078,198.35566121845346,40.53175522903367,288.45683349609374,300.5338134765625
CESM2-WACCM,ssp245,optimized,historical,1994,2014,252,wind_speed_hub,all_monthly_grid_samples,china_intersection,m s-1,nan,240660,0.0,0.0,0.12566488981246948,0.5133797532320022,2.5871572494506836,2.9785321832870957,1.82533841158895,9.115392446517948,18.891387939453125
CESM2-WACCM,ssp245,optimized,historical,1994,2014,252,wind_speed_hub,period_mean_map,china_intersection,m s-1,2.8392353717521317,955,0.0,0.0,0.6659690141677856,1.0148771047592162,2.7251293659210205,2.9785322165614025,1.3182895484582962,8.48830390930176,10.2875394821167
CESM2-WACCM,ssp245,optimized,historical,1994,2014,252,wpd,all_monthly_grid_samples,china_intersection,W m-2,nan,240660,0.0,0.0,0.0012154805008322,0.0828747719526291,10.606559753417969,41.30338416385315,135.3181041439692,463.90839050293016,4129.501953125
CESM2-WACCM,ssp245,optimized,historical,1994,2014,252,wpd,period_mean_map,china_intersection,W m-2,29.560203368191292,955,0.0,0.0,0.27217110991477966,0.971075760126114,17.710617065429688,41.30338439788494,92.70870636227953,482.7675830078125,1097.5709228515625
CESM2-WACCM,ssp245,optimized,mid_century,2040,2060,252,tcell,all_monthly_grid_samples,china_intersection,degree_Celsius,nan,240660,0.0,16.114850826892713,-25.6308536529541,-14.88517840385437,17.253592491149902,15.750256255284151,13.78056556398402,38.26005096435547,43.841976165771484
CESM2-WACCM,ssp245,optimized,mid_century,2040,2060,252,tcell,period_mean_map,china_intersection,degree_Celsius,15.916588290479726,955,0.0,1.1518324607329842,-3.7902491092681885,-0.1296053475141525,15.93889331817627,15.750256170706912,7.607650525587507,29.970429611206058,31.629112243652344
CESM2-WACCM,ssp245,optimized,mid_century,2040,2060,252,performance_ratio,all_monthly_grid_samples,china_intersection,1,nan,240660,0.0,0.0,0.9057901501655579,0.9336997473239899,1.0387320518493652,1.0462487187254195,0.06890282780786575,1.1994259190559386,1.2531542778015137
CESM2-WACCM,ssp245,optimized,mid_century,2040,2060,252,performance_ratio,period_mean_map,china_intersection,1,1.0454170629930495,955,0.0,0.0,0.9668542146682739,0.9751478636264801,1.0453053712844849,1.0462487240736398,0.038038255873962874,1.1256478142738342,1.1439512968063354
CESM2-WACCM,ssp245,optimized,mid_century,2040,2060,252,pvpot,all_monthly_grid_samples,china_intersection,W m-2,nan,240660,0.0,0.0,26.401817321777344,67.52071548461915,194.5167465209961,196.83375314106857,67.4826930845083,356.8855435180664,425.83990478515625
CESM2-WACCM,ssp245,optimized,mid_century,2040,2060,252,pvpot,period_mean_map,china_intersection,W m-2,198.06734924060606,955,0.0,0.0,120.0727310180664,128.33311096191406,188.8633575439453,196.83375244140626,39.751534036127346,286.2764343261719,298.3800964355469
CESM2-WACCM,ssp245,optimized,mid_century,2040,2060,252,wind_speed_hub,all_monthly_grid_samples,china_intersection,m s-1,nan,240660,0.0,0.0,0.12283803522586823,0.5336403799057007,2.5833464860916138,2.974815257813611,1.81912881487096,9.238269090652468,19.52850914001465
CESM2-WACCM,ssp245,optimized,mid_century,2040,2060,252,wind_speed_hub,period_mean_map,china_intersection,m s-1,2.8355850605601454,955,0.0,0.0,0.6939359903335571,1.0285596108436585,2.722947835922241,2.9748152915095782,1.3222028099655936,8.477519454956056,10.416314125061035
CESM2-WACCM,ssp245,optimized,mid_century,2040,2060,252,wpd,all_monthly_grid_samples,china_intersection,W m-2,nan,240660,0.0,0.0,0.0011352845467627048,0.0930791024118662,10.559760093688965,41.21876112688109,135.79045198978176,482.92301208496116,4561.55908203125
CESM2-WACCM,ssp245,optimized,mid_century,2040,2060,252,wpd,period_mean_map,china_intersection,W m-2,29.69868420826343,955,0.0,0.0,0.29561764001846313,0.9879223430156708,17.431638717651367,41.21876093317701,92.38975212256848,474.2318145751955,1097.0955810546875
CESM2-WACCM,ssp245,optimized,late_century,2080,2100,252,tcell,all_monthly_grid_samples,china_intersection,degree_Celsius,nan,240660,0.0,14.725338652040223,-26.19767951965332,-13.901382026672364,18.284615516662598,16.72754454826053,13.78800293840599,39.48425895690918,46.67072677612305
CESM2-WACCM,ssp245,optimized,late_century,2080,2100,252,tcell,period_mean_map,china_intersection,degree_Celsius,16.928129123695236,955,0.0,0.41884816753926707,-2.929788589477539,0.7644484555721284,16.82047462463379,16.727544491950677,7.688242907823032,31.017593841552742,32.75026321411133
CESM2-WACCM,ssp245,optimized,late_century,2080,2100,252,performance_ratio,all_monthly_grid_samples,china_intersection,1,nan,240660,0.0,0.0,0.8916463851928711,0.9275786924362183,1.0335769057273865,1.041362277303641,0.06894001463790748,1.1945068800449372,1.255988359451294
CESM2-WACCM,ssp245,optimized,late_century,2080,2100,252,performance_ratio,period_mean_map,china_intersection,1,1.0403593582922446,955,0.0,0.0,0.9612486362457275,0.9699120533466339,1.0408977270126343,1.041362284677815,0.038441223695964075,1.121177830696106,1.1396491527557373
CESM2-WACCM,ssp245,optimized,late_century,2080,2100,252,pvpot,all_monthly_grid_samples,china_intersection,W m-2,nan,240660,0.0,0.0,36.27070617675781,68.94967506408692,197.96253967285156,199.11934994150948,66.96628546146195,355.06550079345703,426.2943420410156
CESM2-WACCM,ssp245,optimized,late_century,2080,2100,252,pvpot,period_mean_map,china_intersection,W m-2,200.56624493073573,955,0.0,0.0,124.85636138916016,134.67543914794922,191.20803833007812,199.1193494467211,38.07146412959585,287.57477478027346,298.43341064453125
CESM2-WACCM,ssp245,optimized,late_century,2080,2100,252,wind_speed_hub,all_monthly_grid_samples,china_intersection,m s-1,nan,240660,0.0,0.0,0.1123255044221878,0.5361254459619522,2.5896127223968506,2.969573571463338,1.7891233445528356,9.050746831893926,19.845537185668945
CESM2-WACCM,ssp245,optimized,late_century,2080,2100,252,wind_speed_hub,period_mean_map,china_intersection,m s-1,2.8287142281492375,955,0.0,0.0,0.6876492500305176,1.0419565916061402,2.7127394676208496,2.9695736012533698,1.313351435288224,8.400127906799318,10.289183616638184
CESM2-WACCM,ssp245,optimized,late_century,2080,2100,252,wpd,all_monthly_grid_samples,china_intersection,W m-2,nan,240660,0.0,0.0,0.0008680429891683161,0.09438551142811775,10.63678789138794,39.88217689898904,125.43530864659826,454.10821350097746,4787.34521484375
CESM2-WACCM,ssp245,optimized,late_century,2080,2100,252,wpd,period_mean_map,china_intersection,W m-2,28.85123841399021,955,0.0,0.0,0.28374770283699036,1.0297427725791932,17.572851181030273,39.882176811064724,87.17187558701816,447.3700000000002,1013.7872314453125
CESM2-WACCM,ssp585,paper_qm,historical,1994,2014,252,tcell,all_monthly_grid_samples,china_intersection,degree_Celsius,nan,240660,0.0,18.898445940330756,-28.841535568237305,-17.173659019470215,15.81752872467041,14.147142305617148,13.911472535738511,36.6092569732666,42.05951690673828
CESM2-WACCM,ssp585,paper_qm,historical,1994,2014,252,tcell,period_mean_map,china_intersection,degree_Celsius,14.328882406779789,955,0.0,2.7225130890052354,-5.467555046081543,-1.4767657136917114,14.28382396697998,14.147142482513845,7.65725818532972,28.590097999572755,30.219961166381836
CESM2-WACCM,ssp585,paper_qm,historical,1994,2014,252,performance_ratio,all_monthly_grid_samples,china_intersection,1,nan,240660,0.0,0.0,0.9147024154663086,0.941953734755516,1.0459123253822327,1.0542642885554534,0.06955736255217163,1.210868308544159,1.2692077159881592
CESM2-WACCM,ssp585,paper_qm,historical,1994,2014,252,performance_ratio,period_mean_map,china_intersection,1,1.0533555941748693,955,0.0,0.0,0.9739003777503967,0.9820493936538697,1.053580403327942,1.054264293603248,0.03828629075389018,1.1323839616775513,1.152337908744812
CESM2-WACCM,ssp585,paper_qm,historical,1994,2014,252,pvpot,all_monthly_grid_samples,china_intersection,W m-2,nan,240660,0.0,0.0,26.414306640625,68.76984344482422,195.57623291015625,198.35566205831773,67.99801189303936,360.749841003418,432.3440246582031
CESM2-WACCM,ssp585,paper_qm,historical,1994,2014,252,pvpot,period_mean_map,china_intersection,W m-2,199.57516249296705,955,0.0,0.0,118.13619232177734,127.45859954833985,189.3649444580078,198.35566121845346,40.53175522903367,288.45683349609374,300.5338134765625
CESM2-WACCM,ssp585,paper_qm,historical,1994,2014,252,wind_speed_hub,all_monthly_grid_samples,china_intersection,m s-1,nan,240660,0.0,0.0,0.12566488981246948,0.5133797532320022,2.5871572494506836,2.9785321832870957,1.82533841158895,9.115392446517948,18.891387939453125
CESM2-WACCM,ssp585,paper_qm,historical,1994,2014,252,wind_speed_hub,period_mean_map,china_intersection,m s-1,2.8392353717521317,955,0.0,0.0,0.6659690141677856,1.0148771047592162,2.7251293659210205,2.9785322165614025,1.3182895484582962,8.48830390930176,10.2875394821167
CESM2-WACCM,ssp585,paper_qm,historical,1994,2014,252,wpd,all_monthly_grid_samples,china_intersection,W m-2,nan,240660,0.0,0.0,0.0012154805008322,0.0828747719526291,10.606559753417969,41.30338416385315,135.3181041439692,463.90839050293016,4129.501953125
CESM2-WACCM,ssp585,paper_qm,historical,1994,2014,252,wpd,period_mean_map,china_intersection,W m-2,29.560203368191292,955,0.0,0.0,0.27217110991477966,0.971075760126114,17.710617065429688,41.30338439788494,92.70870636227953,482.7675830078125,1097.5709228515625
CESM2-WACCM,ssp585,paper_qm,mid_century,2040,2060,252,tcell,all_monthly_grid_samples,china_intersection,degree_Celsius,nan,240660,0.0,14.779356768885565,-24.276269912719727,-14.650899600982665,18.200380325317383,16.62198615073111,13.769336992210642,39.51575054168701,45.52047348022461
CESM2-WACCM,ssp585,paper_qm,mid_century,2040,2060,252,tcell,period_mean_map,china_intersection,degree_Celsius,16.83955521939098,955,0.0,0.41884816753926707,-3.3322322368621826,1.005040911436081,16.887611389160156,16.621986203336924,7.55340706439887,30.486890220642092,32.40187072753906
CESM2-WACCM,ssp585,paper_qm,mid_century,2040,2060,252,performance_ratio,all_monthly_grid_samples,china_intersection,1,nan,240660,0.0,0.0,0.8973976373672485,0.9274212384223938,1.0339980721473694,1.0418900692313326,0.06884668482597957,1.1982545173168182,1.246381402015686
CESM2-WACCM,ssp585,paper_qm,mid_century,2040,2060,252,performance_ratio,period_mean_map,china_intersection,1,1.04080221641581,955,0.0,0.0,0.9629904627799988,0.9725655746459961,1.0405621528625488,1.0418900595285505,0.0377670346996113,1.1199748992919922,1.141661286354065
CESM2-WACCM,ssp585,paper_qm,mid_century,2040,2060,252,pvpot,all_monthly_grid_samples,china_intersection,W m-2,nan,240660,0.0,0.0,32.986122131347656,67.72580558776856,195.1517105102539,197.00546696594031,66.5782932019283,353.5977651977539,423.0757141113281
CESM2-WACCM,ssp585,paper_qm,mid_century,2040,2060,252,pvpot,period_mean_map,china_intersection,W m-2,198.31907619742015,955,0.0,0.0,121.1347885131836,131.39990356445313,188.8546905517578,197.00546457979692,38.547801674309014,286.198408203125,296.6598815917969
CESM2-WACCM,ssp585,paper_qm,mid_century,2040,2060,252,wind_speed_hub,all_monthly_grid_samples,china_intersection,m s-1,nan,240660,0.0,0.0,0.10876893997192383,0.4452522921562195,2.4583393335342407,2.8744682447536065,1.8711612632906274,9.436336526870727,20.62575340270996
CESM2-WACCM,ssp585,paper_qm,mid_century,2040,2060,252,wind_speed_hub,period_mean_map,china_intersection,m s-1,2.7277319654849665,955,0.0,0.0,0.7356338500976562,0.9959069097042084,2.590773820877075,2.8744682248974347,1.335071087090511,8.630482845306396,10.681750297546387
CESM2-WACCM,ssp585,paper_qm,mid_century,2040,2060,252,wpd,all_monthly_grid_samples,china_intersection,W m-2,nan,240660,0.0,0.0,0.0007881716592237353,0.054066042937338354,9.099794387817383,40.63672253846113,137.53754172643852,514.6552099609376,5374.46923828125
CESM2-WACCM,ssp585,paper_qm,mid_century,2040,2060,252,wpd,period_mean_map,china_intersection,W m-2,28.88504024338825,955,0.0,0.0,0.3427466154098511,0.8970655620098114,16.734397888183594,40.63672265613266,94.37700091738883,491.344001464844,1129.02001953125
CESM2-WACCM,ssp585,paper_qm,late_century,2080,2100,252,tcell,all_monthly_grid_samples,china_intersection,degree_Celsius,nan,240660,0.0,9.62228870605834,-19.797128677368164,-10.311790199279786,21.371505737304688,19.93910701621268,13.556238457047048,43.05913047790528,49.7358283996582
CESM2-WACCM,ssp585,paper_qm,late_century,2080,2100,252,tcell,period_mean_map,china_intersection,degree_Celsius,20.171639473126177,955,0.0,0.10471204188481677,-0.4049699008464813,4.109908075332642,20.219280242919922,19.93910724670475,7.327040814990546,33.28361145019532,35.35071563720703
CESM2-WACCM,ssp585,paper_qm,late_century,2080,2100,252,performance_ratio,all_monthly_grid_samples,china_intersection,1,nan,240660,0.0,0.0,0.8763208389282227,0.9097043615579605,1.0181424617767334,1.0253044649541283,0.0677811922798338,1.1765589606761933,1.2239856719970703
CESM2-WACCM,ssp585,paper_qm,late_century,2080,2100,252,performance_ratio,period_mean_map,china_intersection,1,1.0241417994612343,955,0.0,0.0,0.948246419429779,0.9585820519924164,1.023903489112854,1.0253044562814124,0.036635204369139314,1.104450719356537,1.1270248889923096
CESM2-WACCM,ssp585,paper_qm,late_century,2080,2100,252,pvpot,all_monthly_grid_samples,china_intersection,W m-2,nan,240660,0.0,0.0,34.548160552978516,66.03300285339355,192.2896728515625,194.80278871596965,64.75388955834246,346.94369506835943,421.0614929199219
CESM2-WACCM,ssp585,paper_qm,late_century,2080,2100,252,pvpot,period_mean_map,china_intersection,W m-2,196.36126542477075,955,0.0,0.0,123.31513977050781,132.82245483398438,186.6577606201172,194.80279007357453,36.667558247421205,280.4423754882813,291.34027099609375
CESM2-WACCM,ssp585,paper_qm,late_century,2080,2100,252,wind_speed_hub,all_monthly_grid_samples,china_intersection,m s-1,nan,240660,0.0,0.0,0.12171480059623718,0.39196119844913485,2.3509511947631836,2.778860313253694,1.8742087808419652,9.309319419860845,19.553749084472656
CESM2-WACCM,ssp585,paper_qm,late_century,2080,2100,252,wind_speed_hub,period_mean_map,china_intersection,m s-1,2.6358335130239037,955,0.0,0.0,0.7146710157394409,0.963012284040451,2.5064237117767334,2.778860303307079,1.331180874901253,8.505093975067144,10.51909065246582
CESM2-WACCM,ssp585,paper_qm,late_century,2080,2100,252,wpd,all_monthly_grid_samples,china_intersection,W m-2,nan,240660,0.0,0.0,0.001104425173252821,0.036883774362504486,7.958605527877808,38.44086217622143,128.65221099405844,494.15122222900465,4579.27001953125
CESM2-WACCM,ssp585,paper_qm,late_century,2080,2100,252,wpd,period_mean_map,china_intersection,W m-2,27.257265938275374,955,0.0,0.0,0.31457051634788513,0.9020714819431306,15.720419883728027,38.44086313918623,88.66695659766945,475.6172930908206,1029.8092041015625
CESM2-WACCM,ssp585,optimized,historical,1994,2014,252,tcell,all_monthly_grid_samples,china_intersection,degree_Celsius,nan,240660,0.0,18.898445940330756,-28.841535568237305,-17.173659019470215,15.81752872467041,14.147142305617148,13.911472535738511,36.6092569732666,42.05951690673828
CESM2-WACCM,ssp585,optimized,historical,1994,2014,252,tcell,period_mean_map,china_intersection,degree_Celsius,14.328882406779789,955,0.0,2.7225130890052354,-5.467555046081543,-1.4767657136917114,14.28382396697998,14.147142482513845,7.65725818532972,28.590097999572755,30.219961166381836
CESM2-WACCM,ssp585,optimized,historical,1994,2014,252,performance_ratio,all_monthly_grid_samples,china_intersection,1,nan,240660,0.0,0.0,0.9147024154663086,0.941953734755516,1.0459123253822327,1.0542642885554534,0.06955736255217163,1.210868308544159,1.2692077159881592
CESM2-WACCM,ssp585,optimized,historical,1994,2014,252,performance_ratio,period_mean_map,china_intersection,1,1.0533555941748693,955,0.0,0.0,0.9739003777503967,0.9820493936538697,1.053580403327942,1.054264293603248,0.03828629075389018,1.1323839616775513,1.152337908744812
CESM2-WACCM,ssp585,optimized,historical,1994,2014,252,pvpot,all_monthly_grid_samples,china_intersection,W m-2,nan,240660,0.0,0.0,26.414306640625,68.76984344482422,195.57623291015625,198.35566205831773,67.99801189303936,360.749841003418,432.3440246582031
CESM2-WACCM,ssp585,optimized,historical,1994,2014,252,pvpot,period_mean_map,china_intersection,W m-2,199.57516249296705,955,0.0,0.0,118.13619232177734,127.45859954833985,189.3649444580078,198.35566121845346,40.53175522903367,288.45683349609374,300.5338134765625
CESM2-WACCM,ssp585,optimized,historical,1994,2014,252,wind_speed_hub,all_monthly_grid_samples,china_intersection,m s-1,nan,240660,0.0,0.0,0.12566488981246948,0.5133797532320022,2.5871572494506836,2.9785321832870957,1.82533841158895,9.115392446517948,18.891387939453125
CESM2-WACCM,ssp585,optimized,historical,1994,2014,252,wind_speed_hub,period_mean_map,china_intersection,m s-1,2.8392353717521317,955,0.0,0.0,0.6659690141677856,1.0148771047592162,2.7251293659210205,2.9785322165614025,1.3182895484582962,8.48830390930176,10.2875394821167
CESM2-WACCM,ssp585,optimized,historical,1994,2014,252,wpd,all_monthly_grid_samples,china_intersection,W m-2,nan,240660,0.0,0.0,0.0012154805008322,0.0828747719526291,10.606559753417969,41.30338416385315,135.3181041439692,463.90839050293016,4129.501953125
CESM2-WACCM,ssp585,optimized,historical,1994,2014,252,wpd,period_mean_map,china_intersection,W m-2,29.560203368191292,955,0.0,0.0,0.27217110991477966,0.971075760126114,17.710617065429688,41.30338439788494,92.70870636227953,482.7675830078125,1097.5709228515625
CESM2-WACCM,ssp585,optimized,mid_century,2040,2060,252,tcell,all_monthly_grid_samples,china_intersection,degree_Celsius,nan,240660,0.0,15.167040638244828,-24.30996322631836,-14.633305521011353,17.99599266052246,16.463447644544118,13.860169835737128,39.15173236846924,44.81950378417969
CESM2-WACCM,ssp585,optimized,mid_century,2040,2060,252,tcell,period_mean_map,china_intersection,degree_Celsius,16.646387228462782,955,0.0,0.7329842931937173,-3.107701539993286,0.6678640758991242,16.57030487060547,16.463447715209416,7.6055430266128194,30.50837673187256,32.3831672668457
CESM2-WACCM,ssp585,optimized,mid_century,2040,2060,252,performance_ratio,all_monthly_grid_samples,china_intersection,1,nan,240660,0.0,0.0,0.900902509689331,0.9292413610219955,1.0350200533866882,1.0426827617766683,0.06930084923676655,1.198166538476944,1.2465498447418213
CESM2-WACCM,ssp585,optimized,mid_century,2040,2060,252,performance_ratio,period_mean_map,china_intersection,1,1.0417680739640998,955,0.0,0.0,0.9630842804908752,0.9724578952789307,1.0421489477157593,1.0426827732805182,0.038027717494802084,1.1216606378555298,1.1405384540557861
CESM2-WACCM,ssp585,optimized,mid_century,2040,2060,252,pvpot,all_monthly_grid_samples,china_intersection,W m-2,nan,240660,0.0,0.0,32.96881866455078,67.80323181152343,195.27317810058594,197.15791096607666,66.66866967926845,354.5698565673828,422.9881896972656
CESM2-WACCM,ssp585,optimized,mid_century,2040,2060,252,pvpot,period_mean_map,china_intersection,W m-2,198.50883407368343,955,0.0,0.0,121.06764221191406,131.51572845458983,188.845458984375,197.15791296035206,38.696821903376325,286.2279986572266,296.66522216796875
CESM2-WACCM,ssp585,optimized,mid_century,2040,2060,252,wind_speed_hub,all_monthly_grid_samples,china_intersection,m s-1,nan,240660,0.0,0.0,0.10876893997192383,0.5348274767398834,2.5857276916503906,2.984112838141699,1.8303526650392659,9.35635064125061,20.62575340270996
CESM2-WACCM,ssp585,optimized,mid_century,2040,2060,252,wind_speed_hub,period_mean_map,china_intersection,m s-1,2.84205199963601,955,0.0,0.0,0.7149608135223389,1.048160915374756,2.7265818119049072,2.9841128260053265,1.3252008177788084,8.585248966217042,10.473587036132812
CESM2-WACCM,ssp585,optimized,mid_century,2040,2060,252,wpd,all_monthly_grid_samples,china_intersection,W m-2,nan,240660,0.0,0.0,0.0007881716592237353,0.09370164759457111,10.588988780975342,41.756561564643896,136.26532971581227,501.6785687255861,5374.46923828125
CESM2-WACCM,ssp585,optimized,mid_century,2040,2060,252,wpd,period_mean_map,china_intersection,W m-2,30.097526630377754,955,0.0,0.0,0.32080337405204773,0.9841651439666749,17.592649459838867,41.75656192773924,93.27927698409748,484.24695068359375,1110.9744873046875
CESM2-WACCM,ssp585,optimized,late_century,2080,2100,252,tcell,all_monthly_grid_samples,china_intersection,degree_Celsius,nan,240660,0.0,9.890301670406384,-20.95806884765625,-10.349488897323608,21.206016540527344,19.76984747357961,13.662235809003745,42.63274578094483,49.274967193603516
CESM2-WACCM,ssp585,optimized,late_century,2080,2100,252,tcell,period_mean_map,china_intersection,degree_Celsius,19.973445649187163,955,0.0,0.0,0.06958884000778198,3.933978137969971,19.885318756103516,19.7698473487849,7.381072582032528,33.383864364624024,35.35231018066406
CESM2-WACCM,ssp585,optimized,late_century,2080,2100,252,performance_ratio,all_monthly_grid_samples,china_intersection,1,nan,240660,0.0,0.0,0.8786251544952393,0.9118362736701965,1.0189698934555054,1.026150762605358,0.06831117903003607,1.1767474687099457,1.2297903299331665
CESM2-WACCM,ssp585,optimized,late_century,2080,2100,252,performance_ratio,period_mean_map,china_intersection,1,1.0251327818505052,955,0.0,0.0,0.9482381939888,0.9580805885791779,1.0255728960037231,1.0261507723968066,0.036905366888769726,1.1053298473358155,1.12465238571167
CESM2-WACCM,ssp585,optimized,late_century,2080,2100,252,pvpot,all_monthly_grid_samples,china_intersection,W m-2,nan,240660,0.0,0.0,34.57121658325195,66.20551895141601,192.42913055419922,194.96274542141603,64.83513608128952,347.8918414306641,422.6720275878906
CESM2-WACCM,ssp585,optimized,late_century,2080,2100,252,pvpot,period_mean_map,china_intersection,W m-2,196.55321643505994,955,0.0,0.0,123.22574615478516,132.80014587402343,186.87759399414062,194.96274457202531,36.77510898566263,280.69352111816414,291.150634765625
CESM2-WACCM,ssp585,optimized,late_century,2080,2100,252,wind_speed_hub,all_monthly_grid_samples,china_intersection,m s-1,nan,240660,0.0,0.0,0.12171480059623718,0.5173289567232132,2.5334548950195312,2.9309722326869907,1.8103606859665382,9.196677856445316,19.553749084472656
CESM2-WACCM,ssp585,optimized,late_century,2080,2100,252,wind_speed_hub,period_mean_map,china_intersection,m s-1,2.793039385024786,955,0.0,0.0,0.712458610534668,1.0437607765197754,2.6825575828552246,2.9309722738116197,1.3066703108893152,8.496349811553957,10.111054420471191
CESM2-WACCM,ssp585,optimized,late_century,2080,2100,252,wpd,all_monthly_grid_samples,china_intersection,W m-2,nan,240660,0.0,0.0,0.001104425173252821,0.08480207957327367,9.959685325622559,39.730767373366376,126.15679109947347,476.42991302490293,4579.27001953125
CESM2-WACCM,ssp585,optimized,late_century,2080,2100,252,wpd,period_mean_map,china_intersection,W m-2,28.818911712902707,955,0.0,0.0,0.31150490045547485,0.9999995136260986,16.916269302368164,39.73076808071885,86.17158299473279,466.0969110107425,978.4920043945312
CMCC-CM2-SR5,ssp126,paper_qm,historical,1994,2014,252,tcell,all_monthly_grid_samples,china_intersection,degree_Celsius,nan,240660,0.0,19.474362170697248,-30.002017974853516,-17.588900985717775,15.741354942321777,14.019055509877221,14.086839652747944,36.65658935546875,41.309913635253906
CMCC-CM2-SR5,ssp126,paper_qm,historical,1994,2014,252,tcell,period_mean_map,china_intersection,degree_Celsius,14.195804594786923,955,0.0,3.0366492146596857,-5.524993896484375,-1.6571980214118958,14.109140396118164,14.019055675087175,7.71295583237371,28.487766571044926,30.05991554260254
CMCC-CM2-SR5,ssp126,paper_qm,historical,1994,2014,252,performance_ratio,all_monthly_grid_samples,china_intersection,1,nan,240660,0.0,0.0,0.9184504151344299,0.941717051267624,1.0462932586669922,1.0549047224229187,0.07043419821524695,1.2129444873332977,1.275010108947754
CMCC-CM2-SR5,ssp126,paper_qm,historical,1994,2014,252,performance_ratio,period_mean_map,china_intersection,1,1.0540209899316981,955,0.0,0.0,0.9747003316879272,0.9825608217716217,1.0544545650482178,1.0549047367110926,0.03856478846499064,1.1332861137390138,1.1526252031326294
CMCC-CM2-SR5,ssp126,paper_qm,historical,1994,2014,252,pvpot,all_monthly_grid_samples,china_intersection,W m-2,nan,240660,0.0,0.0,30.01920509338379,68.72291542053223,196.39908599853516,198.77685335529898,68.50149208044078,363.0980569458008,428.28289794921875
CMCC-CM2-SR5,ssp126,paper_qm,historical,1994,2014,252,pvpot,period_mean_map,china_intersection,W m-2,200.1080259635417,955,0.0,0.0,119.21858978271484,128.77662811279296,190.33148193359375,198.77685413460458,40.785155078940384,289.49694396972654,301.68695068359375
CMCC-CM2-SR5,ssp126,paper_qm,historical,1994,2014,252,wind_speed_hub,all_monthly_grid_samples,china_intersection,m s-1,nan,240660,0.0,0.0,0.11023866385221481,0.5074907058477401,2.5652981996536255,2.960168758849546,1.8381026257358934,9.208632001876833,20.237388610839844
CMCC-CM2-SR5,ssp126,paper_qm,historical,1994,2014,252,wind_speed_hub,period_mean_map,china_intersection,m s-1,2.822786762521934,955,0.0,0.0,0.6661766171455383,1.0176380038261414,2.729703664779663,2.960168812973961,1.3192329436999055,8.588300304412842,10.269845008850098
CMCC-CM2-SR5,ssp126,paper_qm,historical,1994,2014,252,wpd,all_monthly_grid_samples,china_intersection,W m-2,nan,240660,0.0,0.0,0.000820555433165282,0.0800553410500288,10.339979648590088,41.428945994629935,138.76424367975244,478.2901562500001,5076.56005859375
CMCC-CM2-SR5,ssp126,paper_qm,historical,1994,2014,252,wpd,period_mean_map,china_intersection,W m-2,29.575677845759362,955,0.0,0.0,0.2688758373260498,0.955941561460495,17.989524841308594,41.42894676330826,94.96013664218361,491.36852294921897,1126.968505859375
CMCC-CM2-SR5,ssp126,paper_qm,mid_century,2040,2060,252,tcell,all_monthly_grid_samples,china_intersection,degree_Celsius,nan,240660,0.0,16.24324773539433,-26.316570281982422,-16.22868061065674,17.53192138671875,15.823658906821171,13.96923461079354,38.38335441589356,43.40760803222656
CMCC-CM2-SR5,ssp126,paper_qm,mid_century,2040,2060,252,tcell,period_mean_map,china_intersection,degree_Celsius,16.052650717087065,955,0.0,0.9424083769633508,-4.198945045471191,0.08796590045094492,15.922395706176758,15.82365893540777,7.742352272253783,29.871826972961433,31.1368350982666
CMCC-CM2-SR5,ssp126,paper_qm,mid_century,2040,2060,252,performance_ratio,all_monthly_grid_samples,china_intersection,1,nan,240660,0.0,0.0,0.9079619646072388,0.9330831998586655,1.0373404026031494,1.0458817054191492,0.06984617289810417,1.206143388748169,1.2565828561782837
CMCC-CM2-SR5,ssp126,paper_qm,mid_century,2040,2060,252,performance_ratio,period_mean_map,china_intersection,1,1.04473674941004,955,0.0,0.0,0.9693158268928528,0.9756407833099365,1.0453877449035645,1.0458817048846738,0.038711751713708525,1.1245601129531861,1.1459946632385254
CMCC-CM2-SR5,ssp126,paper_qm,mid_century,2040,2060,252,pvpot,all_monthly_grid_samples,china_intersection,W m-2,nan,240660,0.0,0.0,37.098121643066406,68.01817291259766,198.49517059326172,200.8002069816599,66.85824064324451,360.01189666748047,425.05096435546875
CMCC-CM2-SR5,ssp126,paper_qm,mid_century,2040,2060,252,pvpot,period_mean_map,china_intersection,W m-2,202.30564170123338,955,0.0,0.0,126.14771270751953,137.6865707397461,192.49476623535156,200.80020501900717,37.66391993297958,286.57463623046874,299.1328125
CMCC-CM2-SR5,ssp126,paper_qm,mid_century,2040,2060,252,wind_speed_hub,all_monthly_grid_samples,china_intersection,m s-1,nan,240660,0.0,0.0,0.10971923172473907,0.41422796159982683,2.3797852993011475,2.8033556420815158,1.8645541024945218,9.145886220932008,19.373485565185547
CMCC-CM2-SR5,ssp126,paper_qm,mid_century,2040,2060,252,wind_speed_hub,period_mean_map,china_intersection,m s-1,2.6430772046015725,955,0.0,0.0,0.6633428931236267,0.8649380540847779,2.5635976791381836,2.8033556367090235,1.3358369340636242,8.5438981628418,10.150403022766113
CMCC-CM2-SR5,ssp126,paper_qm,mid_century,2040,2060,252,wpd,all_monthly_grid_samples,china_intersection,W m-2,nan,240660,0.0,0.0,0.0008090109331533313,0.0435335747897625,8.25504446029663,38.88407711878795,134.51012272753215,468.57972808837906,4453.7861328125
CMCC-CM2-SR5,ssp126,paper_qm,mid_century,2040,2060,252,wpd,period_mean_map,china_intersection,W m-2,26.748409039976185,955,0.0,0.0,0.2588454484939575,0.618862111568451,15.098429679870605,38.88407742143926,92.23584723847954,485.2131500244141,1066.7518310546875
CMCC-CM2-SR5,ssp126,paper_qm,late_century,2080,2100,252,tcell,all_monthly_grid_samples,china_intersection,degree_Celsius,nan,240660,0.0,15.56594365494889,-25.574474334716797,-15.272125844955445,18.064589500427246,16.549302894384677,14.128197426765352,39.227049942016606,44.64804458618164
CMCC-CM2-SR5,ssp126,paper_qm,late_century,2080,2100,252,tcell,period_mean_map,china_intersection,degree_Celsius,16.74893608928791,955,0.0,0.8376963350785341,-3.958801746368408,0.5093852317333223,16.769929885864258,16.549302981306276,7.667832326010513,30.483150062561037,31.921493530273438
CMCC-CM2-SR5,ssp126,paper_qm,late_century,2080,2100,252,performance_ratio,all_monthly_grid_samples,china_intersection,1,nan,240660,0.0,0.0,0.9017598032951355,0.9288647472858429,1.0346770286560059,1.0422534853987768,0.07064098726440071,1.2013606381416322,1.252872347831726
CMCC-CM2-SR5,ssp126,paper_qm,late_century,2080,2100,252,performance_ratio,period_mean_map,china_intersection,1,1.0412553056139873,955,0.0,0.0,0.9653922915458679,0.9725839471817017,1.0411503314971924,1.0422534694222256,0.038339156068325206,1.1224533891677857,1.1447938680648804
CMCC-CM2-SR5,ssp126,paper_qm,late_century,2080,2100,252,pvpot,all_monthly_grid_samples,china_intersection,W m-2,nan,240660,0.0,0.0,37.00733947753906,67.90832443237305,199.6838150024414,201.3426250626101,66.8880560699001,359.898102722168,436.88140869140625
CMCC-CM2-SR5,ssp126,paper_qm,late_century,2080,2100,252,pvpot,period_mean_map,china_intersection,W m-2,202.7937404792268,955,0.0,0.0,125.64519500732422,138.5531201171875,192.59654235839844,201.34262595451315,37.24939655544853,288.2673040771484,301.4003601074219
CMCC-CM2-SR5,ssp126,paper_qm,late_century,2080,2100,252,wind_speed_hub,all_monthly_grid_samples,china_intersection,m s-1,nan,240660,0.0,0.0,0.1197432354092598,0.3785862174630165,2.2896310091018677,2.7156682229023232,1.8764103158799865,9.218484010696415,19.23931312561035
CMCC-CM2-SR5,ssp126,paper_qm,late_century,2080,2100,252,wind_speed_hub,period_mean_map,china_intersection,m s-1,2.5649319296321846,955,0.0,0.0,0.6366409659385681,0.8060184955596924,2.4568309783935547,2.7156682329652195,1.3359191153565928,8.586051273345952,10.245809555053711
CMCC-CM2-SR5,ssp126,paper_qm,late_century,2080,2100,252,wpd,all_monthly_grid_samples,china_intersection,W m-2,nan,240660,0.0,0.0,0.0010516204638406634,0.03323537141084671,7.351950168609619,37.836831997295924,140.27029518227522,479.82695587158264,4361.89111328125
CMCC-CM2-SR5,ssp126,paper_qm,late_century,2080,2100,252,wpd,period_mean_map,china_intersection,W m-2,25.656154181740778,955,0.0,0.0,0.2504456639289856,0.5437706160545349,14.11746597290039,37.836833088903525,95.80316398037465,499.40184326171897,1129.693115234375
CMCC-CM2-SR5,ssp126,optimized,historical,1994,2014,252,tcell,all_monthly_grid_samples,china_intersection,degree_Celsius,nan,240660,0.0,19.474362170697248,-30.002017974853516,-17.588900985717775,15.741354942321777,14.019055509877221,14.086839652747944,36.65658935546875,41.309913635253906
CMCC-CM2-SR5,ssp126,optimized,historical,1994,2014,252,tcell,period_mean_map,china_intersection,degree_Celsius,14.195804594786923,955,0.0,3.0366492146596857,-5.524993896484375,-1.6571980214118958,14.109140396118164,14.019055675087175,7.71295583237371,28.487766571044926,30.05991554260254
CMCC-CM2-SR5,ssp126,optimized,historical,1994,2014,252,performance_ratio,all_monthly_grid_samples,china_intersection,1,nan,240660,0.0,0.0,0.9184504151344299,0.941717051267624,1.0462932586669922,1.0549047224229187,0.07043419821524695,1.2129444873332977,1.275010108947754
CMCC-CM2-SR5,ssp126,optimized,historical,1994,2014,252,performance_ratio,period_mean_map,china_intersection,1,1.0540209899316981,955,0.0,0.0,0.9747003316879272,0.9825608217716217,1.0544545650482178,1.0549047367110926,0.03856478846499064,1.1332861137390138,1.1526252031326294
CMCC-CM2-SR5,ssp126,optimized,historical,1994,2014,252,pvpot,all_monthly_grid_samples,china_intersection,W m-2,nan,240660,0.0,0.0,30.01920509338379,68.72291542053223,196.39908599853516,198.77685335529898,68.50149208044078,363.0980569458008,428.28289794921875
CMCC-CM2-SR5,ssp126,optimized,historical,1994,2014,252,pvpot,period_mean_map,china_intersection,W m-2,200.1080259635417,955,0.0,0.0,119.21858978271484,128.77662811279296,190.33148193359375,198.77685413460458,40.785155078940384,289.49694396972654,301.68695068359375
CMCC-CM2-SR5,ssp126,optimized,historical,1994,2014,252,wind_speed_hub,all_monthly_grid_samples,china_intersection,m s-1,nan,240660,0.0,0.0,0.11023866385221481,0.5074907058477401,2.5652981996536255,2.960168758849546,1.8381026257358934,9.208632001876833,20.237388610839844
CMCC-CM2-SR5,ssp126,optimized,historical,1994,2014,252,wind_speed_hub,period_mean_map,china_intersection,m s-1,2.822786762521934,955,0.0,0.0,0.6661766171455383,1.0176380038261414,2.729703664779663,2.960168812973961,1.3192329436999055,8.588300304412842,10.269845008850098
CMCC-CM2-SR5,ssp126,optimized,historical,1994,2014,252,wpd,all_monthly_grid_samples,china_intersection,W m-2,nan,240660,0.0,0.0,0.000820555433165282,0.0800553410500288,10.339979648590088,41.428945994629935,138.76424367975244,478.2901562500001,5076.56005859375
CMCC-CM2-SR5,ssp126,optimized,historical,1994,2014,252,wpd,period_mean_map,china_intersection,W m-2,29.575677845759362,955,0.0,0.0,0.2688758373260498,0.955941561460495,17.989524841308594,41.42894676330826,94.96013664218361,491.36852294921897,1126.968505859375
CMCC-CM2-SR5,ssp126,optimized,mid_century,2040,2060,252,tcell,all_monthly_grid_samples,china_intersection,degree_Celsius,nan,240660,0.0,16.572342724175186,-26.257308959960938,-15.918760461807251,17.39539623260498,15.699497765872648,13.933669572138486,38.10698238372803,43.132659912109375
CMCC-CM2-SR5,ssp126,optimized,mid_century,2040,2060,252,tcell,period_mean_map,china_intersection,degree_Celsius,15.893223888407507,955,0.0,1.1518324607329842,-3.956792116165161,-0.034102221485227284,15.688105583190918,15.699497988194969,7.761291525960436,29.907797851562503,31.421480178833008
CMCC-CM2-SR5,ssp126,optimized,mid_century,2040,2060,252,performance_ratio,all_monthly_grid_samples,china_intersection,1,nan,240660,0.0,0.0,0.9093366861343384,0.9344650828838348,1.0380229949951172,1.046502511155117,0.06966834786393886,1.2045937943458558,1.2562865018844604
CMCC-CM2-SR5,ssp126,optimized,mid_century,2040,2060,252,performance_ratio,period_mean_map,china_intersection,1,1.045533884754799,955,0.0,0.0,0.9678927659988403,0.9754607808589936,1.0465595722198486,1.0465025160325134,0.038806437434914354,1.125170350074768,1.144783854484558
CMCC-CM2-SR5,ssp126,optimized,mid_century,2040,2060,252,pvpot,all_monthly_grid_samples,china_intersection,W m-2,nan,240660,0.0,0.0,37.147071838378906,68.01771507263183,198.6303482055664,200.9353046262848,66.93880655876978,360.4630590820313,427.1729431152344
CMCC-CM2-SR5,ssp126,optimized,mid_century,2040,2060,252,pvpot,period_mean_map,china_intersection,W m-2,202.4786153734034,955,0.0,0.0,126.22920227050781,137.79464660644533,192.7948760986328,200.93530500322112,37.743783690936354,286.9262078857422,298.93414306640625
CMCC-CM2-SR5,ssp126,optimized,mid_century,2040,2060,252,wind_speed_hub,all_monthly_grid_samples,china_intersection,m s-1,nan,240660,0.0,0.0,0.10971923172473907,0.5290273696184158,2.55804705619812,2.9541016348220857,1.8125324183078235,9.126121559143076,19.373485565185547
CMCC-CM2-SR5,ssp126,optimized,mid_century,2040,2060,252,wind_speed_hub,period_mean_map,china_intersection,m s-1,2.803225273201074,955,0.0,0.0,0.6995291113853455,1.0030178332328796,2.72741961479187,2.9541015963279764,1.3277804197703453,8.592589321136478,10.326236724853516
CMCC-CM2-SR5,ssp126,optimized,mid_century,2040,2060,252,wpd,all_monthly_grid_samples,china_intersection,W m-2,nan,240660,0.0,0.0,0.0008090109331533313,0.09068606160581112,10.252545833587646,40.52224969109637,133.6269093955034,465.5484622192398,4453.7861328125
CMCC-CM2-SR5,ssp126,optimized,mid_century,2040,2060,252,wpd,period_mean_map,china_intersection,W m-2,28.5216094864592,955,0.0,0.0,0.2956922650337219,0.9118085837364198,17.425703048706055,40.52224982334057,92.54817675341496,483.5210864257813,1081.0970458984375
CMCC-CM2-SR5,ssp126,optimized,late_century,2080,2100,252,tcell,all_monthly_grid_samples,china_intersection,degree_Celsius,nan,240660,0.0,15.976896866949222,-26.80667495727539,-14.948580255508423,17.92244529724121,16.38977366607011,14.07969849124333,38.9266996383667,44.0862922668457
CMCC-CM2-SR5,ssp126,optimized,late_century,2080,2100,252,tcell,period_mean_map,china_intersection,degree_Celsius,16.553855658549228,955,0.0,0.9424083769633508,-3.6770894527435303,0.1855153277516365,16.41737937927246,16.38977373232431,7.706830645092487,30.44012912750245,32.17691421508789
CMCC-CM2-SR5,ssp126,optimized,late_century,2080,2100,252,performance_ratio,all_monthly_grid_samples,china_intersection,1,nan,240660,0.0,0.0,0.9045685529708862,0.930366518497467,1.0353877544403076,1.043051131644382,0.07039849259377225,1.1997428846359253,1.2590333223342896
CMCC-CM2-SR5,ssp126,optimized,late_century,2080,2100,252,performance_ratio,period_mean_map,china_intersection,1,1.0422307171418983,955,0.0,0.0,0.964115560054779,0.9727992403507233,1.0429131984710693,1.0430511276759402,0.03853413565435855,1.1240727019309997,1.1433857679367065
CMCC-CM2-SR5,ssp126,optimized,late_century,2080,2100,252,pvpot,all_monthly_grid_samples,china_intersection,W m-2,nan,240660,0.0,0.0,37.04738235473633,67.89259407043457,199.91912841796875,201.51757073289465,66.9942880864126,360.4464962768555,436.76544189453125
CMCC-CM2-SR5,ssp126,optimized,late_century,2080,2100,252,pvpot,period_mean_map,china_intersection,W m-2,203.0078757251758,955,0.0,0.0,125.74371337890625,138.60379119873048,192.60476684570312,201.5175699763273,37.33525976081672,288.82242492675783,301.1650085449219
CMCC-CM2-SR5,ssp126,optimized,late_century,2080,2100,252,wind_speed_hub,all_monthly_grid_samples,china_intersection,m s-1,nan,240660,0.0,0.0,0.1197432354092598,0.5108577537536622,2.5216798782348633,2.9178289027652564,1.8146061214954363,9.159543457031255,19.23931312561035
CMCC-CM2-SR5,ssp126,optimized,late_century,2080,2100,252,wind_speed_hub,period_mean_map,china_intersection,m s-1,2.7732400950838034,955,0.0,0.0,0.6863905191421509,1.0234120655059815,2.670046091079712,2.9178288837377937,1.3206759699165773,8.60191860198975,10.385669708251953
CMCC-CM2-SR5,ssp126,optimized,late_century,2080,2100,252,wpd,all_monthly_grid_samples,china_intersection,W m-2,nan,240660,0.0,0.0,0.0010516204638406634,0.08165938504040242,9.821456909179688,40.093907388649306,138.53212441743884,470.68195373535224,4361.89111328125
CMCC-CM2-SR5,ssp126,optimized,late_century,2080,2100,252,wpd,period_mean_map,china_intersection,W m-2,28.036483136990235,955,0.0,0.0,0.29081231355667114,0.9488064813613892,16.633710861206055,40.09390623045217,95.07353947541726,496.24034301757837,1119.308349609375
CMCC-CM2-SR5,ssp245,paper_qm,historical,1994,2014,252,tcell,all_monthly_grid_samples,china_intersection,degree_Celsius,nan,240660,0.0,19.474362170697248,-30.002017974853516,-17.588900985717775,15.741354942321777,14.019055509877221,14.086839652747944,36.65658935546875,41.309913635253906
CMCC-CM2-SR5,ssp245,paper_qm,historical,1994,2014,252,tcell,period_mean_map,china_intersection,degree_Celsius,14.195804594786923,955,0.0,3.0366492146596857,-5.524993896484375,-1.6571980214118958,14.109140396118164,14.019055675087175,7.71295583237371,28.487766571044926,30.05991554260254
CMCC-CM2-SR5,ssp245,paper_qm,historical,1994,2014,252,performance_ratio,all_monthly_grid_samples,china_intersection,1,nan,240660,0.0,0.0,0.9184504151344299,0.941717051267624,1.0462932586669922,1.0549047224229187,0.07043419821524695,1.2129444873332977,1.275010108947754
CMCC-CM2-SR5,ssp245,paper_qm,historical,1994,2014,252,performance_ratio,period_mean_map,china_intersection,1,1.0540209899316981,955,0.0,0.0,0.9747003316879272,0.9825608217716217,1.0544545650482178,1.0549047367110926,0.03856478846499064,1.1332861137390138,1.1526252031326294
CMCC-CM2-SR5,ssp245,paper_qm,historical,1994,2014,252,pvpot,all_monthly_grid_samples,china_intersection,W m-2,nan,240660,0.0,0.0,30.01920509338379,68.72291542053223,196.39908599853516,198.77685335529898,68.50149208044078,363.0980569458008,428.28289794921875
CMCC-CM2-SR5,ssp245,paper_qm,historical,1994,2014,252,pvpot,period_mean_map,china_intersection,W m-2,200.1080259635417,955,0.0,0.0,119.21858978271484,128.77662811279296,190.33148193359375,198.77685413460458,40.785155078940384,289.49694396972654,301.68695068359375
CMCC-CM2-SR5,ssp245,paper_qm,historical,1994,2014,252,wind_speed_hub,all_monthly_grid_samples,china_intersection,m s-1,nan,240660,0.0,0.0,0.11023866385221481,0.5074907058477401,2.5652981996536255,2.960168758849546,1.8381026257358934,9.208632001876833,20.237388610839844
CMCC-CM2-SR5,ssp245,paper_qm,historical,1994,2014,252,wind_speed_hub,period_mean_map,china_intersection,m s-1,2.822786762521934,955,0.0,0.0,0.6661766171455383,1.0176380038261414,2.729703664779663,2.960168812973961,1.3192329436999055,8.588300304412842,10.269845008850098
CMCC-CM2-SR5,ssp245,paper_qm,historical,1994,2014,252,wpd,all_monthly_grid_samples,china_intersection,W m-2,nan,240660,0.0,0.0,0.000820555433165282,0.0800553410500288,10.339979648590088,41.428945994629935,138.76424367975244,478.2901562500001,5076.56005859375
CMCC-CM2-SR5,ssp245,paper_qm,historical,1994,2014,252,wpd,period_mean_map,china_intersection,W m-2,29.575677845759362,955,0.0,0.0,0.2688758373260498,0.955941561460495,17.989524841308594,41.42894676330826,94.96013664218361,491.36852294921897,1126.968505859375
CMCC-CM2-SR5,ssp245,paper_qm,mid_century,2040,2060,252,tcell,all_monthly_grid_samples,china_intersection,degree_Celsius,nan,240660,0.0,16.253220310811933,-24.28915023803711,-15.41436583518982,17.221797943115234,15.722685701048047,13.83674441858593,38.17372001647949,43.355682373046875
CMCC-CM2-SR5,ssp245,paper_qm,mid_century,2040,2060,252,tcell,period_mean_map,china_intersection,degree_Celsius,15.903618545808516,955,0.0,1.0471204188481675,-4.226997375488281,-0.09027668982744191,15.875174522399902,15.722685605147122,7.5209970518771625,29.426985435485847,31.038619995117188
CMCC-CM2-SR5,ssp245,paper_qm,mid_century,2040,2060,252,performance_ratio,all_monthly_grid_samples,china_intersection,1,nan,240660,0.0,0.0,0.9082216024398804,0.9341314023733139,1.0388910174369812,1.0463865714906646,0.06918372207616555,1.2020717871189117,1.2464457750320435
CMCC-CM2-SR5,ssp245,paper_qm,mid_century,2040,2060,252,performance_ratio,period_mean_map,china_intersection,1,1.0454819084158515,955,0.0,0.0,0.9698070883750916,0.9778649079799652,1.0456241369247437,1.0463865717044052,0.037604999961886564,1.1254516625404358,1.146134853363037
CMCC-CM2-SR5,ssp245,paper_qm,mid_century,2040,2060,252,pvpot,all_monthly_grid_samples,china_intersection,W m-2,nan,240660,0.0,0.0,33.19398498535156,65.92491706848145,193.13001251220703,196.11326538148708,67.40817266079713,359.5674813842774,434.81793212890625
CMCC-CM2-SR5,ssp245,paper_qm,mid_century,2040,2060,252,pvpot,period_mean_map,china_intersection,W m-2,197.4376053088396,955,0.0,0.0,118.1178207397461,129.8223211669922,187.64015197753906,196.1132684837461,39.03711170207588,284.7787567138672,297.1788024902344
CMCC-CM2-SR5,ssp245,paper_qm,mid_century,2040,2060,252,wind_speed_hub,all_monthly_grid_samples,china_intersection,m s-1,nan,240660,0.0,0.0,0.10827981680631638,0.4060903963446617,2.361758828163147,2.784778830424994,1.8540039804952702,9.069420061111453,18.886096954345703
CMCC-CM2-SR5,ssp245,paper_qm,mid_century,2040,2060,252,wind_speed_hub,period_mean_map,china_intersection,m s-1,2.6374768828882003,955,0.0,0.0,0.5565119385719299,0.9141674649715423,2.5481057167053223,2.784778853548759,1.2995214512846702,8.257136478424075,10.26407241821289
CMCC-CM2-SR5,ssp245,paper_qm,mid_century,2040,2060,252,wpd,all_monthly_grid_samples,china_intersection,W m-2,nan,240660,0.0,0.0,0.0007775863050483167,0.04101797942072153,8.068869590759277,38.2781181837921,134.86641717934592,456.924701843262,4126.033203125
CMCC-CM2-SR5,ssp245,paper_qm,mid_century,2040,2060,252,wpd,period_mean_map,china_intersection,W m-2,26.493414458988397,955,0.0,0.0,0.16920171678066254,0.696309666633606,15.753229141235352,38.278116961970376,92.507688346898,459.90437500000013,1112.5081787109375
CMCC-CM2-SR5,ssp245,paper_qm,late_century,2080,2100,252,tcell,all_monthly_grid_samples,china_intersection,degree_Celsius,nan,240660,0.0,13.813679049281143,-22.891515731811523,-13.456233205795288,18.69899082183838,17.329354261717686,13.816944925587729,40.09932971954346,45.403076171875
CMCC-CM2-SR5,ssp245,paper_qm,late_century,2080,2100,252,tcell,period_mean_map,china_intersection,degree_Celsius,17.52630729339226,955,0.0,0.41884816753926707,-2.98138427734375,1.5754832959175111,17.557321548461914,17.329354073536333,7.438989469065359,30.54702575683594,32.29179000854492
CMCC-CM2-SR5,ssp245,paper_qm,late_century,2080,2100,252,performance_ratio,all_monthly_grid_samples,china_intersection,1,nan,240660,0.0,0.0,0.8979846239089966,0.9245033580064773,1.031505048274994,1.0383532286237662,0.06908472468137747,1.1922811543941498,1.239457607269287
CMCC-CM2-SR5,ssp245,paper_qm,late_century,2080,2100,252,performance_ratio,period_mean_map,china_intersection,1,1.0373684632748077,955,0.0,0.0,0.9635413289070129,0.9722649443149567,1.03721284866333,1.0383532230766657,0.03719494188961202,1.1171226859092713,1.139906644821167
CMCC-CM2-SR5,ssp245,paper_qm,late_century,2080,2100,252,pvpot,all_monthly_grid_samples,china_intersection,W m-2,nan,240660,0.0,0.0,35.70661926269531,64.44613739013671,195.57514190673828,197.30617639132194,66.91590190854335,354.4573574829102,424.5024719238281
CMCC-CM2-SR5,ssp245,paper_qm,late_century,2080,2100,252,pvpot,period_mean_map,china_intersection,W m-2,198.8438367285015,955,0.0,0.0,125.41157531738281,137.23661529541016,188.4241180419922,197.30617469667763,37.776976136459965,284.39815185546877,297.5857238769531
CMCC-CM2-SR5,ssp245,paper_qm,late_century,2080,2100,252,wind_speed_hub,all_monthly_grid_samples,china_intersection,m s-1,nan,240660,0.0,0.0,0.10373755544424057,0.3737611550092697,2.2885398864746094,2.7108245935718287,1.8582532792131239,9.106727066040039,20.01140785217285
CMCC-CM2-SR5,ssp245,paper_qm,late_century,2080,2100,252,wind_speed_hub,period_mean_map,china_intersection,m s-1,2.5633687171927306,955,0.0,0.0,0.5092530250549316,0.8277668154239655,2.4693264961242676,2.7108246039969757,1.3027985628171233,8.428420391082765,10.10157299041748
CMCC-CM2-SR5,ssp245,paper_qm,late_century,2080,2100,252,wpd,all_monthly_grid_samples,china_intersection,W m-2,nan,240660,0.0,0.0,0.0006837765104137361,0.03198074676096439,7.341445207595825,37.06889286794448,136.01619140708502,462.58663940429693,4908.38916015625
CMCC-CM2-SR5,ssp245,paper_qm,late_century,2080,2100,252,wpd,period_mean_map,china_intersection,W m-2,25.23023734923514,955,0.0,0.0,0.1419222205877304,0.59465318441391,14.632231712341309,37.0688930437671,92.03417440014802,482.81464111328137,1084.0479736328125
CMCC-CM2-SR5,ssp245,optimized,historical,1994,2014,252,tcell,all_monthly_grid_samples,china_intersection,degree_Celsius,nan,240660,0.0,19.474362170697248,-30.002017974853516,-17.588900985717775,15.741354942321777,14.019055509877221,14.086839652747944,36.65658935546875,41.309913635253906
CMCC-CM2-SR5,ssp245,optimized,historical,1994,2014,252,tcell,period_mean_map,china_intersection,degree_Celsius,14.195804594786923,955,0.0,3.0366492146596857,-5.524993896484375,-1.6571980214118958,14.109140396118164,14.019055675087175,7.71295583237371,28.487766571044926,30.05991554260254
CMCC-CM2-SR5,ssp245,optimized,historical,1994,2014,252,performance_ratio,all_monthly_grid_samples,china_intersection,1,nan,240660,0.0,0.0,0.9184504151344299,0.941717051267624,1.0462932586669922,1.0549047224229187,0.07043419821524695,1.2129444873332977,1.275010108947754
CMCC-CM2-SR5,ssp245,optimized,historical,1994,2014,252,performance_ratio,period_mean_map,china_intersection,1,1.0540209899316981,955,0.0,0.0,0.9747003316879272,0.9825608217716217,1.0544545650482178,1.0549047367110926,0.03856478846499064,1.1332861137390138,1.1526252031326294
CMCC-CM2-SR5,ssp245,optimized,historical,1994,2014,252,pvpot,all_monthly_grid_samples,china_intersection,W m-2,nan,240660,0.0,0.0,30.01920509338379,68.72291542053223,196.39908599853516,198.77685335529898,68.50149208044078,363.0980569458008,428.28289794921875
CMCC-CM2-SR5,ssp245,optimized,historical,1994,2014,252,pvpot,period_mean_map,china_intersection,W m-2,200.1080259635417,955,0.0,0.0,119.21858978271484,128.77662811279296,190.33148193359375,198.77685413460458,40.785155078940384,289.49694396972654,301.68695068359375
CMCC-CM2-SR5,ssp245,optimized,historical,1994,2014,252,wind_speed_hub,all_monthly_grid_samples,china_intersection,m s-1,nan,240660,0.0,0.0,0.11023866385221481,0.5074907058477401,2.5652981996536255,2.960168758849546,1.8381026257358934,9.208632001876833,20.237388610839844
CMCC-CM2-SR5,ssp245,optimized,historical,1994,2014,252,wind_speed_hub,period_mean_map,china_intersection,m s-1,2.822786762521934,955,0.0,0.0,0.6661766171455383,1.0176380038261414,2.729703664779663,2.960168812973961,1.3192329436999055,8.588300304412842,10.269845008850098
CMCC-CM2-SR5,ssp245,optimized,historical,1994,2014,252,wpd,all_monthly_grid_samples,china_intersection,W m-2,nan,240660,0.0,0.0,0.000820555433165282,0.0800553410500288,10.339979648590088,41.428945994629935,138.76424367975244,478.2901562500001,5076.56005859375
CMCC-CM2-SR5,ssp245,optimized,historical,1994,2014,252,wpd,period_mean_map,china_intersection,W m-2,29.575677845759362,955,0.0,0.0,0.2688758373260498,0.955941561460495,17.989524841308594,41.42894676330826,94.96013664218361,491.36852294921897,1126.968505859375
CMCC-CM2-SR5,ssp245,optimized,mid_century,2040,2060,252,tcell,all_monthly_grid_samples,china_intersection,degree_Celsius,nan,240660,0.0,16.646721515831466,-25.211774826049805,-15.036931543350219,17.069522857666016,15.579511100636958,13.795865632609527,37.90687931060791,43.23505783081055
CMCC-CM2-SR5,ssp245,optimized,mid_century,2040,2060,252,tcell,period_mean_map,china_intersection,degree_Celsius,15.730065829832224,955,0.0,1.0471204188481675,-3.9458346366882324,-0.026755876671522773,15.655430793762207,15.57951103923501,7.53646635634178,29.533519821166998,31.075763702392578
CMCC-CM2-SR5,ssp245,optimized,mid_century,2040,2060,252,performance_ratio,all_monthly_grid_samples,china_intersection,1,nan,240660,0.0,0.0,0.9088247418403625,0.9354656064510345,1.0396523475646973,1.0471024444260661,0.06897932811044559,1.2001846659183502,1.25105881690979
CMCC-CM2-SR5,ssp245,optimized,mid_century,2040,2060,252,performance_ratio,period_mean_map,china_intersection,1,1.0463496777157508,955,0.0,0.0,0.9696212410926819,0.9773326003551484,1.0467231273651123,1.04710245319686,0.037682335820164635,1.1251335644721985,1.144729733467102
CMCC-CM2-SR5,ssp245,optimized,mid_century,2040,2060,252,pvpot,all_monthly_grid_samples,china_intersection,W m-2,nan,240660,0.0,0.0,33.18935012817383,65.90802795410156,193.27182006835938,196.2630253121709,67.49023630035255,359.70693542480467,437.0888977050781
CMCC-CM2-SR5,ssp245,optimized,mid_century,2040,2060,252,pvpot,period_mean_map,china_intersection,W m-2,197.61851059761446,955,0.0,0.0,118.19110870361328,129.87865844726562,187.63140869140625,196.26302586900002,39.11292382622296,285.09290405273435,296.9374694824219
CMCC-CM2-SR5,ssp245,optimized,mid_century,2040,2060,252,wind_speed_hub,all_monthly_grid_samples,china_intersection,m s-1,nan,240660,0.0,0.0,0.1211351528763771,0.5245583212375641,2.559402346611023,2.9555770559055454,1.811695250432639,9.082075958251961,18.886096954345703
CMCC-CM2-SR5,ssp245,optimized,mid_century,2040,2060,252,wind_speed_hub,period_mean_map,china_intersection,m s-1,2.8102126763517967,955,0.0,0.0,0.6880874633789062,1.0078518927097322,2.717423915863037,2.9555770652456435,1.3167188761326423,8.428705615997314,10.47537899017334
CMCC-CM2-SR5,ssp245,optimized,mid_century,2040,2060,252,wpd,all_monthly_grid_samples,china_intersection,W m-2,nan,240660,0.0,0.0,0.0010887212119996548,0.08840715266764164,10.268848896026611,40.53547354251229,133.94342595451954,458.8402581787121,4126.033203125
CMCC-CM2-SR5,ssp245,optimized,mid_century,2040,2060,252,wpd,period_mean_map,china_intersection,W m-2,28.655888018865515,955,0.0,0.0,0.28106585144996643,0.93232950091362,17.518701553344727,40.53547480502678,93.09830557712458,467.630732421875,1111.5120849609375
CMCC-CM2-SR5,ssp245,optimized,late_century,2080,2100,252,tcell,all_monthly_grid_samples,china_intersection,degree_Celsius,nan,240660,0.0,14.260367323194547,-25.101654052734375,-12.948646736145019,18.5385799407959,17.17642175330947,13.79845543645483,39.86494693756104,45.40259552001953
CMCC-CM2-SR5,ssp245,optimized,late_century,2080,2100,252,tcell,period_mean_map,china_intersection,degree_Celsius,17.333897788368056,955,0.0,0.31413612565445026,-2.53273868560791,1.41770250082016,17.305431365966797,17.17642164216304,7.485787656982589,30.620115165710452,32.4317626953125
CMCC-CM2-SR5,ssp245,optimized,late_century,2080,2100,252,performance_ratio,all_monthly_grid_samples,china_intersection,1,nan,240660,0.0,0.0,0.8979870080947876,0.9256752610206604,1.0323071479797363,1.0391178912571775,0.06899227721012,1.1897432672977448,1.2505083084106445
CMCC-CM2-SR5,ssp245,optimized,late_century,2080,2100,252,performance_ratio,period_mean_map,china_intersection,1,1.038330495185866,955,0.0,0.0,0.9628413915634155,0.9718992865085602,1.0384726524353027,1.0391178812656103,0.037428947674703825,1.1179114174842835,1.1376640796661377
CMCC-CM2-SR5,ssp245,optimized,late_century,2080,2100,252,pvpot,all_monthly_grid_samples,china_intersection,W m-2,nan,240660,0.0,0.0,35.70554733276367,64.43279907226562,195.7638397216797,197.47385412587258,67.03135399718234,355.135830078125,427.49609375
CMCC-CM2-SR5,ssp245,optimized,late_century,2080,2100,252,pvpot,period_mean_map,china_intersection,W m-2,199.05353944741339,955,0.0,0.0,125.47315979003906,137.08204040527343,188.6432342529297,197.47385234732903,37.895012670567304,284.59641418457034,297.1729431152344
CMCC-CM2-SR5,ssp245,optimized,late_century,2080,2100,252,wind_speed_hub,all_monthly_grid_samples,china_intersection,m s-1,nan,240660,0.0,0.0,0.10373755544424057,0.5136699002981187,2.5399816036224365,2.9290332971254207,1.803759910807611,9.104910898208619,20.01140785217285
CMCC-CM2-SR5,ssp245,optimized,late_century,2080,2100,252,wind_speed_hub,period_mean_map,china_intersection,m s-1,2.784484754992199,955,0.0,0.0,0.6756198406219482,0.9900458168983459,2.6817548274993896,2.9290333144951863,1.3112822332551113,8.494293537139896,10.33415699005127
CMCC-CM2-SR5,ssp245,optimized,late_century,2080,2100,252,wpd,all_monthly_grid_samples,china_intersection,W m-2,nan,240660,0.0,0.0,0.0006837765104137361,0.08301535338163377,10.036858081817627,39.86105730651622,135.35130215038794,462.3099032592775,4908.38916015625
CMCC-CM2-SR5,ssp245,optimized,late_century,2080,2100,252,wpd,period_mean_map,china_intersection,W m-2,27.965090927544736,955,0.0,0.0,0.2747630178928375,0.8750561761856079,16.883975982666016,39.861057269542,92.73708748800944,480.3272778320315,1100.75244140625
CMCC-CM2-SR5,ssp585,paper_qm,historical,1994,2014,252,tcell,all_monthly_grid_samples,china_intersection,degree_Celsius,nan,240660,0.0,19.474362170697248,-30.002017974853516,-17.588900985717775,15.741354942321777,14.019055509877221,14.086839652747944,36.65658935546875,41.309913635253906
CMCC-CM2-SR5,ssp585,paper_qm,historical,1994,2014,252,tcell,period_mean_map,china_intersection,degree_Celsius,14.195804594786923,955,0.0,3.0366492146596857,-5.524993896484375,-1.6571980214118958,14.109140396118164,14.019055675087175,7.71295583237371,28.487766571044926,30.05991554260254
CMCC-CM2-SR5,ssp585,paper_qm,historical,1994,2014,252,performance_ratio,all_monthly_grid_samples,china_intersection,1,nan,240660,0.0,0.0,0.9184504151344299,0.941717051267624,1.0462932586669922,1.0549047224229187,0.07043419821524695,1.2129444873332977,1.275010108947754
CMCC-CM2-SR5,ssp585,paper_qm,historical,1994,2014,252,performance_ratio,period_mean_map,china_intersection,1,1.0540209899316981,955,0.0,0.0,0.9747003316879272,0.9825608217716217,1.0544545650482178,1.0549047367110926,0.03856478846499064,1.1332861137390138,1.1526252031326294
CMCC-CM2-SR5,ssp585,paper_qm,historical,1994,2014,252,pvpot,all_monthly_grid_samples,china_intersection,W m-2,nan,240660,0.0,0.0,30.01920509338379,68.72291542053223,196.39908599853516,198.77685335529898,68.50149208044078,363.0980569458008,428.28289794921875
CMCC-CM2-SR5,ssp585,paper_qm,historical,1994,2014,252,pvpot,period_mean_map,china_intersection,W m-2,200.1080259635417,955,0.0,0.0,119.21858978271484,128.77662811279296,190.33148193359375,198.77685413460458,40.785155078940384,289.49694396972654,301.68695068359375
CMCC-CM2-SR5,ssp585,paper_qm,historical,1994,2014,252,wind_speed_hub,all_monthly_grid_samples,china_intersection,m s-1,nan,240660,0.0,0.0,0.11023866385221481,0.5074907058477401,2.5652981996536255,2.960168758849546,1.8381026257358934,9.208632001876833,20.237388610839844
CMCC-CM2-SR5,ssp585,paper_qm,historical,1994,2014,252,wind_speed_hub,period_mean_map,china_intersection,m s-1,2.822786762521934,955,0.0,0.0,0.6661766171455383,1.0176380038261414,2.729703664779663,2.960168812973961,1.3192329436999055,8.588300304412842,10.269845008850098
CMCC-CM2-SR5,ssp585,paper_qm,historical,1994,2014,252,wpd,all_monthly_grid_samples,china_intersection,W m-2,nan,240660,0.0,0.0,0.000820555433165282,0.0800553410500288,10.339979648590088,41.428945994629935,138.76424367975244,478.2901562500001,5076.56005859375
CMCC-CM2-SR5,ssp585,paper_qm,historical,1994,2014,252,wpd,period_mean_map,china_intersection,W m-2,29.575677845759362,955,0.0,0.0,0.2688758373260498,0.955941561460495,17.989524841308594,41.42894676330826,94.96013664218361,491.36852294921897,1126.968505859375
CMCC-CM2-SR5,ssp585,paper_qm,mid_century,2040,2060,252,tcell,all_monthly_grid_samples,china_intersection,degree_Celsius,nan,240660,0.0,15.18573921715283,-25.12021255493164,-14.881108741760254,17.921608924865723,16.395147973011394,13.805883026512259,38.915757751464845,44.479305267333984
CMCC-CM2-SR5,ssp585,paper_qm,mid_century,2040,2060,252,tcell,period_mean_map,china_intersection,degree_Celsius,16.59667155160826,955,0.0,0.6282722513089005,-3.5354197025299072,0.7806099534034731,16.518896102905273,16.39514797549129,7.532378716535008,30.068613166809087,31.627948760986328
CMCC-CM2-SR5,ssp585,paper_qm,mid_century,2040,2060,252,performance_ratio,all_monthly_grid_samples,china_intersection,1,nan,240660,0.0,0.0,0.9026034474372864,0.9304211992025375,1.0353919863700867,1.043024260128643,0.06902941508686124,1.1994054996967316,1.250601053237915
CMCC-CM2-SR5,ssp585,paper_qm,mid_century,2040,2060,252,performance_ratio,period_mean_map,china_intersection,1,1.0420166425368236,955,0.0,0.0,0.9668605327606201,0.974656970500946,1.0424052476882935,1.0430242626454818,0.03766190269152504,1.1210971808433534,1.1426771879196167
CMCC-CM2-SR5,ssp585,paper_qm,mid_century,2040,2060,252,pvpot,all_monthly_grid_samples,china_intersection,W m-2,nan,240660,0.0,0.0,37.9667854309082,65.63776741027831,192.8426513671875,195.85269133145303,67.00831894419952,357.25428466796876,427.3207702636719
CMCC-CM2-SR5,ssp585,paper_qm,mid_century,2040,2060,252,pvpot,period_mean_map,china_intersection,W m-2,197.3559351196078,955,0.0,0.0,121.9501724243164,133.35605377197265,187.2001953125,195.85269049200087,38.69763198586165,284.28932067871096,297.4809875488281
CMCC-CM2-SR5,ssp585,paper_qm,mid_century,2040,2060,252,wind_speed_hub,all_monthly_grid_samples,china_intersection,m s-1,nan,240660,0.0,0.0,0.1081535592675209,0.4102795645594597,2.377192258834839,2.7976431931774335,1.8595699484158965,9.091582946777345,18.576669692993164
CMCC-CM2-SR5,ssp585,paper_qm,mid_century,2040,2060,252,wind_speed_hub,period_mean_map,china_intersection,m s-1,2.651766938317344,955,0.0,0.0,0.6101750135421753,0.9439208793640137,2.5660438537597656,2.797643209065442,1.2997039540835378,8.394897403717044,10.143139839172363
CMCC-CM2-SR5,ssp585,paper_qm,mid_century,2040,2060,252,wpd,all_monthly_grid_samples,china_intersection,W m-2,nan,240660,0.0,0.0,0.0007748695206828415,0.04230052348226309,8.228090286254883,38.60843694179541,134.47825131402328,460.2826794433596,3926.536376953125
CMCC-CM2-SR5,ssp585,paper_qm,mid_century,2040,2060,252,wpd,period_mean_map,china_intersection,W m-2,26.898196403860677,955,0.0,0.0,0.2122400850057602,0.7842113757133484,16.0894718170166,38.60843712851327,91.09905277578535,469.38064514160175,1065.759765625
CMCC-CM2-SR5,ssp585,paper_qm,late_century,2080,2100,252,tcell,all_monthly_grid_samples,china_intersection,degree_Celsius,nan,240660,0.0,10.111775949472285,-21.44707489013672,-10.895822734832763,21.11321258544922,19.6944135996701,13.601256193017983,42.283810195922854,48.705726623535156
CMCC-CM2-SR5,ssp585,paper_qm,late_century,2080,2100,252,tcell,period_mean_map,china_intersection,degree_Celsius,19.89348985117138,955,0.0,0.10471204188481677,-0.8087383508682251,3.6138831996917724,19.972312927246094,19.69441332536218,7.282781803606315,32.492433929443365,34.35422897338867
CMCC-CM2-SR5,ssp585,paper_qm,late_century,2080,2100,252,performance_ratio,all_monthly_grid_samples,china_intersection,1,nan,240660,0.0,0.0,0.8814713954925537,0.9135809487104416,1.0194339156150818,1.0265279320901066,0.06800628105567787,1.1794791281223298,1.2322354316711426
CMCC-CM2-SR5,ssp585,paper_qm,late_century,2080,2100,252,performance_ratio,period_mean_map,china_intersection,1,1.025532548285117,955,0.0,0.0,0.9532288312911987,0.9625377655029297,1.025138258934021,1.0265279289315508,0.036413919723509366,1.1069304037094116,1.1290433406829834
CMCC-CM2-SR5,ssp585,paper_qm,late_century,2080,2100,252,pvpot,all_monthly_grid_samples,china_intersection,W m-2,nan,240660,0.0,0.0,34.01677322387695,61.48332641601562,193.0882110595703,195.88127309779696,65.59218547651896,352.99921752929686,424.75653076171875
CMCC-CM2-SR5,ssp585,paper_qm,late_century,2080,2100,252,pvpot,period_mean_map,china_intersection,W m-2,197.7561279110881,955,0.0,0.0,126.76655578613281,139.95620086669922,186.7280731201172,195.881272400861,36.30580752175041,281.2116131591797,293.0939025878906
CMCC-CM2-SR5,ssp585,paper_qm,late_century,2080,2100,252,wind_speed_hub,all_monthly_grid_samples,china_intersection,m s-1,nan,240660,0.0,0.0,0.1170264258980751,0.3670641687512398,2.2534042596817017,2.6849209019489977,1.8687737276119154,9.122548561096194,18.61189079284668
CMCC-CM2-SR5,ssp585,paper_qm,late_century,2080,2100,252,wind_speed_hub,period_mean_map,china_intersection,m s-1,2.5308384754181326,955,0.0,0.0,0.5485016703605652,0.8241310095787049,2.4517805576324463,2.6849208778735854,1.3195057814133864,8.548787708282472,10.056022644042969
CMCC-CM2-SR5,ssp585,paper_qm,late_century,2080,2100,252,wpd,all_monthly_grid_samples,china_intersection,W m-2,nan,240660,0.0,0.0,0.0009816527599468827,0.030292294304817922,7.0084733963012695,36.847208987866445,135.4402185601094,465.00176025390647,3948.912841796875
CMCC-CM2-SR5,ssp585,paper_qm,late_century,2080,2100,252,wpd,period_mean_map,china_intersection,W m-2,24.550540382090368,955,0.0,0.0,0.16897231340408325,0.6141867363452912,14.79845142364502,36.84720827843506,92.61782819976125,485.9310589599615,1068.979248046875
CMCC-CM2-SR5,ssp585,optimized,historical,1994,2014,252,tcell,all_monthly_grid_samples,china_intersection,degree_Celsius,nan,240660,0.0,19.474362170697248,-30.002017974853516,-17.588900985717775,15.741354942321777,14.019055509877221,14.086839652747944,36.65658935546875,41.309913635253906
CMCC-CM2-SR5,ssp585,optimized,historical,1994,2014,252,tcell,period_mean_map,china_intersection,degree_Celsius,14.195804594786923,955,0.0,3.0366492146596857,-5.524993896484375,-1.6571980214118958,14.109140396118164,14.019055675087175,7.71295583237371,28.487766571044926,30.05991554260254
CMCC-CM2-SR5,ssp585,optimized,historical,1994,2014,252,performance_ratio,all_monthly_grid_samples,china_intersection,1,nan,240660,0.0,0.0,0.9184504151344299,0.941717051267624,1.0462932586669922,1.0549047224229187,0.07043419821524695,1.2129444873332977,1.275010108947754
CMCC-CM2-SR5,ssp585,optimized,historical,1994,2014,252,performance_ratio,period_mean_map,china_intersection,1,1.0540209899316981,955,0.0,0.0,0.9747003316879272,0.9825608217716217,1.0544545650482178,1.0549047367110926,0.03856478846499064,1.1332861137390138,1.1526252031326294
CMCC-CM2-SR5,ssp585,optimized,historical,1994,2014,252,pvpot,all_monthly_grid_samples,china_intersection,W m-2,nan,240660,0.0,0.0,30.01920509338379,68.72291542053223,196.39908599853516,198.77685335529898,68.50149208044078,363.0980569458008,428.28289794921875
CMCC-CM2-SR5,ssp585,optimized,historical,1994,2014,252,pvpot,period_mean_map,china_intersection,W m-2,200.1080259635417,955,0.0,0.0,119.21858978271484,128.77662811279296,190.33148193359375,198.77685413460458,40.785155078940384,289.49694396972654,301.68695068359375
CMCC-CM2-SR5,ssp585,optimized,historical,1994,2014,252,wind_speed_hub,all_monthly_grid_samples,china_intersection,m s-1,nan,240660,0.0,0.0,0.11023866385221481,0.5074907058477401,2.5652981996536255,2.960168758849546,1.8381026257358934,9.208632001876833,20.237388610839844
CMCC-CM2-SR5,ssp585,optimized,historical,1994,2014,252,wind_speed_hub,period_mean_map,china_intersection,m s-1,2.822786762521934,955,0.0,0.0,0.6661766171455383,1.0176380038261414,2.729703664779663,2.960168812973961,1.3192329436999055,8.588300304412842,10.269845008850098
CMCC-CM2-SR5,ssp585,optimized,historical,1994,2014,252,wpd,all_monthly_grid_samples,china_intersection,W m-2,nan,240660,0.0,0.0,0.000820555433165282,0.0800553410500288,10.339979648590088,41.428945994629935,138.76424367975244,478.2901562500001,5076.56005859375
CMCC-CM2-SR5,ssp585,optimized,historical,1994,2014,252,wpd,period_mean_map,china_intersection,W m-2,29.575677845759362,955,0.0,0.0,0.2688758373260498,0.955941561460495,17.989524841308594,41.42894676330826,94.96013664218361,491.36852294921897,1126.968505859375
CMCC-CM2-SR5,ssp585,optimized,mid_century,2040,2060,252,tcell,all_monthly_grid_samples,china_intersection,degree_Celsius,nan,240660,0.0,15.583395661929694,-25.700843811035156,-14.439835863113403,17.797636032104492,16.279933510348048,13.790426716017091,38.78283386230469,45.060768127441406
CMCC-CM2-SR5,ssp585,optimized,mid_century,2040,2060,252,tcell,period_mean_map,china_intersection,degree_Celsius,16.44662087116871,955,0.0,0.7329842931937173,-3.199723243713379,0.7377239882946016,16.258668899536133,16.27993346786624,7.5778864584062315,30.143882064819344,31.805713653564453
CMCC-CM2-SR5,ssp585,optimized,mid_century,2040,2060,252,performance_ratio,all_monthly_grid_samples,china_intersection,1,nan,240660,0.0,0.0,0.8996961712837219,0.9310858500003815,1.036011815071106,1.0436003325269434,0.06895213358570901,1.197199193239212,1.2535042762756348
CMCC-CM2-SR5,ssp585,optimized,mid_century,2040,2060,252,performance_ratio,period_mean_map,china_intersection,1,1.0427668996103092,955,0.0,0.0,0.9659711718559265,0.9742805171012878,1.0437071323394775,1.0436003337355808,0.03788942357417354,1.1213114976882934,1.140998363494873
CMCC-CM2-SR5,ssp585,optimized,mid_century,2040,2060,252,pvpot,all_monthly_grid_samples,china_intersection,W m-2,nan,240660,0.0,0.0,37.9345703125,65.6749111175537,193.0169677734375,195.97981123713834,67.09871375316226,357.6764877319336,427.45330810546875
CMCC-CM2-SR5,ssp585,optimized,mid_century,2040,2060,252,pvpot,period_mean_map,china_intersection,W m-2,197.52071056807011,955,0.0,0.0,122.03013610839844,133.40613983154296,187.28150939941406,195.97981143971387,38.80454481958901,284.7569519042969,297.1936950683594
CMCC-CM2-SR5,ssp585,optimized,mid_century,2040,2060,252,wind_speed_hub,all_monthly_grid_samples,china_intersection,m s-1,nan,240660,0.0,0.0,0.1081535592675209,0.5266016674041748,2.556405544281006,2.947086325463635,1.8092707086404773,9.057426576614382,19.024911880493164
CMCC-CM2-SR5,ssp585,optimized,mid_century,2040,2060,252,wind_speed_hub,period_mean_map,china_intersection,m s-1,2.8029099771472206,955,0.0,0.0,0.6896461844444275,1.020407009124756,2.707664966583252,2.9470863449011797,1.3111854518621069,8.495055675506595,10.399311065673828
CMCC-CM2-SR5,ssp585,optimized,mid_century,2040,2060,252,wpd,all_monthly_grid_samples,china_intersection,W m-2,nan,240660,0.0,0.0,0.0007748695206828415,0.089444330483675,10.232820510864258,40.29000176690302,133.84669961552348,455.11434539794965,4217.68359375
CMCC-CM2-SR5,ssp585,optimized,mid_century,2040,2060,252,wpd,period_mean_map,china_intersection,W m-2,28.486740349943155,955,0.0,0.0,0.2849203050136566,0.9445939576625825,17.547494888305664,40.2900017392885,92.01696873906448,474.77374572753916,1085.9556884765625
CMCC-CM2-SR5,ssp585,optimized,late_century,2080,2100,252,tcell,all_monthly_grid_samples,china_intersection,degree_Celsius,nan,240660,0.0,10.264273248566443,-21.810930252075195,-10.259891815185547,20.979124069213867,19.56600854335991,13.598375672192033,42.2451657485962,48.636802673339844
CMCC-CM2-SR5,ssp585,optimized,late_century,2080,2100,252,tcell,period_mean_map,china_intersection,degree_Celsius,19.724636575503464,955,0.0,0.10471204188481677,-0.16463856399059296,3.991522498130798,19.66509437561035,19.566008158956524,7.356473189596645,32.48992111206055,34.65894317626953
CMCC-CM2-SR5,ssp585,optimized,late_century,2080,2100,252,performance_ratio,all_monthly_grid_samples,china_intersection,1,nan,240660,0.0,0.0,0.8818159699440002,0.9137741756439209,1.0201043486595154,1.0271699571947817,0.06799187838257986,1.1762994456291198,1.234054684638977
CMCC-CM2-SR5,ssp585,optimized,late_century,2080,2100,252,performance_ratio,period_mean_map,china_intersection,1,1.0263768152003332,955,0.0,0.0,0.9517053365707397,0.9625501823425293,1.0266742706298828,1.0271699557753757,0.03678237926590877,1.1050425457954407,1.1258227825164795
CMCC-CM2-SR5,ssp585,optimized,late_century,2080,2100,252,pvpot,all_monthly_grid_samples,china_intersection,W m-2,nan,240660,0.0,0.0,34.054588317871094,61.48280857086182,193.34471893310547,196.0260014402354,65.69684967899725,353.62522064208986,424.38568115234375
CMCC-CM2-SR5,ssp585,optimized,late_century,2080,2100,252,pvpot,period_mean_map,china_intersection,W m-2,197.94431340973134,955,0.0,0.0,126.83731842041016,140.11701538085939,186.84292602539062,196.0260029817751,36.418044689565946,280.84212890625,292.4571838378906
CMCC-CM2-SR5,ssp585,optimized,late_century,2080,2100,252,wind_speed_hub,all_monthly_grid_samples,china_intersection,m s-1,nan,240660,0.0,0.0,0.1170264258980751,0.5107033562660217,2.506949305534363,2.8988708954372875,1.7981448528479078,9.042438449859622,18.706960678100586
CMCC-CM2-SR5,ssp585,optimized,late_century,2080,2100,252,wind_speed_hub,period_mean_map,china_intersection,m s-1,2.749912771417673,955,0.0,0.0,0.6802231073379517,0.9933172321319581,2.6635327339172363,2.89887090690473,1.3105818311124557,8.549591732025148,10.306838035583496
CMCC-CM2-SR5,ssp585,optimized,late_century,2080,2100,252,wpd,all_monthly_grid_samples,china_intersection,W m-2,nan,240660,0.0,0.0,0.0009816527599468827,0.0815853676944971,9.650342464447021,39.11114876952922,134.73353882758494,452.85872619628947,4009.736083984375
CMCC-CM2-SR5,ssp585,optimized,late_century,2080,2100,252,wpd,period_mean_map,china_intersection,W m-2,26.920537109784686,955,0.0,0.0,0.2735092341899872,0.8880189406871796,16.750885009765625,39.11114798400415,93.07376740590948,476.54882324218795,1098.7225341796875
CMCC-ESM2,ssp126,paper_qm,historical,1994,2014,252,tcell,all_monthly_grid_samples,china_intersection,degree_Celsius,nan,240660,0.0,19.45150835203191,-28.480318069458008,-17.641779804229735,15.735501766204834,14.010142179067538,14.063827280766994,36.52047218322754,42.264705657958984
CMCC-ESM2,ssp126,paper_qm,historical,1994,2014,252,tcell,period_mean_map,china_intersection,degree_Celsius,14.196503347324365,955,0.0,3.0366492146596857,-5.474616050720215,-1.6178510808944702,14.067062377929688,14.010142073780298,7.737413980267488,28.46684955596924,30.004627227783203
CMCC-ESM2,ssp126,paper_qm,historical,1994,2014,252,performance_ratio,all_monthly_grid_samples,china_intersection,1,nan,240660,0.0,0.0,0.9136765003204346,0.9423976373672486,1.0463224649429321,1.05494928913036,0.07031913645273233,1.2132088661193847,1.2674015760421753
CMCC-ESM2,ssp126,paper_qm,historical,1994,2014,252,performance_ratio,period_mean_map,china_intersection,1,1.0540175060052352,955,0.0,0.0,0.9749765992164612,0.9826657891273498,1.054664969444275,1.0549493090020425,0.03868708401754073,1.1330894041061401,1.152373194694519
CMCC-ESM2,ssp126,paper_qm,historical,1994,2014,252,pvpot,all_monthly_grid_samples,china_intersection,W m-2,nan,240660,0.0,0.0,35.58256912231445,69.51400444030762,196.38743591308594,198.99643263560444,68.31977557678161,364.5780392456055,445.7412109375
CMCC-ESM2,ssp126,paper_qm,historical,1994,2014,252,pvpot,period_mean_map,china_intersection,W m-2,200.41433206881456,955,0.0,0.0,119.19087219238281,129.09748596191406,190.48033142089844,198.99643290255082,40.82474241858186,290.38634826660154,302.0779724121094
CMCC-ESM2,ssp126,paper_qm,historical,1994,2014,252,wind_speed_hub,all_monthly_grid_samples,china_intersection,m s-1,nan,240660,0.0,0.0,0.11085347831249237,0.510429920554161,2.5948675870895386,2.9923650066418515,1.8417592414393311,9.184615001678477,18.786773681640625
CMCC-ESM2,ssp126,paper_qm,historical,1994,2014,252,wind_speed_hub,period_mean_map,china_intersection,m s-1,2.8515049185914974,955,0.0,0.0,0.6519405245780945,1.0206917572021486,2.754551410675049,2.9923649969525363,1.328970443908943,8.64534643173218,10.300033569335938
CMCC-ESM2,ssp126,paper_qm,historical,1994,2014,252,wpd,all_monthly_grid_samples,china_intersection,W m-2,nan,240660,0.0,0.0,0.0008343611261807382,0.08145438522100448,10.701673030853271,42.04507929928532,136.0667706979755,474.5576275634781,4061.27783203125
CMCC-ESM2,ssp126,paper_qm,historical,1994,2014,252,wpd,period_mean_map,china_intersection,W m-2,30.106479465890875,955,0.0,0.0,0.25301826000213623,0.971721215248108,18.59425163269043,42.04507973593567,94.10968093209907,492.70279296875003,1100.306884765625
CMCC-ESM2,ssp126,paper_qm,mid_century,2040,2060,252,tcell,all_monthly_grid_samples,china_intersection,degree_Celsius,nan,240660,0.0,16.502950220227707,-26.115419387817383,-15.350394773483275,17.471909523010254,15.803134739260125,13.895222811198227,38.14102317810059,44.78661346435547
CMCC-ESM2,ssp126,paper_qm,mid_century,2040,2060,252,tcell,period_mean_map,china_intersection,degree_Celsius,16.01463452909007,955,0.0,1.1518324607329842,-4.267971515655518,-0.07875982373952856,16.00139808654785,15.803134786989052,7.659170993717861,29.85762111663819,30.833974838256836
CMCC-ESM2,ssp126,paper_qm,mid_century,2040,2060,252,performance_ratio,all_monthly_grid_samples,china_intersection,1,nan,240660,0.0,0.0,0.9010668992996216,0.9342948764562606,1.0376404523849487,1.045984326251861,0.06947611407987486,1.201751970052719,1.2555770874023438
CMCC-ESM2,ssp126,paper_qm,mid_century,2040,2060,252,performance_ratio,period_mean_map,china_intersection,1,1.0449268366925324,955,0.0,0.0,0.9708297252655029,0.9757117795944213,1.0449934005737305,1.045984334970644,0.03829585648086441,1.1253938579559326,1.1463398933410645
CMCC-ESM2,ssp126,paper_qm,mid_century,2040,2060,252,pvpot,all_monthly_grid_samples,china_intersection,W m-2,nan,240660,0.0,0.0,37.581382751464844,69.31262130737305,198.25193786621094,200.61706929775502,66.58659825320919,360.2062432861328,422.5326843261719
CMCC-ESM2,ssp126,paper_qm,mid_century,2040,2060,252,pvpot,period_mean_map,china_intersection,W m-2,202.08556978458114,955,0.0,0.0,124.43099212646484,136.8424215698242,190.5932159423828,200.6170709500138,37.62917175741467,287.80195434570317,299.73980712890625
CMCC-ESM2,ssp126,paper_qm,mid_century,2040,2060,252,wind_speed_hub,all_monthly_grid_samples,china_intersection,m s-1,nan,240660,0.0,0.0,0.11823108792304993,0.41729260206222535,2.3953622579574585,2.803057047578938,1.8453875402385995,9.022674837112428,19.599241256713867
CMCC-ESM2,ssp126,paper_qm,mid_century,2040,2060,252,wind_speed_hub,period_mean_map,china_intersection,m s-1,2.6441084314042094,955,0.0,0.0,0.6680789589881897,0.8654619872570037,2.550638437271118,2.803057044463632,1.326032774123897,8.492461185455328,10.18275260925293
CMCC-ESM2,ssp126,paper_qm,mid_century,2040,2060,252,wpd,all_monthly_grid_samples,china_intersection,W m-2,nan,240660,0.0,0.0,0.0010122812818735838,0.044506982527673246,8.418208599090576,38.40597379893697,137.30994042110135,449.89584564209,4611.3056640625
CMCC-ESM2,ssp126,paper_qm,mid_century,2040,2060,252,wpd,period_mean_map,china_intersection,W m-2,26.19383773408034,955,0.0,0.0,0.2671000063419342,0.7383777868747712,15.41557502746582,38.40597290739963,92.46809129007399,503.26453857421893,1076.5029296875
CMCC-ESM2,ssp126,paper_qm,late_century,2080,2100,252,tcell,all_monthly_grid_samples,china_intersection,degree_Celsius,nan,240660,0.0,15.144186819579488,-24.154476165771484,-14.635201377868652,18.337072372436523,16.75322949629633,13.967789240272081,39.06841629028321,45.04310607910156
CMCC-ESM2,ssp126,paper_qm,late_century,2080,2100,252,tcell,period_mean_map,china_intersection,degree_Celsius,16.947183174933997,955,0.0,0.8376963350785341,-3.554920196533203,0.6358744907379151,17.06235694885254,16.75322963657901,7.627141195106487,30.333031120300294,31.693876266479492
CMCC-ESM2,ssp126,paper_qm,late_century,2080,2100,252,performance_ratio,all_monthly_grid_samples,china_intersection,1,nan,240660,0.0,0.0,0.899784505367279,0.929657900929451,1.0333146452903748,1.0412338524514437,0.06983894610739652,1.1981760263442993,1.245772361755371
CMCC-ESM2,ssp126,paper_qm,late_century,2080,2100,252,performance_ratio,period_mean_map,china_intersection,1,1.0402640749508902,955,0.0,0.0,0.966530442237854,0.973334686756134,1.0396885871887207,1.041233844969285,0.03813572264159742,1.1218206524848937,1.1427744626998901
CMCC-ESM2,ssp126,paper_qm,late_century,2080,2100,252,pvpot,all_monthly_grid_samples,china_intersection,W m-2,nan,240660,0.0,0.0,37.32600021362305,68.46457916259766,198.69242095947266,200.23161059353978,66.55405959504446,359.28602172851566,431.57806396484375
CMCC-ESM2,ssp126,paper_qm,late_century,2080,2100,252,pvpot,period_mean_map,china_intersection,W m-2,201.67549172541965,955,0.0,0.0,126.6739501953125,138.36854125976564,191.5260467529297,200.23161229637904,37.56947416047433,287.0915777587891,300.137939453125
CMCC-ESM2,ssp126,paper_qm,late_century,2080,2100,252,wind_speed_hub,all_monthly_grid_samples,china_intersection,m s-1,nan,240660,0.0,0.0,0.11477894335985184,0.368932888507843,2.24577796459198,2.676630157615897,1.8697879021928452,9.192500085830696,19.276975631713867
CMCC-ESM2,ssp126,paper_qm,late_century,2080,2100,252,wind_speed_hub,period_mean_map,china_intersection,m s-1,2.520324046203687,955,0.0,0.0,0.6011720299720764,0.7891900837421417,2.416759729385376,2.67663017130647,1.3232177971167773,8.425165424346924,10.279029846191406
CMCC-ESM2,ssp126,paper_qm,late_century,2080,2100,252,wpd,all_monthly_grid_samples,china_intersection,W m-2,nan,240660,0.0,0.0,0.0009261743980459869,0.030757302567362785,6.937556505203247,36.87838664064389,137.77113822816978,475.78094787597786,4387.55712890625
CMCC-ESM2,ssp126,paper_qm,late_century,2080,2100,252,wpd,period_mean_map,china_intersection,W m-2,24.62649818298168,955,0.0,0.0,0.2213202565908432,0.5489302897453309,14.117433547973633,36.87838530994522,93.95821409029323,492.2997515869141,1105.958740234375
CMCC-ESM2,ssp126,optimized,historical,1994,2014,252,tcell,all_monthly_grid_samples,china_intersection,degree_Celsius,nan,240660,0.0,19.45150835203191,-28.480318069458008,-17.641779804229735,15.735501766204834,14.010142179067538,14.063827280766994,36.52047218322754,42.264705657958984
CMCC-ESM2,ssp126,optimized,historical,1994,2014,252,tcell,period_mean_map,china_intersection,degree_Celsius,14.196503347324365,955,0.0,3.0366492146596857,-5.474616050720215,-1.6178510808944702,14.067062377929688,14.010142073780298,7.737413980267488,28.46684955596924,30.004627227783203
CMCC-ESM2,ssp126,optimized,historical,1994,2014,252,performance_ratio,all_monthly_grid_samples,china_intersection,1,nan,240660,0.0,0.0,0.9136765003204346,0.9423976373672486,1.0463224649429321,1.05494928913036,0.07031913645273233,1.2132088661193847,1.2674015760421753
CMCC-ESM2,ssp126,optimized,historical,1994,2014,252,performance_ratio,period_mean_map,china_intersection,1,1.0540175060052352,955,0.0,0.0,0.9749765992164612,0.9826657891273498,1.054664969444275,1.0549493090020425,0.03868708401754073,1.1330894041061401,1.152373194694519
CMCC-ESM2,ssp126,optimized,historical,1994,2014,252,pvpot,all_monthly_grid_samples,china_intersection,W m-2,nan,240660,0.0,0.0,35.58256912231445,69.51400444030762,196.38743591308594,198.99643263560444,68.31977557678161,364.5780392456055,445.7412109375
CMCC-ESM2,ssp126,optimized,historical,1994,2014,252,pvpot,period_mean_map,china_intersection,W m-2,200.41433206881456,955,0.0,0.0,119.19087219238281,129.09748596191406,190.48033142089844,198.99643290255082,40.82474241858186,290.38634826660154,302.0779724121094
CMCC-ESM2,ssp126,optimized,historical,1994,2014,252,wind_speed_hub,all_monthly_grid_samples,china_intersection,m s-1,nan,240660,0.0,0.0,0.11085347831249237,0.510429920554161,2.5948675870895386,2.9923650066418515,1.8417592414393311,9.184615001678477,18.786773681640625
CMCC-ESM2,ssp126,optimized,historical,1994,2014,252,wind_speed_hub,period_mean_map,china_intersection,m s-1,2.8515049185914974,955,0.0,0.0,0.6519405245780945,1.0206917572021486,2.754551410675049,2.9923649969525363,1.328970443908943,8.64534643173218,10.300033569335938
CMCC-ESM2,ssp126,optimized,historical,1994,2014,252,wpd,all_monthly_grid_samples,china_intersection,W m-2,nan,240660,0.0,0.0,0.0008343611261807382,0.08145438522100448,10.701673030853271,42.04507929928532,136.0667706979755,474.5576275634781,4061.27783203125
CMCC-ESM2,ssp126,optimized,historical,1994,2014,252,wpd,period_mean_map,china_intersection,W m-2,30.106479465890875,955,0.0,0.0,0.25301826000213623,0.971721215248108,18.59425163269043,42.04507973593567,94.10968093209907,492.70279296875003,1100.306884765625
CMCC-ESM2,ssp126,optimized,mid_century,2040,2060,252,tcell,all_monthly_grid_samples,china_intersection,degree_Celsius,nan,240660,0.0,16.71486744785174,-26.541051864624023,-14.893531665802001,17.317733764648438,15.68564199199001,13.822404173913558,37.93385227203369,44.38720703125
CMCC-ESM2,ssp126,optimized,mid_century,2040,2060,252,tcell,period_mean_map,china_intersection,degree_Celsius,15.862015647444029,955,0.0,1.1518324607329842,-4.186478137969971,-0.34120194792747494,15.684544563293457,15.685642138607214,7.695517128179229,29.752198600769052,31.322349548339844
CMCC-ESM2,ssp126,optimized,mid_century,2040,2060,252,performance_ratio,all_monthly_grid_samples,china_intersection,1,nan,240660,0.0,0.0,0.903063952922821,0.9353307658433914,1.0384113192558289,1.0465717900049991,0.06911202084650551,1.1994676280021668,1.2577052116394043
CMCC-ESM2,ssp126,optimized,mid_century,2040,2060,252,performance_ratio,period_mean_map,china_intersection,1,1.0456899272912414,955,0.0,0.0,0.9683879613876343,0.9762390851974487,1.0465775728225708,1.046571796477153,0.0384775778943849,1.1267060136795044,1.1459324359893799
CMCC-ESM2,ssp126,optimized,mid_century,2040,2060,252,pvpot,all_monthly_grid_samples,china_intersection,W m-2,nan,240660,0.0,0.0,37.53406524658203,69.30743789672852,198.38104248046875,200.76524862772726,66.72158172670265,360.7621353149414,422.17138671875
CMCC-ESM2,ssp126,optimized,mid_century,2040,2060,252,pvpot,period_mean_map,china_intersection,W m-2,202.2711837669694,955,0.0,0.0,124.50160217285156,136.98094024658204,190.88980102539062,200.76525030485624,37.7372073662436,288.16360046386717,300.0043029785156
CMCC-ESM2,ssp126,optimized,mid_century,2040,2060,252,wind_speed_hub,all_monthly_grid_samples,china_intersection,m s-1,nan,240660,0.0,0.0,0.11411961168050766,0.5353999465703965,2.573601007461548,2.957690598787228,1.7978858758313412,9.048970212936405,19.599241256713867
CMCC-ESM2,ssp126,optimized,mid_century,2040,2060,252,wind_speed_hub,period_mean_map,china_intersection,m s-1,2.809839135604414,955,0.0,0.0,0.6979367136955261,1.0400205397605895,2.7150371074676514,2.9576906184875527,1.3192892643324428,8.572730350494387,10.307401657104492
CMCC-ESM2,ssp126,optimized,mid_century,2040,2060,252,wpd,all_monthly_grid_samples,china_intersection,W m-2,nan,240660,0.0,0.0,0.0009103049524128437,0.09400285877287388,10.44070291519165,40.26891045995326,136.30014579473448,453.84079437255906,4611.3056640625
CMCC-ESM2,ssp126,optimized,mid_century,2040,2060,252,wpd,period_mean_map,china_intersection,W m-2,28.202263904977123,955,0.0,0.0,0.28603461384773254,0.9919877076148987,17.255178451538086,40.26890977505614,92.9296084819171,492.8084936523439,1094.6368408203125
CMCC-ESM2,ssp126,optimized,late_century,2080,2100,252,tcell,all_monthly_grid_samples,china_intersection,degree_Celsius,nan,240660,0.0,15.468295520651543,-24.073461532592773,-14.144199151992797,18.114745140075684,16.571667556376312,13.903315723094217,38.750811157226565,45.04212951660156
CMCC-ESM2,ssp126,optimized,late_century,2080,2100,252,tcell,period_mean_map,china_intersection,degree_Celsius,16.72515048126729,955,0.0,0.8376963350785341,-3.408581018447876,0.332823303937912,16.66838264465332,16.57166776769253,7.680810693127045,30.32682277679444,31.87571907043457
CMCC-ESM2,ssp126,optimized,late_century,2080,2100,252,performance_ratio,all_monthly_grid_samples,china_intersection,1,nan,240660,0.0,0.0,0.8997893333435059,0.9312459582090378,1.0344262719154358,1.0421416622320534,0.06951657859746234,1.1957209873199464,1.2453672885894775
CMCC-ESM2,ssp126,optimized,late_century,2080,2100,252,performance_ratio,period_mean_map,china_intersection,1,1.041374241171549,955,0.0,0.0,0.9656215906143188,0.973365867137909,1.0416582822799683,1.0421416569130584,0.03840405303318363,1.12333594083786,1.142042636871338
CMCC-ESM2,ssp126,optimized,late_century,2080,2100,252,pvpot,all_monthly_grid_samples,china_intersection,W m-2,nan,240660,0.0,0.0,37.23190689086914,68.48692169189454,198.9029312133789,200.43981054558537,66.7096505258679,359.8692456054688,431.412109375
CMCC-ESM2,ssp126,optimized,late_century,2080,2100,252,pvpot,period_mean_map,china_intersection,W m-2,201.92798944092036,955,0.0,0.0,126.7821273803711,138.50556732177733,191.60134887695312,200.43981036440863,37.70421661559922,287.8823931884766,300.203125
CMCC-ESM2,ssp126,optimized,late_century,2080,2100,252,wind_speed_hub,all_monthly_grid_samples,china_intersection,m s-1,nan,240660,0.0,0.0,0.11477894335985184,0.5174058270454407,2.5246520042419434,2.9206921120769183,1.809566560311563,9.1509849357605,19.276975631713867
CMCC-ESM2,ssp126,optimized,late_century,2080,2100,252,wind_speed_hub,period_mean_map,china_intersection,m s-1,2.773096053475777,955,0.0,0.0,0.6871123909950256,1.0183960461616517,2.6821277141571045,2.920692092273872,1.3143175308917372,8.528060588836675,10.383772850036621
CMCC-ESM2,ssp126,optimized,late_century,2080,2100,252,wpd,all_monthly_grid_samples,china_intersection,W m-2,nan,240660,0.0,0.0,0.0009261743980459869,0.08483988769352437,9.856225490570068,39.97085981617384,137.4328074155907,469.3637924194339,4387.55712890625
CMCC-ESM2,ssp126,optimized,late_century,2080,2100,252,wpd,period_mean_map,china_intersection,W m-2,27.808491595539547,955,0.0,0.0,0.2893947958946228,0.9064016675949097,16.890888214111328,39.97085894152756,94.2956369193011,489.7015014648438,1120.1263427734375
CMCC-ESM2,ssp245,paper_qm,historical,1994,2014,252,tcell,all_monthly_grid_samples,china_intersection,degree_Celsius,nan,240660,0.0,19.45150835203191,-28.480318069458008,-17.641779804229735,15.735501766204834,14.010142179067538,14.063827280766994,36.52047218322754,42.264705657958984
CMCC-ESM2,ssp245,paper_qm,historical,1994,2014,252,tcell,period_mean_map,china_intersection,degree_Celsius,14.196503347324365,955,0.0,3.0366492146596857,-5.474616050720215,-1.6178510808944702,14.067062377929688,14.010142073780298,7.737413980267488,28.46684955596924,30.004627227783203
CMCC-ESM2,ssp245,paper_qm,historical,1994,2014,252,performance_ratio,all_monthly_grid_samples,china_intersection,1,nan,240660,0.0,0.0,0.9136765003204346,0.9423976373672486,1.0463224649429321,1.05494928913036,0.07031913645273233,1.2132088661193847,1.2674015760421753
CMCC-ESM2,ssp245,paper_qm,historical,1994,2014,252,performance_ratio,period_mean_map,china_intersection,1,1.0540175060052352,955,0.0,0.0,0.9749765992164612,0.9826657891273498,1.054664969444275,1.0549493090020425,0.03868708401754073,1.1330894041061401,1.152373194694519
CMCC-ESM2,ssp245,paper_qm,historical,1994,2014,252,pvpot,all_monthly_grid_samples,china_intersection,W m-2,nan,240660,0.0,0.0,35.58256912231445,69.51400444030762,196.38743591308594,198.99643263560444,68.31977557678161,364.5780392456055,445.7412109375
CMCC-ESM2,ssp245,paper_qm,historical,1994,2014,252,pvpot,period_mean_map,china_intersection,W m-2,200.41433206881456,955,0.0,0.0,119.19087219238281,129.09748596191406,190.48033142089844,198.99643290255082,40.82474241858186,290.38634826660154,302.0779724121094
CMCC-ESM2,ssp245,paper_qm,historical,1994,2014,252,wind_speed_hub,all_monthly_grid_samples,china_intersection,m s-1,nan,240660,0.0,0.0,0.11085347831249237,0.510429920554161,2.5948675870895386,2.9923650066418515,1.8417592414393311,9.184615001678477,18.786773681640625
CMCC-ESM2,ssp245,paper_qm,historical,1994,2014,252,wind_speed_hub,period_mean_map,china_intersection,m s-1,2.8515049185914974,955,0.0,0.0,0.6519405245780945,1.0206917572021486,2.754551410675049,2.9923649969525363,1.328970443908943,8.64534643173218,10.300033569335938
CMCC-ESM2,ssp245,paper_qm,historical,1994,2014,252,wpd,all_monthly_grid_samples,china_intersection,W m-2,nan,240660,0.0,0.0,0.0008343611261807382,0.08145438522100448,10.701673030853271,42.04507929928532,136.0667706979755,474.5576275634781,4061.27783203125
CMCC-ESM2,ssp245,paper_qm,historical,1994,2014,252,wpd,period_mean_map,china_intersection,W m-2,30.106479465890875,955,0.0,0.0,0.25301826000213623,0.971721215248108,18.59425163269043,42.04507973593567,94.10968093209907,492.70279296875003,1100.306884765625
CMCC-ESM2,ssp245,paper_qm,mid_century,2040,2060,252,tcell,all_monthly_grid_samples,china_intersection,degree_Celsius,nan,240660,0.0,16.045458322945233,-24.454713821411133,-14.953177528381348,17.464303970336914,15.87853988360604,13.767651911779692,38.38407218933106,45.408424377441406
CMCC-ESM2,ssp245,paper_qm,mid_century,2040,2060,252,tcell,period_mean_map,china_intersection,degree_Celsius,16.070395109755943,955,0.0,0.9424083769633508,-3.894606113433838,0.31035878241062176,15.960697174072266,15.878540065709053,7.5174791955917675,29.337294425964355,30.761178970336914
CMCC-ESM2,ssp245,paper_qm,mid_century,2040,2060,252,performance_ratio,all_monthly_grid_samples,china_intersection,1,nan,240660,0.0,0.0,0.8979578614234924,0.9330796402692795,1.0376784205436707,1.045607300523381,0.06883825950818871,1.1997659015655517,1.247273564338684
CMCC-ESM2,ssp245,paper_qm,mid_century,2040,2060,252,performance_ratio,period_mean_map,china_intersection,1,1.044648020242074,955,0.0,0.0,0.9711941480636597,0.9783133614063263,1.0451964139938354,1.0456072947117672,0.03758738271610639,1.1234479022026063,1.1444731950759888
CMCC-ESM2,ssp245,paper_qm,mid_century,2040,2060,252,pvpot,all_monthly_grid_samples,china_intersection,W m-2,nan,240660,0.0,0.0,32.65223693847656,65.62133644104004,194.10057830810547,196.41161485710197,67.57533911476455,359.1700427246094,430.3612060546875
CMCC-ESM2,ssp245,paper_qm,mid_century,2040,2060,252,pvpot,period_mean_map,china_intersection,W m-2,197.85069355221648,955,0.0,0.0,118.58495330810547,129.88882202148437,186.86074829101562,196.41161439106727,39.17696935260829,285.47886718750004,297.8834533691406
CMCC-ESM2,ssp245,paper_qm,mid_century,2040,2060,252,wind_speed_hub,all_monthly_grid_samples,china_intersection,m s-1,nan,240660,0.0,0.0,0.11105126887559891,0.41427771776914596,2.4039164781570435,2.8082712458386716,1.8506646717403363,9.110036334991468,19.37293243408203
CMCC-ESM2,ssp245,paper_qm,mid_century,2040,2060,252,wind_speed_hub,period_mean_map,china_intersection,m s-1,2.6634862064760014,955,0.0,0.0,0.5614002346992493,0.9172073948383331,2.5735933780670166,2.8082712637816423,1.3049048711439595,8.438799018859868,10.219175338745117
CMCC-ESM2,ssp245,paper_qm,mid_century,2040,2060,252,wpd,all_monthly_grid_samples,china_intersection,W m-2,nan,240660,0.0,0.0,0.0008388352580368519,0.043549266047775745,8.50871992111206,38.61611324997883,137.31971212502165,463.09112823486544,4453.40576171875
CMCC-ESM2,ssp245,paper_qm,mid_century,2040,2060,252,wpd,period_mean_map,china_intersection,W m-2,26.836722961529677,955,0.0,0.0,0.17308436334133148,0.7274403476715089,16.2574405670166,38.61611253402308,91.87716563179957,492.88823425292975,1076.8140869140625
CMCC-ESM2,ssp245,paper_qm,late_century,2080,2100,252,tcell,all_monthly_grid_samples,china_intersection,degree_Celsius,nan,240660,0.0,13.450511094490153,-21.841869354248047,-13.31562587738037,19.023995399475098,17.564701918949076,13.73478729458422,39.988389091491705,45.89402770996094
CMCC-ESM2,ssp245,paper_qm,late_century,2080,2100,252,tcell,period_mean_map,china_intersection,degree_Celsius,17.75515677933553,955,0.0,0.31413612565445026,-2.7555952072143555,1.7090990114212037,17.88009262084961,17.56470212000203,7.447867233720509,30.753487319946295,32.267147064208984
CMCC-ESM2,ssp245,paper_qm,late_century,2080,2100,252,performance_ratio,all_monthly_grid_samples,china_intersection,1,nan,240660,0.0,0.0,0.8955298662185669,0.9250580507516861,1.0298799872398376,1.0371764902924199,0.06867393654981269,1.191578106880188,1.2342092990875244
CMCC-ESM2,ssp245,paper_qm,late_century,2080,2100,252,performance_ratio,period_mean_map,china_intersection,1,1.0362242228314535,955,0.0,0.0,0.9636640548706055,0.9712325060367584,1.0355993509292603,1.037176499940962,0.037239332469362896,1.1164542603492738,1.1387783288955688
CMCC-ESM2,ssp245,paper_qm,late_century,2080,2100,252,pvpot,all_monthly_grid_samples,china_intersection,W m-2,nan,240660,0.0,0.0,28.254281997680664,64.36142112731933,195.3881607055664,197.37160245278307,66.82822776364956,356.22639282226567,442.1129150390625
CMCC-ESM2,ssp245,paper_qm,late_century,2080,2100,252,pvpot,period_mean_map,china_intersection,W m-2,198.89802287352472,955,0.0,0.0,123.0984115600586,134.54286682128907,187.39930725097656,197.3716035293659,37.74471200887959,285.4497369384766,299.0980529785156
CMCC-ESM2,ssp245,paper_qm,late_century,2080,2100,252,wind_speed_hub,all_monthly_grid_samples,china_intersection,m s-1,nan,240660,0.0,0.0,0.10848462581634521,0.378778472840786,2.269102454185486,2.6844163918377784,1.8423327371406473,9.074497861862183,20.81380844116211
CMCC-ESM2,ssp245,paper_qm,late_century,2080,2100,252,wind_speed_hub,period_mean_map,china_intersection,m s-1,2.535859043861979,955,0.0,0.0,0.5260674953460693,0.8555573987960816,2.4518485069274902,2.684416375921659,1.2961837392610978,8.369653377532961,10.282062530517578
CMCC-ESM2,ssp245,paper_qm,late_century,2080,2100,252,wpd,all_monthly_grid_samples,china_intersection,W m-2,nan,240660,0.0,0.0,0.0007820071186870337,0.03328602731227875,7.15596866607666,36.3011520620144,137.93358940557601,457.69265838623056,5522.81787109375
CMCC-ESM2,ssp245,paper_qm,late_century,2080,2100,252,wpd,period_mean_map,china_intersection,W m-2,24.31197611080562,955,0.0,0.0,0.15286429226398468,0.610253381729126,14.677905082702637,36.30115085788734,93.09225047244205,480.1570812988286,1107.4566650390625
CMCC-ESM2,ssp245,optimized,historical,1994,2014,252,tcell,all_monthly_grid_samples,china_intersection,degree_Celsius,nan,240660,0.0,19.45150835203191,-28.480318069458008,-17.641779804229735,15.735501766204834,14.010142179067538,14.063827280766994,36.52047218322754,42.264705657958984
CMCC-ESM2,ssp245,optimized,historical,1994,2014,252,tcell,period_mean_map,china_intersection,degree_Celsius,14.196503347324365,955,0.0,3.0366492146596857,-5.474616050720215,-1.6178510808944702,14.067062377929688,14.010142073780298,7.737413980267488,28.46684955596924,30.004627227783203
CMCC-ESM2,ssp245,optimized,historical,1994,2014,252,performance_ratio,all_monthly_grid_samples,china_intersection,1,nan,240660,0.0,0.0,0.9136765003204346,0.9423976373672486,1.0463224649429321,1.05494928913036,0.07031913645273233,1.2132088661193847,1.2674015760421753
CMCC-ESM2,ssp245,optimized,historical,1994,2014,252,performance_ratio,period_mean_map,china_intersection,1,1.0540175060052352,955,0.0,0.0,0.9749765992164612,0.9826657891273498,1.054664969444275,1.0549493090020425,0.03868708401754073,1.1330894041061401,1.152373194694519
CMCC-ESM2,ssp245,optimized,historical,1994,2014,252,pvpot,all_monthly_grid_samples,china_intersection,W m-2,nan,240660,0.0,0.0,35.58256912231445,69.51400444030762,196.38743591308594,198.99643263560444,68.31977557678161,364.5780392456055,445.7412109375
CMCC-ESM2,ssp245,optimized,historical,1994,2014,252,pvpot,period_mean_map,china_intersection,W m-2,200.41433206881456,955,0.0,0.0,119.19087219238281,129.09748596191406,190.48033142089844,198.99643290255082,40.82474241858186,290.38634826660154,302.0779724121094
CMCC-ESM2,ssp245,optimized,historical,1994,2014,252,wind_speed_hub,all_monthly_grid_samples,china_intersection,m s-1,nan,240660,0.0,0.0,0.11085347831249237,0.510429920554161,2.5948675870895386,2.9923650066418515,1.8417592414393311,9.184615001678477,18.786773681640625
CMCC-ESM2,ssp245,optimized,historical,1994,2014,252,wind_speed_hub,period_mean_map,china_intersection,m s-1,2.8515049185914974,955,0.0,0.0,0.6519405245780945,1.0206917572021486,2.754551410675049,2.9923649969525363,1.328970443908943,8.64534643173218,10.300033569335938
CMCC-ESM2,ssp245,optimized,historical,1994,2014,252,wpd,all_monthly_grid_samples,china_intersection,W m-2,nan,240660,0.0,0.0,0.0008343611261807382,0.08145438522100448,10.701673030853271,42.04507929928532,136.0667706979755,474.5576275634781,4061.27783203125
CMCC-ESM2,ssp245,optimized,historical,1994,2014,252,wpd,period_mean_map,china_intersection,W m-2,30.106479465890875,955,0.0,0.0,0.25301826000213623,0.971721215248108,18.59425163269043,42.04507973593567,94.10968093209907,492.70279296875003,1100.306884765625
CMCC-ESM2,ssp245,optimized,mid_century,2040,2060,252,tcell,all_monthly_grid_samples,china_intersection,degree_Celsius,nan,240660,0.0,16.27233441369567,-25.37061309814453,-14.454697732925414,17.268744468688965,15.753837248858055,13.705560654959747,38.13174453735352,45.3654670715332
CMCC-ESM2,ssp245,optimized,mid_century,2040,2060,252,tcell,period_mean_map,china_intersection,degree_Celsius,15.916777959257804,955,0.0,0.9424083769633508,-3.7557590007781982,0.22493625462055217,15.767195701599121,15.753837284672011,7.558269107858164,29.50639842987061,30.858854293823242
CMCC-ESM2,ssp245,optimized,mid_century,2040,2060,252,performance_ratio,all_monthly_grid_samples,china_intersection,1,nan,240660,0.0,0.0,0.8981726765632629,0.9343412673473358,1.0386562943458557,1.046230813683808,0.06852780331644481,1.197273473739624,1.251853108406067
CMCC-ESM2,ssp245,optimized,mid_century,2040,2060,252,performance_ratio,period_mean_map,china_intersection,1,1.0454160995485031,955,0.0,0.0,0.9707058072090149,0.9774680089950561,1.0461640357971191,1.0462308074791393,0.037791345865926446,1.123875184059143,1.143778681755066
CMCC-ESM2,ssp245,optimized,mid_century,2040,2060,252,pvpot,all_monthly_grid_samples,china_intersection,W m-2,nan,240660,0.0,0.0,32.79393005371094,65.66022109985352,194.18382263183594,196.55958539325084,67.70382344898692,359.75263336181644,432.67333984375
CMCC-ESM2,ssp245,optimized,mid_century,2040,2060,252,pvpot,period_mean_map,china_intersection,W m-2,198.02988619226224,955,0.0,0.0,118.68196868896484,130.1269561767578,187.15704345703125,196.5595825754535,39.29471648822751,286.1047595214844,298.5746154785156
CMCC-ESM2,ssp245,optimized,mid_century,2040,2060,252,wind_speed_hub,all_monthly_grid_samples,china_intersection,m s-1,nan,240660,0.0,0.0,0.12871022522449493,0.532029065489769,2.5779387950897217,2.96674104236623,1.8091079887744967,9.109068317413332,19.37293243408203
CMCC-ESM2,ssp245,optimized,mid_century,2040,2060,252,wind_speed_hub,period_mean_map,china_intersection,m s-1,2.8246154991973667,955,0.0,0.0,0.683720052242279,1.0150835943222045,2.7305967807769775,2.96674106039926,1.3150577807555806,8.522280273437504,10.310529708862305
CMCC-ESM2,ssp245,optimized,mid_century,2040,2060,252,wpd,all_monthly_grid_samples,china_intersection,W m-2,nan,240660,0.0,0.0,0.001306006102822721,0.09223848536610604,10.493585586547852,40.738643705845405,136.95308788476387,462.9434906005863,4453.40576171875
CMCC-ESM2,ssp245,optimized,mid_century,2040,2060,252,wpd,period_mean_map,china_intersection,W m-2,28.895956033587385,955,0.0,0.0,0.27606773376464844,0.96279452085495,17.974821090698242,40.73864473741092,92.76651932849498,489.2277117919923,1093.8031005859375
CMCC-ESM2,ssp245,optimized,late_century,2080,2100,252,tcell,all_monthly_grid_samples,china_intersection,degree_Celsius,nan,240660,0.0,13.720601678716863,-22.359813690185547,-12.520957422256469,18.784645080566406,17.401427268860147,13.687101955740927,39.77944099426269,45.70816421508789
CMCC-ESM2,ssp245,optimized,late_century,2080,2100,252,tcell,period_mean_map,china_intersection,degree_Celsius,17.551357570962494,955,0.0,0.31413612565445026,-2.4312376976013184,1.5188226222991943,17.52676010131836,17.401427415871495,7.504316177432221,30.94237106323243,32.43018341064453
CMCC-ESM2,ssp245,optimized,late_century,2080,2100,252,performance_ratio,all_monthly_grid_samples,china_intersection,1,nan,240660,0.0,0.0,0.89645916223526,0.9261027944087982,1.0310767889022827,1.037992863640775,0.06843550976264369,1.187604820728302,1.2367991209030151
CMCC-ESM2,ssp245,optimized,late_century,2080,2100,252,performance_ratio,period_mean_map,china_intersection,1,1.0372431977927556,955,0.0,0.0,0.9628491401672363,0.9702879559993743,1.0373661518096924,1.0379928514595431,0.037521580283861995,1.1174059200286866,1.1371557712554932
CMCC-ESM2,ssp245,optimized,late_century,2080,2100,252,pvpot,all_monthly_grid_samples,china_intersection,W m-2,nan,240660,0.0,0.0,28.158845901489258,64.40652923583984,195.53732299804688,197.56177024771563,66.98656710324799,356.9648553466797,447.36260986328125
CMCC-ESM2,ssp245,optimized,late_century,2080,2100,252,pvpot,period_mean_map,china_intersection,W m-2,199.1307184026221,955,0.0,0.0,123.19764709472656,134.699619140625,187.8470458984375,197.5617724673286,37.892736242149965,285.6914489746094,298.9763488769531
CMCC-ESM2,ssp245,optimized,late_century,2080,2100,252,wind_speed_hub,all_monthly_grid_samples,china_intersection,m s-1,nan,240660,0.0,0.0,0.11407068371772766,0.5201713716983796,2.5288459062576294,2.9132491464834134,1.7922399926002226,9.052522802352911,20.81380844116211
CMCC-ESM2,ssp245,optimized,late_century,2080,2100,252,wind_speed_hub,period_mean_map,china_intersection,m s-1,2.7683438946753673,955,0.0,0.0,0.6788743138313293,0.9797592306137085,2.6605067253112793,2.913249147999349,1.303725130527735,8.451637535095216,10.379327774047852
CMCC-ESM2,ssp245,optimized,late_century,2080,2100,252,wpd,all_monthly_grid_samples,china_intersection,W m-2,nan,240660,0.0,0.0,0.0009091347455978394,0.08620757602155209,9.9054274559021,39.316987459040185,136.71564099519063,454.37562042236425,5522.81787109375
CMCC-ESM2,ssp245,optimized,late_century,2080,2100,252,wpd,period_mean_map,china_intersection,W m-2,27.34379866558258,955,0.0,0.0,0.27358514070510864,0.887475597858429,16.615886688232422,39.316986645703544,93.1273638136356,478.37365905761726,1112.8974609375
CMCC-ESM2,ssp585,paper_qm,historical,1994,2014,252,tcell,all_monthly_grid_samples,china_intersection,degree_Celsius,nan,240660,0.0,19.45150835203191,-28.480318069458008,-17.641779804229735,15.735501766204834,14.010142179067538,14.063827280766994,36.52047218322754,42.264705657958984
CMCC-ESM2,ssp585,paper_qm,historical,1994,2014,252,tcell,period_mean_map,china_intersection,degree_Celsius,14.196503347324365,955,0.0,3.0366492146596857,-5.474616050720215,-1.6178510808944702,14.067062377929688,14.010142073780298,7.737413980267488,28.46684955596924,30.004627227783203
CMCC-ESM2,ssp585,paper_qm,historical,1994,2014,252,performance_ratio,all_monthly_grid_samples,china_intersection,1,nan,240660,0.0,0.0,0.9136765003204346,0.9423976373672486,1.0463224649429321,1.05494928913036,0.07031913645273233,1.2132088661193847,1.2674015760421753
CMCC-ESM2,ssp585,paper_qm,historical,1994,2014,252,performance_ratio,period_mean_map,china_intersection,1,1.0540175060052352,955,0.0,0.0,0.9749765992164612,0.9826657891273498,1.054664969444275,1.0549493090020425,0.03868708401754073,1.1330894041061401,1.152373194694519
CMCC-ESM2,ssp585,paper_qm,historical,1994,2014,252,pvpot,all_monthly_grid_samples,china_intersection,W m-2,nan,240660,0.0,0.0,35.58256912231445,69.51400444030762,196.38743591308594,198.99643263560444,68.31977557678161,364.5780392456055,445.7412109375
CMCC-ESM2,ssp585,paper_qm,historical,1994,2014,252,pvpot,period_mean_map,china_intersection,W m-2,200.41433206881456,955,0.0,0.0,119.19087219238281,129.09748596191406,190.48033142089844,198.99643290255082,40.82474241858186,290.38634826660154,302.0779724121094
CMCC-ESM2,ssp585,paper_qm,historical,1994,2014,252,wind_speed_hub,all_monthly_grid_samples,china_intersection,m s-1,nan,240660,0.0,0.0,0.11085347831249237,0.510429920554161,2.5948675870895386,2.9923650066418515,1.8417592414393311,9.184615001678477,18.786773681640625
CMCC-ESM2,ssp585,paper_qm,historical,1994,2014,252,wind_speed_hub,period_mean_map,china_intersection,m s-1,2.8515049185914974,955,0.0,0.0,0.6519405245780945,1.0206917572021486,2.754551410675049,2.9923649969525363,1.328970443908943,8.64534643173218,10.300033569335938
CMCC-ESM2,ssp585,paper_qm,historical,1994,2014,252,wpd,all_monthly_grid_samples,china_intersection,W m-2,nan,240660,0.0,0.0,0.0008343611261807382,0.08145438522100448,10.701673030853271,42.04507929928532,136.0667706979755,474.5576275634781,4061.27783203125
CMCC-ESM2,ssp585,paper_qm,historical,1994,2014,252,wpd,period_mean_map,china_intersection,W m-2,30.106479465890875,955,0.0,0.0,0.25301826000213623,0.971721215248108,18.59425163269043,42.04507973593567,94.10968093209907,492.70279296875003,1100.306884765625
CMCC-ESM2,ssp585,paper_qm,mid_century,2040,2060,252,tcell,all_monthly_grid_samples,china_intersection,degree_Celsius,nan,240660,0.0,15.52314468544835,-27.017696380615234,-14.89139853477478,17.764994621276855,16.222766966285345,13.794139280394466,38.745288963317876,44.57365798950195
CMCC-ESM2,ssp585,paper_qm,mid_century,2040,2060,252,tcell,period_mean_map,china_intersection,degree_Celsius,16.416621692785707,955,0.0,0.8376963350785341,-3.6921892166137695,0.47653500378131874,16.408302307128906,16.22276703919728,7.501725582684882,29.74148593902589,31.194677352905273
CMCC-ESM2,ssp585,paper_qm,mid_century,2040,2060,252,performance_ratio,all_monthly_grid_samples,china_intersection,1,nan,240660,0.0,0.0,0.9021317362785339,0.9312735402584076,1.036175012588501,1.043886165189979,0.06897069643471658,1.1994570291042328,1.2600884437561035
CMCC-ESM2,ssp585,paper_qm,mid_century,2040,2060,252,performance_ratio,period_mean_map,china_intersection,1,1.0429168908031956,955,0.0,0.0,0.9690267443656921,0.9762927007675171,1.0429582595825195,1.0438861664053034,0.037508634412660405,1.1226171779632568,1.1434608697891235
CMCC-ESM2,ssp585,paper_qm,mid_century,2040,2060,252,pvpot,all_monthly_grid_samples,china_intersection,W m-2,nan,240660,0.0,0.0,33.85377883911133,67.50633155822754,194.32503509521484,196.65952768909915,66.73553865443854,358.21253051757816,426.62188720703125
CMCC-ESM2,ssp585,paper_qm,mid_century,2040,2060,252,pvpot,period_mean_map,china_intersection,W m-2,198.150502288995,955,0.0,0.0,119.67298126220703,132.68376525878907,187.4747772216797,196.65953157434913,38.480050320563876,285.1496313476563,297.1100769042969
CMCC-ESM2,ssp585,paper_qm,mid_century,2040,2060,252,wind_speed_hub,all_monthly_grid_samples,china_intersection,m s-1,nan,240660,0.0,0.0,0.1193922832608223,0.4181274202466011,2.406328797340393,2.8118586762706177,1.8514182041260019,9.049292364120484,19.5279598236084
CMCC-ESM2,ssp585,paper_qm,mid_century,2040,2060,252,wind_speed_hub,period_mean_map,china_intersection,m s-1,2.6603797888275107,955,0.0,0.0,0.6218970417976379,0.9551491010189056,2.5838944911956787,2.8118587030166107,1.309633609316494,8.604476337432862,10.179160118103027
CMCC-ESM2,ssp585,paper_qm,mid_century,2040,2060,252,wpd,all_monthly_grid_samples,china_intersection,W m-2,nan,240660,0.0,0.0,0.0010424010688439012,0.04477462984621525,8.534360408782959,38.81318438599384,140.17342608199982,453.88930938720716,4561.17431640625
CMCC-ESM2,ssp585,paper_qm,mid_century,2040,2060,252,wpd,period_mean_map,china_intersection,W m-2,26.559502511013374,955,0.0,0.0,0.24324744939804077,0.8394194853305816,16.3680362701416,38.81318498625181,94.26212086725234,509.6519287109381,1116.5653076171875
CMCC-ESM2,ssp585,paper_qm,late_century,2080,2100,252,tcell,all_monthly_grid_samples,china_intersection,degree_Celsius,nan,240660,0.0,9.854566608493311,-20.33729362487793,-10.702318477630614,21.27446746826172,19.802973617662477,13.52311638162474,42.22481712341309,49.176422119140625
CMCC-ESM2,ssp585,paper_qm,late_century,2080,2100,252,tcell,period_mean_map,china_intersection,degree_Celsius,20.000132685041137,955,0.0,0.10471204188481677,-0.6306502819061279,3.9618465518951416,20.071130752563477,19.802973773404567,7.2755301080801535,32.419187774658205,33.94770812988281
CMCC-ESM2,ssp585,paper_qm,late_century,2080,2100,252,performance_ratio,all_monthly_grid_samples,china_intersection,1,nan,240660,0.0,0.0,0.8791179060935974,0.9138759237527847,1.0186277031898499,1.025985131953102,0.0676155819082699,1.178511587381363,1.2266864776611328
CMCC-ESM2,ssp585,paper_qm,late_century,2080,2100,252,performance_ratio,period_mean_map,china_intersection,1,1.0249993283648593,955,0.0,0.0,0.9552612900733948,0.9629042279720307,1.0246442556381226,1.0259851241611062,0.03637764379139274,1.1051903986930847,1.1281529664993286
CMCC-ESM2,ssp585,paper_qm,late_century,2080,2100,252,pvpot,all_monthly_grid_samples,china_intersection,W m-2,nan,240660,0.0,0.0,34.3935661315918,62.48407657623291,193.71408081054688,196.2020505698296,65.56920820580838,354.8780020141602,427.6048583984375
CMCC-ESM2,ssp585,paper_qm,late_century,2080,2100,252,pvpot,period_mean_map,china_intersection,W m-2,198.03826131020253,955,0.0,0.0,127.7720947265625,141.72160919189454,187.04415893554688,196.20205041376084,36.18501997509051,280.9343328857422,293.0594177246094
CMCC-ESM2,ssp585,paper_qm,late_century,2080,2100,252,wind_speed_hub,all_monthly_grid_samples,china_intersection,m s-1,nan,240660,0.0,0.0,0.11287389695644379,0.37514796525239946,2.2769343852996826,2.6937489898836504,1.845543543910906,9.101999702453615,19.131559371948242
CMCC-ESM2,ssp585,paper_qm,late_century,2080,2100,252,wind_speed_hub,period_mean_map,china_intersection,m s-1,2.5380383869102365,955,0.0,0.0,0.5506862998008728,0.8286691415309906,2.4755911827087402,2.693748993087189,1.298804821568098,8.539934768676758,9.861200332641602
CMCC-ESM2,ssp585,paper_qm,late_century,2080,2100,252,wpd,all_monthly_grid_samples,china_intersection,W m-2,nan,240660,0.0,0.0,0.0008808188722468913,0.03233805276453495,7.230321645736694,36.380980557638296,135.39062523960266,461.86662719726587,4289.01171875
CMCC-ESM2,ssp585,paper_qm,late_century,2080,2100,252,wpd,period_mean_map,china_intersection,W m-2,24.21206095371676,955,0.0,0.0,0.16859176754951477,0.6132065045833588,15.371200561523438,36.38098077106226,90.64464063056,490.6684411621101,1045.8372802734375
CMCC-ESM2,ssp585,optimized,historical,1994,2014,252,tcell,all_monthly_grid_samples,china_intersection,degree_Celsius,nan,240660,0.0,19.45150835203191,-28.480318069458008,-17.641779804229735,15.735501766204834,14.010142179067538,14.063827280766994,36.52047218322754,42.264705657958984
CMCC-ESM2,ssp585,optimized,historical,1994,2014,252,tcell,period_mean_map,china_intersection,degree_Celsius,14.196503347324365,955,0.0,3.0366492146596857,-5.474616050720215,-1.6178510808944702,14.067062377929688,14.010142073780298,7.737413980267488,28.46684955596924,30.004627227783203
CMCC-ESM2,ssp585,optimized,historical,1994,2014,252,performance_ratio,all_monthly_grid_samples,china_intersection,1,nan,240660,0.0,0.0,0.9136765003204346,0.9423976373672486,1.0463224649429321,1.05494928913036,0.07031913645273233,1.2132088661193847,1.2674015760421753
CMCC-ESM2,ssp585,optimized,historical,1994,2014,252,performance_ratio,period_mean_map,china_intersection,1,1.0540175060052352,955,0.0,0.0,0.9749765992164612,0.9826657891273498,1.054664969444275,1.0549493090020425,0.03868708401754073,1.1330894041061401,1.152373194694519
CMCC-ESM2,ssp585,optimized,historical,1994,2014,252,pvpot,all_monthly_grid_samples,china_intersection,W m-2,nan,240660,0.0,0.0,35.58256912231445,69.51400444030762,196.38743591308594,198.99643263560444,68.31977557678161,364.5780392456055,445.7412109375
CMCC-ESM2,ssp585,optimized,historical,1994,2014,252,pvpot,period_mean_map,china_intersection,W m-2,200.41433206881456,955,0.0,0.0,119.19087219238281,129.09748596191406,190.48033142089844,198.99643290255082,40.82474241858186,290.38634826660154,302.0779724121094
CMCC-ESM2,ssp585,optimized,historical,1994,2014,252,wind_speed_hub,all_monthly_grid_samples,china_intersection,m s-1,nan,240660,0.0,0.0,0.11085347831249237,0.510429920554161,2.5948675870895386,2.9923650066418515,1.8417592414393311,9.184615001678477,18.786773681640625
CMCC-ESM2,ssp585,optimized,historical,1994,2014,252,wind_speed_hub,period_mean_map,china_intersection,m s-1,2.8515049185914974,955,0.0,0.0,0.6519405245780945,1.0206917572021486,2.754551410675049,2.9923649969525363,1.328970443908943,8.64534643173218,10.300033569335938
CMCC-ESM2,ssp585,optimized,historical,1994,2014,252,wpd,all_monthly_grid_samples,china_intersection,W m-2,nan,240660,0.0,0.0,0.0008343611261807382,0.08145438522100448,10.701673030853271,42.04507929928532,136.0667706979755,474.5576275634781,4061.27783203125
CMCC-ESM2,ssp585,optimized,historical,1994,2014,252,wpd,period_mean_map,china_intersection,W m-2,30.106479465890875,955,0.0,0.0,0.25301826000213623,0.971721215248108,18.59425163269043,42.04507973593567,94.10968093209907,492.70279296875003,1100.306884765625
CMCC-ESM2,ssp585,optimized,mid_century,2040,2060,252,tcell,all_monthly_grid_samples,china_intersection,degree_Celsius,nan,240660,0.0,15.737555056926785,-28.319110870361328,-14.330861406326294,17.59059429168701,16.11491286282764,13.732126519525128,38.529063644409185,44.57538986206055
CMCC-ESM2,ssp585,optimized,mid_century,2040,2060,252,tcell,period_mean_map,china_intersection,degree_Celsius,16.27400003087782,955,0.0,0.8376963350785341,-3.4991695880889893,0.3400988000631333,16.153480529785156,16.114912620374046,7.547024429232678,29.851080894470226,31.252826690673828
CMCC-ESM2,ssp585,optimized,mid_century,2040,2060,252,performance_ratio,all_monthly_grid_samples,china_intersection,1,nan,240660,0.0,0.0,0.9021230340003967,0.9323547035455704,1.037047028541565,1.0444254356754457,0.06866063261109957,1.1966543006896972,1.2665956020355225
CMCC-ESM2,ssp585,optimized,mid_century,2040,2060,252,performance_ratio,period_mean_map,china_intersection,1,1.0436299881510895,955,0.0,0.0,0.968735933303833,0.9757447052001953,1.0442330837249756,1.0444254257916157,0.03773513109589011,1.1232994103431702,1.142496109008789
CMCC-ESM2,ssp585,optimized,mid_century,2040,2060,252,pvpot,all_monthly_grid_samples,china_intersection,W m-2,nan,240660,0.0,0.0,33.87588882446289,67.49028305053712,194.43238067626953,196.79428007553355,66.86590477027,358.7563754272461,430.4722900390625
CMCC-ESM2,ssp585,optimized,mid_century,2040,2060,252,pvpot,period_mean_map,china_intersection,W m-2,198.32229435666778,955,0.0,0.0,119.76811981201172,132.8946484375,187.48641967773438,196.79427907254683,38.60120253763929,285.9697412109375,297.2256164550781
CMCC-ESM2,ssp585,optimized,mid_century,2040,2060,252,wind_speed_hub,all_monthly_grid_samples,china_intersection,m s-1,nan,240660,0.0,0.0,0.11444324254989624,0.5344857257604599,2.5736353397369385,2.9592414683708563,1.8054541301187914,9.068267965316773,19.5279598236084
CMCC-ESM2,ssp585,optimized,mid_century,2040,2060,252,wind_speed_hub,period_mean_map,china_intersection,m s-1,2.8131420602726314,955,0.0,0.0,0.6836342811584473,1.0378013277053832,2.723994493484497,2.9592415165526704,1.3183542121437757,8.64890983581543,10.394600868225098
CMCC-ESM2,ssp585,optimized,mid_century,2040,2060,252,wpd,all_monthly_grid_samples,china_intersection,W m-2,nan,240660,0.0,0.0,0.0009180717170238495,0.09352214202284813,10.441121101379395,40.57926238577328,138.48286423575362,456.7505810546876,4561.17431640625
CMCC-ESM2,ssp585,optimized,mid_century,2040,2060,252,wpd,period_mean_map,china_intersection,W m-2,28.37959853323484,955,0.0,0.0,0.2941565215587616,0.9905677533149719,17.75196075439453,40.579262118408195,94.61509273972405,503.09807006835956,1123.7554931640625
CMCC-ESM2,ssp585,optimized,late_century,2080,2100,252,tcell,all_monthly_grid_samples,china_intersection,degree_Celsius,nan,240660,0.0,9.754425330341562,-18.58967399597168,-9.569398899078369,21.03553867340088,19.672611579416685,13.45938196533083,42.107969779968265,48.80388259887695
CMCC-ESM2,ssp585,optimized,late_century,2080,2100,252,tcell,period_mean_map,china_intersection,degree_Celsius,19.82865516701514,955,0.0,0.10471204188481677,-0.08049561083316803,3.957648057937622,19.747949600219727,19.672611637000013,7.336090661408279,32.56669555664063,34.24348831176758
CMCC-ESM2,ssp585,optimized,late_century,2080,2100,252,performance_ratio,all_monthly_grid_samples,china_intersection,1,nan,240660,0.0,0.0,0.8809806108474731,0.9144601482152939,1.0198222994804382,1.0266369420575312,0.06729690978813407,1.1728469717502594,1.217948317527771
CMCC-ESM2,ssp585,optimized,late_century,2080,2100,252,performance_ratio,period_mean_map,china_intersection,1,1.0258567254020257,955,0.0,0.0,0.9537826776504517,0.9621664237976074,1.0262601375579834,1.0266369392734547,0.0366804482042781,1.1052117919921876,1.1254023313522339
CMCC-ESM2,ssp585,optimized,late_century,2080,2100,252,pvpot,all_monthly_grid_samples,china_intersection,W m-2,nan,240660,0.0,0.0,34.37489318847656,62.49616920471191,193.8363800048828,196.36494024757494,65.71953167198998,355.82199951171884,427.162353515625
CMCC-ESM2,ssp585,optimized,late_century,2080,2100,252,pvpot,period_mean_map,china_intersection,W m-2,198.24421453999148,955,0.0,0.0,127.87614440917969,141.68181365966797,186.8859100341797,196.36494361118497,36.317436503683815,281.2308587646485,292.70697021484375
CMCC-ESM2,ssp585,optimized,late_century,2080,2100,252,wind_speed_hub,all_monthly_grid_samples,china_intersection,m s-1,nan,240660,0.0,0.0,0.11287389695644379,0.5202429389953613,2.5365291833877563,2.9132995134073867,1.7804956016976798,9.041897668838502,19.131559371948242
CMCC-ESM2,ssp585,optimized,late_century,2080,2100,252,wind_speed_hub,period_mean_map,china_intersection,m s-1,2.762365807320861,955,0.0,0.0,0.6592092514038086,1.0100747048854828,2.6820554733276367,2.9132994940143604,1.3016142309679195,8.56548568725586,10.157264709472656
CMCC-ESM2,ssp585,optimized,late_century,2080,2100,252,wpd,all_monthly_grid_samples,china_intersection,W m-2,nan,240660,0.0,0.0,0.0008808188722468913,0.0862431625276804,9.995987892150879,38.90998156614256,134.36143223278899,452.777515563965,4289.01171875
CMCC-ESM2,ssp585,optimized,late_century,2080,2100,252,wpd,period_mean_map,china_intersection,W m-2,26.757532112730537,955,0.0,0.0,0.251162588596344,0.9330409562587738,17.17019271850586,38.90998249809155,91.66619953036873,482.25203125000024,1076.6715087890625
CanESM5,ssp126,paper_qm,historical,1994,2014,252,tcell,all_monthly_grid_samples,china_intersection,degree_Celsius,nan,43848,0.0,18.40448823207444,-31.342985153198242,-18.149747066497802,16.798531532287598,14.720777206276923,14.14209933869056,36.708078956604005,42.254295349121094
CanESM5,ssp126,paper_qm,historical,1994,2014,252,tcell,period_mean_map,china_intersection,degree_Celsius,14.661294697833451,174,0.0,0.5747126436781609,-2.599721670150757,0.2666792740486562,14.136871814727783,14.720776972938971,7.999776465610934,31.120033645629885,31.48427391052246
CanESM5,ssp126,paper_qm,historical,1994,2014,252,performance_ratio,all_monthly_grid_samples,china_intersection,1,nan,43848,0.0,0.0,0.9137285351753235,0.9414595925807953,1.041007399559021,1.0513961141838295,0.07071049676699365,1.2157486963272095,1.281714916229248
CanESM5,ssp126,paper_qm,historical,1994,2014,252,performance_ratio,period_mean_map,china_intersection,1,1.051693521331449,174,0.0,0.0,0.9675785303115845,0.9693999397754669,1.0543159246444702,1.0513961167856194,0.03999887867158791,1.1236666083335876,1.137998342514038
CanESM5,ssp126,paper_qm,historical,1994,2014,252,pvpot,all_monthly_grid_samples,china_intersection,W m-2,nan,43848,0.0,0.0,35.84300994873047,65.39567070007324,192.0415802001953,195.00020596007104,66.9940875004817,355.0600778198242,420.0721130371094
CanESM5,ssp126,paper_qm,historical,1994,2014,252,pvpot,period_mean_map,china_intersection,W m-2,198.2931312494669,174,0.0,0.0,126.19503021240234,129.45361579895018,185.55028533935547,195.00021064144443,38.35528639683395,284.0811199951172,294.57977294921875
CanESM5,ssp126,paper_qm,historical,1994,2014,252,wind_speed_hub,all_monthly_grid_samples,china_intersection,m s-1,nan,43848,0.0,0.0,0.11357032507658005,0.4908707442879677,2.631887435913086,3.1327360349786657,2.16242043450003,12.252061805725097,17.456907272338867
CanESM5,ssp126,paper_qm,historical,1994,2014,252,wind_speed_hub,period_mean_map,china_intersection,m s-1,2.8302075469452723,174,0.0,0.0,0.6543556451797485,1.0379154980182648,2.835620880126953,3.132736130692493,1.6519143052660834,9.239100275039673,9.587532997131348
CanESM5,ssp126,paper_qm,historical,1994,2014,252,wpd,all_monthly_grid_samples,china_intersection,W m-2,nan,43848,0.0,0.0,0.0008972235955297947,0.07244488760828972,11.166266441345215,58.896785055733794,199.09583282247863,1126.5062902832026,3258.427001953125
CanESM5,ssp126,paper_qm,historical,1994,2014,252,wpd,period_mean_map,china_intersection,W m-2,32.73432544516993,174,0.0,0.0,0.27431342005729675,0.875350661277771,19.549147605895996,58.89678560779698,136.73694079754364,748.3895941162116,887.754150390625
CanESM5,ssp126,paper_qm,mid_century,2040,2060,252,tcell,all_monthly_grid_samples,china_intersection,degree_Celsius,nan,43848,0.0,15.533205619412517,-25.461881637573242,-16.46661479949951,18.91472339630127,16.740300965572427,14.200258556581986,39.036295814514155,44.236083984375
CanESM5,ssp126,paper_qm,mid_century,2040,2060,252,tcell,period_mean_map,china_intersection,degree_Celsius,16.722601898556437,174,0.0,0.5747126436781609,-0.6848071217536926,2.757467586994171,16.34123420715332,16.74030070023975,7.742918234043918,32.421598205566404,32.51455307006836
CanESM5,ssp126,paper_qm,mid_century,2040,2060,252,performance_ratio,all_monthly_grid_samples,china_intersection,1,nan,43848,0.0,0.0,0.9038195610046387,0.9298185271024704,1.0304263830184937,1.041298495028885,0.07100129264628537,1.2073330760002137,1.2523094415664673
CanESM5,ssp126,paper_qm,mid_century,2040,2060,252,performance_ratio,period_mean_map,china_intersection,1,1.041386991528454,174,0.0,0.0,0.9624272584915161,0.9628921276330948,1.0432940125465393,1.0412985059036606,0.03871458326160015,1.111212627887726,1.128423810005188
CanESM5,ssp126,paper_qm,mid_century,2040,2060,252,pvpot,all_monthly_grid_samples,china_intersection,W m-2,nan,43848,0.0,0.0,31.5203914642334,64.93245361328125,196.34547424316406,196.7708510337705,66.03445135469005,350.903655090332,419.18768310546875
CanESM5,ssp126,paper_qm,mid_century,2040,2060,252,pvpot,period_mean_map,china_intersection,W m-2,199.93812864003309,174,0.0,0.0,133.33348083496094,136.2769174194336,189.18405151367188,196.77085069678296,34.548667132302036,277.5639749145508,291.2521057128906
CanESM5,ssp126,paper_qm,mid_century,2040,2060,252,wind_speed_hub,all_monthly_grid_samples,china_intersection,m s-1,nan,43848,0.0,0.0,0.10093855112791061,0.41259914994239805,2.4675158262252808,3.0015247271037184,2.211470799050104,12.2712664604187,18.391868591308594
CanESM5,ssp126,paper_qm,mid_century,2040,2060,252,wind_speed_hub,period_mean_map,china_intersection,m s-1,2.684004287861561,174,0.0,0.0,0.5702010989189148,1.017326613664627,2.677695393562317,3.0015246597514755,1.6813752870195406,9.231566257476809,9.536663055419922
CanESM5,ssp126,paper_qm,mid_century,2040,2060,252,wpd,all_monthly_grid_samples,china_intersection,W m-2,nan,43848,0.0,0.0,0.0006299082306213677,0.043022047951817514,9.20207929611206,57.5595534794707,197.86355408525463,1131.8120031738274,3810.514404296875
CanESM5,ssp126,paper_qm,mid_century,2040,2060,252,wpd,period_mean_map,china_intersection,W m-2,30.39195329623081,174,0.0,0.0,0.20579011738300323,0.8256825065612793,17.927268028259277,57.559559318954236,137.03217978169678,757.2545458984378,853.3477172851562
CanESM5,ssp126,paper_qm,late_century,2080,2100,252,tcell,all_monthly_grid_samples,china_intersection,degree_Celsius,nan,43848,0.0,15.159186279875936,-25.104665756225586,-15.8984126663208,18.9049015045166,16.903899156882908,14.09069135763536,39.23125633239745,44.5809211730957
CanESM5,ssp126,paper_qm,late_century,2080,2100,252,tcell,period_mean_map,china_intersection,degree_Celsius,16.88845694456273,174,0.0,0.5747126436781609,-0.7435182929039001,2.886123790740967,16.713886260986328,16.90389879167765,7.709646356974911,32.57660469055176,32.84799575805664
CanESM5,ssp126,paper_qm,late_century,2080,2100,252,performance_ratio,all_monthly_grid_samples,china_intersection,1,nan,43848,0.0,0.0,0.902095377445221,0.9288437354564667,1.0304754972457886,1.040480504104352,0.0704534567556276,1.2044920790195464,1.250523328781128
CanESM5,ssp126,paper_qm,late_century,2080,2100,252,performance_ratio,period_mean_map,china_intersection,1,1.040557713904082,174,0.0,0.0,0.9607597589492798,0.9621170300245285,1.0414307713508606,1.0404805078588684,0.038548236438842275,1.1105694937705994,1.1287176609039307
CanESM5,ssp126,paper_qm,late_century,2080,2100,252,pvpot,all_monthly_grid_samples,china_intersection,W m-2,nan,43848,0.0,0.0,32.361602783203125,66.75914604187012,198.62881469726562,198.93587094261534,65.74964702600393,352.86852874755857,426.8171691894531
CanESM5,ssp126,paper_qm,late_century,2080,2100,252,pvpot,period_mean_map,china_intersection,W m-2,202.19147353081053,174,0.0,0.0,134.79281616210938,143.7285693359375,191.0123291015625,198.93587660515445,33.6684162249129,282.98444305419923,293.2358093261719
CanESM5,ssp126,paper_qm,late_century,2080,2100,252,wind_speed_hub,all_monthly_grid_samples,china_intersection,m s-1,nan,43848,0.0,0.0,0.10050442069768906,0.4142578059434891,2.4877220392227173,3.0251931445470905,2.2460561088065782,12.581820011138912,18.571853637695312
CanESM5,ssp126,paper_qm,late_century,2080,2100,252,wind_speed_hub,period_mean_map,china_intersection,m s-1,2.708488748477708,174,0.0,0.0,0.6090160608291626,0.9790319234132767,2.6716763973236084,3.025193168171521,1.7351523933329356,9.52482779502869,10.425654411315918
CanESM5,ssp126,paper_qm,late_century,2080,2100,252,wpd,all_monthly_grid_samples,china_intersection,W m-2,nan,43848,0.0,0.0,0.0006218155613169074,0.043542989641428,9.429999828338623,60.523459377321466,220.16386986585522,1219.9345556640617,3923.4833984375
CanESM5,ssp126,paper_qm,late_century,2080,2100,252,wpd,period_mean_map,china_intersection,W m-2,31.141283563991895,174,0.0,0.0,0.2513665556907654,0.7139251029491425,19.06434917449951,60.52345243438907,153.25469379931553,805.4852368164068,1075.0289306640625
CanESM5,ssp126,optimized,historical,1994,2014,252,tcell,all_monthly_grid_samples,china_intersection,degree_Celsius,nan,43848,0.0,18.40448823207444,-31.342985153198242,-18.149747066497802,16.798531532287598,14.720777206276923,14.14209933869056,36.708078956604005,42.254295349121094
CanESM5,ssp126,optimized,historical,1994,2014,252,tcell,period_mean_map,china_intersection,degree_Celsius,14.661294697833451,174,0.0,0.5747126436781609,-2.599721670150757,0.2666792740486562,14.136871814727783,14.720776972938971,7.999776465610934,31.120033645629885,31.48427391052246
CanESM5,ssp126,optimized,historical,1994,2014,252,performance_ratio,all_monthly_grid_samples,china_intersection,1,nan,43848,0.0,0.0,0.9137285351753235,0.9414595925807953,1.041007399559021,1.0513961141838295,0.07071049676699365,1.2157486963272095,1.281714916229248
CanESM5,ssp126,optimized,historical,1994,2014,252,performance_ratio,period_mean_map,china_intersection,1,1.051693521331449,174,0.0,0.0,0.9675785303115845,0.9693999397754669,1.0543159246444702,1.0513961167856194,0.03999887867158791,1.1236666083335876,1.137998342514038
CanESM5,ssp126,optimized,historical,1994,2014,252,pvpot,all_monthly_grid_samples,china_intersection,W m-2,nan,43848,0.0,0.0,35.84300994873047,65.39567070007324,192.0415802001953,195.00020596007104,66.9940875004817,355.0600778198242,420.0721130371094
CanESM5,ssp126,optimized,historical,1994,2014,252,pvpot,period_mean_map,china_intersection,W m-2,198.2931312494669,174,0.0,0.0,126.19503021240234,129.45361579895018,185.55028533935547,195.00021064144443,38.35528639683395,284.0811199951172,294.57977294921875
CanESM5,ssp126,optimized,historical,1994,2014,252,wind_speed_hub,all_monthly_grid_samples,china_intersection,m s-1,nan,43848,0.0,0.0,0.11357032507658005,0.4908707442879677,2.631887435913086,3.1327360349786657,2.16242043450003,12.252061805725097,17.456907272338867
CanESM5,ssp126,optimized,historical,1994,2014,252,wind_speed_hub,period_mean_map,china_intersection,m s-1,2.8302075469452723,174,0.0,0.0,0.6543556451797485,1.0379154980182648,2.835620880126953,3.132736130692493,1.6519143052660834,9.239100275039673,9.587532997131348
CanESM5,ssp126,optimized,historical,1994,2014,252,wpd,all_monthly_grid_samples,china_intersection,W m-2,nan,43848,0.0,0.0,0.0008972235955297947,0.07244488760828972,11.166266441345215,58.896785055733794,199.09583282247863,1126.5062902832026,3258.427001953125
CanESM5,ssp126,optimized,historical,1994,2014,252,wpd,period_mean_map,china_intersection,W m-2,32.73432544516993,174,0.0,0.0,0.27431342005729675,0.875350661277771,19.549147605895996,58.89678560779698,136.73694079754364,748.3895941162116,887.754150390625
CanESM5,ssp126,optimized,mid_century,2040,2060,252,tcell,all_monthly_grid_samples,china_intersection,degree_Celsius,nan,43848,0.0,15.453384418901662,-26.22089195251465,-16.292531738281248,19.51095962524414,17.054615322288345,14.236667751870758,39.01619300842284,45.40578842163086
CanESM5,ssp126,optimized,mid_century,2040,2060,252,tcell,period_mean_map,china_intersection,degree_Celsius,17.121378784091238,174,0.0,0.0,0.3564166724681854,4.229286477565766,16.676677703857422,17.05461547686451,7.700456191361303,32.72742958068848,32.950687408447266
CanESM5,ssp126,optimized,mid_century,2040,2060,252,performance_ratio,all_monthly_grid_samples,china_intersection,1,nan,43848,0.0,0.0,0.8979710340499878,0.9299190372228623,1.0274451971054077,1.0397269232968327,0.07118333884252136,1.20646267414093,1.2561044692993164
CanESM5,ssp126,optimized,mid_century,2040,2060,252,performance_ratio,period_mean_map,china_intersection,1,1.0393931463531016,174,0.0,0.0,0.9602463245391846,0.9613629251718521,1.041616439819336,1.039726955109629,0.0385022785607082,1.1038535773754121,1.1232181787490845
CanESM5,ssp126,optimized,mid_century,2040,2060,252,pvpot,all_monthly_grid_samples,china_intersection,W m-2,nan,43848,0.0,0.0,31.515602111816406,64.85060516357422,196.3765106201172,196.43654703959086,65.79104546505722,350.42177551269526,421.0698547363281
CanESM5,ssp126,optimized,mid_century,2040,2060,252,pvpot,period_mean_map,china_intersection,W m-2,199.50646750609107,174,0.0,0.0,133.0895233154297,136.20829986572267,188.9040756225586,196.43654474718818,34.18086882417207,274.6604180908204,289.9064025878906
CanESM5,ssp126,optimized,mid_century,2040,2060,252,wind_speed_hub,all_monthly_grid_samples,china_intersection,m s-1,nan,43848,0.0,0.0,0.10093855112791061,0.49355350315570834,2.590850591659546,3.10452626778866,2.162586974128323,12.197498531341552,18.391868591308594
CanESM5,ssp126,optimized,mid_century,2040,2060,252,wind_speed_hub,period_mean_map,china_intersection,m s-1,2.792970606490988,174,0.0,0.0,0.6639811992645264,1.0223563766479493,2.791354537010193,3.10452617653485,1.664994845120789,9.262287702560426,9.58899211883545
CanESM5,ssp126,optimized,mid_century,2040,2060,252,wpd,all_monthly_grid_samples,china_intersection,W m-2,nan,43848,0.0,0.0,0.0006299082306213677,0.0736391582340002,10.652050971984863,58.10011183348809,194.09822873841807,1111.5229406738279,3810.514404296875
CanESM5,ssp126,optimized,mid_century,2040,2060,252,wpd,period_mean_map,china_intersection,W m-2,31.653306193451307,174,0.0,0.0,0.2726949155330658,0.8384611427783966,19.368255615234375,58.100117353701044,135.1658254185927,743.711201782227,858.1355590820312
CanESM5,ssp126,optimized,late_century,2080,2100,252,tcell,all_monthly_grid_samples,china_intersection,degree_Celsius,nan,43848,0.0,14.953931764276593,-25.287643432617188,-15.587336988449097,19.595443725585938,17.284497365689624,14.14438618876531,39.26140808105468,44.433441162109375
CanESM5,ssp126,optimized,late_century,2080,2100,252,tcell,period_mean_map,china_intersection,degree_Celsius,17.36939152686907,174,0.0,0.0,0.4715314507484436,4.456928179264069,16.94094944000244,17.284497257279252,7.700282594847482,33.048901023864744,33.13966751098633
CanESM5,ssp126,optimized,late_century,2080,2100,252,performance_ratio,all_monthly_grid_samples,china_intersection,1,nan,43848,0.0,0.0,0.9028328061103821,0.9286929601430893,1.0270227789878845,1.0385775131028492,0.07072193093629245,1.2029366874694825,1.2514382600784302
CanESM5,ssp126,optimized,late_century,2080,2100,252,performance_ratio,period_mean_map,china_intersection,1,1.0381530377335335,174,0.0,0.0,0.959301233291626,0.9597553819417953,1.040295124053955,1.0385775103651245,0.03850142397372059,1.1027154695987702,1.1226422786712646
CanESM5,ssp126,optimized,late_century,2080,2100,252,pvpot,all_monthly_grid_samples,china_intersection,W m-2,nan,43848,0.0,0.0,32.35416030883789,66.62085678100586,198.52625274658203,198.53602467103502,65.49099036798826,352.39312530517554,428.744384765625
CanESM5,ssp126,optimized,late_century,2080,2100,252,pvpot,period_mean_map,china_intersection,W m-2,201.67767185173935,174,0.0,0.0,134.4854278564453,143.43676651000976,190.72329711914062,198.5360160038389,33.25701269749889,280.7933389282227,291.6460876464844
CanESM5,ssp126,optimized,late_century,2080,2100,252,wind_speed_hub,all_monthly_grid_samples,china_intersection,m s-1,nan,43848,0.0,0.0,0.10050442069768906,0.5039986616373062,2.6149048805236816,3.1221021776566924,2.182453552033836,12.468929977416984,18.571853637695312
CanESM5,ssp126,optimized,late_century,2080,2100,252,wind_speed_hub,period_mean_map,china_intersection,m s-1,2.8091512742056635,174,0.0,0.0,0.6946018934249878,0.9931131464242935,2.838404059410095,3.1221021903657364,1.692075730823512,9.424055786132813,10.093339920043945
CanESM5,ssp126,optimized,late_century,2080,2100,252,wpd,all_monthly_grid_samples,china_intersection,W m-2,nan,43848,0.0,0.0,0.0006218155613169074,0.07841412529349327,10.951504230499268,60.19888769510941,211.75425650329774,1187.3911083984349,3923.4833984375
CanESM5,ssp126,optimized,late_century,2080,2100,252,wpd,period_mean_map,china_intersection,W m-2,32.06385689588376,174,0.0,0.0,0.3116284906864166,0.7662838667631149,20.474263191223145,60.198887348688885,147.26304065612317,773.5228088378914,1026.6241455078125
CanESM5,ssp245,paper_qm,historical,1994,2014,252,tcell,all_monthly_grid_samples,china_intersection,degree_Celsius,nan,43848,0.0,18.40448823207444,-31.342985153198242,-18.149747066497802,16.798531532287598,14.720777206276923,14.14209933869056,36.708078956604005,42.254295349121094
CanESM5,ssp245,paper_qm,historical,1994,2014,252,tcell,period_mean_map,china_intersection,degree_Celsius,14.661294697833451,174,0.0,0.5747126436781609,-2.599721670150757,0.2666792740486562,14.136871814727783,14.720776972938971,7.999776465610934,31.120033645629885,31.48427391052246
CanESM5,ssp245,paper_qm,historical,1994,2014,252,performance_ratio,all_monthly_grid_samples,china_intersection,1,nan,43848,0.0,0.0,0.9137285351753235,0.9414595925807953,1.041007399559021,1.0513961141838295,0.07071049676699365,1.2157486963272095,1.281714916229248
CanESM5,ssp245,paper_qm,historical,1994,2014,252,performance_ratio,period_mean_map,china_intersection,1,1.051693521331449,174,0.0,0.0,0.9675785303115845,0.9693999397754669,1.0543159246444702,1.0513961167856194,0.03999887867158791,1.1236666083335876,1.137998342514038
CanESM5,ssp245,paper_qm,historical,1994,2014,252,pvpot,all_monthly_grid_samples,china_intersection,W m-2,nan,43848,0.0,0.0,35.84300994873047,65.39567070007324,192.0415802001953,195.00020596007104,66.9940875004817,355.0600778198242,420.0721130371094
CanESM5,ssp245,paper_qm,historical,1994,2014,252,pvpot,period_mean_map,china_intersection,W m-2,198.2931312494669,174,0.0,0.0,126.19503021240234,129.45361579895018,185.55028533935547,195.00021064144443,38.35528639683395,284.0811199951172,294.57977294921875
CanESM5,ssp245,paper_qm,historical,1994,2014,252,wind_speed_hub,all_monthly_grid_samples,china_intersection,m s-1,nan,43848,0.0,0.0,0.11357032507658005,0.4908707442879677,2.631887435913086,3.1327360349786657,2.16242043450003,12.252061805725097,17.456907272338867
CanESM5,ssp245,paper_qm,historical,1994,2014,252,wind_speed_hub,period_mean_map,china_intersection,m s-1,2.8302075469452723,174,0.0,0.0,0.6543556451797485,1.0379154980182648,2.835620880126953,3.132736130692493,1.6519143052660834,9.239100275039673,9.587532997131348
CanESM5,ssp245,paper_qm,historical,1994,2014,252,wpd,all_monthly_grid_samples,china_intersection,W m-2,nan,43848,0.0,0.0,0.0008972235955297947,0.07244488760828972,11.166266441345215,58.896785055733794,199.09583282247863,1126.5062902832026,3258.427001953125
CanESM5,ssp245,paper_qm,historical,1994,2014,252,wpd,period_mean_map,china_intersection,W m-2,32.73432544516993,174,0.0,0.0,0.27431342005729675,0.875350661277771,19.549147605895996,58.89678560779698,136.73694079754364,748.3895941162116,887.754150390625
CanESM5,ssp245,paper_qm,mid_century,2040,2060,252,tcell,all_monthly_grid_samples,china_intersection,degree_Celsius,nan,43848,0.0,14.5069330414158,-25.142351150512695,-15.409745864868164,19.053017616271973,17.093646782796046,13.915969752184653,39.44567070007324,44.682926177978516
CanESM5,ssp245,paper_qm,mid_century,2040,2060,252,tcell,period_mean_map,china_intersection,degree_Celsius,17.07333524732512,174,0.0,0.5747126436781609,-0.21872670948505402,3.1798827958106997,16.76024627685547,17.09364687257457,7.574292363060464,32.270068130493165,32.4489631652832
CanESM5,ssp245,paper_qm,mid_century,2040,2060,252,performance_ratio,all_monthly_grid_samples,china_intersection,1,nan,43848,0.0,0.0,0.9015854001045227,0.9277716267108918,1.0297349095344543,1.0395317660089698,0.06957984871065845,1.2020487666130064,1.2507117986679077
CanESM5,ssp245,paper_qm,mid_century,2040,2060,252,performance_ratio,period_mean_map,china_intersection,1,1.0396333345642064,174,0.0,0.0,0.9627549052238464,0.9636496555805206,1.04119873046875,1.0395317800428676,0.03787149016937164,1.1091006541252135,1.1260936260223389
CanESM5,ssp245,paper_qm,mid_century,2040,2060,252,pvpot,all_monthly_grid_samples,china_intersection,W m-2,nan,43848,0.0,0.0,34.7192268371582,64.56847221374512,191.26331329345703,192.98562950714728,64.87688583006329,346.69062744140615,407.9933776855469
CanESM5,ssp245,paper_qm,mid_century,2040,2060,252,pvpot,period_mean_map,china_intersection,W m-2,196.1375038551633,174,0.0,0.0,124.6536636352539,131.9651579284668,185.08819580078125,192.9856316138958,34.75324624176063,273.778759765625,287.2336730957031
CanESM5,ssp245,paper_qm,mid_century,2040,2060,252,wind_speed_hub,all_monthly_grid_samples,china_intersection,m s-1,nan,43848,0.0,0.0,0.1134050041437149,0.4237024772167206,2.489349365234375,3.019138598820384,2.206822774754792,12.440936708450309,18.536945343017578
CanESM5,ssp245,paper_qm,mid_century,2040,2060,252,wind_speed_hub,period_mean_map,china_intersection,m s-1,2.689179652703079,174,0.0,0.0,0.5701549649238586,1.014861713051796,2.6830157041549683,3.019138606115319,1.6746824903173971,9.301599960327149,9.617563247680664
CanESM5,ssp245,paper_qm,mid_century,2040,2060,252,wpd,all_monthly_grid_samples,china_intersection,W m-2,nan,43848,0.0,0.0,0.0008933111093938351,0.046589616648852826,9.448517322540283,58.268517455973026,206.76860090992201,1179.4116503906228,3901.401611328125
CanESM5,ssp245,paper_qm,mid_century,2040,2060,252,wpd,period_mean_map,china_intersection,W m-2,30.035216066776716,174,0.0,0.0,0.20433460175991058,0.8047609883546829,18.079527854919434,58.268513498206936,142.2827718863386,784.6635150146489,928.3737182617188
CanESM5,ssp245,paper_qm,late_century,2080,2100,252,tcell,all_monthly_grid_samples,china_intersection,degree_Celsius,nan,43848,0.0,12.766830870279147,-23.4090633392334,-14.041041412353515,20.381088256835938,18.448075601494317,13.94024920570851,40.95973812103271,47.613040924072266
CanESM5,ssp245,paper_qm,late_century,2080,2100,252,tcell,period_mean_map,china_intersection,degree_Celsius,18.44022209773615,174,0.0,0.0,1.1440578699111938,4.490323166847229,18.37863826751709,18.44807557470497,7.516214108554849,33.441482582092284,33.67755889892578
CanESM5,ssp245,paper_qm,late_century,2080,2100,252,performance_ratio,all_monthly_grid_samples,china_intersection,1,nan,43848,0.0,0.0,0.8869348168373108,0.9202012938261032,1.0230945348739624,1.0327596220370845,0.06970124582895747,1.1952051818370817,1.242045283317566
CanESM5,ssp245,paper_qm,late_century,2080,2100,252,performance_ratio,period_mean_map,china_intersection,1,1.0327988805271084,174,0.0,0.0,0.9566121697425842,0.9577923274040222,1.0331064462661743,1.0327596102637806,0.03758105872419264,1.1025482594966889,1.1192795038223267
CanESM5,ssp245,paper_qm,late_century,2080,2100,252,pvpot,all_monthly_grid_samples,china_intersection,W m-2,nan,43848,0.0,0.0,32.76137161254883,64.89582611083985,194.32758331298828,195.61483983013932,65.12111918505614,349.14177124023433,418.098388671875
CanESM5,ssp245,paper_qm,late_century,2080,2100,252,pvpot,period_mean_map,china_intersection,W m-2,198.92334973881898,174,0.0,0.0,131.90225219726562,139.0290069580078,187.8226547241211,195.61484299582997,33.63627863997406,274.86705657958987,287.75177001953125
CanESM5,ssp245,paper_qm,late_century,2080,2100,252,wind_speed_hub,all_monthly_grid_samples,china_intersection,m s-1,nan,43848,0.0,0.0,0.10710969567298889,0.39348129272460936,2.387754440307617,2.9193269408502864,2.2072186479164784,12.504286613464343,18.495323181152344
CanESM5,ssp245,paper_qm,late_century,2080,2100,252,wind_speed_hub,period_mean_map,china_intersection,m s-1,2.5943102757614587,174,0.0,0.0,0.5430244207382202,0.9834508961439132,2.5712177753448486,2.919326924387066,1.6809589393426743,9.303690366744997,9.549263954162598
CanESM5,ssp245,paper_qm,late_century,2080,2100,252,wpd,all_monthly_grid_samples,china_intersection,W m-2,nan,43848,0.0,0.0,0.000752648978959769,0.03731456998735666,8.338253498077393,56.27568704549592,208.04625774451694,1197.5209118652308,3875.179931640625
CanESM5,ssp245,paper_qm,late_century,2080,2100,252,wpd,period_mean_map,china_intersection,W m-2,27.996581489608985,174,0.0,0.0,0.1973748505115509,0.7769544553756714,16.472768783569336,56.275686870532475,142.43944203278306,798.0492315673832,895.7437744140625
CanESM5,ssp245,optimized,historical,1994,2014,252,tcell,all_monthly_grid_samples,china_intersection,degree_Celsius,nan,43848,0.0,18.40448823207444,-31.342985153198242,-18.149747066497802,16.798531532287598,14.720777206276923,14.14209933869056,36.708078956604005,42.254295349121094
CanESM5,ssp245,optimized,historical,1994,2014,252,tcell,period_mean_map,china_intersection,degree_Celsius,14.661294697833451,174,0.0,0.5747126436781609,-2.599721670150757,0.2666792740486562,14.136871814727783,14.720776972938971,7.999776465610934,31.120033645629885,31.48427391052246
CanESM5,ssp245,optimized,historical,1994,2014,252,performance_ratio,all_monthly_grid_samples,china_intersection,1,nan,43848,0.0,0.0,0.9137285351753235,0.9414595925807953,1.041007399559021,1.0513961141838295,0.07071049676699365,1.2157486963272095,1.281714916229248
CanESM5,ssp245,optimized,historical,1994,2014,252,performance_ratio,period_mean_map,china_intersection,1,1.051693521331449,174,0.0,0.0,0.9675785303115845,0.9693999397754669,1.0543159246444702,1.0513961167856194,0.03999887867158791,1.1236666083335876,1.137998342514038
CanESM5,ssp245,optimized,historical,1994,2014,252,pvpot,all_monthly_grid_samples,china_intersection,W m-2,nan,43848,0.0,0.0,35.84300994873047,65.39567070007324,192.0415802001953,195.00020596007104,66.9940875004817,355.0600778198242,420.0721130371094
CanESM5,ssp245,optimized,historical,1994,2014,252,pvpot,period_mean_map,china_intersection,W m-2,198.2931312494669,174,0.0,0.0,126.19503021240234,129.45361579895018,185.55028533935547,195.00021064144443,38.35528639683395,284.0811199951172,294.57977294921875
CanESM5,ssp245,optimized,historical,1994,2014,252,wind_speed_hub,all_monthly_grid_samples,china_intersection,m s-1,nan,43848,0.0,0.0,0.11357032507658005,0.4908707442879677,2.631887435913086,3.1327360349786657,2.16242043450003,12.252061805725097,17.456907272338867
CanESM5,ssp245,optimized,historical,1994,2014,252,wind_speed_hub,period_mean_map,china_intersection,m s-1,2.8302075469452723,174,0.0,0.0,0.6543556451797485,1.0379154980182648,2.835620880126953,3.132736130692493,1.6519143052660834,9.239100275039673,9.587532997131348
CanESM5,ssp245,optimized,historical,1994,2014,252,wpd,all_monthly_grid_samples,china_intersection,W m-2,nan,43848,0.0,0.0,0.0008972235955297947,0.07244488760828972,11.166266441345215,58.896785055733794,199.09583282247863,1126.5062902832026,3258.427001953125
CanESM5,ssp245,optimized,historical,1994,2014,252,wpd,period_mean_map,china_intersection,W m-2,32.73432544516993,174,0.0,0.0,0.27431342005729675,0.875350661277771,19.549147605895996,58.89678560779698,136.73694079754364,748.3895941162116,887.754150390625
CanESM5,ssp245,optimized,mid_century,2040,2060,252,tcell,all_monthly_grid_samples,china_intersection,degree_Celsius,nan,43848,0.0,14.265188834154351,-25.689830780029297,-15.075420885086059,19.76698875427246,17.485247883946737,13.92912246317518,39.31720703125,44.79009246826172
CanESM5,ssp245,optimized,mid_century,2040,2060,252,tcell,period_mean_map,china_intersection,degree_Celsius,17.56752709764289,174,0.0,0.0,1.2154242992401123,5.023197116851807,17.251558303833008,17.485248229969507,7.526094307013274,32.75021331787109,32.862186431884766
CanESM5,ssp245,optimized,mid_century,2040,2060,252,performance_ratio,all_monthly_grid_samples,china_intersection,1,nan,43848,0.0,0.0,0.9010495543479919,0.9284139633178711,1.0261650681495667,1.0375737604436877,0.06964561231462464,1.200377106666565,1.2534492015838623
CanESM5,ssp245,optimized,mid_century,2040,2060,252,performance_ratio,period_mean_map,china_intersection,1,1.037162404188775,174,0.0,0.0,0.9606888890266418,0.9612491756677628,1.0387420058250427,1.0375737839046566,0.037630453651616755,1.0998841333389282,1.1189227104187012
CanESM5,ssp245,optimized,mid_century,2040,2060,252,pvpot,all_monthly_grid_samples,china_intersection,W m-2,nan,43848,0.0,0.0,34.81757736206055,64.3532485961914,191.2932891845703,192.59103687800015,64.62511846407256,345.6399215698242,409.1560363769531
CanESM5,ssp245,optimized,mid_century,2040,2060,252,pvpot,period_mean_map,china_intersection,W m-2,195.6262282633916,174,0.0,0.0,124.40425872802734,131.8554981994629,185.16251373291016,192.59103827640928,34.33422845520395,270.9933026123047,285.4280090332031
CanESM5,ssp245,optimized,mid_century,2040,2060,252,wind_speed_hub,all_monthly_grid_samples,china_intersection,m s-1,nan,43848,0.0,0.0,0.20120958983898163,0.49754542380571365,2.599407434463501,3.1120049265077205,2.166346209302733,12.354949617385863,17.97728157043457
CanESM5,ssp245,optimized,mid_century,2040,2060,252,wind_speed_hub,period_mean_map,china_intersection,m s-1,2.7880664708342677,174,0.0,0.0,0.671738862991333,1.0198427081108092,2.776447892189026,3.112005114555359,1.6750336743184462,9.393730258941652,9.711143493652344
CanESM5,ssp245,optimized,mid_century,2040,2060,252,wpd,all_monthly_grid_samples,china_intersection,W m-2,nan,43848,0.0,0.0,0.004989443346858025,0.07544049136340619,10.757940769195557,58.80911127080575,201.09387525356033,1155.1252453613276,3558.591064453125
CanESM5,ssp245,optimized,mid_century,2040,2060,252,wpd,period_mean_map,china_intersection,W m-2,31.23336849808748,174,0.0,0.0,0.275338739156723,0.8272649586200714,19.22071361541748,58.80910972737033,140.36285326237527,771.3958868408208,917.5472412109375
CanESM5,ssp245,optimized,late_century,2080,2100,252,tcell,all_monthly_grid_samples,china_intersection,degree_Celsius,nan,43848,0.0,12.61631089217296,-22.86853790283203,-13.557468786239625,21.07008934020996,18.87244038386508,13.945642310947052,40.92695926666259,47.41291046142578
CanESM5,ssp245,optimized,late_century,2080,2100,252,tcell,period_mean_map,china_intersection,degree_Celsius,18.983587490974003,174,0.0,0.0,2.545734405517578,6.216315994262695,18.724275588989258,18.872440212074366,7.512412429124583,34.07286888122559,34.281150817871094
CanESM5,ssp245,optimized,late_century,2080,2100,252,performance_ratio,all_monthly_grid_samples,china_intersection,1,nan,43848,0.0,0.0,0.8879354596138,0.9203652161359787,1.0196495652198792,1.0306377979720993,0.06972821142279036,1.1927873504161834,1.2393426895141602
CanESM5,ssp245,optimized,late_century,2080,2100,252,performance_ratio,period_mean_map,china_intersection,1,1.0300820891691218,174,0.0,0.0,0.9535940289497375,0.9546356987953186,1.0313785076141357,1.030637812682952,0.037562073062923314,1.0939184892177582,1.1122714281082153
CanESM5,ssp245,optimized,late_century,2080,2100,252,pvpot,all_monthly_grid_samples,china_intersection,W m-2,nan,43848,0.0,0.0,32.90671920776367,64.83416244506836,194.36571502685547,195.19340443154405,64.88815244194357,347.7001678466797,418.40234375
CanESM5,ssp245,optimized,late_century,2080,2100,252,pvpot,period_mean_map,china_intersection,W m-2,198.3707679898865,174,0.0,0.0,131.50131225585938,138.94630157470704,187.41576385498047,195.1933998020216,33.21142205834369,271.4708926391602,286.04022216796875
CanESM5,ssp245,optimized,late_century,2080,2100,252,wind_speed_hub,all_monthly_grid_samples,china_intersection,m s-1,nan,43848,0.0,0.0,0.10710969567298889,0.4855717301368713,2.564893364906311,3.070262581894344,2.1585192186955253,12.36874632835387,17.962284088134766
CanESM5,ssp245,optimized,late_century,2080,2100,252,wind_speed_hub,period_mean_map,china_intersection,m s-1,2.751962290962499,174,0.0,0.0,0.6551815271377563,1.0192571866512299,2.7248058319091797,3.070262523218133,1.6736256229277522,9.37203042984009,9.665494918823242
CanESM5,ssp245,optimized,late_century,2080,2100,252,wpd,all_monthly_grid_samples,china_intersection,W m-2,nan,43848,0.0,0.0,0.000752648978959769,0.07012394241988659,10.335084438323975,57.73117265970809,202.52218719663867,1158.9996838378875,3549.693115234375
CanESM5,ssp245,optimized,late_century,2080,2100,252,wpd,period_mean_map,china_intersection,W m-2,30.196070211662636,174,0.0,0.0,0.26683309674263,0.823779953122139,17.74035358428955,57.73116950656491,140.32473398353406,782.2780804443364,899.3015747070312
CanESM5,ssp585,paper_qm,historical,1994,2014,252,tcell,all_monthly_grid_samples,china_intersection,degree_Celsius,nan,43848,0.0,18.40448823207444,-31.342985153198242,-18.149747066497802,16.798531532287598,14.720777206276923,14.14209933869056,36.708078956604005,42.254295349121094
CanESM5,ssp585,paper_qm,historical,1994,2014,252,tcell,period_mean_map,china_intersection,degree_Celsius,14.661294697833451,174,0.0,0.5747126436781609,-2.599721670150757,0.2666792740486562,14.136871814727783,14.720776972938971,7.999776465610934,31.120033645629885,31.48427391052246
CanESM5,ssp585,paper_qm,historical,1994,2014,252,performance_ratio,all_monthly_grid_samples,china_intersection,1,nan,43848,0.0,0.0,0.9137285351753235,0.9414595925807953,1.041007399559021,1.0513961141838295,0.07071049676699365,1.2157486963272095,1.281714916229248
CanESM5,ssp585,paper_qm,historical,1994,2014,252,performance_ratio,period_mean_map,china_intersection,1,1.051693521331449,174,0.0,0.0,0.9675785303115845,0.9693999397754669,1.0543159246444702,1.0513961167856194,0.03999887867158791,1.1236666083335876,1.137998342514038
CanESM5,ssp585,paper_qm,historical,1994,2014,252,pvpot,all_monthly_grid_samples,china_intersection,W m-2,nan,43848,0.0,0.0,35.84300994873047,65.39567070007324,192.0415802001953,195.00020596007104,66.9940875004817,355.0600778198242,420.0721130371094
CanESM5,ssp585,paper_qm,historical,1994,2014,252,pvpot,period_mean_map,china_intersection,W m-2,198.2931312494669,174,0.0,0.0,126.19503021240234,129.45361579895018,185.55028533935547,195.00021064144443,38.35528639683395,284.0811199951172,294.57977294921875
CanESM5,ssp585,paper_qm,historical,1994,2014,252,wind_speed_hub,all_monthly_grid_samples,china_intersection,m s-1,nan,43848,0.0,0.0,0.11357032507658005,0.4908707442879677,2.631887435913086,3.1327360349786657,2.16242043450003,12.252061805725097,17.456907272338867
CanESM5,ssp585,paper_qm,historical,1994,2014,252,wind_speed_hub,period_mean_map,china_intersection,m s-1,2.8302075469452723,174,0.0,0.0,0.6543556451797485,1.0379154980182648,2.835620880126953,3.132736130692493,1.6519143052660834,9.239100275039673,9.587532997131348
CanESM5,ssp585,paper_qm,historical,1994,2014,252,wpd,all_monthly_grid_samples,china_intersection,W m-2,nan,43848,0.0,0.0,0.0008972235955297947,0.07244488760828972,11.166266441345215,58.896785055733794,199.09583282247863,1126.5062902832026,3258.427001953125
CanESM5,ssp585,paper_qm,historical,1994,2014,252,wpd,period_mean_map,china_intersection,W m-2,32.73432544516993,174,0.0,0.0,0.27431342005729675,0.875350661277771,19.549147605895996,58.89678560779698,136.73694079754364,748.3895941162116,887.754150390625
CanESM5,ssp585,paper_qm,mid_century,2040,2060,252,tcell,all_monthly_grid_samples,china_intersection,degree_Celsius,nan,43848,0.0,13.184181718664478,-24.754606246948242,-14.576208238601684,20.040169715881348,18.052667275044197,13.938329545264642,40.445205383300774,45.485992431640625
CanESM5,ssp585,paper_qm,mid_century,2040,2060,252,tcell,period_mean_map,china_intersection,degree_Celsius,18.05851874804877,174,0.0,0.0,0.956043541431427,4.316653580665588,17.75752830505371,18.05266788533364,7.505593204021066,32.98448162078857,33.12971878051758
CanESM5,ssp585,paper_qm,mid_century,2040,2060,252,performance_ratio,all_monthly_grid_samples,china_intersection,1,nan,43848,0.0,0.0,0.8975700736045837,0.9227739739418029,1.0247991681098938,1.0347366638534632,0.06969164782711135,1.1978810083866118,1.2487729787826538
CanESM5,ssp585,paper_qm,mid_century,2040,2060,252,performance_ratio,period_mean_map,china_intersection,1,1.0347074499229987,174,0.0,0.0,0.9593514800071716,0.9600777494907379,1.0362123250961304,1.0347366935905369,0.037527959759539424,1.1034169936180114,1.1202198266983032
CanESM5,ssp585,paper_qm,mid_century,2040,2060,252,pvpot,all_monthly_grid_samples,china_intersection,W m-2,nan,43848,0.0,0.0,29.34527587890625,63.32120208740234,191.61358642578125,193.53770261758262,64.73437951477673,347.2048114013672,412.3542785644531
CanESM5,ssp585,paper_qm,mid_century,2040,2060,252,pvpot,period_mean_map,china_intersection,W m-2,196.76644485525702,174,0.0,0.0,132.16531372070312,137.14131118774415,185.0631866455078,193.53770113539423,33.700247647552004,272.08788085937505,284.1018981933594
CanESM5,ssp585,paper_qm,mid_century,2040,2060,252,wind_speed_hub,all_monthly_grid_samples,china_intersection,m s-1,nan,43848,0.0,0.0,0.1027294248342514,0.403821220099926,2.4646817445755005,2.9959764771484267,2.2199196110582418,12.425513267517086,18.145000457763672
CanESM5,ssp585,paper_qm,mid_century,2040,2060,252,wind_speed_hub,period_mean_map,china_intersection,m s-1,2.67018479886227,174,0.0,0.0,0.526619553565979,0.9910673552751541,2.705602288246155,2.995976421682314,1.6794360491543856,9.34927152633667,9.549198150634766
CanESM5,ssp585,paper_qm,mid_century,2040,2060,252,wpd,all_monthly_grid_samples,china_intersection,W m-2,nan,43848,0.0,0.0,0.0006640345091000199,0.04033420942723751,9.170408248901367,58.250950998756636,206.36122688929666,1175.030321044921,3659.123291015625
CanESM5,ssp585,paper_qm,mid_century,2040,2060,252,wpd,period_mean_map,china_intersection,W m-2,29.924200676482915,174,0.0,0.0,0.16786275804042816,0.7894399100542069,18.655609130859375,58.25094779084126,142.55920800570752,782.2270721435551,893.53564453125
CanESM5,ssp585,paper_qm,late_century,2080,2100,252,tcell,all_monthly_grid_samples,china_intersection,degree_Celsius,nan,43848,0.0,7.040229885057471,-16.3043212890625,-8.905335569381714,24.248065948486328,22.627779822563664,13.351279632864285,44.46991184234619,49.97233963012695
CanESM5,ssp585,paper_qm,late_century,2080,2100,252,tcell,period_mean_map,china_intersection,degree_Celsius,22.757228893211998,174,0.0,0.0,5.949650764465332,9.299319515228271,23.228145599365234,22.627779396100976,7.018261876740582,35.95213390350342,36.27487564086914
CanESM5,ssp585,paper_qm,late_century,2080,2100,252,performance_ratio,all_monthly_grid_samples,china_intersection,1,nan,43848,0.0,0.0,0.8751382827758789,0.9026504409313202,1.0037596821784973,1.0118611008826017,0.06675639817299919,1.1695266938209534,1.2065216302871704
CanESM5,ssp585,paper_qm,late_century,2080,2100,252,performance_ratio,period_mean_map,china_intersection,1,1.0112138450473016,174,0.0,0.0,0.9436259269714355,0.9452392321825027,1.0088593363761902,1.0118611064450493,0.03509131086334308,1.0785034811496734,1.0952520370483398
CanESM5,ssp585,paper_qm,late_century,2080,2100,252,pvpot,all_monthly_grid_samples,china_intersection,W m-2,nan,43848,0.0,0.0,30.111854553222656,59.54782386779785,189.71807861328125,190.0547724033746,61.199120217896095,326.9678112792969,391.2799072265625
CanESM5,ssp585,paper_qm,late_century,2080,2100,252,pvpot,period_mean_map,china_intersection,W m-2,193.17949362441925,174,0.0,0.0,128.6616668701172,139.4729640197754,183.34040069580078,190.05477282644688,29.75241126127789,256.83696395874034,273.21435546875
CanESM5,ssp585,paper_qm,late_century,2080,2100,252,wind_speed_hub,all_monthly_grid_samples,china_intersection,m s-1,nan,43848,0.0,0.0,0.0950525775551796,0.34242776364088057,2.2263236045837402,2.795267661075099,2.2322794374402632,12.349547739028925,18.166841506958008
CanESM5,ssp585,paper_qm,late_century,2080,2100,252,wind_speed_hub,period_mean_map,china_intersection,m s-1,2.4359311447396754,174,0.0,0.0,0.5187904238700867,0.8651885592937469,2.395962119102478,2.795267637776232,1.7076488155119631,9.527928581237793,9.782546997070312
CanESM5,ssp585,paper_qm,late_century,2080,2100,252,wpd,all_monthly_grid_samples,china_intersection,W m-2,nan,43848,0.0,0.0,0.000526014540810138,0.02459308372810483,6.758821249008179,54.27571531204976,203.6668541005918,1153.6107714843733,3672.35205078125
CanESM5,ssp585,paper_qm,late_century,2080,2100,252,wpd,period_mean_map,china_intersection,W m-2,25.152910772403327,174,0.0,0.0,0.17660823464393616,0.6498492804169654,14.559253215789795,54.275714414558195,142.12833512398723,798.4193176269533,820.2122192382812
CanESM5,ssp585,optimized,historical,1994,2014,252,tcell,all_monthly_grid_samples,china_intersection,degree_Celsius,nan,43848,0.0,18.40448823207444,-31.342985153198242,-18.149747066497802,16.798531532287598,14.720777206276923,14.14209933869056,36.708078956604005,42.254295349121094
CanESM5,ssp585,optimized,historical,1994,2014,252,tcell,period_mean_map,china_intersection,degree_Celsius,14.661294697833451,174,0.0,0.5747126436781609,-2.599721670150757,0.2666792740486562,14.136871814727783,14.720776972938971,7.999776465610934,31.120033645629885,31.48427391052246
CanESM5,ssp585,optimized,historical,1994,2014,252,performance_ratio,all_monthly_grid_samples,china_intersection,1,nan,43848,0.0,0.0,0.9137285351753235,0.9414595925807953,1.041007399559021,1.0513961141838295,0.07071049676699365,1.2157486963272095,1.281714916229248
CanESM5,ssp585,optimized,historical,1994,2014,252,performance_ratio,period_mean_map,china_intersection,1,1.051693521331449,174,0.0,0.0,0.9675785303115845,0.9693999397754669,1.0543159246444702,1.0513961167856194,0.03999887867158791,1.1236666083335876,1.137998342514038
CanESM5,ssp585,optimized,historical,1994,2014,252,pvpot,all_monthly_grid_samples,china_intersection,W m-2,nan,43848,0.0,0.0,35.84300994873047,65.39567070007324,192.0415802001953,195.00020596007104,66.9940875004817,355.0600778198242,420.0721130371094
CanESM5,ssp585,optimized,historical,1994,2014,252,pvpot,period_mean_map,china_intersection,W m-2,198.2931312494669,174,0.0,0.0,126.19503021240234,129.45361579895018,185.55028533935547,195.00021064144443,38.35528639683395,284.0811199951172,294.57977294921875
CanESM5,ssp585,optimized,historical,1994,2014,252,wind_speed_hub,all_monthly_grid_samples,china_intersection,m s-1,nan,43848,0.0,0.0,0.11357032507658005,0.4908707442879677,2.631887435913086,3.1327360349786657,2.16242043450003,12.252061805725097,17.456907272338867
CanESM5,ssp585,optimized,historical,1994,2014,252,wind_speed_hub,period_mean_map,china_intersection,m s-1,2.8302075469452723,174,0.0,0.0,0.6543556451797485,1.0379154980182648,2.835620880126953,3.132736130692493,1.6519143052660834,9.239100275039673,9.587532997131348
CanESM5,ssp585,optimized,historical,1994,2014,252,wpd,all_monthly_grid_samples,china_intersection,W m-2,nan,43848,0.0,0.0,0.0008972235955297947,0.07244488760828972,11.166266441345215,58.896785055733794,199.09583282247863,1126.5062902832026,3258.427001953125
CanESM5,ssp585,optimized,historical,1994,2014,252,wpd,period_mean_map,china_intersection,W m-2,32.73432544516993,174,0.0,0.0,0.27431342005729675,0.875350661277771,19.549147605895996,58.89678560779698,136.73694079754364,748.3895941162116,887.754150390625
CanESM5,ssp585,optimized,mid_century,2040,2060,252,tcell,all_monthly_grid_samples,china_intersection,degree_Celsius,nan,43848,0.0,12.94243751140303,-24.47319793701172,-14.37290862083435,20.74214744567871,18.49896497860639,13.958767853047375,40.471717948913536,45.620941162109375
CanESM5,ssp585,optimized,mid_century,2040,2060,252,tcell,period_mean_map,china_intersection,degree_Celsius,18.623968827108957,174,0.0,0.0,2.475559949874878,6.0447504568099975,18.241941452026367,18.498964949585925,7.492776732998963,33.59142097473145,33.77444076538086
CanESM5,ssp585,optimized,mid_century,2040,2060,252,performance_ratio,all_monthly_grid_samples,china_intersection,1,nan,43848,0.0,0.0,0.8968952894210815,0.9226414030790329,1.0212892293930054,1.0325051750705703,0.0697938392102924,1.1968645834922789,1.247365951538086
CanESM5,ssp585,optimized,mid_century,2040,2060,252,performance_ratio,period_mean_map,china_intersection,1,1.03188016206124,174,0.0,0.0,0.956127941608429,0.9570426273345948,1.0337905287742615,1.032505187152446,0.037463909035296505,1.0947762537002563,1.112622618675232
CanESM5,ssp585,optimized,mid_century,2040,2060,252,pvpot,all_monthly_grid_samples,china_intersection,W m-2,nan,43848,0.0,0.0,29.32468032836914,63.27259029388428,191.63628387451172,193.09458179087605,64.4821157652274,346.12361358642573,414.5306091308594
CanESM5,ssp585,optimized,mid_century,2040,2060,252,pvpot,period_mean_map,china_intersection,W m-2,196.19581035302173,174,0.0,0.0,131.85496520996094,136.95057662963868,184.65708923339844,193.09458300711094,33.27286887516661,269.8024780273438,282.2480773925781
CanESM5,ssp585,optimized,mid_century,2040,2060,252,wind_speed_hub,all_monthly_grid_samples,china_intersection,m s-1,nan,43848,0.0,0.0,0.1027294248342514,0.4911769953370094,2.595300793647766,3.10771215246347,2.169709175653634,12.335667896270744,18.145000457763672
CanESM5,ssp585,optimized,mid_century,2040,2060,252,wind_speed_hub,period_mean_map,china_intersection,m s-1,2.788827512109593,174,0.0,0.0,0.6464350819587708,1.0210675227642059,2.784156918525696,3.107712143796614,1.6751156822360154,9.411530981063843,9.65886402130127
CanESM5,ssp585,optimized,mid_century,2040,2060,252,wpd,all_monthly_grid_samples,china_intersection,W m-2,nan,43848,0.0,0.0,0.0006640345091000199,0.07258054070174694,10.70703411102295,58.9622848010571,202.48909425870812,1149.725618896482,3659.123291015625
CanESM5,ssp585,optimized,mid_century,2040,2060,252,wpd,period_mean_map,china_intersection,W m-2,31.330693492147812,174,0.0,0.0,0.24648946523666382,0.8320784133672714,19.529627799987793,58.96228480133517,141.03700448227548,775.5061914062505,899.9945678710938
CanESM5,ssp585,optimized,late_century,2080,2100,252,tcell,all_monthly_grid_samples,china_intersection,degree_Celsius,nan,43848,0.0,6.643404488232074,-16.06881332397461,-8.499602966308593,24.77428150177002,22.962588455754734,13.316313894799222,44.36609642028808,49.82141876220703
CanESM5,ssp585,optimized,late_century,2080,2100,252,tcell,period_mean_map,china_intersection,degree_Celsius,23.196177349729535,174,0.0,0.0,7.10689115524292,10.532059993743896,23.58435821533203,22.962588630873583,7.060519411705597,36.7536999130249,36.794464111328125
CanESM5,ssp585,optimized,late_century,2080,2100,252,performance_ratio,all_monthly_grid_samples,china_intersection,1,nan,43848,0.0,0.0,0.8758928775787354,0.9031695240736007,1.001128613948822,1.0101870577459549,0.06658156937247307,1.167497990131378,1.2053440809249878
CanESM5,ssp585,optimized,late_century,2080,2100,252,performance_ratio,period_mean_map,china_intersection,1,1.0090191458447557,174,0.0,0.0,0.9410275816917419,0.9412315422296524,1.0070780515670776,1.0101870897857623,0.0353026228363622,1.07233992934227,1.089465618133545
CanESM5,ssp585,optimized,late_century,2080,2100,252,pvpot,all_monthly_grid_samples,china_intersection,W m-2,nan,43848,0.0,0.0,30.10308074951172,59.46796173095703,189.73794555664062,189.7492946773262,61.10047207664603,326.5052310180664,390.685546875
CanESM5,ssp585,optimized,late_century,2080,2100,252,pvpot,period_mean_map,china_intersection,W m-2,192.7723808008102,174,0.0,0.0,128.30154418945312,139.22040939331055,183.3846893310547,189.74929616643095,29.435983485990178,256.34296035766613,271.9378967285156
CanESM5,ssp585,optimized,late_century,2080,2100,252,wind_speed_hub,all_monthly_grid_samples,china_intersection,m s-1,nan,43848,0.0,0.0,0.0950525775551796,0.45898190528154376,2.484748363494873,2.9979483535397056,2.156748450442952,12.229459915161133,18.166841506958008
CanESM5,ssp585,optimized,late_century,2080,2100,252,wind_speed_hub,period_mean_map,china_intersection,m s-1,2.6561273948750856,174,0.0,0.0,0.6336932182312012,0.9711281776428222,2.679826021194458,2.997948297138872,1.6823030487934445,9.503530044555664,9.585522651672363
CanESM5,ssp585,optimized,late_century,2080,2100,252,wpd,all_monthly_grid_samples,china_intersection,W m-2,nan,43848,0.0,0.0,0.000526014540810138,0.05922332871705294,9.396224021911621,55.847109265516025,197.34956087792946,1120.2834338378905,3672.35205078125
CanESM5,ssp585,optimized,late_century,2080,2100,252,wpd,period_mean_map,china_intersection,W m-2,27.77813383884418,174,0.0,0.0,0.25018948316574097,0.7307853758335113,17.088990211486816,55.847112929341435,138.98629527675533,777.4517755126957,840.6489868164062
FGOALS-f3-L,ssp126,paper_qm,historical,1994,2014,252,tcell,all_monthly_grid_samples,china_intersection,degree_Celsius,nan,228312,0.0,19.241651774764357,-29.912260055541992,-17.705173664093017,15.784486293792725,14.02252404207529,14.007759833364206,36.54162654876709,42.39254379272461
FGOALS-f3-L,ssp126,paper_qm,historical,1994,2014,252,tcell,period_mean_map,china_intersection,degree_Celsius,14.257102125464904,906,0.0,2.6490066225165565,-5.963201522827148,-2.142250770330429,14.289737701416016,14.022523981153093,7.816102125750687,27.887240123748782,29.87618637084961
FGOALS-f3-L,ssp126,paper_qm,historical,1994,2014,252,performance_ratio,all_monthly_grid_samples,china_intersection,1,nan,228312,0.0,0.0,0.9130373001098633,0.9422918683290482,1.04607754945755,1.0548873799182574,0.07003879917822828,1.2135258412361145,1.2745612859725952
FGOALS-f3-L,ssp126,paper_qm,historical,1994,2014,252,performance_ratio,period_mean_map,china_intersection,1,1.05371448258268,906,0.0,0.0,0.9756192564964294,0.9855640441179275,1.053551435470581,1.0548873769394873,0.039080516562278365,1.1357117712497713,1.154815912246704
FGOALS-f3-L,ssp126,paper_qm,historical,1994,2014,252,pvpot,all_monthly_grid_samples,china_intersection,W m-2,nan,228312,0.0,0.0,39.04636764526367,70.12277107238769,197.50880432128906,199.84478323029973,68.44253450469108,364.3104431152342,436.4456787109375
FGOALS-f3-L,ssp126,paper_qm,historical,1994,2014,252,pvpot,period_mean_map,china_intersection,W m-2,201.23679991930595,906,0.0,0.0,119.52106475830078,130.48403244018556,190.2472381591797,199.8447833955946,40.893462482086555,290.93695068359375,301.10577392578125
FGOALS-f3-L,ssp126,paper_qm,historical,1994,2014,252,wind_speed_hub,all_monthly_grid_samples,china_intersection,m s-1,nan,228312,0.0,0.0,0.14123579859733582,0.5273473632335663,2.584437847137451,2.99996558541748,1.8888375256406305,9.690426807403544,19.7142276763916
FGOALS-f3-L,ssp126,paper_qm,historical,1994,2014,252,wind_speed_hub,period_mean_map,china_intersection,m s-1,2.831950895445444,906,0.0,0.0,0.7107012271881104,1.0406708240509033,2.7666879892349243,2.999965549436363,1.3875104075923708,8.81899023056032,10.511674880981445
FGOALS-f3-L,ssp126,paper_qm,historical,1994,2014,252,wpd,all_monthly_grid_samples,china_intersection,W m-2,nan,228312,0.0,0.0,0.0017256013816222548,0.08982482984662056,10.573150157928467,44.06242193106904,144.90340164196678,557.3586761474572,4692.94482421875
FGOALS-f3-L,ssp126,paper_qm,historical,1994,2014,252,wpd,period_mean_map,china_intersection,W m-2,29.550761347662256,906,0.0,0.0,0.3475642800331116,0.9028208792209625,18.6345853805542,44.062422691131005,100.18729617043445,569.7016235351579,1216.8299560546875
FGOALS-f3-L,ssp126,paper_qm,mid_century,2040,2060,252,tcell,all_monthly_grid_samples,china_intersection,degree_Celsius,nan,228312,0.0,17.693769928869266,-26.87958526611328,-16.692983798980713,16.597365379333496,14.887775222057378,13.931531312406994,37.80079311370848,44.038414001464844
FGOALS-f3-L,ssp126,paper_qm,mid_century,2040,2060,252,tcell,period_mean_map,china_intersection,degree_Celsius,15.140958481040013,906,0.0,1.6556291390728477,-4.959142208099365,-0.9473216652870178,15.070479393005371,14.887775421056231,7.673692457654566,28.500790786743167,30.430255889892578
FGOALS-f3-L,ssp126,paper_qm,mid_century,2040,2060,252,performance_ratio,all_monthly_grid_samples,china_intersection,1,nan,228312,0.0,0.0,0.9048079252243042,0.9359960293769837,1.042013168334961,1.0505611238705301,0.06965765654169516,1.208464959859848,1.2593979835510254
FGOALS-f3-L,ssp126,paper_qm,mid_century,2040,2060,252,performance_ratio,period_mean_map,china_intersection,1,1.0492952313099497,906,0.0,0.0,0.9728488326072693,0.9824959427118302,1.0496477484703064,1.0505611441914346,0.03836847205631111,1.129737251996994,1.1497960090637207
FGOALS-f3-L,ssp126,paper_qm,mid_century,2040,2060,252,pvpot,all_monthly_grid_samples,china_intersection,W m-2,nan,228312,0.0,0.0,36.19618225097656,68.89264137268066,198.15411376953125,199.42201238301914,68.24350843231242,360.9821884155271,425.62445068359375
FGOALS-f3-L,ssp126,paper_qm,mid_century,2040,2060,252,pvpot,period_mean_map,china_intersection,W m-2,200.98885610829237,906,0.0,0.0,123.94949340820312,132.10895843505858,189.89035034179688,199.4220128259385,39.598340453846305,288.8615005493164,299.24462890625
FGOALS-f3-L,ssp126,paper_qm,mid_century,2040,2060,252,wind_speed_hub,all_monthly_grid_samples,china_intersection,m s-1,nan,228312,0.0,0.0,0.14336444437503815,0.538269539475441,2.654844641685486,3.0617665560775937,1.9050089645345456,9.809088420867909,20.49953269958496
FGOALS-f3-L,ssp126,paper_qm,mid_century,2040,2060,252,wind_speed_hub,period_mean_map,china_intersection,m s-1,2.887718070034582,906,0.0,0.0,0.7492427229881287,1.0499990820884704,2.8548896312713623,3.0617665787932626,1.3836827780062253,8.757804059982318,10.444355010986328
FGOALS-f3-L,ssp126,paper_qm,mid_century,2040,2060,252,wpd,all_monthly_grid_samples,china_intersection,W m-2,nan,228312,0.0,0.0,0.0018048054771497846,0.09552245922386647,11.461023807525635,46.125326631042164,153.19215848528398,578.0854571533184,5276.4033203125
FGOALS-f3-L,ssp126,paper_qm,mid_century,2040,2060,252,wpd,period_mean_map,china_intersection,W m-2,30.852021207818524,906,0.0,0.0,0.4139532148838043,0.9798087537288666,20.52510356903076,46.125325815863164,104.14881709898495,590.9707275390633,1257.7086181640625
FGOALS-f3-L,ssp126,paper_qm,late_century,2080,2100,252,tcell,all_monthly_grid_samples,china_intersection,degree_Celsius,nan,228312,0.0,17.40381583096815,-29.0445613861084,-16.250353717803954,16.579108238220215,14.919390612139242,13.78519318979972,37.5910592651367,43.12143325805664
FGOALS-f3-L,ssp126,paper_qm,late_century,2080,2100,252,tcell,period_mean_map,china_intersection,degree_Celsius,15.169030731332278,906,0.0,1.434878587196468,-4.953932762145996,-0.8409980595111846,15.06033992767334,14.919390616158259,7.638886649287222,28.56063661575318,30.511215209960938
FGOALS-f3-L,ssp126,paper_qm,late_century,2080,2100,252,performance_ratio,all_monthly_grid_samples,china_intersection,1,nan,228312,0.0,0.0,0.9093928337097168,0.9370446920394897,1.042104423046112,1.0504030469294487,0.06892596589130369,1.2062517404556274,1.270222783088684
FGOALS-f3-L,ssp126,paper_qm,late_century,2080,2100,252,performance_ratio,period_mean_map,china_intersection,1,1.049154844799949,906,0.0,0.0,0.9724442362785339,0.9821970224380493,1.0496982336044312,1.050403048792159,0.03819443121196642,1.1292045652866365,1.149769902229309
FGOALS-f3-L,ssp126,paper_qm,late_century,2080,2100,252,pvpot,all_monthly_grid_samples,china_intersection,W m-2,nan,228312,0.0,0.0,36.594844818115234,69.04071128845214,196.7825164794922,198.94061492586223,68.10885503422486,361.24306488037104,424.5266418457031
FGOALS-f3-L,ssp126,paper_qm,late_century,2080,2100,252,pvpot,period_mean_map,china_intersection,W m-2,200.3973383252238,906,0.0,0.0,124.50385284423828,132.89411010742188,189.6021270751953,198.94061621188064,39.77914740769115,288.81541748046874,299.3765869140625
FGOALS-f3-L,ssp126,paper_qm,late_century,2080,2100,252,wind_speed_hub,all_monthly_grid_samples,china_intersection,m s-1,nan,228312,0.0,0.0,0.1552663892507553,0.5302639365196228,2.6457457542419434,3.055863146023207,1.9138289188695756,9.797176485061641,22.6501407623291
FGOALS-f3-L,ssp126,paper_qm,late_century,2080,2100,252,wind_speed_hub,period_mean_map,china_intersection,m s-1,2.8890858971242865,906,0.0,0.0,0.7492882013320923,1.0521780788898467,2.857318878173828,3.0558631624738637,1.3813062288757478,8.831148338317888,10.562411308288574
FGOALS-f3-L,ssp126,paper_qm,late_century,2080,2100,252,wpd,all_monthly_grid_samples,china_intersection,W m-2,nan,228312,0.0,0.0,0.002292654011398554,0.09132346950471402,11.343586921691895,46.40630905101971,159.27886070239416,575.9819793701164,7117.3583984375
FGOALS-f3-L,ssp126,paper_qm,late_century,2080,2100,252,wpd,period_mean_map,china_intersection,W m-2,31.00661852953204,906,0.0,0.0,0.4110715389251709,0.9441132754087449,21.02595615386963,46.40630949319856,106.30355517147167,599.1415954589844,1288.8441162109375
FGOALS-f3-L,ssp126,optimized,historical,1994,2014,252,tcell,all_monthly_grid_samples,china_intersection,degree_Celsius,nan,228312,0.0,19.241651774764357,-29.912260055541992,-17.705173664093017,15.784486293792725,14.02252404207529,14.007759833364206,36.54162654876709,42.39254379272461
FGOALS-f3-L,ssp126,optimized,historical,1994,2014,252,tcell,period_mean_map,china_intersection,degree_Celsius,14.257102125464904,906,0.0,2.6490066225165565,-5.963201522827148,-2.142250770330429,14.289737701416016,14.022523981153093,7.816102125750687,27.887240123748782,29.87618637084961
FGOALS-f3-L,ssp126,optimized,historical,1994,2014,252,performance_ratio,all_monthly_grid_samples,china_intersection,1,nan,228312,0.0,0.0,0.9130373001098633,0.9422918683290482,1.04607754945755,1.0548873799182574,0.07003879917822828,1.2135258412361145,1.2745612859725952
FGOALS-f3-L,ssp126,optimized,historical,1994,2014,252,performance_ratio,period_mean_map,china_intersection,1,1.05371448258268,906,0.0,0.0,0.9756192564964294,0.9855640441179275,1.053551435470581,1.0548873769394873,0.039080516562278365,1.1357117712497713,1.154815912246704
FGOALS-f3-L,ssp126,optimized,historical,1994,2014,252,pvpot,all_monthly_grid_samples,china_intersection,W m-2,nan,228312,0.0,0.0,39.04636764526367,70.12277107238769,197.50880432128906,199.84478323029973,68.44253450469108,364.3104431152342,436.4456787109375
FGOALS-f3-L,ssp126,optimized,historical,1994,2014,252,pvpot,period_mean_map,china_intersection,W m-2,201.23679991930595,906,0.0,0.0,119.52106475830078,130.48403244018556,190.2472381591797,199.8447833955946,40.893462482086555,290.93695068359375,301.10577392578125
FGOALS-f3-L,ssp126,optimized,historical,1994,2014,252,wind_speed_hub,all_monthly_grid_samples,china_intersection,m s-1,nan,228312,0.0,0.0,0.14123579859733582,0.5273473632335663,2.584437847137451,2.99996558541748,1.8888375256406305,9.690426807403544,19.7142276763916
FGOALS-f3-L,ssp126,optimized,historical,1994,2014,252,wind_speed_hub,period_mean_map,china_intersection,m s-1,2.831950895445444,906,0.0,0.0,0.7107012271881104,1.0406708240509033,2.7666879892349243,2.999965549436363,1.3875104075923708,8.81899023056032,10.511674880981445
FGOALS-f3-L,ssp126,optimized,historical,1994,2014,252,wpd,all_monthly_grid_samples,china_intersection,W m-2,nan,228312,0.0,0.0,0.0017256013816222548,0.08982482984662056,10.573150157928467,44.06242193106904,144.90340164196678,557.3586761474572,4692.94482421875
FGOALS-f3-L,ssp126,optimized,historical,1994,2014,252,wpd,period_mean_map,china_intersection,W m-2,29.550761347662256,906,0.0,0.0,0.3475642800331116,0.9028208792209625,18.6345853805542,44.062422691131005,100.18729617043445,569.7016235351579,1216.8299560546875
FGOALS-f3-L,ssp126,optimized,mid_century,2040,2060,252,tcell,all_monthly_grid_samples,china_intersection,degree_Celsius,nan,228312,0.0,17.614054451802797,-27.680479049682617,-16.401146488189696,16.683789253234863,15.007949053404339,13.948316892003676,37.81584579467773,43.837642669677734
FGOALS-f3-L,ssp126,optimized,mid_century,2040,2060,252,tcell,period_mean_map,china_intersection,degree_Celsius,15.2465519375175,906,0.0,1.6556291390728477,-4.82835578918457,-1.051191762089729,15.357297897338867,15.00794869455844,7.684084719704805,28.590233039855956,30.361536026000977
FGOALS-f3-L,ssp126,optimized,mid_century,2040,2060,252,performance_ratio,all_monthly_grid_samples,china_intersection,1,nan,228312,0.0,0.0,0.9058117866516113,0.9359207534790039,1.0415810346603394,1.0499602547516844,0.06974158448670285,1.207005716562271,1.2634023427963257
FGOALS-f3-L,ssp126,optimized,mid_century,2040,2060,252,performance_ratio,period_mean_map,china_intersection,1,1.0487672381973658,906,0.0,0.0,0.9731924533843994,0.982048961520195,1.048213243484497,1.049960253978144,0.03842043650569383,1.1302559792995452,1.1491416692733765
FGOALS-f3-L,ssp126,optimized,mid_century,2040,2060,252,pvpot,all_monthly_grid_samples,china_intersection,W m-2,nan,228312,0.0,0.0,35.88429260253906,68.83442085266114,198.08145904541016,199.32114492016922,68.26543476991476,361.22722503662106,426.5827941894531
FGOALS-f3-L,ssp126,optimized,mid_century,2040,2060,252,pvpot,period_mean_map,china_intersection,W m-2,200.89873442480427,906,0.0,0.0,123.79084014892578,132.00048446655273,189.84405517578125,199.3211436661137,39.67942128277098,289.4127960205078,299.7191467285156
FGOALS-f3-L,ssp126,optimized,mid_century,2040,2060,252,wind_speed_hub,all_monthly_grid_samples,china_intersection,m s-1,nan,228312,0.0,0.0,0.14336444437503815,0.5418107450008393,2.6301978826522827,3.034326699550394,1.8902743837334957,9.746677865982006,20.442642211914062
FGOALS-f3-L,ssp126,optimized,mid_century,2040,2060,252,wind_speed_hub,period_mean_map,china_intersection,m s-1,2.8634157709243144,906,0.0,0.0,0.7302948832511902,1.0568050265312194,2.8267406225204468,3.0343266863038734,1.3896848572255953,8.809913539886493,10.651315689086914
FGOALS-f3-L,ssp126,optimized,mid_century,2040,2060,252,wpd,all_monthly_grid_samples,china_intersection,W m-2,nan,228312,0.0,0.0,0.0018048054771497846,0.0974201736599207,11.144777297973633,45.112578321782614,151.8338693350939,567.1212689208897,5232.59521484375
FGOALS-f3-L,ssp126,optimized,mid_century,2040,2060,252,wpd,period_mean_map,china_intersection,W m-2,29.992928289535822,906,0.0,0.0,0.3941110670566559,0.9352008134126664,19.357996940612793,45.11257784805419,104.14313623842882,594.4810577392598,1269.040283203125
FGOALS-f3-L,ssp126,optimized,late_century,2080,2100,252,tcell,all_monthly_grid_samples,china_intersection,degree_Celsius,nan,228312,0.0,17.3683380637023,-28.93752670288086,-15.942731628417969,16.665242195129395,15.028242710079743,13.801288752297175,37.70293056488037,43.090309143066406
FGOALS-f3-L,ssp126,optimized,late_century,2080,2100,252,tcell,period_mean_map,china_intersection,degree_Celsius,15.266065239558795,906,0.0,1.545253863134658,-4.846879482269287,-0.9954841762781141,15.382966995239258,15.028242545477864,7.666152602261916,28.603567600250244,30.434789657592773
FGOALS-f3-L,ssp126,optimized,late_century,2080,2100,252,performance_ratio,all_monthly_grid_samples,china_intersection,1,nan,228312,0.0,0.0,0.9095484614372253,0.9364853495359421,1.0416737794876099,1.0498587863046016,0.06900644372369279,1.2047136771678923,1.2696876525878906
FGOALS-f3-L,ssp126,optimized,late_century,2080,2100,252,performance_ratio,period_mean_map,china_intersection,1,1.048669682363981,906,0.0,0.0,0.9728261828422546,0.981982147693634,1.0480853915214539,1.0498587944386548,0.0383307651667838,1.1299778878688813,1.1492338180541992
FGOALS-f3-L,ssp126,optimized,late_century,2080,2100,252,pvpot,all_monthly_grid_samples,china_intersection,W m-2,nan,228312,0.0,0.0,36.43943405151367,69.02019744873047,196.73307037353516,198.85492492752172,68.14360910555632,361.60391052246086,425.8067626953125
FGOALS-f3-L,ssp126,optimized,late_century,2080,2100,252,pvpot,period_mean_map,china_intersection,W m-2,200.31908881082492,906,0.0,0.0,124.30729675292969,132.78282928466797,189.50209045410156,198.8549267682545,39.86060895055777,289.57630004882816,299.7855224609375
FGOALS-f3-L,ssp126,optimized,late_century,2080,2100,252,wind_speed_hub,all_monthly_grid_samples,china_intersection,m s-1,nan,228312,0.0,0.0,0.1552663892507553,0.5383399856090546,2.631166934967041,3.0396155514478442,1.903114874395372,9.78761079788203,22.6501407623291
FGOALS-f3-L,ssp126,optimized,late_century,2080,2100,252,wind_speed_hub,period_mean_map,china_intersection,m s-1,2.8716690146562946,906,0.0,0.0,0.7255370020866394,1.0622452080249787,2.828572630882263,3.0396155325519065,1.3954987736061963,8.856811714172382,10.797257423400879
FGOALS-f3-L,ssp126,optimized,late_century,2080,2100,252,wpd,all_monthly_grid_samples,china_intersection,W m-2,nan,228312,0.0,0.0,0.002292654011398554,0.09555997364223004,11.157099723815918,45.76211161857423,158.40179900637088,574.2965991210849,7117.3583984375
FGOALS-f3-L,ssp126,optimized,late_century,2080,2100,252,wpd,period_mean_map,china_intersection,W m-2,30.369560730545608,906,0.0,0.0,0.37769415974617004,0.956625697016716,20.107173919677734,45.76211161845699,106.9694492771185,598.206643676758,1306.6212158203125
FGOALS-f3-L,ssp245,paper_qm,historical,1994,2014,252,tcell,all_monthly_grid_samples,china_intersection,degree_Celsius,nan,228312,0.0,19.241651774764357,-29.912260055541992,-17.705173664093017,15.784486293792725,14.02252404207529,14.007759833364206,36.54162654876709,42.39254379272461
FGOALS-f3-L,ssp245,paper_qm,historical,1994,2014,252,tcell,period_mean_map,china_intersection,degree_Celsius,14.257102125464904,906,0.0,2.6490066225165565,-5.963201522827148,-2.142250770330429,14.289737701416016,14.022523981153093,7.816102125750687,27.887240123748782,29.87618637084961
FGOALS-f3-L,ssp245,paper_qm,historical,1994,2014,252,performance_ratio,all_monthly_grid_samples,china_intersection,1,nan,228312,0.0,0.0,0.9130373001098633,0.9422918683290482,1.04607754945755,1.0548873799182574,0.07003879917822828,1.2135258412361145,1.2745612859725952
FGOALS-f3-L,ssp245,paper_qm,historical,1994,2014,252,performance_ratio,period_mean_map,china_intersection,1,1.05371448258268,906,0.0,0.0,0.9756192564964294,0.9855640441179275,1.053551435470581,1.0548873769394873,0.039080516562278365,1.1357117712497713,1.154815912246704
FGOALS-f3-L,ssp245,paper_qm,historical,1994,2014,252,pvpot,all_monthly_grid_samples,china_intersection,W m-2,nan,228312,0.0,0.0,39.04636764526367,70.12277107238769,197.50880432128906,199.84478323029973,68.44253450469108,364.3104431152342,436.4456787109375
FGOALS-f3-L,ssp245,paper_qm,historical,1994,2014,252,pvpot,period_mean_map,china_intersection,W m-2,201.23679991930595,906,0.0,0.0,119.52106475830078,130.48403244018556,190.2472381591797,199.8447833955946,40.893462482086555,290.93695068359375,301.10577392578125
FGOALS-f3-L,ssp245,paper_qm,historical,1994,2014,252,wind_speed_hub,all_monthly_grid_samples,china_intersection,m s-1,nan,228312,0.0,0.0,0.14123579859733582,0.5273473632335663,2.584437847137451,2.99996558541748,1.8888375256406305,9.690426807403544,19.7142276763916
FGOALS-f3-L,ssp245,paper_qm,historical,1994,2014,252,wind_speed_hub,period_mean_map,china_intersection,m s-1,2.831950895445444,906,0.0,0.0,0.7107012271881104,1.0406708240509033,2.7666879892349243,2.999965549436363,1.3875104075923708,8.81899023056032,10.511674880981445
FGOALS-f3-L,ssp245,paper_qm,historical,1994,2014,252,wpd,all_monthly_grid_samples,china_intersection,W m-2,nan,228312,0.0,0.0,0.0017256013816222548,0.08982482984662056,10.573150157928467,44.06242193106904,144.90340164196678,557.3586761474572,4692.94482421875
FGOALS-f3-L,ssp245,paper_qm,historical,1994,2014,252,wpd,period_mean_map,china_intersection,W m-2,29.550761347662256,906,0.0,0.0,0.3475642800331116,0.9028208792209625,18.6345853805542,44.062422691131005,100.18729617043445,569.7016235351579,1216.8299560546875
FGOALS-f3-L,ssp245,paper_qm,mid_century,2040,2060,252,tcell,all_monthly_grid_samples,china_intersection,degree_Celsius,nan,228312,0.0,16.93953887662497,-27.871763229370117,-16.176995449066162,16.957009315490723,15.250001403651398,13.863139215612838,38.20979675292968,44.504539489746094
FGOALS-f3-L,ssp245,paper_qm,mid_century,2040,2060,252,tcell,period_mean_map,china_intersection,degree_Celsius,15.516833339952644,906,0.0,1.3245033112582782,-4.569257736206055,-0.36664421856403345,15.4878511428833,15.250001208523646,7.63525645280944,28.891728019714357,30.841331481933594
FGOALS-f3-L,ssp245,paper_qm,mid_century,2040,2060,252,performance_ratio,all_monthly_grid_samples,china_intersection,1,nan,228312,0.0,0.0,0.9024773240089417,0.9339510101079941,1.0402149558067322,1.048749992974603,0.06931569612655843,1.2058849883079528,1.2643587589263916
FGOALS-f3-L,ssp245,paper_qm,mid_century,2040,2060,252,performance_ratio,period_mean_map,china_intersection,1,1.04741582215498,906,0.0,0.0,0.9707932472229004,0.9805413484573364,1.04756098985672,1.0487499847580528,0.038176277046620986,1.1268331110477448,1.147845983505249
FGOALS-f3-L,ssp245,paper_qm,mid_century,2040,2060,252,pvpot,all_monthly_grid_samples,china_intersection,W m-2,nan,228312,0.0,0.0,31.304914474487305,67.47402824401856,196.2461395263672,198.20464368641612,68.11723372267606,357.80564605712885,429.2585754394531
FGOALS-f3-L,ssp245,paper_qm,mid_century,2040,2060,252,pvpot,period_mean_map,china_intersection,W m-2,199.72162962833318,906,0.0,0.0,123.12123107910156,131.4210174560547,189.30360412597656,198.20464442844687,39.76988090974275,287.9662521362305,297.484619140625
FGOALS-f3-L,ssp245,paper_qm,mid_century,2040,2060,252,wind_speed_hub,all_monthly_grid_samples,china_intersection,m s-1,nan,228312,0.0,0.0,0.14653721451759338,0.5307818347215653,2.6468249559402466,3.0534063210357987,1.9027398748938436,9.734782371520996,20.039379119873047
FGOALS-f3-L,ssp245,paper_qm,mid_century,2040,2060,252,wind_speed_hub,period_mean_map,china_intersection,m s-1,2.8853645251758153,906,0.0,0.0,0.7290506958961487,1.0414112329483032,2.862090587615967,3.053406302568402,1.384339690501444,8.800793981552145,10.517671585083008
FGOALS-f3-L,ssp245,paper_qm,mid_century,2040,2060,252,wpd,all_monthly_grid_samples,china_intersection,W m-2,nan,228312,0.0,0.0,0.001927302568219602,0.09159130401909352,11.357474327087402,45.64584884141841,149.36906608473575,565.0472967529296,4929.00048828125
FGOALS-f3-L,ssp245,paper_qm,mid_century,2040,2060,252,wpd,period_mean_map,china_intersection,W m-2,30.659380238097274,906,0.0,0.0,0.39784902334213257,0.9314160108566284,20.75087547302246,45.64584902560474,102.7484364332679,581.7495483398451,1255.51904296875
FGOALS-f3-L,ssp245,paper_qm,late_century,2080,2100,252,tcell,all_monthly_grid_samples,china_intersection,degree_Celsius,nan,228312,0.0,16.107782332947895,-24.804296493530273,-15.450785837173461,17.498104095458984,15.824879460882864,13.847725972550972,38.84427841186523,45.5202751159668
FGOALS-f3-L,ssp245,paper_qm,late_century,2080,2100,252,tcell,period_mean_map,china_intersection,degree_Celsius,16.07218446045654,906,0.0,0.5518763796909493,-3.942408323287964,0.4120643272995949,16.006508827209473,15.824879531039308,7.455869161085017,29.171909618377686,31.121845245361328
FGOALS-f3-L,ssp245,paper_qm,late_century,2080,2100,252,performance_ratio,all_monthly_grid_samples,china_intersection,1,nan,228312,0.0,0.0,0.8973985910415649,0.9307785880565643,1.0375095009803772,1.0458756027060987,0.06923862988035441,1.2022539269924164,1.2490215301513672
FGOALS-f3-L,ssp245,paper_qm,late_century,2080,2100,252,performance_ratio,period_mean_map,china_intersection,1,1.044639077442757,906,0.0,0.0,0.9693905711174011,0.979140555858612,1.0449672937393188,1.0458756037237364,0.037279349666044244,1.1229401230812073,1.144712209701538
FGOALS-f3-L,ssp245,paper_qm,late_century,2080,2100,252,pvpot,all_monthly_grid_samples,china_intersection,W m-2,nan,228312,0.0,0.0,26.53270149230957,67.4244595336914,195.57299041748047,197.14415750463775,67.95084112663615,357.1067083740232,431.5581970214844
FGOALS-f3-L,ssp245,paper_qm,late_century,2080,2100,252,pvpot,period_mean_map,china_intersection,W m-2,198.67216610107783,906,0.0,0.0,121.09073638916016,130.09283065795898,187.5752716064453,197.14416082857986,39.835168041968835,285.89773406982425,295.92059326171875
FGOALS-f3-L,ssp245,paper_qm,late_century,2080,2100,252,wind_speed_hub,all_monthly_grid_samples,china_intersection,m s-1,nan,228312,0.0,0.0,0.14177586138248444,0.5237571549415588,2.6227556467056274,3.0249552157426507,1.8959811196209604,9.757014837265013,20.49658203125
FGOALS-f3-L,ssp245,paper_qm,late_century,2080,2100,252,wind_speed_hub,period_mean_map,china_intersection,m s-1,2.8558108705758563,906,0.0,0.0,0.7259008884429932,1.0397748410701753,2.826201915740967,3.024955271227207,1.3709138839475778,8.708110427856461,10.37560749053955
FGOALS-f3-L,ssp245,paper_qm,late_century,2080,2100,252,wpd,all_monthly_grid_samples,china_intersection,W m-2,nan,228312,0.0,0.0,0.0017454723129048944,0.08800269998610019,11.050441265106201,44.868394834902496,148.9776228239158,568.927595825195,5274.12451171875
FGOALS-f3-L,ssp245,paper_qm,late_century,2080,2100,252,wpd,period_mean_map,china_intersection,W m-2,30.27763729009646,906,0.0,0.0,0.3873070478439331,0.9043193131685257,20.13505458831787,44.8683939435361,100.9545018579715,571.7951171875009,1231.5513916015625
FGOALS-f3-L,ssp245,optimized,historical,1994,2014,252,tcell,all_monthly_grid_samples,china_intersection,degree_Celsius,nan,228312,0.0,19.241651774764357,-29.912260055541992,-17.705173664093017,15.784486293792725,14.02252404207529,14.007759833364206,36.54162654876709,42.39254379272461
FGOALS-f3-L,ssp245,optimized,historical,1994,2014,252,tcell,period_mean_map,china_intersection,degree_Celsius,14.257102125464904,906,0.0,2.6490066225165565,-5.963201522827148,-2.142250770330429,14.289737701416016,14.022523981153093,7.816102125750687,27.887240123748782,29.87618637084961
FGOALS-f3-L,ssp245,optimized,historical,1994,2014,252,performance_ratio,all_monthly_grid_samples,china_intersection,1,nan,228312,0.0,0.0,0.9130373001098633,0.9422918683290482,1.04607754945755,1.0548873799182574,0.07003879917822828,1.2135258412361145,1.2745612859725952
FGOALS-f3-L,ssp245,optimized,historical,1994,2014,252,performance_ratio,period_mean_map,china_intersection,1,1.05371448258268,906,0.0,0.0,0.9756192564964294,0.9855640441179275,1.053551435470581,1.0548873769394873,0.039080516562278365,1.1357117712497713,1.154815912246704
FGOALS-f3-L,ssp245,optimized,historical,1994,2014,252,pvpot,all_monthly_grid_samples,china_intersection,W m-2,nan,228312,0.0,0.0,39.04636764526367,70.12277107238769,197.50880432128906,199.84478323029973,68.44253450469108,364.3104431152342,436.4456787109375
FGOALS-f3-L,ssp245,optimized,historical,1994,2014,252,pvpot,period_mean_map,china_intersection,W m-2,201.23679991930595,906,0.0,0.0,119.52106475830078,130.48403244018556,190.2472381591797,199.8447833955946,40.893462482086555,290.93695068359375,301.10577392578125
FGOALS-f3-L,ssp245,optimized,historical,1994,2014,252,wind_speed_hub,all_monthly_grid_samples,china_intersection,m s-1,nan,228312,0.0,0.0,0.14123579859733582,0.5273473632335663,2.584437847137451,2.99996558541748,1.8888375256406305,9.690426807403544,19.7142276763916
FGOALS-f3-L,ssp245,optimized,historical,1994,2014,252,wind_speed_hub,period_mean_map,china_intersection,m s-1,2.831950895445444,906,0.0,0.0,0.7107012271881104,1.0406708240509033,2.7666879892349243,2.999965549436363,1.3875104075923708,8.81899023056032,10.511674880981445
FGOALS-f3-L,ssp245,optimized,historical,1994,2014,252,wpd,all_monthly_grid_samples,china_intersection,W m-2,nan,228312,0.0,0.0,0.0017256013816222548,0.08982482984662056,10.573150157928467,44.06242193106904,144.90340164196678,557.3586761474572,4692.94482421875
FGOALS-f3-L,ssp245,optimized,historical,1994,2014,252,wpd,period_mean_map,china_intersection,W m-2,29.550761347662256,906,0.0,0.0,0.3475642800331116,0.9028208792209625,18.6345853805542,44.062422691131005,100.18729617043445,569.7016235351579,1216.8299560546875
FGOALS-f3-L,ssp245,optimized,mid_century,2040,2060,252,tcell,all_monthly_grid_samples,china_intersection,degree_Celsius,nan,228312,0.0,16.913697046147377,-28.69101905822754,-15.799921779632568,17.076297760009766,15.391469590264176,13.898919660442006,38.35583957672113,44.26396560668945
FGOALS-f3-L,ssp245,optimized,mid_century,2040,2060,252,tcell,period_mean_map,china_intersection,degree_Celsius,15.642567944079923,906,0.0,1.3245033112582782,-4.389630317687988,-0.4877978816628455,15.780820369720459,15.39146964004876,7.664692652899121,29.054938411712648,30.712209701538086
FGOALS-f3-L,ssp245,optimized,mid_century,2040,2060,252,performance_ratio,all_monthly_grid_samples,china_intersection,1,nan,228312,0.0,0.0,0.903680145740509,0.9332207959890365,1.0396184921264648,1.0480426520238666,0.06949459831276208,1.2039995670318602,1.268455147743225
FGOALS-f3-L,ssp245,optimized,mid_century,2040,2060,252,performance_ratio,period_mean_map,china_intersection,1,1.046787144133018,906,0.0,0.0,0.9714386463165283,0.9797255337238312,1.046095848083496,1.048042637293965,0.03832344911175951,1.1274388551712036,1.1469483375549316
FGOALS-f3-L,ssp245,optimized,mid_century,2040,2060,252,pvpot,all_monthly_grid_samples,china_intersection,W m-2,nan,228312,0.0,0.0,31.10342788696289,67.41937545776368,196.1444549560547,198.08655653991013,68.14857541313128,358.1192141723632,430.861572265625
FGOALS-f3-L,ssp245,optimized,mid_century,2040,2060,252,pvpot,period_mean_map,china_intersection,W m-2,199.61607962053145,906,0.0,0.0,122.99507904052734,131.27658233642578,189.1283187866211,198.08655320729642,39.872337239339586,288.65408172607425,297.99481201171875
FGOALS-f3-L,ssp245,optimized,mid_century,2040,2060,252,wind_speed_hub,all_monthly_grid_samples,china_intersection,m s-1,nan,228312,0.0,0.0,0.15248560905456543,0.5393597239255905,2.629918098449707,3.036217129465146,1.8869808236083758,9.692316398620568,20.039379119873047
FGOALS-f3-L,ssp245,optimized,mid_century,2040,2060,252,wind_speed_hub,period_mean_map,china_intersection,m s-1,2.8688625628205364,906,0.0,0.0,0.724871814250946,1.064503902196884,2.834789514541626,3.036217100507113,1.3932962800373891,8.805583238601704,10.715625762939453
FGOALS-f3-L,ssp245,optimized,mid_century,2040,2060,252,wpd,all_monthly_grid_samples,china_intersection,W m-2,nan,228312,0.0,0.0,0.002171664033085108,0.09610403433442116,11.141220092773438,44.87244636524197,148.78137037882917,557.6849078369075,4929.00048828125
FGOALS-f3-L,ssp245,optimized,mid_century,2040,2060,252,wpd,period_mean_map,china_intersection,W m-2,29.99882012523211,906,0.0,0.0,0.38757720589637756,0.9246688038110733,19.662484169006348,44.87244536239185,102.9682785314952,575.7136474609389,1269.3046875
FGOALS-f3-L,ssp245,optimized,late_century,2080,2100,252,tcell,all_monthly_grid_samples,china_intersection,degree_Celsius,nan,228312,0.0,16.052156697852062,-24.906330108642578,-14.983856639862061,17.602975845336914,15.977725264065256,13.875460841591252,38.93773315429687,45.36111068725586
FGOALS-f3-L,ssp245,optimized,late_century,2080,2100,252,tcell,period_mean_map,china_intersection,degree_Celsius,16.20646870498094,906,0.0,0.772626931567329,-3.705059051513672,0.2703313633799553,16.373679161071777,15.977725245831556,7.468099377214897,29.331570339202884,31.00096893310547
FGOALS-f3-L,ssp245,optimized,late_century,2080,2100,252,performance_ratio,all_monthly_grid_samples,china_intersection,1,nan,228312,0.0,0.0,0.898194432258606,0.9303113132715225,1.0369850993156433,1.0451113736018276,0.06937730418954531,1.1999192774295806,1.249531626701355
FGOALS-f3-L,ssp245,optimized,late_century,2080,2100,252,performance_ratio,period_mean_map,china_intersection,1,1.043967669054656,906,0.0,0.0,0.9699946641921997,0.9783418297767639,1.0431312918663025,1.0451113813891841,0.037340490353919654,1.123648190498352,1.1435250043869019
FGOALS-f3-L,ssp245,optimized,late_century,2080,2100,252,pvpot,all_monthly_grid_samples,china_intersection,W m-2,nan,228312,0.0,0.0,26.55210304260254,67.39269752502442,195.48011016845703,197.01709907802345,67.98475811809186,357.6117083740232,432.3800964355469
FGOALS-f3-L,ssp245,optimized,late_century,2080,2100,252,pvpot,period_mean_map,china_intersection,W m-2,198.5596392495316,906,0.0,0.0,120.8886947631836,129.85678939819337,187.41152954101562,197.01709911523275,39.937008059715936,287.0791961669923,296.5128173828125
FGOALS-f3-L,ssp245,optimized,late_century,2080,2100,252,wind_speed_hub,all_monthly_grid_samples,china_intersection,m s-1,nan,228312,0.0,0.0,0.14177586138248444,0.5326215744018554,2.6252294778823853,3.0271334105501415,1.8880405030447598,9.74511659622192,20.808765411376953
FGOALS-f3-L,ssp245,optimized,late_century,2080,2100,252,wind_speed_hub,period_mean_map,china_intersection,m s-1,2.8595955125008437,906,0.0,0.0,0.7205110788345337,1.061902779340744,2.823020815849304,3.0271334106032683,1.3875506080762199,8.80476322174074,10.637245178222656
FGOALS-f3-L,ssp245,optimized,late_century,2080,2100,252,wpd,all_monthly_grid_samples,china_intersection,W m-2,nan,228312,0.0,0.0,0.0017454723129048944,0.09254701323807239,11.081738948822021,44.70595538397833,148.22543977405212,566.8487774658195,5518.80517578125
FGOALS-f3-L,ssp245,optimized,late_century,2080,2100,252,wpd,period_mean_map,china_intersection,W m-2,30.10197865432623,906,0.0,0.0,0.37679973244667053,0.9197809219360351,19.358954429626465,44.705957154663196,101.62357628712948,573.421798706056,1244.0841064453125
FGOALS-f3-L,ssp585,paper_qm,historical,1994,2014,252,tcell,all_monthly_grid_samples,china_intersection,degree_Celsius,nan,228312,0.0,19.241651774764357,-29.912260055541992,-17.705173664093017,15.784486293792725,14.02252404207529,14.007759833364206,36.54162654876709,42.39254379272461
FGOALS-f3-L,ssp585,paper_qm,historical,1994,2014,252,tcell,period_mean_map,china_intersection,degree_Celsius,14.257102125464904,906,0.0,2.6490066225165565,-5.963201522827148,-2.142250770330429,14.289737701416016,14.022523981153093,7.816102125750687,27.887240123748782,29.87618637084961
FGOALS-f3-L,ssp585,paper_qm,historical,1994,2014,252,performance_ratio,all_monthly_grid_samples,china_intersection,1,nan,228312,0.0,0.0,0.9130373001098633,0.9422918683290482,1.04607754945755,1.0548873799182574,0.07003879917822828,1.2135258412361145,1.2745612859725952
FGOALS-f3-L,ssp585,paper_qm,historical,1994,2014,252,performance_ratio,period_mean_map,china_intersection,1,1.05371448258268,906,0.0,0.0,0.9756192564964294,0.9855640441179275,1.053551435470581,1.0548873769394873,0.039080516562278365,1.1357117712497713,1.154815912246704
FGOALS-f3-L,ssp585,paper_qm,historical,1994,2014,252,pvpot,all_monthly_grid_samples,china_intersection,W m-2,nan,228312,0.0,0.0,39.04636764526367,70.12277107238769,197.50880432128906,199.84478323029973,68.44253450469108,364.3104431152342,436.4456787109375
FGOALS-f3-L,ssp585,paper_qm,historical,1994,2014,252,pvpot,period_mean_map,china_intersection,W m-2,201.23679991930595,906,0.0,0.0,119.52106475830078,130.48403244018556,190.2472381591797,199.8447833955946,40.893462482086555,290.93695068359375,301.10577392578125
FGOALS-f3-L,ssp585,paper_qm,historical,1994,2014,252,wind_speed_hub,all_monthly_grid_samples,china_intersection,m s-1,nan,228312,0.0,0.0,0.14123579859733582,0.5273473632335663,2.584437847137451,2.99996558541748,1.8888375256406305,9.690426807403544,19.7142276763916
FGOALS-f3-L,ssp585,paper_qm,historical,1994,2014,252,wind_speed_hub,period_mean_map,china_intersection,m s-1,2.831950895445444,906,0.0,0.0,0.7107012271881104,1.0406708240509033,2.7666879892349243,2.999965549436363,1.3875104075923708,8.81899023056032,10.511674880981445
FGOALS-f3-L,ssp585,paper_qm,historical,1994,2014,252,wpd,all_monthly_grid_samples,china_intersection,W m-2,nan,228312,0.0,0.0,0.0017256013816222548,0.08982482984662056,10.573150157928467,44.06242193106904,144.90340164196678,557.3586761474572,4692.94482421875
FGOALS-f3-L,ssp585,paper_qm,historical,1994,2014,252,wpd,period_mean_map,china_intersection,W m-2,29.550761347662256,906,0.0,0.0,0.3475642800331116,0.9028208792209625,18.6345853805542,44.062422691131005,100.18729617043445,569.7016235351579,1216.8299560546875
FGOALS-f3-L,ssp585,paper_qm,mid_century,2040,2060,252,tcell,all_monthly_grid_samples,china_intersection,degree_Celsius,nan,228312,0.0,16.175671887592415,-26.030925750732422,-15.501138553619384,17.30296230316162,15.646075539973173,13.760855774436177,38.506967773437474,44.273780822753906
FGOALS-f3-L,ssp585,paper_qm,mid_century,2040,2060,252,tcell,period_mean_map,china_intersection,degree_Celsius,15.888110021830585,906,0.0,1.1037527593818985,-4.207084655761719,-0.02543830387294288,15.894640922546387,15.646075531215331,7.562906923630837,29.24586277008057,31.11115264892578
FGOALS-f3-L,ssp585,paper_qm,mid_century,2040,2060,252,performance_ratio,all_monthly_grid_samples,china_intersection,1,nan,228312,0.0,0.0,0.9036310911178589,0.9324651783704758,1.0384851694107056,1.0467696223312564,0.06880427888501524,1.2025056636333464,1.2551546096801758
FGOALS-f3-L,ssp585,paper_qm,mid_century,2040,2060,252,performance_ratio,period_mean_map,china_intersection,1,1.0455594415307568,906,0.0,0.0,0.9694443941116333,0.9787707448005676,1.0455265641212463,1.0467696245142957,0.03781453863995456,1.1251267850399018,1.146035075187683
FGOALS-f3-L,ssp585,paper_qm,mid_century,2040,2060,252,pvpot,all_monthly_grid_samples,china_intersection,W m-2,nan,228312,0.0,0.0,36.90824890136719,67.95554801940918,195.3239288330078,197.13134630120976,68.25303125230617,359.6678744506836,422.82989501953125
FGOALS-f3-L,ssp585,paper_qm,mid_century,2040,2060,252,pvpot,period_mean_map,china_intersection,W m-2,198.54920097456696,906,0.0,0.0,120.35204315185547,128.73824081420898,187.49219512939453,197.13134315103358,40.12675512787543,286.61143646240237,296.9208068847656
FGOALS-f3-L,ssp585,paper_qm,mid_century,2040,2060,252,wind_speed_hub,all_monthly_grid_samples,china_intersection,m s-1,nan,228312,0.0,0.0,0.14331267774105072,0.518755869269371,2.6168673038482666,3.019720213579705,1.8820693296986049,9.522073249816893,19.368328094482422
FGOALS-f3-L,ssp585,paper_qm,mid_century,2040,2060,252,wind_speed_hub,period_mean_map,china_intersection,m s-1,2.850998489999904,906,0.0,0.0,0.7368336915969849,1.0228195011615753,2.8109430074691772,3.0197202308025317,1.3705426145589823,8.678983688354505,10.415446281433105
FGOALS-f3-L,ssp585,paper_qm,mid_century,2040,2060,252,wpd,all_monthly_grid_samples,china_intersection,W m-2,nan,228312,0.0,0.0,0.0018028515623882413,0.08550571724772453,10.976180076599121,44.06352142481908,142.9057201858611,528.8112280273434,4450.23046875
FGOALS-f3-L,ssp585,paper_qm,mid_century,2040,2060,252,wpd,period_mean_map,china_intersection,W m-2,29.77087438493828,906,0.0,0.0,0.3882279098033905,0.9015434712171555,20.082897186279297,44.06352226436138,98.1344260532088,550.95792541504,1193.29150390625
FGOALS-f3-L,ssp585,paper_qm,late_century,2080,2100,252,tcell,all_monthly_grid_samples,china_intersection,degree_Celsius,nan,228312,0.0,11.703283226462034,-23.77782440185547,-12.272256746292115,19.62681293487549,18.26266649483503,13.458686514809457,41.28059810638426,48.0657958984375
FGOALS-f3-L,ssp585,paper_qm,late_century,2080,2100,252,tcell,period_mean_map,china_intersection,degree_Celsius,18.517933685773663,906,0.0,0.11037527593818984,-1.652420163154602,3.029797685146332,18.563246726989746,18.262666490759543,7.199167763256662,31.085604858398444,32.85219955444336
FGOALS-f3-L,ssp585,paper_qm,late_century,2080,2100,252,performance_ratio,all_monthly_grid_samples,china_intersection,1,nan,228312,0.0,0.0,0.8846710324287415,0.9185970163345337,1.0268659591674805,1.0336866675079142,0.06729343259940826,1.186361298561096,1.2438890933990479
FGOALS-f3-L,ssp585,paper_qm,late_century,2080,2100,252,performance_ratio,period_mean_map,china_intersection,1,1.032410336049404,906,0.0,0.0,0.9607393145561218,0.9695717602968216,1.0321834683418274,1.0336866714307014,0.035995843040106806,1.1098507225513459,1.1332619190216064
FGOALS-f3-L,ssp585,paper_qm,late_century,2080,2100,252,pvpot,all_monthly_grid_samples,china_intersection,W m-2,nan,228312,0.0,0.0,31.9735107421875,64.16107772827148,191.5637969970703,193.4566661061525,67.22252264338665,351.6904489135742,421.87127685546875
FGOALS-f3-L,ssp585,paper_qm,late_century,2080,2100,252,pvpot,period_mean_map,china_intersection,W m-2,194.97741641745574,906,0.0,0.0,122.01866149902344,131.13954010009766,184.35277557373047,193.45666744745856,37.994865025879854,279.73930664062505,289.4460144042969
FGOALS-f3-L,ssp585,paper_qm,late_century,2080,2100,252,wind_speed_hub,all_monthly_grid_samples,china_intersection,m s-1,nan,228312,0.0,0.0,0.17073166370391846,0.48730942875146865,2.5550949573516846,2.976479623564826,1.9064750970966502,9.622914485931366,20.859708786010742
FGOALS-f3-L,ssp585,paper_qm,late_century,2080,2100,252,wind_speed_hub,period_mean_map,china_intersection,m s-1,2.8049360550289504,906,0.0,0.0,0.6983160972595215,1.0066448390483855,2.770455837249756,2.9764796261229525,1.3594493382473698,8.591721439361585,10.4390287399292
FGOALS-f3-L,ssp585,paper_qm,late_century,2080,2100,252,wpd,all_monthly_grid_samples,china_intersection,W m-2,nan,228312,0.0,0.0,0.003048233687877655,0.07087947979569435,10.217090606689453,44.02414821616851,147.62626203250184,545.7905938720653,5559.4365234375
FGOALS-f3-L,ssp585,paper_qm,late_century,2080,2100,252,wpd,period_mean_map,china_intersection,W m-2,29.420247916603895,906,0.0,0.0,0.383867472410202,0.8965217888355255,19.927152633666992,44.02414744543056,99.06110237828857,567.123870849611,1204.7303466796875
FGOALS-f3-L,ssp585,optimized,historical,1994,2014,252,tcell,all_monthly_grid_samples,china_intersection,degree_Celsius,nan,228312,0.0,19.241651774764357,-29.912260055541992,-17.705173664093017,15.784486293792725,14.02252404207529,14.007759833364206,36.54162654876709,42.39254379272461
FGOALS-f3-L,ssp585,optimized,historical,1994,2014,252,tcell,period_mean_map,china_intersection,degree_Celsius,14.257102125464904,906,0.0,2.6490066225165565,-5.963201522827148,-2.142250770330429,14.289737701416016,14.022523981153093,7.816102125750687,27.887240123748782,29.87618637084961
FGOALS-f3-L,ssp585,optimized,historical,1994,2014,252,performance_ratio,all_monthly_grid_samples,china_intersection,1,nan,228312,0.0,0.0,0.9130373001098633,0.9422918683290482,1.04607754945755,1.0548873799182574,0.07003879917822828,1.2135258412361145,1.2745612859725952
FGOALS-f3-L,ssp585,optimized,historical,1994,2014,252,performance_ratio,period_mean_map,china_intersection,1,1.05371448258268,906,0.0,0.0,0.9756192564964294,0.9855640441179275,1.053551435470581,1.0548873769394873,0.039080516562278365,1.1357117712497713,1.154815912246704
FGOALS-f3-L,ssp585,optimized,historical,1994,2014,252,pvpot,all_monthly_grid_samples,china_intersection,W m-2,nan,228312,0.0,0.0,39.04636764526367,70.12277107238769,197.50880432128906,199.84478323029973,68.44253450469108,364.3104431152342,436.4456787109375
FGOALS-f3-L,ssp585,optimized,historical,1994,2014,252,pvpot,period_mean_map,china_intersection,W m-2,201.23679991930595,906,0.0,0.0,119.52106475830078,130.48403244018556,190.2472381591797,199.8447833955946,40.893462482086555,290.93695068359375,301.10577392578125
FGOALS-f3-L,ssp585,optimized,historical,1994,2014,252,wind_speed_hub,all_monthly_grid_samples,china_intersection,m s-1,nan,228312,0.0,0.0,0.14123579859733582,0.5273473632335663,2.584437847137451,2.99996558541748,1.8888375256406305,9.690426807403544,19.7142276763916
FGOALS-f3-L,ssp585,optimized,historical,1994,2014,252,wind_speed_hub,period_mean_map,china_intersection,m s-1,2.831950895445444,906,0.0,0.0,0.7107012271881104,1.0406708240509033,2.7666879892349243,2.999965549436363,1.3875104075923708,8.81899023056032,10.511674880981445
FGOALS-f3-L,ssp585,optimized,historical,1994,2014,252,wpd,all_monthly_grid_samples,china_intersection,W m-2,nan,228312,0.0,0.0,0.0017256013816222548,0.08982482984662056,10.573150157928467,44.06242193106904,144.90340164196678,557.3586761474572,4692.94482421875
FGOALS-f3-L,ssp585,optimized,historical,1994,2014,252,wpd,period_mean_map,china_intersection,W m-2,29.550761347662256,906,0.0,0.0,0.3475642800331116,0.9028208792209625,18.6345853805542,44.062422691131005,100.18729617043445,569.7016235351579,1216.8299560546875
FGOALS-f3-L,ssp585,optimized,mid_century,2040,2060,252,tcell,all_monthly_grid_samples,china_intersection,degree_Celsius,nan,228312,0.0,16.032884824275552,-27.015430450439453,-14.958168621063232,17.392369270324707,15.825886659737034,13.771759277524277,38.621735076904294,44.12482452392578
FGOALS-f3-L,ssp585,optimized,mid_century,2040,2060,252,tcell,period_mean_map,china_intersection,degree_Celsius,16.047276938857284,906,0.0,1.2141280353200883,-3.993297815322876,-0.16131516471505164,16.304280281066895,15.82588688721654,7.587502972687142,29.388058853149413,30.914525985717773
FGOALS-f3-L,ssp585,optimized,mid_century,2040,2060,252,performance_ratio,all_monthly_grid_samples,china_intersection,1,nan,228312,0.0,0.0,0.9043759107589722,0.9318913352489472,1.0380381345748901,1.0458705668145791,0.06885879642974593,1.1997908091545104,1.2600771188735962
FGOALS-f3-L,ssp585,optimized,mid_century,2040,2060,252,performance_ratio,period_mean_map,china_intersection,1,1.0447636118261365,906,0.0,0.0,0.9704277515411377,0.9780596792697906,1.0434784889221191,1.0458705609471066,0.037937506525547546,1.125806885957718,1.1449663639068604
FGOALS-f3-L,ssp585,optimized,mid_century,2040,2060,252,pvpot,all_monthly_grid_samples,china_intersection,W m-2,nan,228312,0.0,0.0,36.909427642822266,67.84949325561523,195.16305541992188,196.98797740287665,68.29580617568966,360.08524963378903,425.05877685546875
FGOALS-f3-L,ssp585,optimized,mid_century,2040,2060,252,pvpot,period_mean_map,china_intersection,W m-2,198.4218073917328,906,0.0,0.0,120.0882797241211,128.52751922607422,187.37757873535156,196.98797551001408,40.24446450292674,286.7684860229492,297.4862365722656
FGOALS-f3-L,ssp585,optimized,mid_century,2040,2060,252,wind_speed_hub,all_monthly_grid_samples,china_intersection,m s-1,nan,228312,0.0,0.0,0.14331267774105072,0.5327836340665817,2.6058290004730225,3.008463707452136,1.8690004310811819,9.511607837676976,19.314577102661133
FGOALS-f3-L,ssp585,optimized,mid_century,2040,2060,252,wind_speed_hub,period_mean_map,china_intersection,m s-1,2.8419703228650524,906,0.0,0.0,0.7289063930511475,1.052406895160675,2.7982648611068726,3.0084637155464415,1.3811514640620048,8.74685201644899,10.582621574401855
FGOALS-f3-L,ssp585,optimized,mid_century,2040,2060,252,wpd,all_monthly_grid_samples,china_intersection,W m-2,nan,228312,0.0,0.0,0.0018028515623882413,0.09263149596750736,10.837867736816406,43.51621816807715,142.27369535192233,527.069481811519,4413.28173828125
FGOALS-f3-L,ssp585,optimized,mid_century,2040,2060,252,wpd,period_mean_map,china_intersection,W m-2,29.294426961410107,906,0.0,0.0,0.3803464472293854,0.9234004706144333,19.396615028381348,43.516217879474034,98.53333329405164,555.0009857177747,1201.702880859375
FGOALS-f3-L,ssp585,optimized,late_century,2080,2100,252,tcell,all_monthly_grid_samples,china_intersection,degree_Celsius,nan,228312,0.0,11.479466694698482,-23.275362014770508,-11.42396897315979,19.760177612304688,18.479897945091807,13.471280065705773,41.40103233337401,47.95182800292969
FGOALS-f3-L,ssp585,optimized,late_century,2080,2100,252,tcell,period_mean_map,china_intersection,degree_Celsius,18.712640943520682,906,0.0,0.22075055187637968,-1.3145482540130615,2.8505163669586184,18.931605339050293,18.479898184899724,7.2172304641457945,31.36828985214234,32.558677673339844
FGOALS-f3-L,ssp585,optimized,late_century,2080,2100,252,performance_ratio,all_monthly_grid_samples,china_intersection,1,nan,228312,0.0,0.0,0.8852408528327942,0.9179948526620865,1.0261991024017334,1.0326005102314495,0.06735640027381122,1.1821198761463165,1.2413767576217651
FGOALS-f3-L,ssp585,optimized,late_century,2080,2100,252,performance_ratio,period_mean_map,china_intersection,1,1.0314368045217874,906,0.0,0.0,0.9622067809104919,0.9681583762168884,1.0303421020507812,1.0326005161203295,0.03608615664075845,1.1107471346855164,1.1315724849700928
FGOALS-f3-L,ssp585,optimized,late_century,2080,2100,252,pvpot,all_monthly_grid_samples,china_intersection,W m-2,nan,228312,0.0,0.0,31.988906860351562,64.08576957702637,191.3709487915039,193.27845978271552,67.24894319136415,351.83963043212884,422.1286926269531
FGOALS-f3-L,ssp585,optimized,late_century,2080,2100,252,pvpot,period_mean_map,china_intersection,W m-2,194.81421169256006,906,0.0,0.0,121.86727142333984,130.67167892456055,184.08831024169922,193.2784575573919,38.122710324739415,280.447428894043,290.1918029785156
FGOALS-f3-L,ssp585,optimized,late_century,2080,2100,252,wind_speed_hub,all_monthly_grid_samples,china_intersection,m s-1,nan,228312,0.0,0.0,0.1503920704126358,0.5285645014047623,2.5866153240203857,2.999685314004394,1.8856014439799846,9.631808166503879,20.859708786010742
FGOALS-f3-L,ssp585,optimized,late_century,2080,2100,252,wind_speed_hub,period_mean_map,china_intersection,m s-1,2.8304091895462147,906,0.0,0.0,0.712014377117157,1.0364789307117461,2.7881306409835815,2.999685353198588,1.3760874541896562,8.735051679611223,10.620257377624512
FGOALS-f3-L,ssp585,optimized,late_century,2080,2100,252,wpd,all_monthly_grid_samples,china_intersection,W m-2,nan,228312,0.0,0.0,0.002083439379930496,0.0904482339322567,10.599897384643555,44.049582597068714,148.0520048311836,547.3052124023391,5559.4365234375
FGOALS-f3-L,ssp585,optimized,late_century,2080,2100,252,wpd,period_mean_map,china_intersection,W m-2,29.346698020387237,906,0.0,0.0,0.37570205330848694,0.886933046579361,19.488407135009766,44.04958340436812,100.74292019510233,575.4591186523458,1238.7369384765625
FIO-ESM-2-0,ssp126,paper_qm,historical,1994,2014,252,tcell,all_monthly_grid_samples,china_intersection,degree_Celsius,nan,240660,0.0,19.321449347627357,-27.280712127685547,-17.686746425628662,15.725690841674805,13.982686983809172,14.030811412143088,36.47152038574219,41.740028381347656
FIO-ESM-2-0,ssp126,paper_qm,historical,1994,2014,252,tcell,period_mean_map,china_intersection,degree_Celsius,14.170530414276612,955,0.0,3.0366492146596857,-5.631461143493652,-1.7703707218170164,14.112995147705078,13.982686952396213,7.740359697799898,28.48792747497559,30.073455810546875
FIO-ESM-2-0,ssp126,paper_qm,historical,1994,2014,252,performance_ratio,all_monthly_grid_samples,china_intersection,1,nan,240660,0.0,0.0,0.9162998795509338,0.9426424139738083,1.046371579170227,1.0550865650548509,0.07015405697681402,1.2134337663650512,1.2614035606384277
FIO-ESM-2-0,ssp126,paper_qm,historical,1994,2014,252,performance_ratio,period_mean_map,china_intersection,1,1.0541473496151037,955,0.0,0.0,0.9746327996253967,0.9825603604316712,1.0544352531433105,1.055086569386627,0.038701789101956825,1.1338521456718444,1.1531574726104736
FIO-ESM-2-0,ssp126,paper_qm,historical,1994,2014,252,pvpot,all_monthly_grid_samples,china_intersection,W m-2,nan,240660,0.0,0.0,32.207942962646484,68.87527519226074,195.9556427001953,198.95996166214348,69.21777749716472,364.69002075195317,433.9617004394531
FIO-ESM-2-0,ssp126,paper_qm,historical,1994,2014,252,pvpot,period_mean_map,china_intersection,W m-2,200.29467243125174,955,0.0,0.0,119.04664611816406,127.87732803344727,190.18646240234375,198.959962000023,41.714122264455334,290.91007934570314,302.5646057128906
FIO-ESM-2-0,ssp126,paper_qm,historical,1994,2014,252,wind_speed_hub,all_monthly_grid_samples,china_intersection,m s-1,nan,240660,0.0,0.0,0.10967680811882019,0.5347819846868516,2.614948868751526,2.999537230955698,1.8168303158788495,9.12844275474549,19.447813034057617
FIO-ESM-2-0,ssp126,paper_qm,historical,1994,2014,252,wind_speed_hub,period_mean_map,china_intersection,m s-1,2.860745611574469,955,0.0,0.0,0.6975839734077454,1.045873510837555,2.7659971714019775,2.9995372838998966,1.3162699251208725,8.458284282684328,10.236315727233887
FIO-ESM-2-0,ssp126,paper_qm,historical,1994,2014,252,wpd,all_monthly_grid_samples,china_intersection,W m-2,nan,240660,0.0,0.0,0.0008080728002823889,0.09367773286998272,10.952056884765625,41.484627351952795,134.033034769186,465.90375640869263,4505.24462890625
FIO-ESM-2-0,ssp126,paper_qm,historical,1994,2014,252,wpd,period_mean_map,china_intersection,W m-2,29.920864680401795,955,0.0,0.0,0.30443233251571655,1.0487462973594666,18.435714721679688,41.48462744851387,92.5081463452163,470.383336181641,1102.7392578125
FIO-ESM-2-0,ssp126,paper_qm,mid_century,2040,2060,252,tcell,all_monthly_grid_samples,china_intersection,degree_Celsius,nan,240660,0.0,17.381783428903848,-24.85081672668457,-16.291114501953125,16.848108291625977,15.184584293416172,13.96216191644853,37.50526546478272,44.055850982666016
FIO-ESM-2-0,ssp126,paper_qm,mid_century,2040,2060,252,tcell,period_mean_map,china_intersection,degree_Celsius,15.36963972573179,955,0.0,1.6753926701570683,-4.805651664733887,-0.677377346754074,15.400594711303711,15.184584178428375,7.649544643673076,29.314317283630377,31.026649475097656
FIO-ESM-2-0,ssp126,paper_qm,mid_century,2040,2060,252,performance_ratio,all_monthly_grid_samples,china_intersection,1,nan,240660,0.0,0.0,0.9047207236289978,0.9374736398458481,1.0407594442367554,1.0490770784954888,0.06981080954787341,1.2064555811882018,1.2492541074752808
FIO-ESM-2-0,ssp126,paper_qm,mid_century,2040,2060,252,performance_ratio,period_mean_map,china_intersection,1,1.0481517968558933,955,0.0,0.0,0.9698666930198669,0.9784287130832672,1.0479968786239624,1.04907707575104,0.03824772584810824,1.1283869528770447,1.1490280628204346
FIO-ESM-2-0,ssp126,paper_qm,mid_century,2040,2060,252,pvpot,all_monthly_grid_samples,china_intersection,W m-2,nan,240660,0.0,0.0,37.40216064453125,67.6334674835205,193.59893798828125,196.8510384086242,68.81344359114995,362.06404052734376,434.3391418457031
FIO-ESM-2-0,ssp126,paper_qm,mid_century,2040,2060,252,pvpot,period_mean_map,china_intersection,W m-2,198.1540750436609,955,0.0,0.0,118.06974029541016,126.71166458129883,188.24232482910156,196.85103963482442,40.909131971004406,288.74211975097654,300.76373291015625
FIO-ESM-2-0,ssp126,paper_qm,mid_century,2040,2060,252,wind_speed_hub,all_monthly_grid_samples,china_intersection,m s-1,nan,240660,0.0,0.0,0.1112075075507164,0.4368265110254288,2.4187053442001343,2.830497801054675,1.8296631052542216,9.025255403518678,19.55047035217285
FIO-ESM-2-0,ssp126,paper_qm,mid_century,2040,2060,252,wind_speed_hub,period_mean_map,china_intersection,m s-1,2.6760271202725248,955,0.0,0.0,0.6518149375915527,0.9083167779445649,2.5618865489959717,2.830497812850313,1.3323847365010721,8.49227005004883,10.089336395263672
FIO-ESM-2-0,ssp126,paper_qm,mid_century,2040,2060,252,wpd,all_monthly_grid_samples,china_intersection,W m-2,nan,240660,0.0,0.0,0.0008423807448707521,0.0510543853789568,8.666725158691406,38.432695265482316,133.81960338614778,450.2820642089846,4576.96630859375
FIO-ESM-2-0,ssp126,paper_qm,mid_century,2040,2060,252,wpd,period_mean_map,china_intersection,W m-2,26.76168539536079,955,0.0,0.0,0.24396328628063202,0.7373363637924194,14.818795204162598,38.432694913844784,91.22167653869039,469.3619995117188,1080.93603515625
FIO-ESM-2-0,ssp126,paper_qm,late_century,2080,2100,252,tcell,all_monthly_grid_samples,china_intersection,degree_Celsius,nan,240660,0.0,17.720019945150835,-27.38050079345703,-16.952773456573485,16.775246620178223,15.02799043266156,14.05752593501487,37.553402519226076,42.990028381347656
FIO-ESM-2-0,ssp126,paper_qm,late_century,2080,2100,252,tcell,period_mean_map,china_intersection,degree_Celsius,15.238888485987296,955,0.0,1.6753926701570683,-4.818536281585693,-0.7292109501361844,15.157510757446289,15.027990383097015,7.728818686982956,29.360495491027834,31.000410079956055
FIO-ESM-2-0,ssp126,paper_qm,late_century,2080,2100,252,performance_ratio,all_monthly_grid_samples,china_intersection,1,nan,240660,0.0,0.0,0.9100498557090759,0.9372329711914062,1.0411237478256226,1.0498600479272657,0.07028762964214973,1.209763879776001,1.2619024515151978
FIO-ESM-2-0,ssp126,paper_qm,late_century,2080,2100,252,performance_ratio,period_mean_map,china_intersection,1,1.0488055611725602,955,0.0,0.0,0.9699981212615967,0.9781974422931671,1.0492123365402222,1.049860052350928,0.03864410018031408,1.1286462354660034,1.149092674255371
FIO-ESM-2-0,ssp126,paper_qm,late_century,2080,2100,252,pvpot,all_monthly_grid_samples,china_intersection,W m-2,nan,240660,0.0,0.0,38.16284942626953,67.99934616088868,194.07452392578125,196.86515323888094,68.74033511192152,363.6824588012696,454.5589294433594
FIO-ESM-2-0,ssp126,paper_qm,late_century,2080,2100,252,pvpot,period_mean_map,china_intersection,W m-2,198.22079278462903,955,0.0,0.0,119.98990631103516,128.3020980834961,187.8472442626953,196.86515408660728,41.213718177772115,288.92237060546876,301.3506774902344
FIO-ESM-2-0,ssp126,paper_qm,late_century,2080,2100,252,wind_speed_hub,all_monthly_grid_samples,china_intersection,m s-1,nan,240660,0.0,0.0,0.12246931344270706,0.4329216507077217,2.4312326908111572,2.832273637749757,1.8218921121916,9.066478881835938,20.07619857788086
FIO-ESM-2-0,ssp126,paper_qm,late_century,2080,2100,252,wind_speed_hub,period_mean_map,china_intersection,m s-1,2.6810529284091915,955,0.0,0.0,0.674400269985199,0.8744637513160706,2.556743621826172,2.832273664462005,1.335737426974494,8.444630336761476,10.141729354858398
FIO-ESM-2-0,ssp126,paper_qm,late_century,2080,2100,252,wpd,all_monthly_grid_samples,china_intersection,W m-2,nan,240660,0.0,0.0,0.0011250918032601476,0.0496974427998066,8.802088260650635,38.104519865890154,129.67180984835326,456.4802621459962,4956.2197265625
FIO-ESM-2-0,ssp126,paper_qm,late_century,2080,2100,252,wpd,period_mean_map,china_intersection,W m-2,26.725021666903892,955,0.0,0.0,0.3049038350582123,0.7081089770793915,15.328702926635742,38.10451920506842,89.08484176153127,467.32892089843756,1046.2158203125
FIO-ESM-2-0,ssp126,optimized,historical,1994,2014,252,tcell,all_monthly_grid_samples,china_intersection,degree_Celsius,nan,240660,0.0,19.321449347627357,-27.280712127685547,-17.686746425628662,15.725690841674805,13.982686983809172,14.030811412143088,36.47152038574219,41.740028381347656
FIO-ESM-2-0,ssp126,optimized,historical,1994,2014,252,tcell,period_mean_map,china_intersection,degree_Celsius,14.170530414276612,955,0.0,3.0366492146596857,-5.631461143493652,-1.7703707218170164,14.112995147705078,13.982686952396213,7.740359697799898,28.48792747497559,30.073455810546875
FIO-ESM-2-0,ssp126,optimized,historical,1994,2014,252,performance_ratio,all_monthly_grid_samples,china_intersection,1,nan,240660,0.0,0.0,0.9162998795509338,0.9426424139738083,1.046371579170227,1.0550865650548509,0.07015405697681402,1.2134337663650512,1.2614035606384277
FIO-ESM-2-0,ssp126,optimized,historical,1994,2014,252,performance_ratio,period_mean_map,china_intersection,1,1.0541473496151037,955,0.0,0.0,0.9746327996253967,0.9825603604316712,1.0544352531433105,1.055086569386627,0.038701789101956825,1.1338521456718444,1.1531574726104736
FIO-ESM-2-0,ssp126,optimized,historical,1994,2014,252,pvpot,all_monthly_grid_samples,china_intersection,W m-2,nan,240660,0.0,0.0,32.207942962646484,68.87527519226074,195.9556427001953,198.95996166214348,69.21777749716472,364.69002075195317,433.9617004394531
FIO-ESM-2-0,ssp126,optimized,historical,1994,2014,252,pvpot,period_mean_map,china_intersection,W m-2,200.29467243125174,955,0.0,0.0,119.04664611816406,127.87732803344727,190.18646240234375,198.959962000023,41.714122264455334,290.91007934570314,302.5646057128906
FIO-ESM-2-0,ssp126,optimized,historical,1994,2014,252,wind_speed_hub,all_monthly_grid_samples,china_intersection,m s-1,nan,240660,0.0,0.0,0.10967680811882019,0.5347819846868516,2.614948868751526,2.999537230955698,1.8168303158788495,9.12844275474549,19.447813034057617
FIO-ESM-2-0,ssp126,optimized,historical,1994,2014,252,wind_speed_hub,period_mean_map,china_intersection,m s-1,2.860745611574469,955,0.0,0.0,0.6975839734077454,1.045873510837555,2.7659971714019775,2.9995372838998966,1.3162699251208725,8.458284282684328,10.236315727233887
FIO-ESM-2-0,ssp126,optimized,historical,1994,2014,252,wpd,all_monthly_grid_samples,china_intersection,W m-2,nan,240660,0.0,0.0,0.0008080728002823889,0.09367773286998272,10.952056884765625,41.484627351952795,134.033034769186,465.90375640869263,4505.24462890625
FIO-ESM-2-0,ssp126,optimized,historical,1994,2014,252,wpd,period_mean_map,china_intersection,W m-2,29.920864680401795,955,0.0,0.0,0.30443233251571655,1.0487462973594666,18.435714721679688,41.48462744851387,92.5081463452163,470.383336181641,1102.7392578125
FIO-ESM-2-0,ssp126,optimized,mid_century,2040,2060,252,tcell,all_monthly_grid_samples,china_intersection,degree_Celsius,nan,240660,0.0,17.25006232859636,-24.87737464904785,-15.97722996711731,16.717089653015137,15.110142057228925,13.818602390558173,37.26242546081543,43.77080535888672
FIO-ESM-2-0,ssp126,optimized,mid_century,2040,2060,252,tcell,period_mean_map,china_intersection,degree_Celsius,15.27361658407088,955,0.0,1.6753926701570683,-4.572638988494873,-0.7040728807449339,15.223712921142578,15.11014245343614,7.591808863818151,29.28708854675293,30.909488677978516
FIO-ESM-2-0,ssp126,optimized,mid_century,2040,2060,252,performance_ratio,all_monthly_grid_samples,china_intersection,1,nan,240660,0.0,0.0,0.9061459898948669,0.9386878567934036,1.0414145588874817,1.04944928976541,0.06909301195585123,1.2048861277103424,1.2493869066238403
FIO-ESM-2-0,ssp126,optimized,mid_century,2040,2060,252,performance_ratio,period_mean_map,china_intersection,1,1.0486319138145563,955,0.0,0.0,0.9704524278640747,0.978564544916153,1.0488815307617188,1.0494492825413249,0.037959035250752504,1.12852068901062,1.1478631496429443
FIO-ESM-2-0,ssp126,optimized,mid_century,2040,2060,252,pvpot,all_monthly_grid_samples,china_intersection,W m-2,nan,240660,0.0,0.0,37.410926818847656,67.6493165588379,193.73511505126953,196.94781131983734,68.88041238592318,362.27968902587895,433.5561828613281
FIO-ESM-2-0,ssp126,optimized,mid_century,2040,2060,252,pvpot,period_mean_map,china_intersection,W m-2,198.27047561036545,955,0.0,0.0,118.11296081542969,126.86342254638672,188.35337829589844,196.94781062740307,40.91190630309781,288.95123168945315,300.9526062011719
FIO-ESM-2-0,ssp126,optimized,mid_century,2040,2060,252,wind_speed_hub,all_monthly_grid_samples,china_intersection,m s-1,nan,240660,0.0,0.0,0.1112075075507164,0.5276840788125992,2.5603431463241577,2.9535999737755807,1.8035566250171333,9.033842544555668,19.55047035217285
FIO-ESM-2-0,ssp126,optimized,mid_century,2040,2060,252,wind_speed_hub,period_mean_map,china_intersection,m s-1,2.8063160379047893,955,0.0,0.0,0.6783108711242676,1.0194688773155212,2.7087900638580322,2.953599948159063,1.322748059879724,8.503066329956058,10.320950508117676
FIO-ESM-2-0,ssp126,optimized,mid_century,2040,2060,252,wpd,all_monthly_grid_samples,china_intersection,W m-2,nan,240660,0.0,0.0,0.0008423807448707521,0.08999701015651226,10.280177593231201,40.2315251902906,134.12536064787236,451.56851654052787,4576.96630859375
FIO-ESM-2-0,ssp126,optimized,mid_century,2040,2060,252,wpd,period_mean_map,china_intersection,W m-2,28.47491187829193,955,0.0,0.0,0.275216281414032,0.9557889044284821,16.968265533447266,40.23152486198236,92.28398803727927,471.18920898437506,1092.8831787109375
FIO-ESM-2-0,ssp126,optimized,late_century,2080,2100,252,tcell,all_monthly_grid_samples,china_intersection,degree_Celsius,nan,240660,0.0,17.649380869276158,-26.11016273498535,-16.74693407058716,16.658048629760742,14.932459281006512,13.928298530576102,37.234507255554206,42.74312210083008
FIO-ESM-2-0,ssp126,optimized,late_century,2080,2100,252,tcell,period_mean_map,china_intersection,degree_Celsius,15.121511467014441,955,0.0,1.6753926701570683,-4.592218399047852,-0.8253025627136228,14.961847305297852,14.932459306883679,7.6804572388105115,29.33707527160645,30.897932052612305
FIO-ESM-2-0,ssp126,optimized,late_century,2080,2100,252,performance_ratio,all_monthly_grid_samples,china_intersection,1,nan,240660,0.0,0.0,0.9112843871116638,0.9388274574279785,1.0417097806930542,1.0503377036415589,0.06964149257797532,1.208734700679779,1.2555508613586426
FIO-ESM-2-0,ssp126,optimized,late_century,2080,2100,252,performance_ratio,period_mean_map,china_intersection,1,1.0493924421093257,955,0.0,0.0,0.9705100059509277,0.9783149611949921,1.0501911640167236,1.0503377051877725,0.03840228878672928,1.1291267275810242,1.1479610204696655
FIO-ESM-2-0,ssp126,optimized,late_century,2080,2100,252,pvpot,all_monthly_grid_samples,china_intersection,W m-2,nan,240660,0.0,0.0,38.0852165222168,68.03444602966309,194.22309112548828,196.98145270045237,68.81918319053794,364.00403869628906,457.05108642578125
FIO-ESM-2-0,ssp126,optimized,late_century,2080,2100,252,pvpot,period_mean_map,china_intersection,W m-2,198.35851456655342,955,0.0,0.0,120.02083587646484,128.55407623291015,188.11099243164062,196.98145187937152,41.22106690660578,289.06911315917966,301.526611328125
FIO-ESM-2-0,ssp126,optimized,late_century,2080,2100,252,wind_speed_hub,all_monthly_grid_samples,china_intersection,m s-1,nan,240660,0.0,0.0,0.11489000171422958,0.535681100487709,2.58081591129303,2.9663193336289617,1.7960696937910927,9.082686443328857,20.07619857788086
FIO-ESM-2-0,ssp126,optimized,late_century,2080,2100,252,wind_speed_hub,period_mean_map,china_intersection,m s-1,2.822513078840515,955,0.0,0.0,0.7003276944160461,1.0437024211883545,2.7278454303741455,2.9663193246456965,1.3196332812501694,8.515558490753175,10.299755096435547
FIO-ESM-2-0,ssp126,optimized,late_century,2080,2100,252,wpd,all_monthly_grid_samples,china_intersection,W m-2,nan,240660,0.0,0.0,0.0009288653964176774,0.09415103033185006,10.528758525848389,40.19267015916977,130.57149888241997,458.93278930664064,4956.2197265625
FIO-ESM-2-0,ssp126,optimized,late_century,2080,2100,252,wpd,period_mean_map,china_intersection,W m-2,28.617745194743666,955,0.0,0.0,0.30162447690963745,1.0266360211372376,17.671140670776367,40.19266912387928,90.60262338845425,475.0839660644532,1063.5430908203125
FIO-ESM-2-0,ssp245,paper_qm,historical,1994,2014,252,tcell,all_monthly_grid_samples,china_intersection,degree_Celsius,nan,240660,0.0,19.321449347627357,-27.280712127685547,-17.686746425628662,15.725690841674805,13.982686983809172,14.030811412143088,36.47152038574219,41.740028381347656
FIO-ESM-2-0,ssp245,paper_qm,historical,1994,2014,252,tcell,period_mean_map,china_intersection,degree_Celsius,14.170530414276612,955,0.0,3.0366492146596857,-5.631461143493652,-1.7703707218170164,14.112995147705078,13.982686952396213,7.740359697799898,28.48792747497559,30.073455810546875
FIO-ESM-2-0,ssp245,paper_qm,historical,1994,2014,252,performance_ratio,all_monthly_grid_samples,china_intersection,1,nan,240660,0.0,0.0,0.9162998795509338,0.9426424139738083,1.046371579170227,1.0550865650548509,0.07015405697681402,1.2134337663650512,1.2614035606384277
FIO-ESM-2-0,ssp245,paper_qm,historical,1994,2014,252,performance_ratio,period_mean_map,china_intersection,1,1.0541473496151037,955,0.0,0.0,0.9746327996253967,0.9825603604316712,1.0544352531433105,1.055086569386627,0.038701789101956825,1.1338521456718444,1.1531574726104736
FIO-ESM-2-0,ssp245,paper_qm,historical,1994,2014,252,pvpot,all_monthly_grid_samples,china_intersection,W m-2,nan,240660,0.0,0.0,32.207942962646484,68.87527519226074,195.9556427001953,198.95996166214348,69.21777749716472,364.69002075195317,433.9617004394531
FIO-ESM-2-0,ssp245,paper_qm,historical,1994,2014,252,pvpot,period_mean_map,china_intersection,W m-2,200.29467243125174,955,0.0,0.0,119.04664611816406,127.87732803344727,190.18646240234375,198.959962000023,41.714122264455334,290.91007934570314,302.5646057128906
FIO-ESM-2-0,ssp245,paper_qm,historical,1994,2014,252,wind_speed_hub,all_monthly_grid_samples,china_intersection,m s-1,nan,240660,0.0,0.0,0.10967680811882019,0.5347819846868516,2.614948868751526,2.999537230955698,1.8168303158788495,9.12844275474549,19.447813034057617
FIO-ESM-2-0,ssp245,paper_qm,historical,1994,2014,252,wind_speed_hub,period_mean_map,china_intersection,m s-1,2.860745611574469,955,0.0,0.0,0.6975839734077454,1.045873510837555,2.7659971714019775,2.9995372838998966,1.3162699251208725,8.458284282684328,10.236315727233887
FIO-ESM-2-0,ssp245,paper_qm,historical,1994,2014,252,wpd,all_monthly_grid_samples,china_intersection,W m-2,nan,240660,0.0,0.0,0.0008080728002823889,0.09367773286998272,10.952056884765625,41.484627351952795,134.033034769186,465.90375640869263,4505.24462890625
FIO-ESM-2-0,ssp245,paper_qm,historical,1994,2014,252,wpd,period_mean_map,china_intersection,W m-2,29.920864680401795,955,0.0,0.0,0.30443233251571655,1.0487462973594666,18.435714721679688,41.48462744851387,92.5081463452163,470.383336181641,1102.7392578125
FIO-ESM-2-0,ssp245,paper_qm,mid_century,2040,2060,252,tcell,all_monthly_grid_samples,china_intersection,degree_Celsius,nan,240660,0.0,16.926784675475776,-27.165334701538086,-16.560262355804444,17.23012351989746,15.517427276697266,14.046146838914483,38.128602523803714,43.577938079833984
FIO-ESM-2-0,ssp245,paper_qm,mid_century,2040,2060,252,tcell,period_mean_map,china_intersection,degree_Celsius,15.704458262132542,955,0.0,1.0471204188481675,-4.103316307067871,0.003881435990333637,15.694313049316406,15.517427217133383,7.554837365606707,29.693885650634773,31.488271713256836
FIO-ESM-2-0,ssp245,paper_qm,mid_century,2040,2060,252,performance_ratio,all_monthly_grid_samples,china_intersection,1,nan,240660,0.0,0.0,0.907110333442688,0.9343569773435593,1.0388493537902832,1.0474128635825435,0.0702307342360804,1.2078012955188753,1.2608267068862915
FIO-ESM-2-0,ssp245,paper_qm,mid_century,2040,2060,252,performance_ratio,period_mean_map,china_intersection,1,1.0464777043130922,955,0.0,0.0,0.9675586819648743,0.9765304958820343,1.0465284585952759,1.0474128608928301,0.03777418015870074,1.124980731010437,1.1455167531967163
FIO-ESM-2-0,ssp245,paper_qm,mid_century,2040,2060,252,pvpot,all_monthly_grid_samples,china_intersection,W m-2,nan,240660,0.0,0.0,32.70180892944336,67.43481567382813,192.3087921142578,196.38390917359945,68.65599423173217,359.92248718261726,429.772705078125
FIO-ESM-2-0,ssp245,paper_qm,mid_century,2040,2060,252,pvpot,period_mean_map,china_intersection,W m-2,197.67591840722613,955,0.0,0.0,116.99136352539062,126.7184844970703,188.0182342529297,196.38390890391085,40.76077242629064,287.342865600586,300.0337829589844
FIO-ESM-2-0,ssp245,paper_qm,mid_century,2040,2060,252,wind_speed_hub,all_monthly_grid_samples,china_intersection,m s-1,nan,240660,0.0,0.0,0.11063916236162186,0.4910954746603966,2.5225151777267456,2.920230324613515,1.8175923977014508,9.104278144836426,19.14061737060547
FIO-ESM-2-0,ssp245,paper_qm,mid_century,2040,2060,252,wind_speed_hub,period_mean_map,china_intersection,m s-1,2.7781549545293327,955,0.0,0.0,0.6168544292449951,0.9943884813785553,2.6868388652801514,2.9202303257912243,1.2956767775825075,8.465482330322265,10.220409393310547
FIO-ESM-2-0,ssp245,paper_qm,mid_century,2040,2060,252,wpd,all_monthly_grid_samples,china_intersection,W m-2,nan,240660,0.0,0.0,0.0008295311708934605,0.0725443971902132,9.831221103668213,39.96696702284261,134.38681224602084,462.21352813720716,4295.10595703125
FIO-ESM-2-0,ssp245,paper_qm,mid_century,2040,2060,252,wpd,period_mean_map,china_intersection,W m-2,28.411101529856076,955,0.0,0.0,0.22602367401123047,0.9170248162746429,17.040428161621094,39.96696702229415,91.58850290374436,460.93932739257826,1092.2855224609375
FIO-ESM-2-0,ssp245,paper_qm,late_century,2080,2100,252,tcell,all_monthly_grid_samples,china_intersection,degree_Celsius,nan,240660,0.0,15.206099891963767,-24.280977249145508,-14.756423130035401,17.850366592407227,16.335373055905592,13.811413711084144,38.715506858825684,44.473567962646484
FIO-ESM-2-0,ssp245,paper_qm,late_century,2080,2100,252,tcell,period_mean_map,china_intersection,degree_Celsius,16.525196988836363,955,0.0,0.41884816753926707,-3.4874603748321533,0.8163887262344361,16.5235538482666,16.335373017230896,7.427582258566,30.27519973754884,32.11021041870117
FIO-ESM-2-0,ssp245,paper_qm,late_century,2080,2100,252,performance_ratio,all_monthly_grid_samples,china_intersection,1,nan,240660,0.0,0.0,0.9026321768760681,0.9314224529266357,1.0357481837272644,1.0433231347047867,0.0690570686057387,1.1987821650505066,1.2464048862457275
FIO-ESM-2-0,ssp245,paper_qm,late_century,2080,2100,252,performance_ratio,period_mean_map,china_intersection,1,1.0423740189838242,955,0.0,0.0,0.9644493460655212,0.973623880147934,1.0423823595046997,1.0433231431152183,0.0371379102987485,1.1209179210662843,1.1424371004104614
FIO-ESM-2-0,ssp245,paper_qm,late_century,2080,2100,252,pvpot,all_monthly_grid_samples,china_intersection,W m-2,nan,240660,0.0,0.0,38.51329803466797,66.70753295898437,192.60564422607422,195.41161159084868,68.14811749427551,358.20399078369144,428.1320495605469
FIO-ESM-2-0,ssp245,paper_qm,late_century,2080,2100,252,pvpot,period_mean_map,china_intersection,W m-2,196.77094440360264,955,0.0,0.0,117.86560821533203,128.10837799072266,186.6699981689453,195.41161277731052,40.11627684802678,286.57810302734373,299.2200927734375
FIO-ESM-2-0,ssp245,paper_qm,late_century,2080,2100,252,wind_speed_hub,all_monthly_grid_samples,china_intersection,m s-1,nan,240660,0.0,0.0,0.11833381652832031,0.4589558625221253,2.488668203353882,2.8854907990488305,1.8172376876820506,9.111150331497194,19.227005004882812
FIO-ESM-2-0,ssp245,paper_qm,late_century,2080,2100,252,wind_speed_hub,period_mean_map,china_intersection,m s-1,2.7410683858935423,955,0.0,0.0,0.6227965950965881,0.9814682650566101,2.6435658931732178,2.885490758444002,1.3001388371015208,8.596600017547608,10.254416465759277
FIO-ESM-2-0,ssp245,paper_qm,late_century,2080,2100,252,wpd,all_monthly_grid_samples,china_intersection,W m-2,nan,240660,0.0,0.0,0.0010149221634492278,0.059213240519165995,9.440762519836426,39.32931435294132,136.60330847727735,463.2609960937503,4353.525390625
FIO-ESM-2-0,ssp245,paper_qm,late_century,2080,2100,252,wpd,period_mean_map,china_intersection,W m-2,27.28594283175269,955,0.0,0.0,0.2410447597503662,0.981047477722168,16.871850967407227,39.32931502002696,93.00340574852801,493.66745239257864,1091.7357177734375
FIO-ESM-2-0,ssp245,optimized,historical,1994,2014,252,tcell,all_monthly_grid_samples,china_intersection,degree_Celsius,nan,240660,0.0,19.321449347627357,-27.280712127685547,-17.686746425628662,15.725690841674805,13.982686983809172,14.030811412143088,36.47152038574219,41.740028381347656
FIO-ESM-2-0,ssp245,optimized,historical,1994,2014,252,tcell,period_mean_map,china_intersection,degree_Celsius,14.170530414276612,955,0.0,3.0366492146596857,-5.631461143493652,-1.7703707218170164,14.112995147705078,13.982686952396213,7.740359697799898,28.48792747497559,30.073455810546875
FIO-ESM-2-0,ssp245,optimized,historical,1994,2014,252,performance_ratio,all_monthly_grid_samples,china_intersection,1,nan,240660,0.0,0.0,0.9162998795509338,0.9426424139738083,1.046371579170227,1.0550865650548509,0.07015405697681402,1.2134337663650512,1.2614035606384277
FIO-ESM-2-0,ssp245,optimized,historical,1994,2014,252,performance_ratio,period_mean_map,china_intersection,1,1.0541473496151037,955,0.0,0.0,0.9746327996253967,0.9825603604316712,1.0544352531433105,1.055086569386627,0.038701789101956825,1.1338521456718444,1.1531574726104736
FIO-ESM-2-0,ssp245,optimized,historical,1994,2014,252,pvpot,all_monthly_grid_samples,china_intersection,W m-2,nan,240660,0.0,0.0,32.207942962646484,68.87527519226074,195.9556427001953,198.95996166214348,69.21777749716472,364.69002075195317,433.9617004394531
FIO-ESM-2-0,ssp245,optimized,historical,1994,2014,252,pvpot,period_mean_map,china_intersection,W m-2,200.29467243125174,955,0.0,0.0,119.04664611816406,127.87732803344727,190.18646240234375,198.959962000023,41.714122264455334,290.91007934570314,302.5646057128906
FIO-ESM-2-0,ssp245,optimized,historical,1994,2014,252,wind_speed_hub,all_monthly_grid_samples,china_intersection,m s-1,nan,240660,0.0,0.0,0.10967680811882019,0.5347819846868516,2.614948868751526,2.999537230955698,1.8168303158788495,9.12844275474549,19.447813034057617
FIO-ESM-2-0,ssp245,optimized,historical,1994,2014,252,wind_speed_hub,period_mean_map,china_intersection,m s-1,2.860745611574469,955,0.0,0.0,0.6975839734077454,1.045873510837555,2.7659971714019775,2.9995372838998966,1.3162699251208725,8.458284282684328,10.236315727233887
FIO-ESM-2-0,ssp245,optimized,historical,1994,2014,252,wpd,all_monthly_grid_samples,china_intersection,W m-2,nan,240660,0.0,0.0,0.0008080728002823889,0.09367773286998272,10.952056884765625,41.484627351952795,134.033034769186,465.90375640869263,4505.24462890625
FIO-ESM-2-0,ssp245,optimized,historical,1994,2014,252,wpd,period_mean_map,china_intersection,W m-2,29.920864680401795,955,0.0,0.0,0.30443233251571655,1.0487462973594666,18.435714721679688,41.48462744851387,92.5081463452163,470.383336181641,1102.7392578125
FIO-ESM-2-0,ssp245,optimized,mid_century,2040,2060,252,tcell,all_monthly_grid_samples,china_intersection,degree_Celsius,nan,240660,0.0,16.832460732984295,-27.7457275390625,-16.164046421051026,17.14156436920166,15.483235004246339,13.931648921899937,37.88441703796387,42.96082305908203
FIO-ESM-2-0,ssp245,optimized,mid_century,2040,2060,252,tcell,period_mean_map,china_intersection,degree_Celsius,15.649673652030309,955,0.0,1.1518324607329842,-3.879103899002075,-0.12674019590020172,15.616957664489746,15.483234876050998,7.536472091196454,29.673817558288576,31.358245849609375
FIO-ESM-2-0,ssp245,optimized,mid_century,2040,2060,252,performance_ratio,all_monthly_grid_samples,china_intersection,1,nan,240660,0.0,0.0,0.9101958870887756,0.9355779421329499,1.0392921566963196,1.0475838248823128,0.06965824458184694,1.205820220708847,1.2637286186218262
FIO-ESM-2-0,ssp245,optimized,mid_century,2040,2060,252,performance_ratio,period_mean_map,china_intersection,1,1.0467516231872385,955,0.0,0.0,0.9682086706161499,0.9766310143470764,1.0469154119491577,1.0475838199335867,0.03768236881862272,1.1256340408325196,1.1443952322006226
FIO-ESM-2-0,ssp245,optimized,mid_century,2040,2060,252,pvpot,all_monthly_grid_samples,china_intersection,W m-2,nan,240660,0.0,0.0,32.64757537841797,67.39642242431641,192.39069366455078,196.45124942053883,68.74989035433634,360.40550598144534,432.2878112792969
FIO-ESM-2-0,ssp245,optimized,mid_century,2040,2060,252,pvpot,period_mean_map,china_intersection,W m-2,197.76311785318632,955,0.0,0.0,116.99431610107422,126.89694625854493,188.2465057373047,196.45124821687867,40.81822915766502,287.5574584960938,300.38134765625
FIO-ESM-2-0,ssp245,optimized,mid_century,2040,2060,252,wind_speed_hub,all_monthly_grid_samples,china_intersection,m s-1,nan,240660,0.0,0.0,0.11063916236162186,0.5412932407855987,2.5951693058013916,2.9865554297739325,1.8103502858123728,9.116209154129029,19.14061737060547
FIO-ESM-2-0,ssp245,optimized,mid_century,2040,2060,252,wind_speed_hub,period_mean_map,china_intersection,m s-1,2.844616949159326,955,0.0,0.0,0.6770128607749939,1.0341963386535644,2.743082284927368,2.986555424597875,1.3151964168810244,8.47158567428589,10.361747741699219
FIO-ESM-2-0,ssp245,optimized,mid_century,2040,2060,252,wpd,all_monthly_grid_samples,china_intersection,W m-2,nan,240660,0.0,0.0,0.0008295311708934605,0.09714129775762559,10.705406665802002,41.125157034913734,134.21668725280261,464.0330572509766,4295.10595703125
FIO-ESM-2-0,ssp245,optimized,mid_century,2040,2060,252,wpd,period_mean_map,china_intersection,W m-2,29.44042429067313,955,0.0,0.0,0.2707523703575134,1.0253072166442871,17.83201026916504,41.12515676639467,92.61412330133334,463.8780328369141,1097.8955078125
FIO-ESM-2-0,ssp245,optimized,late_century,2080,2100,252,tcell,all_monthly_grid_samples,china_intersection,degree_Celsius,nan,240660,0.0,14.949721598936257,-24.45000648498535,-14.09095142364502,17.759275436401367,16.318049985446166,13.634258906134477,38.46159408569336,44.230712890625
FIO-ESM-2-0,ssp245,optimized,late_century,2080,2100,252,tcell,period_mean_map,china_intersection,degree_Celsius,16.47964119330754,955,0.0,0.6282722513089005,-3.1340696811676025,0.7284150803089143,16.496225357055664,16.318049876852186,7.383616454287727,30.257347869873048,31.966167449951172
FIO-ESM-2-0,ssp245,optimized,late_century,2080,2100,252,performance_ratio,all_monthly_grid_samples,china_intersection,1,nan,240660,0.0,0.0,0.9038464426994324,0.932692037820816,1.0362036228179932,1.0434097500530193,0.06817129459159826,1.1954547989368438,1.2472500801086426
FIO-ESM-2-0,ssp245,optimized,late_century,2080,2100,252,performance_ratio,period_mean_map,china_intersection,1,1.0426017960613099,955,0.0,0.0,0.9651695489883423,0.9737132441997528,1.0425188541412354,1.0434097519095655,0.03691807628866495,1.1213577222824096,1.1406705379486084
FIO-ESM-2-0,ssp245,optimized,late_century,2080,2100,252,pvpot,all_monthly_grid_samples,china_intersection,W m-2,nan,240660,0.0,0.0,38.56315231323242,66.6586247253418,192.62979888916016,195.4748657952379,68.26090040899672,358.92777648925784,428.0478820800781
FIO-ESM-2-0,ssp245,optimized,late_century,2080,2100,252,pvpot,period_mean_map,china_intersection,W m-2,196.85951537381484,955,0.0,0.0,117.8564224243164,128.1979800415039,186.75051879882812,195.47486447638866,40.1581748905369,286.6527398681641,299.4621887207031
FIO-ESM-2-0,ssp245,optimized,late_century,2080,2100,252,wind_speed_hub,all_monthly_grid_samples,china_intersection,m s-1,nan,240660,0.0,0.0,0.11509224772453308,0.5360017079114914,2.580928087234497,2.9699992382587324,1.805941580954281,9.099098882675174,19.227005004882812
FIO-ESM-2-0,ssp245,optimized,late_century,2080,2100,252,wind_speed_hub,period_mean_map,china_intersection,m s-1,2.824426390033839,955,0.0,0.0,0.6853369474411011,1.0351884484291076,2.734470844268799,2.9699992740341505,1.3191945503959641,8.58757080078125,10.409570693969727
FIO-ESM-2-0,ssp245,optimized,late_century,2080,2100,252,wpd,all_monthly_grid_samples,china_intersection,W m-2,nan,240660,0.0,0.0,0.0009337793453596532,0.09432017527520657,10.53013277053833,40.77729312241081,137.5745086065064,461.4251147460941,4353.525390625
FIO-ESM-2-0,ssp245,optimized,late_century,2080,2100,252,wpd,period_mean_map,china_intersection,W m-2,28.59709118475788,955,0.0,0.0,0.28843551874160767,1.0083292722702026,17.352130889892578,40.777292434457706,94.53276204142738,490.0843243408207,1114.3109130859375
FIO-ESM-2-0,ssp585,paper_qm,historical,1994,2014,252,tcell,all_monthly_grid_samples,china_intersection,degree_Celsius,nan,240660,0.0,19.321449347627357,-27.280712127685547,-17.686746425628662,15.725690841674805,13.982686983809172,14.030811412143088,36.47152038574219,41.740028381347656
FIO-ESM-2-0,ssp585,paper_qm,historical,1994,2014,252,tcell,period_mean_map,china_intersection,degree_Celsius,14.170530414276612,955,0.0,3.0366492146596857,-5.631461143493652,-1.7703707218170164,14.112995147705078,13.982686952396213,7.740359697799898,28.48792747497559,30.073455810546875
FIO-ESM-2-0,ssp585,paper_qm,historical,1994,2014,252,performance_ratio,all_monthly_grid_samples,china_intersection,1,nan,240660,0.0,0.0,0.9162998795509338,0.9426424139738083,1.046371579170227,1.0550865650548509,0.07015405697681402,1.2134337663650512,1.2614035606384277
FIO-ESM-2-0,ssp585,paper_qm,historical,1994,2014,252,performance_ratio,period_mean_map,china_intersection,1,1.0541473496151037,955,0.0,0.0,0.9746327996253967,0.9825603604316712,1.0544352531433105,1.055086569386627,0.038701789101956825,1.1338521456718444,1.1531574726104736
FIO-ESM-2-0,ssp585,paper_qm,historical,1994,2014,252,pvpot,all_monthly_grid_samples,china_intersection,W m-2,nan,240660,0.0,0.0,32.207942962646484,68.87527519226074,195.9556427001953,198.95996166214348,69.21777749716472,364.69002075195317,433.9617004394531
FIO-ESM-2-0,ssp585,paper_qm,historical,1994,2014,252,pvpot,period_mean_map,china_intersection,W m-2,200.29467243125174,955,0.0,0.0,119.04664611816406,127.87732803344727,190.18646240234375,198.959962000023,41.714122264455334,290.91007934570314,302.5646057128906
FIO-ESM-2-0,ssp585,paper_qm,historical,1994,2014,252,wind_speed_hub,all_monthly_grid_samples,china_intersection,m s-1,nan,240660,0.0,0.0,0.10967680811882019,0.5347819846868516,2.614948868751526,2.999537230955698,1.8168303158788495,9.12844275474549,19.447813034057617
FIO-ESM-2-0,ssp585,paper_qm,historical,1994,2014,252,wind_speed_hub,period_mean_map,china_intersection,m s-1,2.860745611574469,955,0.0,0.0,0.6975839734077454,1.045873510837555,2.7659971714019775,2.9995372838998966,1.3162699251208725,8.458284282684328,10.236315727233887
FIO-ESM-2-0,ssp585,paper_qm,historical,1994,2014,252,wpd,all_monthly_grid_samples,china_intersection,W m-2,nan,240660,0.0,0.0,0.0008080728002823889,0.09367773286998272,10.952056884765625,41.484627351952795,134.033034769186,465.90375640869263,4505.24462890625
FIO-ESM-2-0,ssp585,paper_qm,historical,1994,2014,252,wpd,period_mean_map,china_intersection,W m-2,29.920864680401795,955,0.0,0.0,0.30443233251571655,1.0487462973594666,18.435714721679688,41.48462744851387,92.5081463452163,470.383336181641,1102.7392578125
FIO-ESM-2-0,ssp585,paper_qm,mid_century,2040,2060,252,tcell,all_monthly_grid_samples,china_intersection,degree_Celsius,nan,240660,0.0,16.415274661347958,-29.902332305908203,-16.388665924072267,17.50637149810791,15.798548419168418,14.083207285286747,38.554614830017094,44.46086883544922
FIO-ESM-2-0,ssp585,paper_qm,mid_century,2040,2060,252,tcell,period_mean_map,china_intersection,degree_Celsius,15.98528111966319,955,0.0,0.8376963350785341,-3.9407758712768555,0.10155788555741313,15.98177433013916,15.798548595927148,7.546266897482629,29.840644493103028,31.668916702270508
FIO-ESM-2-0,ssp585,paper_qm,mid_century,2040,2060,252,performance_ratio,all_monthly_grid_samples,china_intersection,1,nan,240660,0.0,0.0,0.9026956558227539,0.9322269093990326,1.037468135356903,1.0460072579622506,0.07041603636396654,1.2069433271884917,1.274511694908142
FIO-ESM-2-0,ssp585,paper_qm,mid_century,2040,2060,252,performance_ratio,period_mean_map,china_intersection,1,1.045073603137911,955,0.0,0.0,0.9666556715965271,0.9757969093322754,1.0450912714004517,1.046007266281787,0.037731330835603726,1.1244921612739562,1.1447043418884277
FIO-ESM-2-0,ssp585,paper_qm,mid_century,2040,2060,252,pvpot,all_monthly_grid_samples,china_intersection,W m-2,nan,240660,0.0,0.0,35.29048538208008,66.30799674987793,192.87564086914062,195.8016011552027,68.65548348555537,360.5069143676758,445.9877624511719
FIO-ESM-2-0,ssp585,paper_qm,mid_century,2040,2060,252,pvpot,period_mean_map,china_intersection,W m-2,197.15123193759132,955,0.0,0.0,119.92314147949219,128.77604217529296,186.48464965820312,195.80160047121697,40.6020544419953,286.39909973144535,298.5729064941406
FIO-ESM-2-0,ssp585,paper_qm,mid_century,2040,2060,252,wind_speed_hub,all_monthly_grid_samples,china_intersection,m s-1,nan,240660,0.0,0.0,0.11232665926218033,0.501113668680191,2.548567295074463,2.946775598597931,1.8189281448291559,9.154571352005005,18.644756317138672
FIO-ESM-2-0,ssp585,paper_qm,mid_century,2040,2060,252,wind_speed_hub,period_mean_map,china_intersection,m s-1,2.802057683216567,955,0.0,0.0,0.7294293642044067,1.0158807253837585,2.709225654602051,2.946775596428916,1.3066749345294901,8.684076843261721,10.06641674041748
FIO-ESM-2-0,ssp585,paper_qm,mid_century,2040,2060,252,wpd,all_monthly_grid_samples,china_intersection,W m-2,nan,240660,0.0,0.0,0.0008680697646923363,0.07707523070275783,10.138982772827148,40.493825676000164,133.99165743347712,469.9159127807619,3969.86962890625
FIO-ESM-2-0,ssp585,paper_qm,mid_century,2040,2060,252,wpd,period_mean_map,china_intersection,W m-2,28.673191253018388,955,0.0,0.0,0.333596408367157,1.038795552253723,17.571269989013672,40.49382571524975,91.40919407622738,493.66409057617193,1059.4837646484375
FIO-ESM-2-0,ssp585,paper_qm,late_century,2080,2100,252,tcell,all_monthly_grid_samples,china_intersection,degree_Celsius,nan,240660,0.0,10.755007063907588,-21.678678512573242,-12.224984760284423,20.424614906311035,19.095457789522477,13.687292886363222,41.57896400451661,48.8647575378418
FIO-ESM-2-0,ssp585,paper_qm,late_century,2080,2100,252,tcell,period_mean_map,china_intersection,degree_Celsius,19.266606249764546,955,0.0,0.20942408376963353,-0.9653291702270508,3.3928822803497316,19.398969650268555,19.0954576956274,7.258530860046825,32.1212557220459,34.41095733642578
FIO-ESM-2-0,ssp585,paper_qm,late_century,2080,2100,252,performance_ratio,all_monthly_grid_samples,china_intersection,1,nan,240660,0.0,0.0,0.8806762099266052,0.917105205655098,1.0228769183158875,1.0295227111282466,0.06843646447346718,1.1861249113082886,1.2333934307098389
FIO-ESM-2-0,ssp585,paper_qm,late_century,2080,2100,252,performance_ratio,period_mean_map,china_intersection,1,1.028666972441081,955,0.0,0.0,0.9529449343681335,0.9643935549259186,1.0280053615570068,1.0295227119435815,0.03629265589969375,1.1080354714393617,1.1298264265060425
FIO-ESM-2-0,ssp585,paper_qm,late_century,2080,2100,252,pvpot,all_monthly_grid_samples,china_intersection,W m-2,nan,240660,0.0,0.0,33.92601013183594,63.47478332519531,190.68955993652344,193.0897502504005,66.95396810603867,354.3910693359375,427.36334228515625
FIO-ESM-2-0,ssp585,paper_qm,late_century,2080,2100,252,pvpot,period_mean_map,china_intersection,W m-2,194.5674979069293,955,0.0,0.0,120.22984313964844,130.56730682373046,182.54168701171875,193.08974760365112,38.11669119785892,279.5850561523438,291.28717041015625
FIO-ESM-2-0,ssp585,paper_qm,late_century,2080,2100,252,wind_speed_hub,all_monthly_grid_samples,china_intersection,m s-1,nan,240660,0.0,0.0,0.11709616333246231,0.4515548786520958,2.4421344995498657,2.853105429443076,1.8047411261908346,8.918848314285283,19.189311981201172
FIO-ESM-2-0,ssp585,paper_qm,late_century,2080,2100,252,wind_speed_hub,period_mean_map,china_intersection,m s-1,2.707309448421705,955,0.0,0.0,0.6335217952728271,0.9676086425781251,2.648906946182251,2.853105413726487,1.2752512063437569,8.321670303344737,9.7672700881958
FIO-ESM-2-0,ssp585,paper_qm,late_century,2080,2100,252,wpd,all_monthly_grid_samples,china_intersection,W m-2,nan,240660,0.0,0.0,0.0009834087686613202,0.056394629366695884,8.921026706695557,37.913004893612715,126.99484044212399,434.54263610839917,4327.97021484375
FIO-ESM-2-0,ssp585,paper_qm,late_century,2080,2100,252,wpd,period_mean_map,china_intersection,W m-2,26.68172296777017,955,0.0,0.0,0.23241032660007477,0.9322525942325592,16.99793815612793,37.913004221014326,84.8007468263746,469.25551086425867,974.2903442382812
FIO-ESM-2-0,ssp585,optimized,historical,1994,2014,252,tcell,all_monthly_grid_samples,china_intersection,degree_Celsius,nan,240660,0.0,19.321449347627357,-27.280712127685547,-17.686746425628662,15.725690841674805,13.982686983809172,14.030811412143088,36.47152038574219,41.740028381347656
FIO-ESM-2-0,ssp585,optimized,historical,1994,2014,252,tcell,period_mean_map,china_intersection,degree_Celsius,14.170530414276612,955,0.0,3.0366492146596857,-5.631461143493652,-1.7703707218170164,14.112995147705078,13.982686952396213,7.740359697799898,28.48792747497559,30.073455810546875
FIO-ESM-2-0,ssp585,optimized,historical,1994,2014,252,performance_ratio,all_monthly_grid_samples,china_intersection,1,nan,240660,0.0,0.0,0.9162998795509338,0.9426424139738083,1.046371579170227,1.0550865650548509,0.07015405697681402,1.2134337663650512,1.2614035606384277
FIO-ESM-2-0,ssp585,optimized,historical,1994,2014,252,performance_ratio,period_mean_map,china_intersection,1,1.0541473496151037,955,0.0,0.0,0.9746327996253967,0.9825603604316712,1.0544352531433105,1.055086569386627,0.038701789101956825,1.1338521456718444,1.1531574726104736
FIO-ESM-2-0,ssp585,optimized,historical,1994,2014,252,pvpot,all_monthly_grid_samples,china_intersection,W m-2,nan,240660,0.0,0.0,32.207942962646484,68.87527519226074,195.9556427001953,198.95996166214348,69.21777749716472,364.69002075195317,433.9617004394531
FIO-ESM-2-0,ssp585,optimized,historical,1994,2014,252,pvpot,period_mean_map,china_intersection,W m-2,200.29467243125174,955,0.0,0.0,119.04664611816406,127.87732803344727,190.18646240234375,198.959962000023,41.714122264455334,290.91007934570314,302.5646057128906
FIO-ESM-2-0,ssp585,optimized,historical,1994,2014,252,wind_speed_hub,all_monthly_grid_samples,china_intersection,m s-1,nan,240660,0.0,0.0,0.10967680811882019,0.5347819846868516,2.614948868751526,2.999537230955698,1.8168303158788495,9.12844275474549,19.447813034057617
FIO-ESM-2-0,ssp585,optimized,historical,1994,2014,252,wind_speed_hub,period_mean_map,china_intersection,m s-1,2.860745611574469,955,0.0,0.0,0.6975839734077454,1.045873510837555,2.7659971714019775,2.9995372838998966,1.3162699251208725,8.458284282684328,10.236315727233887
FIO-ESM-2-0,ssp585,optimized,historical,1994,2014,252,wpd,all_monthly_grid_samples,china_intersection,W m-2,nan,240660,0.0,0.0,0.0008080728002823889,0.09367773286998272,10.952056884765625,41.484627351952795,134.033034769186,465.90375640869263,4505.24462890625
FIO-ESM-2-0,ssp585,optimized,historical,1994,2014,252,wpd,period_mean_map,china_intersection,W m-2,29.920864680401795,955,0.0,0.0,0.30443233251571655,1.0487462973594666,18.435714721679688,41.48462744851387,92.5081463452163,470.383336181641,1102.7392578125
FIO-ESM-2-0,ssp585,optimized,mid_century,2040,2060,252,tcell,all_monthly_grid_samples,china_intersection,degree_Celsius,nan,240660,0.0,16.291032992603675,-29.849464416503906,-15.97922285079956,17.413147926330566,15.772813721139077,13.961396481657244,38.36879306793213,44.23065948486328
FIO-ESM-2-0,ssp585,optimized,mid_century,2040,2060,252,tcell,period_mean_map,china_intersection,degree_Celsius,15.931724909353496,955,0.0,0.9424083769633508,-3.6964516639709473,0.04252276798710233,15.894303321838379,15.772813862750395,7.523363511890631,29.92587802886963,31.547685623168945
FIO-ESM-2-0,ssp585,optimized,mid_century,2040,2060,252,performance_ratio,all_monthly_grid_samples,china_intersection,1,nan,240660,0.0,0.0,0.9038466811180115,0.933156024813652,1.0379342436790466,1.0461359314727612,0.06980698241556772,1.2048960852622985,1.2742472887039185
FIO-ESM-2-0,ssp585,optimized,mid_century,2040,2060,252,performance_ratio,period_mean_map,china_intersection,1,1.045341370049154,955,0.0,0.0,0.9672614932060242,0.9753707349300385,1.045528531074524,1.046135925497684,0.037616811384512165,1.124787359237671,1.1434824466705322
FIO-ESM-2-0,ssp585,optimized,mid_century,2040,2060,252,pvpot,all_monthly_grid_samples,china_intersection,W m-2,nan,240660,0.0,0.0,35.29913330078125,66.22176803588867,192.9352798461914,195.8630521556658,68.74719479916126,360.92018341064454,446.84112548828125
FIO-ESM-2-0,ssp585,optimized,mid_century,2040,2060,252,pvpot,period_mean_map,china_intersection,W m-2,197.23939506817933,955,0.0,0.0,119.92463684082031,128.82958953857423,186.67481994628906,195.86305226430844,40.66463236564099,286.6809307861328,298.9328308105469
FIO-ESM-2-0,ssp585,optimized,mid_century,2040,2060,252,wind_speed_hub,all_monthly_grid_samples,china_intersection,m s-1,nan,240660,0.0,0.0,0.11232665926218033,0.5403161060810089,2.6098134517669678,3.0019492066172524,1.811662790367993,9.136507234573367,18.644756317138672
FIO-ESM-2-0,ssp585,optimized,mid_century,2040,2060,252,wind_speed_hub,period_mean_map,china_intersection,m s-1,2.858536725726375,955,0.0,0.0,0.7133676409721375,1.0461606788635254,2.764315128326416,3.0019492000809516,1.3192741751284187,8.589710330963138,10.29931926727295
FIO-ESM-2-0,ssp585,optimized,mid_century,2040,2060,252,wpd,all_monthly_grid_samples,china_intersection,W m-2,nan,240660,0.0,0.0,0.0008680697646923363,0.09661616012454033,10.887659072875977,41.41740808087141,133.67656174334599,467.13966217041053,3969.86962890625
FIO-ESM-2-0,ssp585,optimized,mid_century,2040,2060,252,wpd,period_mean_map,china_intersection,W m-2,29.594416209878403,955,0.0,0.0,0.31675654649734497,1.0053875184059144,18.084693908691406,41.41740763374648,92.1055980425356,482.93178161621097,1073.527587890625
FIO-ESM-2-0,ssp585,optimized,late_century,2080,2100,252,tcell,all_monthly_grid_samples,china_intersection,degree_Celsius,nan,240660,0.0,10.264688772542176,-21.785329818725586,-11.142206678390503,20.36067008972168,19.125546773537287,13.497847177431137,41.56298225402832,48.483924865722656
FIO-ESM-2-0,ssp585,optimized,late_century,2080,2100,252,tcell,period_mean_map,china_intersection,degree_Celsius,19.26333250761027,955,0.0,0.10471204188481677,-0.5389891862869263,3.5272599029541016,19.484643936157227,19.12554686397158,7.212872749431282,32.31093627929688,34.386356353759766
FIO-ESM-2-0,ssp585,optimized,late_century,2080,2100,252,performance_ratio,all_monthly_grid_samples,china_intersection,1,nan,240660,0.0,0.0,0.8825803995132446,0.9171851086616516,1.0231966972351074,1.0293722660835471,0.06748923589321407,1.1807110512256622,1.2339266538619995
FIO-ESM-2-0,ssp585,optimized,late_century,2080,2100,252,performance_ratio,period_mean_map,china_intersection,1,1.0286833352735096,955,0.0,0.0,0.953068196773529,0.963445611000061,1.0275766849517822,1.0293722630171251,0.036064354375507285,1.1073635816574097,1.1276946067810059
FIO-ESM-2-0,ssp585,optimized,late_century,2080,2100,252,pvpot,all_monthly_grid_samples,china_intersection,W m-2,nan,240660,0.0,0.0,33.98158645629883,63.342011795043945,190.7796630859375,193.11071406451384,67.04140073637015,355.1883264160156,425.25701904296875
FIO-ESM-2-0,ssp585,optimized,late_century,2080,2100,252,pvpot,period_mean_map,china_intersection,W m-2,194.61627667596912,955,0.0,0.0,120.24288940429688,130.56488983154296,182.8707275390625,193.11071580816937,38.17065840022028,279.85064880371095,291.8455505371094
FIO-ESM-2-0,ssp585,optimized,late_century,2080,2100,252,wind_speed_hub,all_monthly_grid_samples,china_intersection,m s-1,nan,240660,0.0,0.0,0.11709616333246231,0.5359842878580093,2.570977568626404,2.958077828205616,1.7841234066785392,8.965204029083253,19.139278411865234
FIO-ESM-2-0,ssp585,optimized,late_century,2080,2100,252,wind_speed_hub,period_mean_map,china_intersection,m s-1,2.8139966020995475,955,0.0,0.0,0.6755262017250061,1.0290363311767579,2.732194662094116,2.9580777844833452,1.2943272155093652,8.446016616821293,10.03088092803955
FIO-ESM-2-0,ssp585,optimized,late_century,2080,2100,252,wpd,all_monthly_grid_samples,china_intersection,W m-2,nan,240660,0.0,0.0,0.0009834087686613202,0.09431099176406861,10.408806324005127,39.53304619958241,127.36888601817431,441.3534942626954,4294.20458984375
FIO-ESM-2-0,ssp585,optimized,late_century,2080,2100,252,wpd,period_mean_map,china_intersection,W m-2,28.14253223841051,955,0.0,0.0,0.2709134817123413,1.0155116486549378,17.777448654174805,39.53304526400191,86.67406021707406,471.7365759277349,1002.89599609375
IPSL-CM6A-LR,ssp126,paper_qm,historical,1994,2014,252,tcell,all_monthly_grid_samples,china_intersection,degree_Celsius,nan,96264,0.0,19.19720767888307,-29.076322555541992,-17.585904445648193,16.015048027038574,14.156821598586296,14.042305846758113,36.2693984222412,40.86499786376953
IPSL-CM6A-LR,ssp126,paper_qm,historical,1994,2014,252,tcell,period_mean_map,china_intersection,degree_Celsius,14.23125897269073,382,0.0,2.094240837696335,-6.395531177520752,-1.395154320001602,14.459696292877197,14.15682124676846,7.818299467797075,28.47969367980957,30.84508514404297
IPSL-CM6A-LR,ssp126,paper_qm,historical,1994,2014,252,performance_ratio,all_monthly_grid_samples,china_intersection,1,nan,96264,0.0,0.0,0.9206749796867371,0.9436530250310898,1.044924795627594,1.054215891900492,0.07021152913521887,1.2129295146465302,1.2703815698623657
IPSL-CM6A-LR,ssp126,paper_qm,historical,1994,2014,252,performance_ratio,period_mean_map,china_intersection,1,1.0538437080775975,382,0.0,0.0,0.9707745313644409,0.9826013976335526,1.0527017712593079,1.0542158866740021,0.03909149145574405,1.1319755268096925,1.1569777727127075
IPSL-CM6A-LR,ssp126,paper_qm,historical,1994,2014,252,pvpot,all_monthly_grid_samples,china_intersection,W m-2,nan,96264,0.0,0.0,39.843650817871094,68.9450122833252,197.38216400146484,199.20814823575282,68.07338747108932,362.7279504394531,436.7416687011719
IPSL-CM6A-LR,ssp126,paper_qm,historical,1994,2014,252,pvpot,period_mean_map,china_intersection,W m-2,200.9086356444337,382,0.0,0.0,122.48033905029297,130.681678314209,189.75103759765625,199.20814512162931,39.99641368137203,290.4820251464844,303.7281494140625
IPSL-CM6A-LR,ssp126,paper_qm,historical,1994,2014,252,wind_speed_hub,all_monthly_grid_samples,china_intersection,m s-1,nan,96264,0.0,0.0,0.12916763126850128,0.5511297076940537,2.688338875770569,3.1547745138202115,2.0393079035127766,10.848009824752806,19.38944435119629
IPSL-CM6A-LR,ssp126,paper_qm,historical,1994,2014,252,wind_speed_hub,period_mean_map,china_intersection,m s-1,2.9317832536975548,382,0.0,0.0,0.8869799971580505,1.0152980321645737,2.837164044380188,3.1547745116718153,1.5284338004863867,8.829161891937256,10.109492301940918
IPSL-CM6A-LR,ssp126,paper_qm,historical,1994,2014,252,wpd,all_monthly_grid_samples,china_intersection,W m-2,nan,96264,0.0,0.0,0.001319979433901608,0.10253391876816749,11.900306701660156,53.564350607846556,172.9918115918532,781.9092510986322,4464.80224609375
IPSL-CM6A-LR,ssp126,paper_qm,historical,1994,2014,252,wpd,period_mean_map,china_intersection,W m-2,33.95590320034932,382,0.0,0.0,0.6026894450187683,0.9207902818918228,19.694238662719727,53.564350918949586,118.26348935782967,576.7406756591795,1107.9251708984375
IPSL-CM6A-LR,ssp126,paper_qm,mid_century,2040,2060,252,tcell,all_monthly_grid_samples,china_intersection,degree_Celsius,nan,96264,0.0,16.78612980969002,-25.332927703857422,-15.787032508850098,17.440251350402832,15.863589405474137,14.126542696129276,38.26797901153562,42.55979919433594
IPSL-CM6A-LR,ssp126,paper_qm,mid_century,2040,2060,252,tcell,period_mean_map,china_intersection,degree_Celsius,15.950934532284212,382,0.0,1.0471204188481675,-5.165162086486816,0.35941396599635483,16.565235137939453,15.86358927315618,7.715498892024931,29.48836217880249,32.09321975708008
IPSL-CM6A-LR,ssp126,paper_qm,mid_century,2040,2060,252,performance_ratio,all_monthly_grid_samples,china_intersection,1,nan,96264,0.0,0.0,0.9122009873390198,0.9336601150035858,1.0377987027168274,1.045682053074029,0.07063271334718264,1.2039351665973663,1.251664638519287
IPSL-CM6A-LR,ssp126,paper_qm,mid_century,2040,2060,252,performance_ratio,period_mean_map,china_intersection,1,1.045245318037043,382,0.0,0.0,0.964533805847168,0.9775582563877105,1.042173981666565,1.045682050326732,0.03857749045693557,1.1232026147842407,1.1508259773254395
IPSL-CM6A-LR,ssp126,paper_qm,mid_century,2040,2060,252,pvpot,all_monthly_grid_samples,china_intersection,W m-2,nan,96264,0.0,0.0,37.50362014770508,68.104228515625,197.15373992919922,198.58872503034792,67.1116726837499,357.37403869628906,435.44122314453125
IPSL-CM6A-LR,ssp126,paper_qm,mid_century,2040,2060,252,pvpot,period_mean_map,china_intersection,W m-2,200.20463286078692,382,0.0,0.0,132.29994201660156,139.8299855041504,190.18749237060547,198.58872494522814,37.04640631804762,285.1402783203125,299.0478820800781
IPSL-CM6A-LR,ssp126,paper_qm,mid_century,2040,2060,252,wind_speed_hub,all_monthly_grid_samples,china_intersection,m s-1,nan,96264,0.0,0.0,0.11042099446058273,0.39170615047216417,2.386253595352173,2.899255611902654,2.107361545467897,11.126295089721664,19.36041259765625
IPSL-CM6A-LR,ssp126,paper_qm,mid_century,2040,2060,252,wind_speed_hub,period_mean_map,china_intersection,m s-1,2.6546475803549767,382,0.0,0.0,0.5934057831764221,0.8276401072740555,2.5540947914123535,2.899255608700957,1.5728757411102363,8.967537603378295,10.036553382873535
IPSL-CM6A-LR,ssp126,paper_qm,mid_century,2040,2060,252,wpd,all_monthly_grid_samples,china_intersection,W m-2,nan,96264,0.0,0.0,0.0008246336947195232,0.03681181900203228,8.322539329528809,50.71945181801836,184.15844518815726,843.6413134765589,4444.77587890625
IPSL-CM6A-LR,ssp126,paper_qm,mid_century,2040,2060,252,wpd,period_mean_map,china_intersection,W m-2,30.19657744036338,382,0.0,0.0,0.33405181765556335,0.5516525399684906,16.011354446411133,50.71945357978032,123.58011807660718,644.73130859375,1172.8648681640625
IPSL-CM6A-LR,ssp126,paper_qm,late_century,2080,2100,252,tcell,all_monthly_grid_samples,china_intersection,degree_Celsius,nan,96264,0.0,16.799634338901352,-27.31641960144043,-15.769977922439574,17.61966896057129,15.893027428148555,14.169722883964141,38.490061035156245,43.31082534790039
IPSL-CM6A-LR,ssp126,paper_qm,late_century,2080,2100,252,tcell,period_mean_map,china_intersection,degree_Celsius,15.964315021938294,382,0.0,0.7853403141361256,-5.146534442901611,0.37348591700196265,16.611555099487305,15.893027626524109,7.686007639354305,29.76006368637085,32.02056884765625
IPSL-CM6A-LR,ssp126,paper_qm,late_century,2080,2100,252,performance_ratio,all_monthly_grid_samples,china_intersection,1,nan,96264,0.0,0.0,0.9084458947181702,0.9325497126579285,1.0369016528129578,1.0455348629764187,0.07084861439966018,1.2038498973846434,1.2615821361541748
IPSL-CM6A-LR,ssp126,paper_qm,late_century,2080,2100,252,performance_ratio,period_mean_map,china_intersection,1,1.0451784380984965,382,0.0,0.0,0.964897632598877,0.9761995339393615,1.0419418811798096,1.0455348619615845,0.03843002938535101,1.1231323957443238,1.1507326364517212
IPSL-CM6A-LR,ssp126,paper_qm,late_century,2080,2100,252,pvpot,all_monthly_grid_samples,china_intersection,W m-2,nan,96264,0.0,0.0,39.370487213134766,67.21272453308106,197.93029022216797,199.08579367631532,66.8751102187494,357.7215582275387,433.02825927734375
IPSL-CM6A-LR,ssp126,paper_qm,late_century,2080,2100,252,pvpot,period_mean_map,china_intersection,W m-2,200.80408386878963,382,0.0,0.0,130.3287811279297,138.48942306518555,190.53961944580078,199.08579525772814,37.1015842636351,284.6157711791992,299.4617004394531
IPSL-CM6A-LR,ssp126,paper_qm,late_century,2080,2100,252,wind_speed_hub,all_monthly_grid_samples,china_intersection,m s-1,nan,96264,0.0,0.0,0.1033010184764862,0.37328544557094573,2.3814783096313477,2.8879057729606235,2.079632973384479,10.782653436660752,18.36238670349121
IPSL-CM6A-LR,ssp126,paper_qm,late_century,2080,2100,252,wind_speed_hub,period_mean_map,china_intersection,m s-1,2.6578601400129127,382,0.0,0.0,0.5723828077316284,0.7726828545331955,2.5634125471115112,2.8879057204848184,1.557038028767392,8.83522322654724,9.668310165405273
IPSL-CM6A-LR,ssp126,paper_qm,late_century,2080,2100,252,wpd,all_monthly_grid_samples,china_intersection,W m-2,nan,96264,0.0,0.0,0.0006751804612576962,0.03185879126191139,8.272675514221191,48.454923185301865,163.3206737007844,767.8617321777314,3792.219970703125
IPSL-CM6A-LR,ssp126,paper_qm,late_century,2080,2100,252,wpd,period_mean_map,china_intersection,W m-2,29.91022510143935,382,0.0,0.0,0.30554667115211487,0.4306598615646362,15.743043422698975,48.454924402202614,112.22449886475773,594.3451635742186,1014.7424926757812
IPSL-CM6A-LR,ssp126,optimized,historical,1994,2014,252,tcell,all_monthly_grid_samples,china_intersection,degree_Celsius,nan,96264,0.0,19.19720767888307,-29.076322555541992,-17.585904445648193,16.015048027038574,14.156821598586296,14.042305846758113,36.2693984222412,40.86499786376953
IPSL-CM6A-LR,ssp126,optimized,historical,1994,2014,252,tcell,period_mean_map,china_intersection,degree_Celsius,14.23125897269073,382,0.0,2.094240837696335,-6.395531177520752,-1.395154320001602,14.459696292877197,14.15682124676846,7.818299467797075,28.47969367980957,30.84508514404297
IPSL-CM6A-LR,ssp126,optimized,historical,1994,2014,252,performance_ratio,all_monthly_grid_samples,china_intersection,1,nan,96264,0.0,0.0,0.9206749796867371,0.9436530250310898,1.044924795627594,1.054215891900492,0.07021152913521887,1.2129295146465302,1.2703815698623657
IPSL-CM6A-LR,ssp126,optimized,historical,1994,2014,252,performance_ratio,period_mean_map,china_intersection,1,1.0538437080775975,382,0.0,0.0,0.9707745313644409,0.9826013976335526,1.0527017712593079,1.0542158866740021,0.03909149145574405,1.1319755268096925,1.1569777727127075
IPSL-CM6A-LR,ssp126,optimized,historical,1994,2014,252,pvpot,all_monthly_grid_samples,china_intersection,W m-2,nan,96264,0.0,0.0,39.843650817871094,68.9450122833252,197.38216400146484,199.20814823575282,68.07338747108932,362.7279504394531,436.7416687011719
IPSL-CM6A-LR,ssp126,optimized,historical,1994,2014,252,pvpot,period_mean_map,china_intersection,W m-2,200.9086356444337,382,0.0,0.0,122.48033905029297,130.681678314209,189.75103759765625,199.20814512162931,39.99641368137203,290.4820251464844,303.7281494140625
IPSL-CM6A-LR,ssp126,optimized,historical,1994,2014,252,wind_speed_hub,all_monthly_grid_samples,china_intersection,m s-1,nan,96264,0.0,0.0,0.12916763126850128,0.5511297076940537,2.688338875770569,3.1547745138202115,2.0393079035127766,10.848009824752806,19.38944435119629
IPSL-CM6A-LR,ssp126,optimized,historical,1994,2014,252,wind_speed_hub,period_mean_map,china_intersection,m s-1,2.9317832536975548,382,0.0,0.0,0.8869799971580505,1.0152980321645737,2.837164044380188,3.1547745116718153,1.5284338004863867,8.829161891937256,10.109492301940918
IPSL-CM6A-LR,ssp126,optimized,historical,1994,2014,252,wpd,all_monthly_grid_samples,china_intersection,W m-2,nan,96264,0.0,0.0,0.001319979433901608,0.10253391876816749,11.900306701660156,53.564350607846556,172.9918115918532,781.9092510986322,4464.80224609375
IPSL-CM6A-LR,ssp126,optimized,historical,1994,2014,252,wpd,period_mean_map,china_intersection,W m-2,33.95590320034932,382,0.0,0.0,0.6026894450187683,0.9207902818918228,19.694238662719727,53.564350918949586,118.26348935782967,576.7406756591795,1107.9251708984375
IPSL-CM6A-LR,ssp126,optimized,mid_century,2040,2060,252,tcell,all_monthly_grid_samples,china_intersection,degree_Celsius,nan,96264,0.0,16.74249979223801,-26.44145393371582,-15.420409011840821,17.55544948577881,15.909263774137008,14.026426226352775,37.878966369628905,42.514556884765625
IPSL-CM6A-LR,ssp126,optimized,mid_century,2040,2060,252,tcell,period_mean_map,china_intersection,degree_Celsius,15.989754248148582,382,0.0,0.7853403141361256,-4.699986934661865,0.20225975923240186,16.543457984924316,15.909263936032332,7.737415061788962,29.55532802581787,32.18915557861328
IPSL-CM6A-LR,ssp126,optimized,mid_century,2040,2060,252,performance_ratio,all_monthly_grid_samples,china_intersection,1,nan,96264,0.0,0.0,0.9124272465705872,0.9356051731109619,1.0372228026390076,1.0454536811957522,0.07013213118029407,1.202102071046829,1.2572072744369507
IPSL-CM6A-LR,ssp126,optimized,mid_century,2040,2060,252,performance_ratio,period_mean_map,china_intersection,1,1.0450512389932705,382,0.0,0.0,0.9640538096427917,0.977223339676857,1.0422825813293457,1.0454536883930885,0.038687068968578785,1.1239885783195496,1.148499846458435
IPSL-CM6A-LR,ssp126,optimized,mid_century,2040,2060,252,pvpot,all_monthly_grid_samples,china_intersection,W m-2,nan,96264,0.0,0.0,37.45335006713867,68.04770561218261,197.16424560546875,198.5875345738285,67.20895059382075,358.0471853637693,435.66766357421875
IPSL-CM6A-LR,ssp126,optimized,mid_century,2040,2060,252,pvpot,period_mean_map,china_intersection,W m-2,200.20862560471787,382,0.0,0.0,132.188720703125,139.7582957458496,190.2768096923828,198.58753523901495,37.046088823230136,285.40097747802736,298.70733642578125
IPSL-CM6A-LR,ssp126,optimized,mid_century,2040,2060,252,wind_speed_hub,all_monthly_grid_samples,china_intersection,m s-1,nan,96264,0.0,0.0,0.11042099446058273,0.5173378109931945,2.5522958040237427,3.040114607080399,2.059025674852208,11.142244739532435,19.36041259765625
IPSL-CM6A-LR,ssp126,optimized,mid_century,2040,2060,252,wind_speed_hub,period_mean_map,china_intersection,m s-1,2.7986442770865496,382,0.0,0.0,0.8487330675125122,0.9928667265176773,2.7099239826202393,3.040114605457995,1.558279201823503,9.015970106124877,10.241002082824707
IPSL-CM6A-LR,ssp126,optimized,mid_century,2040,2060,252,wpd,all_monthly_grid_samples,china_intersection,W m-2,nan,96264,0.0,0.0,0.0008246336947195232,0.08480642586946488,10.183547973632812,52.31113759477627,182.65613979465053,847.2748071288979,4444.77587890625
IPSL-CM6A-LR,ssp126,optimized,mid_century,2040,2060,252,wpd,period_mean_map,china_intersection,W m-2,31.610092593264035,382,0.0,0.0,0.5351986885070801,0.8238143688440323,17.848660469055176,52.31114069579159,124.42847249336572,639.8701684570312,1178.961181640625
IPSL-CM6A-LR,ssp126,optimized,late_century,2080,2100,252,tcell,all_monthly_grid_samples,china_intersection,degree_Celsius,nan,96264,0.0,16.823526967506027,-28.137535095214844,-15.455906505584716,17.715595245361328,15.92055790471422,14.091643252914212,37.99185142517089,43.087276458740234
IPSL-CM6A-LR,ssp126,optimized,late_century,2080,2100,252,tcell,period_mean_map,china_intersection,degree_Celsius,15.988174686009957,382,0.0,0.7853403141361256,-4.784401893615723,0.12016071055084468,16.44126605987549,15.920558033608563,7.726796663915752,29.791616344451903,32.12873458862305
IPSL-CM6A-LR,ssp126,optimized,late_century,2080,2100,252,performance_ratio,all_monthly_grid_samples,china_intersection,1,nan,96264,0.0,0.0,0.9095636010169983,0.9350407421588898,1.0364220142364502,1.0453972104560068,0.0704582161375942,1.2022795176506043,1.2656877040863037
IPSL-CM6A-LR,ssp126,optimized,late_century,2080,2100,252,performance_ratio,period_mean_map,china_intersection,1,1.0450591288800684,382,0.0,0.0,0.9643564820289612,0.976041773557663,1.0427935123443604,1.0453972059706742,0.03863396946913523,1.1243990314006806,1.1489217281341553
IPSL-CM6A-LR,ssp126,optimized,late_century,2080,2100,252,pvpot,all_monthly_grid_samples,china_intersection,W m-2,nan,96264,0.0,0.0,39.41748809814453,67.17017707824706,197.9756622314453,199.09867157389633,66.97312871648818,358.31251037597644,432.61431884765625
IPSL-CM6A-LR,ssp126,optimized,late_century,2080,2100,252,pvpot,period_mean_map,china_intersection,W m-2,200.8199960122495,382,0.0,0.0,130.24984741210938,138.24289474487304,190.7191390991211,199.0986704401945,37.12244060609017,284.837275390625,299.2126159667969
IPSL-CM6A-LR,ssp126,optimized,late_century,2080,2100,252,wind_speed_hub,all_monthly_grid_samples,china_intersection,m s-1,nan,96264,0.0,0.0,0.1033010184764862,0.5240916180610656,2.580304503440857,3.0569360434104538,2.026470457366696,10.815167331695543,17.49024200439453
IPSL-CM6A-LR,ssp126,optimized,late_century,2080,2100,252,wind_speed_hub,period_mean_map,china_intersection,m s-1,2.8265068176434305,382,0.0,0.0,0.9288756847381592,0.9885759043693543,2.7235625982284546,3.0569361245444933,1.5395392799513898,8.89079737663269,10.0302734375
IPSL-CM6A-LR,ssp126,optimized,late_century,2080,2100,252,wpd,all_monthly_grid_samples,china_intersection,W m-2,nan,96264,0.0,0.0,0.0006751804612576962,0.08817140705883503,10.522501468658447,50.74373595221343,163.85910177392225,774.8289263915985,3277.12939453125
IPSL-CM6A-LR,ssp126,optimized,late_century,2080,2100,252,wpd,period_mean_map,china_intersection,W m-2,31.625160371714813,382,0.0,0.0,0.673626720905304,0.7764571881294251,17.85087490081787,50.74373394406903,114.61792356820888,593.6991296386718,1047.1138916015625
IPSL-CM6A-LR,ssp245,paper_qm,historical,1994,2014,252,tcell,all_monthly_grid_samples,china_intersection,degree_Celsius,nan,96264,0.0,19.19720767888307,-29.076322555541992,-17.585904445648193,16.015048027038574,14.156821598586296,14.042305846758113,36.2693984222412,40.86499786376953
IPSL-CM6A-LR,ssp245,paper_qm,historical,1994,2014,252,tcell,period_mean_map,china_intersection,degree_Celsius,14.23125897269073,382,0.0,2.094240837696335,-6.395531177520752,-1.395154320001602,14.459696292877197,14.15682124676846,7.818299467797075,28.47969367980957,30.84508514404297
IPSL-CM6A-LR,ssp245,paper_qm,historical,1994,2014,252,performance_ratio,all_monthly_grid_samples,china_intersection,1,nan,96264,0.0,0.0,0.9206749796867371,0.9436530250310898,1.044924795627594,1.054215891900492,0.07021152913521887,1.2129295146465302,1.2703815698623657
IPSL-CM6A-LR,ssp245,paper_qm,historical,1994,2014,252,performance_ratio,period_mean_map,china_intersection,1,1.0538437080775975,382,0.0,0.0,0.9707745313644409,0.9826013976335526,1.0527017712593079,1.0542158866740021,0.03909149145574405,1.1319755268096925,1.1569777727127075
IPSL-CM6A-LR,ssp245,paper_qm,historical,1994,2014,252,pvpot,all_monthly_grid_samples,china_intersection,W m-2,nan,96264,0.0,0.0,39.843650817871094,68.9450122833252,197.38216400146484,199.20814823575282,68.07338747108932,362.7279504394531,436.7416687011719
IPSL-CM6A-LR,ssp245,paper_qm,historical,1994,2014,252,pvpot,period_mean_map,china_intersection,W m-2,200.9086356444337,382,0.0,0.0,122.48033905029297,130.681678314209,189.75103759765625,199.20814512162931,39.99641368137203,290.4820251464844,303.7281494140625
IPSL-CM6A-LR,ssp245,paper_qm,historical,1994,2014,252,wind_speed_hub,all_monthly_grid_samples,china_intersection,m s-1,nan,96264,0.0,0.0,0.12916763126850128,0.5511297076940537,2.688338875770569,3.1547745138202115,2.0393079035127766,10.848009824752806,19.38944435119629
IPSL-CM6A-LR,ssp245,paper_qm,historical,1994,2014,252,wind_speed_hub,period_mean_map,china_intersection,m s-1,2.9317832536975548,382,0.0,0.0,0.8869799971580505,1.0152980321645737,2.837164044380188,3.1547745116718153,1.5284338004863867,8.829161891937256,10.109492301940918
IPSL-CM6A-LR,ssp245,paper_qm,historical,1994,2014,252,wpd,all_monthly_grid_samples,china_intersection,W m-2,nan,96264,0.0,0.0,0.001319979433901608,0.10253391876816749,11.900306701660156,53.564350607846556,172.9918115918532,781.9092510986322,4464.80224609375
IPSL-CM6A-LR,ssp245,paper_qm,historical,1994,2014,252,wpd,period_mean_map,china_intersection,W m-2,33.95590320034932,382,0.0,0.0,0.6026894450187683,0.9207902818918228,19.694238662719727,53.564350918949586,118.26348935782967,576.7406756591795,1107.9251708984375
IPSL-CM6A-LR,ssp245,paper_qm,mid_century,2040,2060,252,tcell,all_monthly_grid_samples,china_intersection,degree_Celsius,nan,96264,0.0,16.412158231529958,-26.459861755371094,-15.324214658737183,17.652732849121094,16.07309179003049,14.055073634971768,38.66442836761473,43.178611755371094
IPSL-CM6A-LR,ssp245,paper_qm,mid_century,2040,2060,252,tcell,period_mean_map,china_intersection,degree_Celsius,16.161504760129215,382,0.0,0.7853403141361256,-4.8901848793029785,0.782679398059845,16.596763610839844,16.073091827528014,7.595961391083218,29.557594337463378,32.24221420288086
IPSL-CM6A-LR,ssp245,paper_qm,mid_century,2040,2060,252,performance_ratio,all_monthly_grid_samples,china_intersection,1,nan,96264,0.0,0.0,0.9091069102287292,0.9316778743267059,1.0367363691329956,1.0446345410280709,0.07027536799092314,1.2016210973262786,1.2572993040084839
IPSL-CM6A-LR,ssp245,paper_qm,mid_century,2040,2060,252,performance_ratio,period_mean_map,china_intersection,1,1.0441924859693834,382,0.0,0.0,0.9637885689735413,0.9772118693590164,1.042015790939331,1.044634538171179,0.03797980889516654,1.121086629629135,1.1494512557983398
IPSL-CM6A-LR,ssp245,paper_qm,mid_century,2040,2060,252,pvpot,all_monthly_grid_samples,china_intersection,W m-2,nan,96264,0.0,0.0,34.76396942138672,67.50413185119629,195.3007354736328,197.11303072333146,66.55736937856145,354.8354458618163,430.3896179199219
IPSL-CM6A-LR,ssp245,paper_qm,mid_century,2040,2060,252,pvpot,period_mean_map,china_intersection,W m-2,198.76504225193366,382,0.0,0.0,128.89791870117188,137.14329833984374,188.59882354736328,197.11302396764304,36.67217721623208,282.1807653808594,296.50537109375
IPSL-CM6A-LR,ssp245,paper_qm,mid_century,2040,2060,252,wind_speed_hub,all_monthly_grid_samples,china_intersection,m s-1,nan,96264,0.0,0.0,0.10675738751888275,0.4446088081598282,2.5528225898742676,3.0393713119781953,2.107529339973436,11.209888648986803,19.200204849243164
IPSL-CM6A-LR,ssp245,paper_qm,mid_century,2040,2060,252,wind_speed_hub,period_mean_map,china_intersection,m s-1,2.8174057080428048,382,0.0,0.0,0.763627290725708,0.9437940239906311,2.7655749320983887,3.039371333041116,1.5581683160022244,9.039741964340209,10.31804370880127
IPSL-CM6A-LR,ssp245,paper_qm,mid_century,2040,2060,252,wpd,all_monthly_grid_samples,china_intersection,W m-2,nan,96264,0.0,0.0,0.0007452464196830988,0.053831990920007226,10.189855575561523,53.79290444541538,188.2179614002678,862.7997192382782,4335.345703125
IPSL-CM6A-LR,ssp245,paper_qm,mid_century,2040,2060,252,wpd,period_mean_map,china_intersection,W m-2,32.76537289139445,382,0.0,0.0,0.4413306415081024,0.7053400325775147,20.02586078643799,53.7929069302313,127.16645913621839,653.1238781738281,1194.218505859375
IPSL-CM6A-LR,ssp245,paper_qm,late_century,2080,2100,252,tcell,all_monthly_grid_samples,china_intersection,degree_Celsius,nan,96264,0.0,14.533989861214991,-22.554800033569336,-14.010656957626344,18.8524751663208,17.395700878272965,14.147513358356598,40.457368736267085,45.32913589477539
IPSL-CM6A-LR,ssp245,paper_qm,late_century,2080,2100,252,tcell,period_mean_map,china_intersection,degree_Celsius,17.48606375467407,382,0.0,0.2617801047120419,-3.741825580596924,2.0853729736804962,18.0825138092041,17.395701034374888,7.445331211235942,30.58478328704834,33.33232116699219
IPSL-CM6A-LR,ssp245,paper_qm,late_century,2080,2100,252,performance_ratio,all_monthly_grid_samples,china_intersection,1,nan,96264,0.0,0.0,0.8983542919158936,0.9227131569385528,1.0307376384735107,1.0380214955380638,0.07073756684310854,1.195053299665451,1.2377740144729614
IPSL-CM6A-LR,ssp245,paper_qm,late_century,2080,2100,252,performance_ratio,period_mean_map,china_intersection,1,1.0375696816004407,382,0.0,0.0,0.9583386778831482,0.9720761096477508,1.0345874428749084,1.038021496141144,0.037226657738684714,1.1145733046531676,1.1437089443206787
IPSL-CM6A-LR,ssp245,paper_qm,late_century,2080,2100,252,pvpot,all_monthly_grid_samples,china_intersection,W m-2,nan,96264,0.0,0.0,36.007144927978516,65.10168098449707,195.9104995727539,196.2466035187616,66.39625471613893,350.71799468994107,424.20977783203125
IPSL-CM6A-LR,ssp245,paper_qm,late_century,2080,2100,252,pvpot,period_mean_map,china_intersection,W m-2,197.82711447589512,382,0.0,0.0,130.8585662841797,139.2730239868164,188.33344268798828,196.24660300209885,34.75831880331489,279.5578952026367,293.06982421875
IPSL-CM6A-LR,ssp245,paper_qm,late_century,2080,2100,252,wind_speed_hub,all_monthly_grid_samples,china_intersection,m s-1,nan,96264,0.0,0.0,0.11023270338773727,0.3850873693823814,2.4052631855010986,2.9080940186826463,2.1097388073988994,11.024475746154774,19.205671310424805
IPSL-CM6A-LR,ssp245,paper_qm,late_century,2080,2100,252,wind_speed_hub,period_mean_map,china_intersection,m s-1,2.6837023542362837,382,0.0,0.0,0.7225201725959778,0.8435223352909088,2.5986980199813843,2.9080940542732856,1.5485678607882023,8.93218279838562,10.069904327392578
IPSL-CM6A-LR,ssp245,paper_qm,late_century,2080,2100,252,wpd,all_monthly_grid_samples,china_intersection,W m-2,nan,96264,0.0,0.0,0.000820422254037112,0.034977111220359805,8.523027896881104,50.677665409252285,180.09306869448216,820.6915893554662,4339.04931640625
IPSL-CM6A-LR,ssp245,paper_qm,late_century,2080,2100,252,wpd,period_mean_map,china_intersection,W m-2,30.66531914994248,382,0.0,0.0,0.3703671395778656,0.5722079449892044,17.418145179748535,50.67766415823193,122.13064442242009,616.4757928466796,1161.7406005859375
IPSL-CM6A-LR,ssp245,optimized,historical,1994,2014,252,tcell,all_monthly_grid_samples,china_intersection,degree_Celsius,nan,96264,0.0,19.19720767888307,-29.076322555541992,-17.585904445648193,16.015048027038574,14.156821598586296,14.042305846758113,36.2693984222412,40.86499786376953
IPSL-CM6A-LR,ssp245,optimized,historical,1994,2014,252,tcell,period_mean_map,china_intersection,degree_Celsius,14.23125897269073,382,0.0,2.094240837696335,-6.395531177520752,-1.395154320001602,14.459696292877197,14.15682124676846,7.818299467797075,28.47969367980957,30.84508514404297
IPSL-CM6A-LR,ssp245,optimized,historical,1994,2014,252,performance_ratio,all_monthly_grid_samples,china_intersection,1,nan,96264,0.0,0.0,0.9206749796867371,0.9436530250310898,1.044924795627594,1.054215891900492,0.07021152913521887,1.2129295146465302,1.2703815698623657
IPSL-CM6A-LR,ssp245,optimized,historical,1994,2014,252,performance_ratio,period_mean_map,china_intersection,1,1.0538437080775975,382,0.0,0.0,0.9707745313644409,0.9826013976335526,1.0527017712593079,1.0542158866740021,0.03909149145574405,1.1319755268096925,1.1569777727127075
IPSL-CM6A-LR,ssp245,optimized,historical,1994,2014,252,pvpot,all_monthly_grid_samples,china_intersection,W m-2,nan,96264,0.0,0.0,39.843650817871094,68.9450122833252,197.38216400146484,199.20814823575282,68.07338747108932,362.7279504394531,436.7416687011719
IPSL-CM6A-LR,ssp245,optimized,historical,1994,2014,252,pvpot,period_mean_map,china_intersection,W m-2,200.9086356444337,382,0.0,0.0,122.48033905029297,130.681678314209,189.75103759765625,199.20814512162931,39.99641368137203,290.4820251464844,303.7281494140625
IPSL-CM6A-LR,ssp245,optimized,historical,1994,2014,252,wind_speed_hub,all_monthly_grid_samples,china_intersection,m s-1,nan,96264,0.0,0.0,0.12916763126850128,0.5511297076940537,2.688338875770569,3.1547745138202115,2.0393079035127766,10.848009824752806,19.38944435119629
IPSL-CM6A-LR,ssp245,optimized,historical,1994,2014,252,wind_speed_hub,period_mean_map,china_intersection,m s-1,2.9317832536975548,382,0.0,0.0,0.8869799971580505,1.0152980321645737,2.837164044380188,3.1547745116718153,1.5284338004863867,8.829161891937256,10.109492301940918
IPSL-CM6A-LR,ssp245,optimized,historical,1994,2014,252,wpd,all_monthly_grid_samples,china_intersection,W m-2,nan,96264,0.0,0.0,0.001319979433901608,0.10253391876816749,11.900306701660156,53.564350607846556,172.9918115918532,781.9092510986322,4464.80224609375
IPSL-CM6A-LR,ssp245,optimized,historical,1994,2014,252,wpd,period_mean_map,china_intersection,W m-2,33.95590320034932,382,0.0,0.0,0.6026894450187683,0.9207902818918228,19.694238662719727,53.564350918949586,118.26348935782967,576.7406756591795,1107.9251708984375
IPSL-CM6A-LR,ssp245,optimized,mid_century,2040,2060,252,tcell,all_monthly_grid_samples,china_intersection,degree_Celsius,nan,96264,0.0,16.288539848749274,-28.070587158203125,-14.860008058547974,17.816797256469727,16.201403806888642,13.96442705502475,38.24197105407714,42.832496643066406
IPSL-CM6A-LR,ssp245,optimized,mid_century,2040,2060,252,tcell,period_mean_map,china_intersection,degree_Celsius,16.291982597102418,382,0.0,0.7853403141361256,-4.324687480926514,0.5904799321293831,16.73202610015869,16.20140395434427,7.664422640766081,29.79096965789795,32.38419723510742
IPSL-CM6A-LR,ssp245,optimized,mid_century,2040,2060,252,performance_ratio,all_monthly_grid_samples,china_intersection,1,nan,96264,0.0,0.0,0.9108375310897827,0.9337901449203492,1.035916030406952,1.0439929809586312,0.06982213538202216,1.199300023317337,1.2653529644012451
IPSL-CM6A-LR,ssp245,optimized,mid_century,2040,2060,252,performance_ratio,period_mean_map,china_intersection,1,1.0435400909980586,382,0.0,0.0,0.9630790948867798,0.9760451984405517,1.0413400530815125,1.0439929792082123,0.0383220915196663,1.122047209739685,1.146623134613037
IPSL-CM6A-LR,ssp245,optimized,mid_century,2040,2060,252,pvpot,all_monthly_grid_samples,china_intersection,W m-2,nan,96264,0.0,0.0,34.7828483581543,67.40293190002441,195.19439697265625,197.04456117525072,66.67079031497995,355.5129641723633,431.5303955078125
IPSL-CM6A-LR,ssp245,optimized,mid_century,2040,2060,252,pvpot,period_mean_map,china_intersection,W m-2,198.69364479286114,382,0.0,0.0,128.77601623535156,136.85993148803712,188.4164047241211,197.04456409234652,36.71416756374081,282.41238861083986,296.063720703125
IPSL-CM6A-LR,ssp245,optimized,mid_century,2040,2060,252,wind_speed_hub,all_monthly_grid_samples,china_intersection,m s-1,nan,96264,0.0,0.0,0.10675738751888275,0.5391555714607239,2.6397626399993896,3.1155635252010443,2.0632791054492516,11.13864953041076,19.200204849243164
IPSL-CM6A-LR,ssp245,optimized,mid_century,2040,2060,252,wind_speed_hub,period_mean_map,china_intersection,m s-1,2.8830773707478294,382,0.0,0.0,0.8905972838401794,0.9994487220048904,2.7814810276031494,3.1155635561618507,1.5582429599166527,9.035112056732178,10.307757377624512
IPSL-CM6A-LR,ssp245,optimized,mid_century,2040,2060,252,wpd,all_monthly_grid_samples,china_intersection,W m-2,nan,96264,0.0,0.0,0.0007452464196830988,0.09599497936666011,11.26680326461792,54.11527803562268,185.31677842842868,846.4548077392562,4335.345703125
IPSL-CM6A-LR,ssp245,optimized,mid_century,2040,2060,252,wpd,period_mean_map,china_intersection,W m-2,33.094079841221024,382,0.0,0.0,0.6061885356903076,0.7890483224391938,19.4019718170166,54.11527783911266,126.03606966902287,641.5722613525389,1177.3709716796875
IPSL-CM6A-LR,ssp245,optimized,late_century,2080,2100,252,tcell,all_monthly_grid_samples,china_intersection,degree_Celsius,nan,96264,0.0,14.412449098312974,-24.8514461517334,-13.234904651641846,19.075817108154297,17.52884075265227,14.022063696383011,40.00111553192138,45.204139709472656
IPSL-CM6A-LR,ssp245,optimized,late_century,2080,2100,252,tcell,period_mean_map,china_intersection,degree_Celsius,17.620443399872205,382,0.0,0.2617801047120419,-2.9227170944213867,1.853216736316681,18.124021530151367,17.528840766527267,7.511492380250988,30.884459838867187,33.50322341918945
IPSL-CM6A-LR,ssp245,optimized,late_century,2080,2100,252,performance_ratio,all_monthly_grid_samples,china_intersection,1,nan,96264,0.0,0.0,0.8989793062210083,0.9249944114685058,1.029620885848999,1.0373557962908775,0.07011031858988846,1.1911745727062226,1.249257206916809
IPSL-CM6A-LR,ssp245,optimized,late_century,2080,2100,252,performance_ratio,period_mean_map,china_intersection,1,1.0368978111566398,382,0.0,0.0,0.9574838876724243,0.9705776196718215,1.0343796610832214,1.0373558110279562,0.03755746109254946,1.1157341277599335,1.1396135091781616
IPSL-CM6A-LR,ssp245,optimized,late_century,2080,2100,252,pvpot,all_monthly_grid_samples,china_intersection,W m-2,nan,96264,0.0,0.0,35.90866470336914,64.94760482788087,195.86853790283203,196.18207676385114,66.52348434271593,351.621046142578,428.8931579589844
IPSL-CM6A-LR,ssp245,optimized,late_century,2080,2100,252,pvpot,period_mean_map,china_intersection,W m-2,197.75882030774846,382,0.0,0.0,130.73699951171875,139.08001907348634,188.3645248413086,196.18207721810066,34.78447685562077,279.3712692260742,292.40631103515625
IPSL-CM6A-LR,ssp245,optimized,late_century,2080,2100,252,wind_speed_hub,all_monthly_grid_samples,china_intersection,m s-1,nan,96264,0.0,0.0,0.14344097673892975,0.504797271490097,2.5570931434631348,3.043314132816222,2.0564337459992936,10.976416788101186,19.205671310424805
IPSL-CM6A-LR,ssp245,optimized,late_century,2080,2100,252,wind_speed_hub,period_mean_map,china_intersection,m s-1,2.810174895349098,382,0.0,0.0,0.862135112285614,0.9333578330278397,2.7091076374053955,3.0433142405217857,1.553190400734071,8.97319519996643,10.245176315307617
IPSL-CM6A-LR,ssp245,optimized,late_century,2080,2100,252,wpd,all_monthly_grid_samples,china_intersection,W m-2,nan,96264,0.0,0.0,0.0018076974665746093,0.07878749802708626,10.241079807281494,51.96254295783338,177.5215275419138,810.0052618408183,4339.04931640625
IPSL-CM6A-LR,ssp245,optimized,late_century,2080,2100,252,wpd,period_mean_map,china_intersection,W m-2,31.816512772139454,382,0.0,0.0,0.5629652142524719,0.6658456242084503,18.38417625427246,51.962542752944984,121.82715441396077,613.1351495361328,1151.0240478515625
IPSL-CM6A-LR,ssp585,paper_qm,historical,1994,2014,252,tcell,all_monthly_grid_samples,china_intersection,degree_Celsius,nan,96264,0.0,19.19720767888307,-29.076322555541992,-17.585904445648193,16.015048027038574,14.156821598586296,14.042305846758113,36.2693984222412,40.86499786376953
IPSL-CM6A-LR,ssp585,paper_qm,historical,1994,2014,252,tcell,period_mean_map,china_intersection,degree_Celsius,14.23125897269073,382,0.0,2.094240837696335,-6.395531177520752,-1.395154320001602,14.459696292877197,14.15682124676846,7.818299467797075,28.47969367980957,30.84508514404297
IPSL-CM6A-LR,ssp585,paper_qm,historical,1994,2014,252,performance_ratio,all_monthly_grid_samples,china_intersection,1,nan,96264,0.0,0.0,0.9206749796867371,0.9436530250310898,1.044924795627594,1.054215891900492,0.07021152913521887,1.2129295146465302,1.2703815698623657
IPSL-CM6A-LR,ssp585,paper_qm,historical,1994,2014,252,performance_ratio,period_mean_map,china_intersection,1,1.0538437080775975,382,0.0,0.0,0.9707745313644409,0.9826013976335526,1.0527017712593079,1.0542158866740021,0.03909149145574405,1.1319755268096925,1.1569777727127075
IPSL-CM6A-LR,ssp585,paper_qm,historical,1994,2014,252,pvpot,all_monthly_grid_samples,china_intersection,W m-2,nan,96264,0.0,0.0,39.843650817871094,68.9450122833252,197.38216400146484,199.20814823575282,68.07338747108932,362.7279504394531,436.7416687011719
IPSL-CM6A-LR,ssp585,paper_qm,historical,1994,2014,252,pvpot,period_mean_map,china_intersection,W m-2,200.9086356444337,382,0.0,0.0,122.48033905029297,130.681678314209,189.75103759765625,199.20814512162931,39.99641368137203,290.4820251464844,303.7281494140625
IPSL-CM6A-LR,ssp585,paper_qm,historical,1994,2014,252,wind_speed_hub,all_monthly_grid_samples,china_intersection,m s-1,nan,96264,0.0,0.0,0.12916763126850128,0.5511297076940537,2.688338875770569,3.1547745138202115,2.0393079035127766,10.848009824752806,19.38944435119629
IPSL-CM6A-LR,ssp585,paper_qm,historical,1994,2014,252,wind_speed_hub,period_mean_map,china_intersection,m s-1,2.9317832536975548,382,0.0,0.0,0.8869799971580505,1.0152980321645737,2.837164044380188,3.1547745116718153,1.5284338004863867,8.829161891937256,10.109492301940918
IPSL-CM6A-LR,ssp585,paper_qm,historical,1994,2014,252,wpd,all_monthly_grid_samples,china_intersection,W m-2,nan,96264,0.0,0.0,0.001319979433901608,0.10253391876816749,11.900306701660156,53.564350607846556,172.9918115918532,781.9092510986322,4464.80224609375
IPSL-CM6A-LR,ssp585,paper_qm,historical,1994,2014,252,wpd,period_mean_map,china_intersection,W m-2,33.95590320034932,382,0.0,0.0,0.6026894450187683,0.9207902818918228,19.694238662719727,53.564350918949586,118.26348935782967,576.7406756591795,1107.9251708984375
IPSL-CM6A-LR,ssp585,paper_qm,mid_century,2040,2060,252,tcell,all_monthly_grid_samples,china_intersection,degree_Celsius,nan,96264,0.0,15.714077952297847,-28.388200759887695,-14.706841106414794,18.193435668945312,16.63168343395962,14.118064318560194,39.419484481811516,44.3618278503418
IPSL-CM6A-LR,ssp585,paper_qm,mid_century,2040,2060,252,tcell,period_mean_map,china_intersection,degree_Celsius,16.706370130912646,382,0.0,0.2617801047120419,-4.325395107269287,1.2790900963544847,17.108360290527344,16.63168367006236,7.573655426262278,30.015445880889892,32.714202880859375
IPSL-CM6A-LR,ssp585,paper_qm,mid_century,2040,2060,252,performance_ratio,all_monthly_grid_samples,china_intersection,1,nan,96264,0.0,0.0,0.9031908512115479,0.9279025900363922,1.0340328216552734,1.0418415827021716,0.07059032155002687,1.1985342133045196,1.266940951347351
IPSL-CM6A-LR,ssp585,paper_qm,mid_century,2040,2060,252,performance_ratio,period_mean_map,china_intersection,1,1.0414681584895877,382,0.0,0.0,0.9614290595054626,0.9749229508638382,1.0394582748413086,1.0418415974572066,0.03786826189675009,1.118604483604431,1.1466267108917236
IPSL-CM6A-LR,ssp585,paper_qm,mid_century,2040,2060,252,pvpot,all_monthly_grid_samples,china_intersection,W m-2,nan,96264,0.0,0.0,36.74579620361328,65.6689852142334,195.03995513916016,196.6067481816464,66.35680295370878,353.63254760742177,424.6739807128906
IPSL-CM6A-LR,ssp585,paper_qm,mid_century,2040,2060,252,pvpot,period_mean_map,china_intersection,W m-2,198.33600281451396,382,0.0,0.0,130.13026428222656,137.28961532592774,188.24449920654297,196.60675060811468,36.19244174687157,281.6932113647461,294.725830078125
IPSL-CM6A-LR,ssp585,paper_qm,mid_century,2040,2060,252,wind_speed_hub,all_monthly_grid_samples,china_intersection,m s-1,nan,96264,0.0,0.0,0.11131546646356583,0.4226106357574463,2.5032116174697876,2.9884700004501625,2.080515176223878,10.994332790374742,18.924007415771484
IPSL-CM6A-LR,ssp585,paper_qm,mid_century,2040,2060,252,wind_speed_hub,period_mean_map,china_intersection,m s-1,2.7773274195462343,382,0.0,0.0,0.793340802192688,0.9482961827516556,2.688713550567627,2.988469953624366,1.521697788124955,8.867833776473999,10.088835716247559
IPSL-CM6A-LR,ssp585,paper_qm,mid_century,2040,2060,252,wpd,all_monthly_grid_samples,china_intersection,W m-2,nan,96264,0.0,0.0,0.0008448363514617085,0.0462303825840354,9.607243537902832,51.22903220396651,176.03232620528914,813.9781463623016,4150.9296875
IPSL-CM6A-LR,ssp585,paper_qm,mid_century,2040,2060,252,wpd,period_mean_map,china_intersection,W m-2,31.673663659079022,382,0.0,0.0,0.4829244315624237,0.7288045996427536,18.2421817779541,51.22903008353336,119.50891966877977,614.4779394531249,1146.58935546875
IPSL-CM6A-LR,ssp585,paper_qm,late_century,2080,2100,252,tcell,all_monthly_grid_samples,china_intersection,degree_Celsius,nan,96264,0.0,8.987783595113438,-21.62272071838379,-9.386914005279541,22.317938804626465,21.02538564404959,13.774784503888437,44.00285079956054,49.07521057128906
IPSL-CM6A-LR,ssp585,paper_qm,late_century,2080,2100,252,tcell,period_mean_map,china_intersection,degree_Celsius,21.144242266380466,382,0.0,0.2617801047120419,-0.667260468006134,5.519022440910339,21.72212505340576,21.025385522561546,7.120123363517131,32.77664459228516,36.34531784057617
IPSL-CM6A-LR,ssp585,paper_qm,late_century,2080,2100,252,performance_ratio,all_monthly_grid_samples,china_intersection,1,nan,96264,0.0,0.0,0.8796239495277405,0.9049857407808304,1.0134103298187256,1.019873071799678,0.06887392252506452,1.1719345331192015,1.2331136465072632
IPSL-CM6A-LR,ssp585,paper_qm,late_century,2080,2100,252,performance_ratio,period_mean_map,china_intersection,1,1.0192787872419213,382,0.0,0.0,0.9432736039161682,0.961116988658905,1.016389548778534,1.0198730623534837,0.035600592130835024,1.097404786348343,1.1283363103866577
IPSL-CM6A-LR,ssp585,paper_qm,late_century,2080,2100,252,pvpot,all_monthly_grid_samples,china_intersection,W m-2,nan,96264,0.0,0.0,33.11753463745117,60.585403785705566,190.03838348388672,190.06147832857803,64.35678350169005,338.22366302490235,417.5779724121094
IPSL-CM6A-LR,ssp585,paper_qm,late_century,2080,2100,252,pvpot,period_mean_map,china_intersection,W m-2,191.3925657696318,382,0.0,0.0,133.05824279785156,139.1747055053711,184.20362854003906,190.06147734157702,31.424753889264846,270.03945220947264,281.6092224121094
IPSL-CM6A-LR,ssp585,paper_qm,late_century,2080,2100,252,wind_speed_hub,all_monthly_grid_samples,china_intersection,m s-1,nan,96264,0.0,0.0,0.09678628295660019,0.33299504905939104,2.2941077947616577,2.815554207608817,2.128926153809493,10.99072638511657,18.961889266967773
IPSL-CM6A-LR,ssp585,paper_qm,late_century,2080,2100,252,wind_speed_hub,period_mean_map,china_intersection,m s-1,2.607409860063864,382,0.0,0.0,0.6521480083465576,0.7151885408163071,2.4905580282211304,2.8155542139295506,1.5444009609458116,8.946472759246825,9.808478355407715
IPSL-CM6A-LR,ssp585,paper_qm,late_century,2080,2100,252,wpd,all_monthly_grid_samples,china_intersection,W m-2,nan,96264,0.0,0.0,0.0005553254159167409,0.02261618908494711,7.395159006118774,49.11365616505915,178.0828554060957,813.1774066162093,4175.9072265625
IPSL-CM6A-LR,ssp585,paper_qm,late_century,2080,2100,252,wpd,period_mean_map,china_intersection,W m-2,29.575320889017252,382,0.0,0.0,0.26499202847480774,0.4012993451952934,16.966264724731445,49.113653149670334,118.79417270928828,634.3566296386717,1118.296142578125
IPSL-CM6A-LR,ssp585,optimized,historical,1994,2014,252,tcell,all_monthly_grid_samples,china_intersection,degree_Celsius,nan,96264,0.0,19.19720767888307,-29.076322555541992,-17.585904445648193,16.015048027038574,14.156821598586296,14.042305846758113,36.2693984222412,40.86499786376953
IPSL-CM6A-LR,ssp585,optimized,historical,1994,2014,252,tcell,period_mean_map,china_intersection,degree_Celsius,14.23125897269073,382,0.0,2.094240837696335,-6.395531177520752,-1.395154320001602,14.459696292877197,14.15682124676846,7.818299467797075,28.47969367980957,30.84508514404297
IPSL-CM6A-LR,ssp585,optimized,historical,1994,2014,252,performance_ratio,all_monthly_grid_samples,china_intersection,1,nan,96264,0.0,0.0,0.9206749796867371,0.9436530250310898,1.044924795627594,1.054215891900492,0.07021152913521887,1.2129295146465302,1.2703815698623657
IPSL-CM6A-LR,ssp585,optimized,historical,1994,2014,252,performance_ratio,period_mean_map,china_intersection,1,1.0538437080775975,382,0.0,0.0,0.9707745313644409,0.9826013976335526,1.0527017712593079,1.0542158866740021,0.03909149145574405,1.1319755268096925,1.1569777727127075
IPSL-CM6A-LR,ssp585,optimized,historical,1994,2014,252,pvpot,all_monthly_grid_samples,china_intersection,W m-2,nan,96264,0.0,0.0,39.843650817871094,68.9450122833252,197.38216400146484,199.20814823575282,68.07338747108932,362.7279504394531,436.7416687011719
IPSL-CM6A-LR,ssp585,optimized,historical,1994,2014,252,pvpot,period_mean_map,china_intersection,W m-2,200.9086356444337,382,0.0,0.0,122.48033905029297,130.681678314209,189.75103759765625,199.20814512162931,39.99641368137203,290.4820251464844,303.7281494140625
IPSL-CM6A-LR,ssp585,optimized,historical,1994,2014,252,wind_speed_hub,all_monthly_grid_samples,china_intersection,m s-1,nan,96264,0.0,0.0,0.12916763126850128,0.5511297076940537,2.688338875770569,3.1547745138202115,2.0393079035127766,10.848009824752806,19.38944435119629
IPSL-CM6A-LR,ssp585,optimized,historical,1994,2014,252,wind_speed_hub,period_mean_map,china_intersection,m s-1,2.9317832536975548,382,0.0,0.0,0.8869799971580505,1.0152980321645737,2.837164044380188,3.1547745116718153,1.5284338004863867,8.829161891937256,10.109492301940918
IPSL-CM6A-LR,ssp585,optimized,historical,1994,2014,252,wpd,all_monthly_grid_samples,china_intersection,W m-2,nan,96264,0.0,0.0,0.001319979433901608,0.10253391876816749,11.900306701660156,53.564350607846556,172.9918115918532,781.9092510986322,4464.80224609375
IPSL-CM6A-LR,ssp585,optimized,historical,1994,2014,252,wpd,period_mean_map,china_intersection,W m-2,33.95590320034932,382,0.0,0.0,0.6026894450187683,0.9207902818918228,19.694238662719727,53.564350918949586,118.26348935782967,576.7406756591795,1107.9251708984375
IPSL-CM6A-LR,ssp585,optimized,mid_century,2040,2060,252,tcell,all_monthly_grid_samples,china_intersection,degree_Celsius,nan,96264,0.0,15.514626443945817,-29.14764404296875,-14.162703132629394,18.414504051208496,16.779166536224103,14.010050203800873,39.069533805847165,44.06234359741211
IPSL-CM6A-LR,ssp585,optimized,mid_century,2040,2060,252,tcell,period_mean_map,china_intersection,degree_Celsius,16.861349685618944,382,0.0,0.2617801047120419,-3.698775053024292,1.1407207316160202,17.18642807006836,16.779166703136802,7.643995538370498,30.349130668640136,32.91865539550781
IPSL-CM6A-LR,ssp585,optimized,mid_century,2040,2060,252,performance_ratio,all_monthly_grid_samples,china_intersection,1,nan,96264,0.0,0.0,0.90468829870224,0.9296523380279541,1.0329275131225586,1.0411041672738186,0.0700502508914414,1.1958134973049164,1.2707382440567017
IPSL-CM6A-LR,ssp585,optimized,mid_century,2040,2060,252,performance_ratio,period_mean_map,china_intersection,1,1.0406932356153242,382,0.0,0.0,0.9604066014289856,0.9732541632652283,1.0390678644180298,1.0411041511603052,0.038219966604046994,1.1192962217330933,1.1434932947158813
IPSL-CM6A-LR,ssp585,optimized,mid_century,2040,2060,252,pvpot,all_monthly_grid_samples,china_intersection,W m-2,nan,96264,0.0,0.0,36.670562744140625,65.55008033752442,194.96942901611328,196.5254633968968,66.47869910452141,354.5710833740234,430.02362060546875
IPSL-CM6A-LR,ssp585,optimized,mid_century,2040,2060,252,pvpot,period_mean_map,china_intersection,W m-2,198.24720644596616,382,0.0,0.0,129.93704223632812,137.0101156616211,188.26048278808594,196.52546380327635,36.227814755441564,281.5946127319336,294.2591552734375
IPSL-CM6A-LR,ssp585,optimized,mid_century,2040,2060,252,wind_speed_hub,all_monthly_grid_samples,china_intersection,m s-1,nan,96264,0.0,0.0,0.12810765206813812,0.5293269002437592,2.6102529764175415,3.0801047567822404,2.035237727307816,10.900535039901719,18.924007415771484
IPSL-CM6A-LR,ssp585,optimized,mid_century,2040,2060,252,wind_speed_hub,period_mean_map,china_intersection,m s-1,2.8539501577277546,382,0.0,0.0,0.887812077999115,0.9788171076774597,2.7607457637786865,3.0801047609426586,1.529071570585336,8.896846103668212,10.137345314025879
IPSL-CM6A-LR,ssp585,optimized,mid_century,2040,2060,252,wpd,all_monthly_grid_samples,china_intersection,W m-2,nan,96264,0.0,0.0,0.0012877491535618901,0.0908401794731617,10.893160343170166,51.870474636319635,172.9625776164623,793.3220642089814,4150.9296875
IPSL-CM6A-LR,ssp585,optimized,mid_century,2040,2060,252,wpd,period_mean_map,china_intersection,W m-2,32.10255365792233,382,0.0,0.0,0.5955999493598938,0.7837082004547119,18.456743240356445,51.870479893621976,118.97489835000913,606.8612011718749,1129.95361328125
IPSL-CM6A-LR,ssp585,optimized,late_century,2080,2100,252,tcell,all_monthly_grid_samples,china_intersection,degree_Celsius,nan,96264,0.0,8.389429070057343,-22.474241256713867,-8.221242580413819,22.530423164367676,21.133860515466573,13.599523269840919,43.680386428833,48.68794250488281
IPSL-CM6A-LR,ssp585,optimized,late_century,2080,2100,252,tcell,period_mean_map,china_intersection,degree_Celsius,21.264316047263765,382,0.0,0.0,0.32709401845932007,5.3410419082641605,21.78976058959961,21.133860600400347,7.180593535551288,33.093100967407224,36.51713943481445
IPSL-CM6A-LR,ssp585,optimized,late_century,2080,2100,252,performance_ratio,all_monthly_grid_samples,china_intersection,1,nan,96264,0.0,0.0,0.8815602660179138,0.9065980851650238,1.0123478770256042,1.019330697347599,0.06799761626426394,1.1661061918735505,1.2373712062835693
IPSL-CM6A-LR,ssp585,optimized,late_century,2080,2100,252,performance_ratio,period_mean_map,china_intersection,1,1.0186784108713165,382,0.0,0.0,0.9424145221710205,0.9595342499017715,1.0160512328147888,1.0193306931650452,0.03590297066226776,1.0982949340343475,1.1233644485473633
IPSL-CM6A-LR,ssp585,optimized,late_century,2080,2100,252,pvpot,all_monthly_grid_samples,china_intersection,W m-2,nan,96264,0.0,0.0,33.066192626953125,60.44463123321533,189.97775268554688,190.03004123409085,64.50584581716383,339.3404061889647,422.8076171875
IPSL-CM6A-LR,ssp585,optimized,late_century,2080,2100,252,pvpot,period_mean_map,china_intersection,W m-2,191.34777230169746,382,0.0,0.0,132.77264404296875,138.73892776489257,184.19021606445312,190.03004295788512,31.417433451125174,269.82117431640626,280.8868408203125
IPSL-CM6A-LR,ssp585,optimized,late_century,2080,2100,252,wind_speed_hub,all_monthly_grid_samples,china_intersection,m s-1,nan,96264,0.0,0.0,0.09678628295660019,0.4826803383231163,2.5052660703659058,2.9918609995582712,2.046251929361719,10.917789640426632,18.71826171875
IPSL-CM6A-LR,ssp585,optimized,late_century,2080,2100,252,wind_speed_hub,period_mean_map,china_intersection,m s-1,2.7639936625437445,382,0.0,0.0,0.7837510108947754,0.8865821099281311,2.669574499130249,2.9918610074445215,1.5412596663361444,9.08091565132141,10.068037033081055
IPSL-CM6A-LR,ssp585,optimized,late_century,2080,2100,252,wpd,all_monthly_grid_samples,china_intersection,W m-2,nan,96264,0.0,0.0,0.0005553254159167409,0.06887870125472545,9.630917072296143,50.37389484250898,174.74287160210227,797.0953283691397,4017.007568359375
IPSL-CM6A-LR,ssp585,optimized,late_century,2080,2100,252,wpd,period_mean_map,china_intersection,W m-2,30.46693755573577,382,0.0,0.0,0.3665245771408081,0.6052077555656433,17.700342178344727,50.373894784384994,118.85576855883593,640.7639410400391,1116.288818359375
KACE-1-0-G,ssp126,paper_qm,historical,1994,2014,252,tcell,all_monthly_grid_samples,china_intersection,degree_Celsius,nan,127512,0.0,18.90567162306293,-28.374513626098633,-17.38998140335083,16.019808769226074,14.221569867064735,13.912874156687876,36.2275830078125,40.74449157714844
KACE-1-0-G,ssp126,paper_qm,historical,1994,2014,252,tcell,period_mean_map,china_intersection,degree_Celsius,14.32502351956469,506,0.0,2.5691699604743086,-5.030629634857178,-0.7684001415967942,14.34156322479248,14.221569847293463,7.791031646848968,28.151550102233884,30.69471549987793
KACE-1-0-G,ssp126,paper_qm,historical,1994,2014,252,performance_ratio,all_monthly_grid_samples,china_intersection,1,nan,127512,0.0,0.0,0.9212775230407715,0.9438620990514756,1.0449009537696838,1.0538921506961023,0.06956437077937837,1.2119498693943023,1.266872525215149
KACE-1-0-G,ssp126,paper_qm,historical,1994,2014,252,performance_ratio,period_mean_map,china_intersection,1,1.0533748952428368,506,0.0,0.0,0.9715263247489929,0.984242194890976,1.0532923340797424,1.053892162948729,0.038955169881211046,1.1288425266742705,1.150153636932373
KACE-1-0-G,ssp126,paper_qm,historical,1994,2014,252,pvpot,all_monthly_grid_samples,china_intersection,W m-2,nan,127512,0.0,0.0,39.45480728149414,69.00971633911132,195.4705810546875,198.26125123167407,68.33469116692824,362.2726425170898,428.3934631347656
KACE-1-0-G,ssp126,paper_qm,historical,1994,2014,252,pvpot,period_mean_map,china_intersection,W m-2,199.46295668463233,506,0.0,0.0,121.20850372314453,126.44191932678223,190.24138641357422,198.26124966285917,40.87159785859006,288.6857681274414,300.67535400390625
KACE-1-0-G,ssp126,paper_qm,historical,1994,2014,252,wind_speed_hub,all_monthly_grid_samples,china_intersection,m s-1,nan,127512,0.0,0.0,0.1617315262556076,0.5683426332473756,2.581950545310974,3.0616337142822094,1.9891624018748646,10.615425338745116,18.86970329284668
KACE-1-0-G,ssp126,paper_qm,historical,1994,2014,252,wind_speed_hub,period_mean_map,china_intersection,m s-1,2.819379643849,506,0.0,0.0,0.8649088740348816,1.0871577918529511,2.7199493646621704,3.0616336824158905,1.5086312218502242,9.138009166717527,10.518025398254395
KACE-1-0-G,ssp126,paper_qm,historical,1994,2014,252,wpd,all_monthly_grid_samples,china_intersection,W m-2,nan,127512,0.0,0.0,0.002591135445982218,0.11244412668049336,10.542650699615479,49.51856889563727,161.90877223803287,732.6865960693356,4115.29833984375
KACE-1-0-G,ssp126,paper_qm,historical,1994,2014,252,wpd,period_mean_map,china_intersection,W m-2,29.578733568881148,506,0.0,0.0,0.5398154258728027,1.0346261143684388,17.32380199432373,49.51856963519051,113.55747155613275,667.4612548828122,1150.21875
KACE-1-0-G,ssp126,paper_qm,mid_century,2040,2060,252,tcell,all_monthly_grid_samples,china_intersection,degree_Celsius,nan,127512,0.0,16.177300959909655,-26.689380645751953,-15.96833378791809,18.445266723632812,16.601579754501767,14.466836286606842,39.84167278289795,46.08561706542969
KACE-1-0-G,ssp126,paper_qm,mid_century,2040,2060,252,tcell,period_mean_map,china_intersection,degree_Celsius,16.686494338448473,506,0.0,1.9762845849802373,-4.685721397399902,-0.5049510911107064,17.16452121734619,16.60157982801113,8.0904187697426,30.646707439422606,32.394065856933594
KACE-1-0-G,ssp126,paper_qm,mid_century,2040,2060,252,performance_ratio,all_monthly_grid_samples,china_intersection,1,nan,127512,0.0,0.0,0.8945719003677368,0.9257916164398193,1.0327736735343933,1.0419921011613313,0.07233418131647024,1.2048416721820832,1.2584469318389893
KACE-1-0-G,ssp126,paper_qm,mid_century,2040,2060,252,performance_ratio,period_mean_map,china_intersection,1,1.0415675397258592,506,0.0,0.0,0.9630300998687744,0.9717665433883667,1.0391771793365479,1.0419921037472284,0.040452091907752785,1.1275248050689697,1.1484287977218628
KACE-1-0-G,ssp126,paper_qm,mid_century,2040,2060,252,pvpot,all_monthly_grid_samples,china_intersection,W m-2,nan,127512,0.0,0.0,41.77187728881836,70.88282051086426,206.70767211914062,207.0854625314487,69.61782817883073,380.7853414916992,535.6841430664062
KACE-1-0-G,ssp126,paper_qm,mid_century,2040,2060,252,pvpot,period_mean_map,china_intersection,W m-2,208.95715391954676,506,0.0,0.0,139.17681884765625,146.51251296997071,196.17845153808594,207.08545968278125,38.73961498651763,301.06542205810547,324.94390869140625
KACE-1-0-G,ssp126,paper_qm,mid_century,2040,2060,252,wind_speed_hub,all_monthly_grid_samples,china_intersection,m s-1,nan,127512,0.0,0.0,0.14432531595230103,0.38555401980876924,2.0422130823135376,2.574602313314936,2.0269468772398094,10.963837690353392,19.966365814208984
KACE-1-0-G,ssp126,paper_qm,mid_century,2040,2060,252,wind_speed_hub,period_mean_map,china_intersection,m s-1,2.2766341439058597,506,0.0,0.0,0.6260265707969666,0.724273219704628,2.175065517425537,2.574602296701062,1.5855362112242046,9.409140348434446,10.415454864501953
KACE-1-0-G,ssp126,paper_qm,mid_century,2040,2060,252,wpd,all_monthly_grid_samples,china_intersection,W m-2,nan,127512,0.0,0.0,0.0018413385841995478,0.035104423090815545,5.216861009597778,42.168734079434024,172.0594975998385,807.2236608886717,4875.31982421875
KACE-1-0-G,ssp126,paper_qm,mid_century,2040,2060,252,wpd,period_mean_map,china_intersection,W m-2,19.6303195831853,506,0.0,0.0,0.2754153311252594,0.3953468963503837,10.392640113830566,42.16873612717206,121.78969142877034,716.8200469970703,1140.431884765625
KACE-1-0-G,ssp126,paper_qm,late_century,2080,2100,252,tcell,all_monthly_grid_samples,china_intersection,degree_Celsius,nan,127512,0.0,15.727931488801053,-25.5375919342041,-15.879862756729125,18.77671527862549,16.88619939915867,14.405193813174218,39.96820323944092,45.58891677856445
KACE-1-0-G,ssp126,paper_qm,late_century,2080,2100,252,tcell,period_mean_map,china_intersection,degree_Celsius,16.992444242576294,506,0.0,1.383399209486166,-4.461839199066162,-0.09829655764624477,17.488476753234863,16.88619932319174,7.988343359208018,30.63098735809326,32.69575881958008
KACE-1-0-G,ssp126,paper_qm,late_century,2080,2100,252,performance_ratio,all_monthly_grid_samples,china_intersection,1,nan,127512,0.0,0.0,0.8970553874969482,0.9251589620113373,1.0311164259910583,1.0405690029802925,0.07202596895128666,1.2043992841243745,1.252687931060791
KACE-1-0-G,ssp126,paper_qm,late_century,2080,2100,252,performance_ratio,period_mean_map,china_intersection,1,1.04003777774629,506,0.0,0.0,0.9615211486816406,0.9718449205160141,1.037557601928711,1.0405690089280426,0.03994172620298033,1.1254917681217194,1.1473093032836914
KACE-1-0-G,ssp126,paper_qm,late_century,2080,2100,252,pvpot,all_monthly_grid_samples,china_intersection,W m-2,nan,127512,0.0,0.0,40.74014663696289,71.0217081451416,207.53328704833984,208.11936510619648,69.35263266984643,379.5682012939453,529.9612426757812
KACE-1-0-G,ssp126,paper_qm,late_century,2080,2100,252,pvpot,period_mean_map,china_intersection,W m-2,209.8884842863717,506,0.0,0.0,140.87046813964844,148.33364715576172,197.39085388183594,208.1193615758843,38.21418244679228,301.23847045898435,326.39276123046875
KACE-1-0-G,ssp126,paper_qm,late_century,2080,2100,252,wind_speed_hub,all_monthly_grid_samples,china_intersection,m s-1,nan,127512,0.0,0.0,0.1626826524734497,0.3820273867249489,2.0644196271896362,2.596442467134498,2.0462106683726513,11.065297260284423,20.034761428833008
KACE-1-0-G,ssp126,paper_qm,late_century,2080,2100,252,wind_speed_hub,period_mean_map,china_intersection,m s-1,2.298373271269608,506,0.0,0.0,0.6175862550735474,0.7171400517225266,2.1991692781448364,2.5964424590112665,1.6021564500902812,9.385056924819946,10.424355506896973
KACE-1-0-G,ssp126,paper_qm,late_century,2080,2100,252,wpd,all_monthly_grid_samples,china_intersection,W m-2,nan,127512,0.0,0.0,0.002637119498103857,0.03414991661906243,5.388898849487305,43.203626344212175,174.81418355072904,829.8419543457029,4925.5947265625
KACE-1-0-G,ssp126,paper_qm,late_century,2080,2100,252,wpd,period_mean_map,china_intersection,W m-2,20.37333672373864,506,0.0,0.0,0.29902487993240356,0.37529626637697217,11.153290271759033,43.203623246651865,123.60954717620727,720.6150512695312,1147.5718994140625
KACE-1-0-G,ssp126,optimized,historical,1994,2014,252,tcell,all_monthly_grid_samples,china_intersection,degree_Celsius,nan,127512,0.0,18.90567162306293,-28.374513626098633,-17.38998140335083,16.019808769226074,14.221569867064735,13.912874156687876,36.2275830078125,40.74449157714844
KACE-1-0-G,ssp126,optimized,historical,1994,2014,252,tcell,period_mean_map,china_intersection,degree_Celsius,14.32502351956469,506,0.0,2.5691699604743086,-5.030629634857178,-0.7684001415967942,14.34156322479248,14.221569847293463,7.791031646848968,28.151550102233884,30.69471549987793
KACE-1-0-G,ssp126,optimized,historical,1994,2014,252,performance_ratio,all_monthly_grid_samples,china_intersection,1,nan,127512,0.0,0.0,0.9212775230407715,0.9438620990514756,1.0449009537696838,1.0538921506961023,0.06956437077937837,1.2119498693943023,1.266872525215149
KACE-1-0-G,ssp126,optimized,historical,1994,2014,252,performance_ratio,period_mean_map,china_intersection,1,1.0533748952428368,506,0.0,0.0,0.9715263247489929,0.984242194890976,1.0532923340797424,1.053892162948729,0.038955169881211046,1.1288425266742705,1.150153636932373
KACE-1-0-G,ssp126,optimized,historical,1994,2014,252,pvpot,all_monthly_grid_samples,china_intersection,W m-2,nan,127512,0.0,0.0,39.45480728149414,69.00971633911132,195.4705810546875,198.26125123167407,68.33469116692824,362.2726425170898,428.3934631347656
KACE-1-0-G,ssp126,optimized,historical,1994,2014,252,pvpot,period_mean_map,china_intersection,W m-2,199.46295668463233,506,0.0,0.0,121.20850372314453,126.44191932678223,190.24138641357422,198.26124966285917,40.87159785859006,288.6857681274414,300.67535400390625
KACE-1-0-G,ssp126,optimized,historical,1994,2014,252,wind_speed_hub,all_monthly_grid_samples,china_intersection,m s-1,nan,127512,0.0,0.0,0.1617315262556076,0.5683426332473756,2.581950545310974,3.0616337142822094,1.9891624018748646,10.615425338745116,18.86970329284668
KACE-1-0-G,ssp126,optimized,historical,1994,2014,252,wind_speed_hub,period_mean_map,china_intersection,m s-1,2.819379643849,506,0.0,0.0,0.8649088740348816,1.0871577918529511,2.7199493646621704,3.0616336824158905,1.5086312218502242,9.138009166717527,10.518025398254395
KACE-1-0-G,ssp126,optimized,historical,1994,2014,252,wpd,all_monthly_grid_samples,china_intersection,W m-2,nan,127512,0.0,0.0,0.002591135445982218,0.11244412668049336,10.542650699615479,49.51856889563727,161.90877223803287,732.6865960693356,4115.29833984375
KACE-1-0-G,ssp126,optimized,historical,1994,2014,252,wpd,period_mean_map,china_intersection,W m-2,29.578733568881148,506,0.0,0.0,0.5398154258728027,1.0346261143684388,17.32380199432373,49.51856963519051,113.55747155613275,667.4612548828122,1150.21875
KACE-1-0-G,ssp126,optimized,mid_century,2040,2060,252,tcell,all_monthly_grid_samples,china_intersection,degree_Celsius,nan,127512,0.0,16.401593575506617,-26.634817123413086,-15.845252590179443,18.385963439941406,16.642807114806665,14.52593625131608,39.587817611694334,45.60420227050781
KACE-1-0-G,ssp126,optimized,mid_century,2040,2060,252,tcell,period_mean_map,china_intersection,degree_Celsius,16.725381991158024,506,0.0,2.1739130434782608,-4.96591854095459,-0.5618173778057098,17.061999320983887,16.64280729718403,8.187702088737357,30.920054340362547,32.4769172668457
KACE-1-0-G,ssp126,optimized,mid_century,2040,2060,252,performance_ratio,all_monthly_grid_samples,china_intersection,1,nan,127512,0.0,0.0,0.8969789743423462,0.927060911655426,1.033070147037506,1.041785964521319,0.07262968124984281,1.2042262423038483,1.2581740617752075
KACE-1-0-G,ssp126,optimized,mid_century,2040,2060,252,performance_ratio,period_mean_map,china_intersection,1,1.0413730828155796,506,0.0,0.0,0.9626153707504272,0.970400008559227,1.0396898984909058,1.0417859538977325,0.04093851046541105,1.1278092086315155,1.1498291492462158
KACE-1-0-G,ssp126,optimized,mid_century,2040,2060,252,pvpot,all_monthly_grid_samples,china_intersection,W m-2,nan,127512,0.0,0.0,41.77178192138672,70.86384994506837,206.56918334960938,207.07207323037605,69.71231867867252,381.17915802001954,533.1991577148438
KACE-1-0-G,ssp126,optimized,mid_century,2040,2060,252,pvpot,period_mean_map,china_intersection,W m-2,208.95524761691604,506,0.0,0.0,138.8530731201172,146.1787567138672,196.1593246459961,207.0720742568668,38.90146498245824,300.8457824707031,324.8630065917969
KACE-1-0-G,ssp126,optimized,mid_century,2040,2060,252,wind_speed_hub,all_monthly_grid_samples,china_intersection,m s-1,nan,127512,0.0,0.0,0.14432531595230103,0.5276176184415817,2.40765380859375,2.8835529658927754,1.9637488785692059,10.905373020172117,19.966365814208984
KACE-1-0-G,ssp126,optimized,mid_century,2040,2060,252,wind_speed_hub,period_mean_map,china_intersection,m s-1,2.612580557838044,506,0.0,0.0,0.7777904272079468,0.9898785501718521,2.5530675649642944,2.8835529908832354,1.5264696350557259,9.247466802597046,10.49065113067627
KACE-1-0-G,ssp126,optimized,mid_century,2040,2060,252,wpd,all_monthly_grid_samples,china_intersection,W m-2,nan,127512,0.0,0.0,0.0018413385841995478,0.089963019117713,8.548466682434082,45.87878433163831,171.36045452584133,794.3788397216794,4875.31982421875
KACE-1-0-G,ssp126,optimized,mid_century,2040,2060,252,wpd,period_mean_map,china_intersection,W m-2,23.79880592776657,506,0.0,0.0,0.3909161686897278,0.8478773713111878,14.346331596374512,45.87878303624424,120.02842580154567,705.8665161132811,1155.3089599609375
KACE-1-0-G,ssp126,optimized,late_century,2080,2100,252,tcell,all_monthly_grid_samples,china_intersection,degree_Celsius,nan,127512,0.0,15.892621870882738,-25.832624435424805,-15.810707225799561,18.76006031036377,16.945083209207578,14.454747731745059,39.728046302795406,45.00121307373047
KACE-1-0-G,ssp126,optimized,late_century,2080,2100,252,tcell,period_mean_map,china_intersection,degree_Celsius,17.04829681833869,506,0.0,1.5810276679841897,-4.662343978881836,-0.08822997957468033,17.370381355285645,16.9450830588478,8.098020201301939,30.997760581970212,32.853172302246094
KACE-1-0-G,ssp126,optimized,late_century,2080,2100,252,performance_ratio,all_monthly_grid_samples,china_intersection,1,nan,127512,0.0,0.0,0.8999939560890198,0.9263597804307938,1.0311996936798096,1.0402745839489531,0.07227373861889154,1.2040535843372344,1.254163146018982
KACE-1-0-G,ssp126,optimized,late_century,2080,2100,252,performance_ratio,period_mean_map,china_intersection,1,1.0397585136036007,506,0.0,0.0,0.9607342481613159,0.9700114488601684,1.0381481647491455,1.0402745761183412,0.0404900940669337,1.1254413187503816,1.1483122110366821
KACE-1-0-G,ssp126,optimized,late_century,2080,2100,252,pvpot,all_monthly_grid_samples,china_intersection,W m-2,nan,127512,0.0,0.0,40.6446533203125,70.92660507202149,207.49089813232422,208.09383937814275,69.45815629864053,380.119680480957,531.368408203125
KACE-1-0-G,ssp126,optimized,late_century,2080,2100,252,pvpot,period_mean_map,china_intersection,W m-2,209.87522884506666,506,0.0,0.0,140.57704162597656,148.3088851928711,197.18834686279297,208.09383802451634,38.37862870691496,301.29285888671876,326.2706298828125
KACE-1-0-G,ssp126,optimized,late_century,2080,2100,252,wind_speed_hub,all_monthly_grid_samples,china_intersection,m s-1,nan,127512,0.0,0.0,0.1626826524734497,0.5223362654447555,2.420816659927368,2.8953261853625367,1.9773760737878405,10.934734449386594,19.9913272857666
KACE-1-0-G,ssp126,optimized,late_century,2080,2100,252,wind_speed_hub,period_mean_map,china_intersection,m s-1,2.624728935479126,506,0.0,0.0,0.8073076605796814,0.9962548822164535,2.5482877492904663,2.8953261386028863,1.5357549456241946,9.282823944091797,10.500688552856445
KACE-1-0-G,ssp126,optimized,late_century,2080,2100,252,wpd,all_monthly_grid_samples,china_intersection,W m-2,nan,127512,0.0,0.0,0.002637119498103857,0.0872884288430214,8.689440727233887,46.72446017535209,176.39829698993233,800.8125317382809,4893.62841796875
KACE-1-0-G,ssp126,optimized,late_century,2080,2100,252,wpd,period_mean_map,china_intersection,W m-2,24.319784232161574,506,0.0,0.0,0.43633130192756653,0.8827129423618316,14.903369426727295,46.72446082332153,122.52520275762018,721.609371948242,1190.246826171875
KACE-1-0-G,ssp245,paper_qm,historical,1994,2014,252,tcell,all_monthly_grid_samples,china_intersection,degree_Celsius,nan,127512,0.0,18.90567162306293,-28.374513626098633,-17.38998140335083,16.019808769226074,14.221569867064735,13.912874156687876,36.2275830078125,40.74449157714844
KACE-1-0-G,ssp245,paper_qm,historical,1994,2014,252,tcell,period_mean_map,china_intersection,degree_Celsius,14.32502351956469,506,0.0,2.5691699604743086,-5.030629634857178,-0.7684001415967942,14.34156322479248,14.221569847293463,7.791031646848968,28.151550102233884,30.69471549987793
KACE-1-0-G,ssp245,paper_qm,historical,1994,2014,252,performance_ratio,all_monthly_grid_samples,china_intersection,1,nan,127512,0.0,0.0,0.9212775230407715,0.9438620990514756,1.0449009537696838,1.0538921506961023,0.06956437077937837,1.2119498693943023,1.266872525215149
KACE-1-0-G,ssp245,paper_qm,historical,1994,2014,252,performance_ratio,period_mean_map,china_intersection,1,1.0533748952428368,506,0.0,0.0,0.9715263247489929,0.984242194890976,1.0532923340797424,1.053892162948729,0.038955169881211046,1.1288425266742705,1.150153636932373
KACE-1-0-G,ssp245,paper_qm,historical,1994,2014,252,pvpot,all_monthly_grid_samples,china_intersection,W m-2,nan,127512,0.0,0.0,39.45480728149414,69.00971633911132,195.4705810546875,198.26125123167407,68.33469116692824,362.2726425170898,428.3934631347656
KACE-1-0-G,ssp245,paper_qm,historical,1994,2014,252,pvpot,period_mean_map,china_intersection,W m-2,199.46295668463233,506,0.0,0.0,121.20850372314453,126.44191932678223,190.24138641357422,198.26124966285917,40.87159785859006,288.6857681274414,300.67535400390625
KACE-1-0-G,ssp245,paper_qm,historical,1994,2014,252,wind_speed_hub,all_monthly_grid_samples,china_intersection,m s-1,nan,127512,0.0,0.0,0.1617315262556076,0.5683426332473756,2.581950545310974,3.0616337142822094,1.9891624018748646,10.615425338745116,18.86970329284668
KACE-1-0-G,ssp245,paper_qm,historical,1994,2014,252,wind_speed_hub,period_mean_map,china_intersection,m s-1,2.819379643849,506,0.0,0.0,0.8649088740348816,1.0871577918529511,2.7199493646621704,3.0616336824158905,1.5086312218502242,9.138009166717527,10.518025398254395
KACE-1-0-G,ssp245,paper_qm,historical,1994,2014,252,wpd,all_monthly_grid_samples,china_intersection,W m-2,nan,127512,0.0,0.0,0.002591135445982218,0.11244412668049336,10.542650699615479,49.51856889563727,161.90877223803287,732.6865960693356,4115.29833984375
KACE-1-0-G,ssp245,paper_qm,historical,1994,2014,252,wpd,period_mean_map,china_intersection,W m-2,29.578733568881148,506,0.0,0.0,0.5398154258728027,1.0346261143684388,17.32380199432373,49.51856963519051,113.55747155613275,667.4612548828122,1150.21875
KACE-1-0-G,ssp245,paper_qm,mid_century,2040,2060,252,tcell,all_monthly_grid_samples,china_intersection,degree_Celsius,nan,127512,0.0,15.816550599159296,-26.62060546875,-15.91635643005371,18.71406078338623,16.80619021852265,14.440239407973943,40.18643775939941,47.416351318359375
KACE-1-0-G,ssp245,paper_qm,mid_century,2040,2060,252,tcell,period_mean_map,china_intersection,degree_Celsius,16.891767060816118,506,0.0,0.9881422924901186,-4.283606052398682,0.2540372386574745,17.217960357666016,16.80619049499275,7.964908417197945,30.440567111968992,32.515377044677734
KACE-1-0-G,ssp245,paper_qm,mid_century,2040,2060,252,performance_ratio,all_monthly_grid_samples,china_intersection,1,nan,127512,0.0,0.0,0.88791823387146,0.9240677762031555,1.0314297080039978,1.0409690488866779,0.07220119700460288,1.204581767320633,1.2581030130386353
KACE-1-0-G,ssp245,paper_qm,mid_century,2040,2060,252,performance_ratio,period_mean_map,china_intersection,1,1.0405411571608778,506,0.0,0.0,0.9624232649803162,0.9727972179651261,1.0389103293418884,1.0409690455014526,0.03982454901716881,1.123730319738388,1.1464178562164307
KACE-1-0-G,ssp245,paper_qm,mid_century,2040,2060,252,pvpot,all_monthly_grid_samples,china_intersection,W m-2,nan,127512,0.0,0.0,37.69493865966797,69.15755813598633,202.16815185546875,203.76668497875724,69.3823845900866,376.08924102783203,528.9197387695312
KACE-1-0-G,ssp245,paper_qm,mid_century,2040,2060,252,pvpot,period_mean_map,china_intersection,W m-2,205.55563587970946,506,0.0,0.0,135.45489501953125,142.0057403564453,192.4210968017578,203.76668014827925,39.43659168294912,297.687353515625,322.6788330078125
KACE-1-0-G,ssp245,paper_qm,mid_century,2040,2060,252,wind_speed_hub,all_monthly_grid_samples,china_intersection,m s-1,nan,127512,0.0,0.0,0.1519290655851364,0.39560126662254336,2.0924211740493774,2.608148064494831,2.0021056162927025,10.815845527648925,19.51258087158203
KACE-1-0-G,ssp245,paper_qm,mid_century,2040,2060,252,wind_speed_hub,period_mean_map,china_intersection,m s-1,2.3208060308029372,506,0.0,0.0,0.610326886177063,0.7629298806190491,2.237270474433899,2.608148059237145,1.5430222983455704,9.187040042877197,10.030035972595215
KACE-1-0-G,ssp245,paper_qm,mid_century,2040,2060,252,wpd,all_monthly_grid_samples,china_intersection,W m-2,nan,127512,0.0,0.0,0.0021479721181094646,0.03792094454169274,5.611170053482056,41.75813900204393,168.63797274055324,774.9747180175779,4550.4072265625
KACE-1-0-G,ssp245,paper_qm,mid_century,2040,2060,252,wpd,period_mean_map,china_intersection,W m-2,20.09986520560922,506,0.0,0.0,0.2883458733558655,0.46380763947963716,11.249144554138184,41.75813937464015,117.03084027406943,706.3851684570309,1086.6639404296875
KACE-1-0-G,ssp245,paper_qm,late_century,2080,2100,252,tcell,all_monthly_grid_samples,china_intersection,degree_Celsius,nan,127512,0.0,14.853503983938769,-24.912654876708984,-15.084603967666625,19.23594379425049,17.399174864296235,14.367852851829545,40.66238212585449,46.507537841796875
KACE-1-0-G,ssp245,paper_qm,late_century,2080,2100,252,tcell,period_mean_map,china_intersection,degree_Celsius,17.504600202379105,506,0.0,0.592885375494071,-3.6190602779388428,1.017345815896988,17.787461280822754,17.39917494394916,7.940205993505278,31.004720211029053,33.47023391723633
KACE-1-0-G,ssp245,paper_qm,late_century,2080,2100,252,performance_ratio,all_monthly_grid_samples,china_intersection,1,nan,127512,0.0,0.0,0.8924623131752014,0.9216880655288696,1.028820276260376,1.0380041255207282,0.07183926425586731,1.2004230415821076,1.249563217163086
KACE-1-0-G,ssp245,paper_qm,late_century,2080,2100,252,performance_ratio,period_mean_map,china_intersection,1,1.0374769943245494,506,0.0,0.0,0.9576489329338074,0.969976145029068,1.0360628962516785,1.0380041224683227,0.0397010328786768,1.119912976026535,1.1430952548980713
KACE-1-0-G,ssp245,paper_qm,late_century,2080,2100,252,pvpot,all_monthly_grid_samples,china_intersection,W m-2,nan,127512,0.0,0.0,38.96044158935547,69.48045639038087,204.801025390625,205.4444316460382,68.94384821180994,375.8163455200195,528.6276245117188
KACE-1-0-G,ssp245,paper_qm,late_century,2080,2100,252,pvpot,period_mean_map,china_intersection,W m-2,207.1562548971617,506,0.0,0.0,137.5782928466797,144.69736938476564,195.101318359375,205.44443394355622,38.44586067338852,297.976904296875,320.9681091308594
KACE-1-0-G,ssp245,paper_qm,late_century,2080,2100,252,wind_speed_hub,all_monthly_grid_samples,china_intersection,m s-1,nan,127512,0.0,0.0,0.1640987992286682,0.4049392253160477,2.114735960960388,2.647051558652858,2.0305540668582727,10.962484130859375,19.305177688598633
KACE-1-0-G,ssp245,paper_qm,late_century,2080,2100,252,wind_speed_hub,period_mean_map,china_intersection,m s-1,2.353402375703293,506,0.0,0.0,0.6170519590377808,0.7775502800941467,2.2282376289367676,2.647051548887147,1.577016304533024,9.35685143470764,10.179525375366211
KACE-1-0-G,ssp245,paper_qm,late_century,2080,2100,252,wpd,all_monthly_grid_samples,china_intersection,W m-2,nan,127512,0.0,0.0,0.002706588711589575,0.040670137703418735,5.79261326789856,43.30116427964896,168.71532781036163,806.9246466064452,4406.8427734375
KACE-1-0-G,ssp245,paper_qm,late_century,2080,2100,252,wpd,period_mean_map,china_intersection,W m-2,21.034209854617597,506,0.0,0.0,0.29691702127456665,0.4576271936297417,11.25745964050293,43.30116259904483,120.31438613224513,711.6641296386717,1080.8936767578125
KACE-1-0-G,ssp245,optimized,historical,1994,2014,252,tcell,all_monthly_grid_samples,china_intersection,degree_Celsius,nan,127512,0.0,18.90567162306293,-28.374513626098633,-17.38998140335083,16.019808769226074,14.221569867064735,13.912874156687876,36.2275830078125,40.74449157714844
KACE-1-0-G,ssp245,optimized,historical,1994,2014,252,tcell,period_mean_map,china_intersection,degree_Celsius,14.32502351956469,506,0.0,2.5691699604743086,-5.030629634857178,-0.7684001415967942,14.34156322479248,14.221569847293463,7.791031646848968,28.151550102233884,30.69471549987793
KACE-1-0-G,ssp245,optimized,historical,1994,2014,252,performance_ratio,all_monthly_grid_samples,china_intersection,1,nan,127512,0.0,0.0,0.9212775230407715,0.9438620990514756,1.0449009537696838,1.0538921506961023,0.06956437077937837,1.2119498693943023,1.266872525215149
KACE-1-0-G,ssp245,optimized,historical,1994,2014,252,performance_ratio,period_mean_map,china_intersection,1,1.0533748952428368,506,0.0,0.0,0.9715263247489929,0.984242194890976,1.0532923340797424,1.053892162948729,0.038955169881211046,1.1288425266742705,1.150153636932373
KACE-1-0-G,ssp245,optimized,historical,1994,2014,252,pvpot,all_monthly_grid_samples,china_intersection,W m-2,nan,127512,0.0,0.0,39.45480728149414,69.00971633911132,195.4705810546875,198.26125123167407,68.33469116692824,362.2726425170898,428.3934631347656
KACE-1-0-G,ssp245,optimized,historical,1994,2014,252,pvpot,period_mean_map,china_intersection,W m-2,199.46295668463233,506,0.0,0.0,121.20850372314453,126.44191932678223,190.24138641357422,198.26124966285917,40.87159785859006,288.6857681274414,300.67535400390625
KACE-1-0-G,ssp245,optimized,historical,1994,2014,252,wind_speed_hub,all_monthly_grid_samples,china_intersection,m s-1,nan,127512,0.0,0.0,0.1617315262556076,0.5683426332473756,2.581950545310974,3.0616337142822094,1.9891624018748646,10.615425338745116,18.86970329284668
KACE-1-0-G,ssp245,optimized,historical,1994,2014,252,wind_speed_hub,period_mean_map,china_intersection,m s-1,2.819379643849,506,0.0,0.0,0.8649088740348816,1.0871577918529511,2.7199493646621704,3.0616336824158905,1.5086312218502242,9.138009166717527,10.518025398254395
KACE-1-0-G,ssp245,optimized,historical,1994,2014,252,wpd,all_monthly_grid_samples,china_intersection,W m-2,nan,127512,0.0,0.0,0.002591135445982218,0.11244412668049336,10.542650699615479,49.51856889563727,161.90877223803287,732.6865960693356,4115.29833984375
KACE-1-0-G,ssp245,optimized,historical,1994,2014,252,wpd,period_mean_map,china_intersection,W m-2,29.578733568881148,506,0.0,0.0,0.5398154258728027,1.0346261143684388,17.32380199432373,49.51856963519051,113.55747155613275,667.4612548828122,1150.21875
KACE-1-0-G,ssp245,optimized,mid_century,2040,2060,252,tcell,all_monthly_grid_samples,china_intersection,degree_Celsius,nan,127512,0.0,16.07299705125792,-26.536283493041992,-15.808312139511107,18.693700790405273,16.861709612823365,14.515418907830608,39.88306579589844,46.90277862548828
KACE-1-0-G,ssp245,optimized,mid_century,2040,2060,252,tcell,period_mean_map,china_intersection,degree_Celsius,16.94784650803517,506,0.0,1.185770750988142,-4.491753578186035,-0.08970129564404493,17.15218448638916,16.861709751689386,8.070158240330784,30.80221290588379,32.61792755126953
KACE-1-0-G,ssp245,optimized,mid_century,2040,2060,252,performance_ratio,all_monthly_grid_samples,china_intersection,1,nan,127512,0.0,0.0,0.8904861211776733,0.9255846792459488,1.0315314531326294,1.0406914520121755,0.07257709456626689,1.204041520357132,1.2576813697814941
KACE-1-0-G,ssp245,optimized,mid_century,2040,2060,252,performance_ratio,period_mean_map,china_intersection,1,1.0402607591946011,506,0.0,0.0,0.9619106650352478,0.9709894329309463,1.0392393469810486,1.0406914462920704,0.040350785389759,1.1254487097263337,1.1474590301513672
KACE-1-0-G,ssp245,optimized,mid_century,2040,2060,252,pvpot,all_monthly_grid_samples,china_intersection,W m-2,nan,127512,0.0,0.0,37.75624465942383,69.01598884582519,202.0459976196289,203.74059463736478,69.48328328215871,376.78755584716794,531.103271484375
KACE-1-0-G,ssp245,optimized,mid_century,2040,2060,252,pvpot,period_mean_map,china_intersection,W m-2,205.53685900631754,506,0.0,0.0,135.13348388671875,141.62201538085938,192.56175994873047,203.74059699740806,39.61576414272006,297.69417572021484,322.5191955566406
KACE-1-0-G,ssp245,optimized,mid_century,2040,2060,252,wind_speed_hub,all_monthly_grid_samples,china_intersection,m s-1,nan,127512,0.0,0.0,0.1519290655851364,0.5316702055931092,2.441012978553772,2.90232928060694,1.947675612647555,10.743758602142329,19.51258087158203
KACE-1-0-G,ssp245,optimized,mid_century,2040,2060,252,wind_speed_hub,period_mean_map,china_intersection,m s-1,2.638637126714823,506,0.0,0.0,0.8091633915901184,0.992884424328804,2.5934739112854004,2.902329245928248,1.501864625976423,9.156951379776,10.258134841918945
KACE-1-0-G,ssp245,optimized,mid_century,2040,2060,252,wpd,all_monthly_grid_samples,china_intersection,W m-2,nan,127512,0.0,0.0,0.0021479721181094646,0.09205196171998978,8.908741474151611,45.53087188020557,168.0537922114179,759.5825531005846,4550.4072265625
KACE-1-0-G,ssp245,optimized,mid_century,2040,2060,252,wpd,period_mean_map,china_intersection,W m-2,24.192892157512752,506,0.0,0.0,0.44086501002311707,0.8848346501588822,14.95383882522583,45.53087012375532,116.12667697812148,685.0504791259764,1109.5743408203125
KACE-1-0-G,ssp245,optimized,late_century,2080,2100,252,tcell,all_monthly_grid_samples,china_intersection,degree_Celsius,nan,127512,0.0,15.138183072965683,-24.707067489624023,-14.928768310546875,19.293435096740723,17.499579472699622,14.4636305921053,40.47005687713623,46.15458679199219
KACE-1-0-G,ssp245,optimized,late_century,2080,2100,252,tcell,period_mean_map,china_intersection,degree_Celsius,17.601805683332493,506,0.0,0.7905138339920948,-3.9024600982666016,0.6756957858800888,17.8452787399292,17.49957973892725,8.084119064237155,31.493610954284666,33.6946907043457
KACE-1-0-G,ssp245,optimized,late_century,2080,2100,252,performance_ratio,all_monthly_grid_samples,china_intersection,1,nan,127512,0.0,0.0,0.8942270874977112,0.9226497429609298,1.0285328030586243,1.0375021026580844,0.0723181529401002,1.1996438574790955,1.248535394668579
KACE-1-0-G,ssp245,optimized,late_century,2080,2100,252,performance_ratio,period_mean_map,china_intersection,1,1.0369909831570425,506,0.0,0.0,0.9565261006355286,0.9675319731235504,1.0357738137245178,1.0375021034078635,0.04042060895481042,1.121621549129486,1.1445122957229614
KACE-1-0-G,ssp245,optimized,late_century,2080,2100,252,pvpot,all_monthly_grid_samples,china_intersection,W m-2,nan,127512,0.0,0.0,38.95333480834961,69.38229797363282,204.61466217041016,205.38036825043756,69.05187883712591,376.4089044189453,530.3231201171875
KACE-1-0-G,ssp245,optimized,late_century,2080,2100,252,pvpot,period_mean_map,china_intersection,W m-2,207.1045007567465,506,0.0,0.0,137.18502807617188,144.23164978027344,194.97318267822266,205.38036997798875,38.664584915315615,298.0654891967773,321.01708984375
KACE-1-0-G,ssp245,optimized,late_century,2080,2100,252,wind_speed_hub,all_monthly_grid_samples,china_intersection,m s-1,nan,127512,0.0,0.0,0.1640987992286682,0.5429400539398194,2.451602578163147,2.927489497427317,1.9662168576229258,10.881482439041134,19.305177688598633
KACE-1-0-G,ssp245,optimized,late_century,2080,2100,252,wind_speed_hub,period_mean_map,china_intersection,m s-1,2.659567285663582,506,0.0,0.0,0.8287897109985352,1.0021007120609284,2.6177653074264526,2.9274895603477717,1.522703039695238,9.239286947250365,10.247401237487793
KACE-1-0-G,ssp245,optimized,late_century,2080,2100,252,wpd,all_monthly_grid_samples,china_intersection,W m-2,nan,127512,0.0,0.0,0.002706588711589575,0.09803061753511429,9.025189876556396,46.63684838755002,167.74379845138122,789.1695269775382,4406.8427734375
KACE-1-0-G,ssp245,optimized,late_century,2080,2100,252,wpd,period_mean_map,china_intersection,W m-2,24.909614988604545,506,0.0,0.0,0.46412795782089233,0.9196363180875778,15.032805919647217,46.636847628788516,118.16920044947146,701.3618682861327,1083.1964111328125
KACE-1-0-G,ssp585,paper_qm,historical,1994,2014,252,tcell,all_monthly_grid_samples,china_intersection,degree_Celsius,nan,127512,0.0,18.90567162306293,-28.374513626098633,-17.38998140335083,16.019808769226074,14.221569867064735,13.912874156687876,36.2275830078125,40.74449157714844
KACE-1-0-G,ssp585,paper_qm,historical,1994,2014,252,tcell,period_mean_map,china_intersection,degree_Celsius,14.32502351956469,506,0.0,2.5691699604743086,-5.030629634857178,-0.7684001415967942,14.34156322479248,14.221569847293463,7.791031646848968,28.151550102233884,30.69471549987793
KACE-1-0-G,ssp585,paper_qm,historical,1994,2014,252,performance_ratio,all_monthly_grid_samples,china_intersection,1,nan,127512,0.0,0.0,0.9212775230407715,0.9438620990514756,1.0449009537696838,1.0538921506961023,0.06956437077937837,1.2119498693943023,1.266872525215149
KACE-1-0-G,ssp585,paper_qm,historical,1994,2014,252,performance_ratio,period_mean_map,china_intersection,1,1.0533748952428368,506,0.0,0.0,0.9715263247489929,0.984242194890976,1.0532923340797424,1.053892162948729,0.038955169881211046,1.1288425266742705,1.150153636932373
KACE-1-0-G,ssp585,paper_qm,historical,1994,2014,252,pvpot,all_monthly_grid_samples,china_intersection,W m-2,nan,127512,0.0,0.0,39.45480728149414,69.00971633911132,195.4705810546875,198.26125123167407,68.33469116692824,362.2726425170898,428.3934631347656
KACE-1-0-G,ssp585,paper_qm,historical,1994,2014,252,pvpot,period_mean_map,china_intersection,W m-2,199.46295668463233,506,0.0,0.0,121.20850372314453,126.44191932678223,190.24138641357422,198.26124966285917,40.87159785859006,288.6857681274414,300.67535400390625
KACE-1-0-G,ssp585,paper_qm,historical,1994,2014,252,wind_speed_hub,all_monthly_grid_samples,china_intersection,m s-1,nan,127512,0.0,0.0,0.1617315262556076,0.5683426332473756,2.581950545310974,3.0616337142822094,1.9891624018748646,10.615425338745116,18.86970329284668
KACE-1-0-G,ssp585,paper_qm,historical,1994,2014,252,wind_speed_hub,period_mean_map,china_intersection,m s-1,2.819379643849,506,0.0,0.0,0.8649088740348816,1.0871577918529511,2.7199493646621704,3.0616336824158905,1.5086312218502242,9.138009166717527,10.518025398254395
KACE-1-0-G,ssp585,paper_qm,historical,1994,2014,252,wpd,all_monthly_grid_samples,china_intersection,W m-2,nan,127512,0.0,0.0,0.002591135445982218,0.11244412668049336,10.542650699615479,49.51856889563727,161.90877223803287,732.6865960693356,4115.29833984375
KACE-1-0-G,ssp585,paper_qm,historical,1994,2014,252,wpd,period_mean_map,china_intersection,W m-2,29.578733568881148,506,0.0,0.0,0.5398154258728027,1.0346261143684388,17.32380199432373,49.51856963519051,113.55747155613275,667.4612548828122,1150.21875
KACE-1-0-G,ssp585,paper_qm,mid_century,2040,2060,252,tcell,all_monthly_grid_samples,china_intersection,degree_Celsius,nan,127512,0.0,15.081717799109104,-25.2128963470459,-15.03565559387207,19.117457389831543,17.238272619619643,14.294867127632894,40.45622470855713,46.40409469604492
KACE-1-0-G,ssp585,paper_qm,mid_century,2040,2060,252,tcell,period_mean_map,china_intersection,degree_Celsius,17.329007600990963,506,0.0,0.592885375494071,-3.8056328296661377,0.585224837064743,17.6422176361084,17.238272305946104,7.8982650671426615,30.848898410797116,32.985130310058594
KACE-1-0-G,ssp585,paper_qm,mid_century,2040,2060,252,performance_ratio,all_monthly_grid_samples,china_intersection,1,nan,127512,0.0,0.0,0.8929795026779175,0.9227188849449157,1.0294127464294434,1.0388086367122942,0.07147433554079022,1.2001783061027527,1.251064419746399
KACE-1-0-G,ssp585,paper_qm,mid_century,2040,2060,252,performance_ratio,period_mean_map,china_intersection,1,1.0383549428714656,506,0.0,0.0,0.9600743651390076,0.9707558572292327,1.036788821220398,1.0388086230858513,0.03949134212802469,1.1220738768577576,1.1440274715423584
KACE-1-0-G,ssp585,paper_qm,mid_century,2040,2060,252,pvpot,all_monthly_grid_samples,china_intersection,W m-2,nan,127512,0.0,0.0,39.056766510009766,68.67771522521973,200.44391632080078,202.4178955986506,68.95336925285494,373.044423828125,535.317138671875
KACE-1-0-G,ssp585,paper_qm,mid_century,2040,2060,252,pvpot,period_mean_map,china_intersection,W m-2,203.97958660988454,506,0.0,0.0,133.03729248046875,138.85514297485352,191.1844711303711,202.41789498913428,39.53530994263506,297.60035552978513,321.1864929199219
KACE-1-0-G,ssp585,paper_qm,mid_century,2040,2060,252,wind_speed_hub,all_monthly_grid_samples,china_intersection,m s-1,nan,127512,0.0,0.0,0.15273766219615936,0.39672912180423736,2.104044556617737,2.634152802461841,2.024010640221287,10.884992122650145,21.272109985351562
KACE-1-0-G,ssp585,paper_qm,mid_century,2040,2060,252,wind_speed_hub,period_mean_map,china_intersection,m s-1,2.3441180919090896,506,0.0,0.0,0.5995210409164429,0.7789496779441833,2.2696675062179565,2.634152784295704,1.5675337866050878,9.312172365188598,10.102119445800781
KACE-1-0-G,ssp585,paper_qm,mid_century,2040,2060,252,wpd,all_monthly_grid_samples,china_intersection,W m-2,nan,127512,0.0,0.0,0.0021824513096362352,0.0382462077960372,5.705200433731079,42.739795605738024,167.94992630124855,789.9332623291011,5895.73291015625
KACE-1-0-G,ssp585,paper_qm,mid_century,2040,2060,252,wpd,period_mean_map,china_intersection,W m-2,20.877859308602705,506,0.0,0.0,0.2340274304151535,0.47692652195692065,11.47229814529419,42.73979488660107,117.91263336043713,693.9555480957031,1052.6087646484375
KACE-1-0-G,ssp585,paper_qm,late_century,2080,2100,252,tcell,all_monthly_grid_samples,china_intersection,degree_Celsius,nan,127512,0.0,10.621745404354101,-21.619653701782227,-11.663607864379882,21.84736156463623,20.253465815806763,14.109172542890102,43.8487670135498,49.979122161865234
KACE-1-0-G,ssp585,paper_qm,late_century,2080,2100,252,tcell,period_mean_map,china_intersection,degree_Celsius,20.376662458007917,506,0.0,0.1976284584980237,-0.5244849324226379,3.755831575393677,20.8380126953125,20.25346546905785,7.589273882661205,33.15513572692871,35.546512603759766
KACE-1-0-G,ssp585,paper_qm,late_century,2080,2100,252,performance_ratio,all_monthly_grid_samples,china_intersection,1,nan,127512,0.0,0.0,0.8751044273376465,0.9057561349868775,1.0157632231712341,1.0237326708864938,0.07054586282529651,1.1833180403709411,1.2330982685089111
KACE-1-0-G,ssp585,paper_qm,late_century,2080,2100,252,performance_ratio,period_mean_map,china_intersection,1,1.0231166651121641,506,0.0,0.0,0.9472677111625671,0.9592241108417511,1.0208097696304321,1.0237326556043662,0.03794636369270871,1.1062213361263276,1.127622127532959
KACE-1-0-G,ssp585,paper_qm,late_century,2080,2100,252,pvpot,all_monthly_grid_samples,china_intersection,W m-2,nan,127512,0.0,0.0,37.630760192871094,66.77948890686035,201.10479736328125,201.67970682666865,67.36735908989542,364.29738372802734,512.586669921875
KACE-1-0-G,ssp585,paper_qm,late_century,2080,2100,252,pvpot,period_mean_map,china_intersection,W m-2,203.12230717366924,506,0.0,0.0,138.43746948242188,145.42189865112306,191.60382843017578,201.67970595529428,36.50746397191108,290.92678222656247,312.1484069824219
KACE-1-0-G,ssp585,paper_qm,late_century,2080,2100,252,wind_speed_hub,all_monthly_grid_samples,china_intersection,m s-1,nan,127512,0.0,0.0,0.1292921006679535,0.3931505367159844,2.1241202354431152,2.6432544208333373,2.0437483280010182,11.128766412734985,20.85536766052246
KACE-1-0-G,ssp585,paper_qm,late_century,2080,2100,252,wind_speed_hub,period_mean_map,china_intersection,m s-1,2.345323195881142,506,0.0,0.0,0.6087244153022766,0.7814507335424423,2.316192150115967,2.6432543915251028,1.586854265885525,9.638837385177613,10.213255882263184
KACE-1-0-G,ssp585,paper_qm,late_century,2080,2100,252,wpd,all_monthly_grid_samples,china_intersection,W m-2,nan,127512,0.0,0.0,0.0013237990206107497,0.037220546044409275,5.8700714111328125,43.954346692442236,176.96055223798845,844.2034478759765,5555.966796875
KACE-1-0-G,ssp585,paper_qm,late_century,2080,2100,252,wpd,period_mean_map,china_intersection,W m-2,20.5203231687776,506,0.0,0.0,0.25580665469169617,0.40917887240648265,12.566254138946533,43.95434744868118,125.18010890929548,722.0610473632812,1093.2874755859375
KACE-1-0-G,ssp585,optimized,historical,1994,2014,252,tcell,all_monthly_grid_samples,china_intersection,degree_Celsius,nan,127512,0.0,18.90567162306293,-28.374513626098633,-17.38998140335083,16.019808769226074,14.221569867064735,13.912874156687876,36.2275830078125,40.74449157714844
KACE-1-0-G,ssp585,optimized,historical,1994,2014,252,tcell,period_mean_map,china_intersection,degree_Celsius,14.32502351956469,506,0.0,2.5691699604743086,-5.030629634857178,-0.7684001415967942,14.34156322479248,14.221569847293463,7.791031646848968,28.151550102233884,30.69471549987793
KACE-1-0-G,ssp585,optimized,historical,1994,2014,252,performance_ratio,all_monthly_grid_samples,china_intersection,1,nan,127512,0.0,0.0,0.9212775230407715,0.9438620990514756,1.0449009537696838,1.0538921506961023,0.06956437077937837,1.2119498693943023,1.266872525215149
KACE-1-0-G,ssp585,optimized,historical,1994,2014,252,performance_ratio,period_mean_map,china_intersection,1,1.0533748952428368,506,0.0,0.0,0.9715263247489929,0.984242194890976,1.0532923340797424,1.053892162948729,0.038955169881211046,1.1288425266742705,1.150153636932373
KACE-1-0-G,ssp585,optimized,historical,1994,2014,252,pvpot,all_monthly_grid_samples,china_intersection,W m-2,nan,127512,0.0,0.0,39.45480728149414,69.00971633911132,195.4705810546875,198.26125123167407,68.33469116692824,362.2726425170898,428.3934631347656
KACE-1-0-G,ssp585,optimized,historical,1994,2014,252,pvpot,period_mean_map,china_intersection,W m-2,199.46295668463233,506,0.0,0.0,121.20850372314453,126.44191932678223,190.24138641357422,198.26124966285917,40.87159785859006,288.6857681274414,300.67535400390625
KACE-1-0-G,ssp585,optimized,historical,1994,2014,252,wind_speed_hub,all_monthly_grid_samples,china_intersection,m s-1,nan,127512,0.0,0.0,0.1617315262556076,0.5683426332473756,2.581950545310974,3.0616337142822094,1.9891624018748646,10.615425338745116,18.86970329284668
KACE-1-0-G,ssp585,optimized,historical,1994,2014,252,wind_speed_hub,period_mean_map,china_intersection,m s-1,2.819379643849,506,0.0,0.0,0.8649088740348816,1.0871577918529511,2.7199493646621704,3.0616336824158905,1.5086312218502242,9.138009166717527,10.518025398254395
KACE-1-0-G,ssp585,optimized,historical,1994,2014,252,wpd,all_monthly_grid_samples,china_intersection,W m-2,nan,127512,0.0,0.0,0.002591135445982218,0.11244412668049336,10.542650699615479,49.51856889563727,161.90877223803287,732.6865960693356,4115.29833984375
KACE-1-0-G,ssp585,optimized,historical,1994,2014,252,wpd,period_mean_map,china_intersection,W m-2,29.578733568881148,506,0.0,0.0,0.5398154258728027,1.0346261143684388,17.32380199432373,49.51856963519051,113.55747155613275,667.4612548828122,1150.21875
KACE-1-0-G,ssp585,optimized,mid_century,2040,2060,252,tcell,all_monthly_grid_samples,china_intersection,degree_Celsius,nan,127512,0.0,15.38678712591756,-25.675451278686523,-14.859129495620726,19.131922721862793,17.329707245392637,14.388354762768634,40.1666731262207,46.168087005615234
KACE-1-0-G,ssp585,optimized,mid_century,2040,2060,252,tcell,period_mean_map,china_intersection,degree_Celsius,17.41789818526335,506,0.0,0.7905138339920948,-4.123532295227051,0.5070869505405426,17.602599143981934,17.329707566295333,8.026622063160268,31.29182176589966,33.16347122192383
KACE-1-0-G,ssp585,optimized,mid_century,2040,2060,252,performance_ratio,all_monthly_grid_samples,china_intersection,1,nan,127512,0.0,0.0,0.8941595554351807,0.9241666150093079,1.029340386390686,1.0383514640010827,0.07194177390483669,1.1992956411838531,1.2533771991729736
KACE-1-0-G,ssp585,optimized,mid_century,2040,2060,252,performance_ratio,period_mean_map,china_intersection,1,1.0379105037065324,506,0.0,0.0,0.9591825604438782,0.9685407400131225,1.0369870066642761,1.0383514516909602,0.04013310247005473,1.122464519739151,1.1456174850463867
KACE-1-0-G,ssp585,optimized,mid_century,2040,2060,252,pvpot,all_monthly_grid_samples,china_intersection,W m-2,nan,127512,0.0,0.0,38.75927734375,68.63804138183595,200.3527069091797,202.36241770332137,69.05997211800228,373.77989624023434,534.988037109375
KACE-1-0-G,ssp585,optimized,mid_century,2040,2060,252,pvpot,period_mean_map,china_intersection,W m-2,203.93549694137096,506,0.0,0.0,132.66258239746094,138.77601013183593,191.27935028076172,202.36241686673975,39.756950729798504,297.6245376586914,321.192626953125
KACE-1-0-G,ssp585,optimized,mid_century,2040,2060,252,wind_speed_hub,all_monthly_grid_samples,china_intersection,m s-1,nan,127512,0.0,0.0,0.15273766219615936,0.5303344023227692,2.442387580871582,2.9133243451488724,1.9614679319006023,10.76772250175476,21.272109985351562
KACE-1-0-G,ssp585,optimized,mid_century,2040,2060,252,wind_speed_hub,period_mean_map,china_intersection,m s-1,2.6472248152499014,506,0.0,0.0,0.8167918920516968,0.958456102013588,2.611362099647522,2.9133243493647445,1.5174021418057833,9.152729892730713,10.205714225769043
KACE-1-0-G,ssp585,optimized,mid_century,2040,2060,252,wpd,all_monthly_grid_samples,china_intersection,W m-2,nan,127512,0.0,0.0,0.0021824513096362352,0.09135989233851434,8.923800468444824,46.05173637205123,166.77680703117545,764.6763983154295,5895.73291015625
KACE-1-0-G,ssp585,optimized,mid_century,2040,2060,252,wpd,period_mean_map,china_intersection,W m-2,24.66274050799424,506,0.0,0.0,0.44716158509254456,0.7716038137674331,15.476837635040283,46.05173851773437,115.84881485580355,682.2890045166014,1063.37646484375
KACE-1-0-G,ssp585,optimized,late_century,2080,2100,252,tcell,all_monthly_grid_samples,china_intersection,degree_Celsius,nan,127512,0.0,10.756634669678148,-21.863582611083984,-11.3585054397583,21.8845796585083,20.377519278732866,14.222156095692084,43.49510467529297,49.27009963989258
KACE-1-0-G,ssp585,optimized,late_century,2080,2100,252,tcell,period_mean_map,china_intersection,degree_Celsius,20.499760640334316,506,0.0,0.1976284584980237,-0.9022226929664612,3.4344286918640137,20.89285182952881,20.37751883657082,7.754514094102252,33.941483879089354,35.80217361450195
KACE-1-0-G,ssp585,optimized,late_century,2080,2100,252,performance_ratio,all_monthly_grid_samples,china_intersection,1,nan,127512,0.0,0.0,0.8786494731903076,0.9075245052576065,1.0155771374702454,1.0231124034267245,0.0711107803218771,1.1817925012111663,1.2343178987503052
KACE-1-0-G,ssp585,optimized,late_century,2080,2100,252,performance_ratio,period_mean_map,china_intersection,1,1.022501186821056,506,0.0,0.0,0.9459888339042664,0.9552923649549484,1.020536184310913,1.0231123938862043,0.038772574099355445,1.1078280568122865,1.1295112371444702
KACE-1-0-G,ssp585,optimized,late_century,2080,2100,252,pvpot,all_monthly_grid_samples,china_intersection,W m-2,nan,127512,0.0,0.0,37.630306243896484,66.67011413574218,200.8863983154297,201.59180203895585,67.47650017587407,364.94113494873045,516.1851806640625
KACE-1-0-G,ssp585,optimized,late_century,2080,2100,252,pvpot,period_mean_map,china_intersection,W m-2,203.0479122019741,506,0.0,0.0,137.93922424316406,144.7603744506836,191.29876708984375,201.5918012777336,36.783972417429766,291.14070892333984,312.6293640136719
KACE-1-0-G,ssp585,optimized,late_century,2080,2100,252,wind_speed_hub,all_monthly_grid_samples,china_intersection,m s-1,nan,127512,0.0,0.0,0.1292921006679535,0.5301724672317505,2.450323700904846,2.9176232420410315,1.9725325596160244,10.937572088241572,20.85536766052246
KACE-1-0-G,ssp585,optimized,late_century,2080,2100,252,wind_speed_hub,period_mean_map,china_intersection,m s-1,2.64402978135169,506,0.0,0.0,0.8041638731956482,0.9554357498884201,2.6337088346481323,2.917623204676059,1.5312982228541616,9.348027324676513,10.25733757019043
KACE-1-0-G,ssp585,optimized,late_century,2080,2100,252,wpd,all_monthly_grid_samples,china_intersection,W m-2,nan,127512,0.0,0.0,0.0013237990206107497,0.09127619415521622,9.011073112487793,46.877535758421125,174.7890557918248,801.4361309814442,5555.966796875
KACE-1-0-G,ssp585,optimized,late_century,2080,2100,252,wpd,period_mean_map,china_intersection,W m-2,24.19427965103197,506,0.0,0.0,0.41917091608047485,0.7562214970588684,15.661571025848389,46.877533962721884,121.60020034668926,698.9064178466797,1105.9940185546875
MPI-ESM1-2-HR,ssp126,paper_qm,historical,1994,2014,252,tcell,all_monthly_grid_samples,china_intersection,degree_Celsius,nan,317772,0.0,19.098913686542552,-29.713153839111328,-17.878383045196532,15.632714748382568,13.922743569561293,13.871632870565977,36.22145137786865,42.236995697021484
MPI-ESM1-2-HR,ssp126,paper_qm,historical,1994,2014,252,tcell,period_mean_map,china_intersection,degree_Celsius,14.15066350731768,1261,0.0,2.141157811260904,-3.8520326614379883,-1.5994901895523073,14.059744834899902,13.92274359458338,7.664098000906403,27.903863906860355,29.899383544921875
MPI-ESM1-2-HR,ssp126,paper_qm,historical,1994,2014,252,performance_ratio,all_monthly_grid_samples,china_intersection,1,nan,317772,0.0,0.0,0.9138150215148926,0.9438927483558655,1.0468364357948303,1.0553862821748876,0.0693581643412741,1.2143919575214386,1.2735657691955566
MPI-ESM1-2-HR,ssp126,paper_qm,historical,1994,2014,252,performance_ratio,period_mean_map,china_intersection,1,1.05424668758543,1261,0.0,0.0,0.9755030274391174,0.985480546951294,1.0547014474868774,1.0553862931329423,0.03832049561889916,1.1329974412918091,1.144260048866272
MPI-ESM1-2-HR,ssp126,paper_qm,historical,1994,2014,252,pvpot,all_monthly_grid_samples,china_intersection,W m-2,nan,317772,0.0,0.0,35.61484909057617,69.76029838562012,195.84716796875,198.66825732176676,68.3563181105688,362.14933807373046,424.74603271484375
MPI-ESM1-2-HR,ssp126,paper_qm,historical,1994,2014,252,pvpot,period_mean_map,china_intersection,W m-2,199.98926042323126,1261,0.0,0.0,121.41310119628906,129.09945373535157,189.88294982910156,198.66825677930694,41.09509817275849,290.9870483398438,301.17156982421875
MPI-ESM1-2-HR,ssp126,paper_qm,historical,1994,2014,252,wind_speed_hub,all_monthly_grid_samples,china_intersection,m s-1,nan,317772,0.0,0.0,0.14245536923408508,0.5964101564884186,2.702284097671509,3.073037448420933,1.8215820978494592,9.212224626541136,19.60118293762207
MPI-ESM1-2-HR,ssp126,paper_qm,historical,1994,2014,252,wind_speed_hub,period_mean_map,china_intersection,m s-1,2.9303622148884063,1261,0.0,0.0,0.7420386672019958,1.077108335494995,2.890425205230713,3.0730374482867266,1.320845654966143,8.426359748840344,10.524543762207031
MPI-ESM1-2-HR,ssp126,paper_qm,historical,1994,2014,252,wpd,all_monthly_grid_samples,china_intersection,W m-2,nan,317772,0.0,0.0,0.0017706900835037231,0.12993948221206664,12.086459159851074,43.094033068047565,132.13762635924434,478.8501998901365,4612.67626953125
MPI-ESM1-2-HR,ssp126,paper_qm,historical,1994,2014,252,wpd,period_mean_map,china_intersection,W m-2,31.383864915219213,1261,0.0,0.0,0.352339506149292,0.9976338624954224,20.334692001342773,43.09403250857443,90.13218435097194,504.96958007813083,1169.250732421875
MPI-ESM1-2-HR,ssp126,paper_qm,mid_century,2040,2060,252,tcell,all_monthly_grid_samples,china_intersection,degree_Celsius,nan,317772,0.0,17.155067155067155,-25.89803695678711,-16.349904079437255,16.808340072631836,15.20911808003843,13.884311895474209,38.041002807617176,43.793922424316406
MPI-ESM1-2-HR,ssp126,paper_qm,mid_century,2040,2060,252,tcell,period_mean_map,china_intersection,degree_Celsius,15.444987223341895,1261,0.0,1.26883425852498,-2.8715977668762207,-0.373521763086319,15.417566299438477,15.209118007795263,7.690167835782957,29.01533470153809,30.605022430419922
MPI-ESM1-2-HR,ssp126,paper_qm,mid_century,2040,2060,252,performance_ratio,all_monthly_grid_samples,china_intersection,1,nan,317772,0.0,0.0,0.9060304164886475,0.9347949784994125,1.040958285331726,1.0489544094932353,0.0694215593619901,1.2067495119571685,1.2544901371002197
MPI-ESM1-2-HR,ssp126,paper_qm,mid_century,2040,2060,252,performance_ratio,period_mean_map,china_intersection,1,1.0477750650477915,1261,0.0,0.0,0.9719749093055725,0.979923141002655,1.0479122400283813,1.0489544126365413,0.03845083994562088,1.1268676280975343,1.1393579244613647
MPI-ESM1-2-HR,ssp126,paper_qm,mid_century,2040,2060,252,pvpot,all_monthly_grid_samples,china_intersection,W m-2,nan,317772,0.0,0.0,31.257816314697266,69.67867507934571,199.2882308959961,200.43586627886305,67.07746820001343,361.85688720703115,429.1014404296875
MPI-ESM1-2-HR,ssp126,paper_qm,mid_century,2040,2060,252,pvpot,period_mean_map,china_intersection,W m-2,201.90074336659808,1261,0.0,0.0,124.15426635742188,135.47077026367188,191.17869567871094,200.43586606321404,37.98082434091496,288.6268127441407,297.38653564453125
MPI-ESM1-2-HR,ssp126,paper_qm,mid_century,2040,2060,252,wind_speed_hub,all_monthly_grid_samples,china_intersection,m s-1,nan,317772,0.0,0.0,0.13538222014904022,0.4666165366768837,2.4341487884521484,2.8407722619122286,1.842306135893089,9.163469057083129,19.95970916748047
MPI-ESM1-2-HR,ssp126,paper_qm,mid_century,2040,2060,252,wind_speed_hub,period_mean_map,china_intersection,m s-1,2.6912864188823056,1261,0.0,0.0,0.7495200037956238,0.978685736656189,2.590872049331665,2.840772223794016,1.335072306339909,8.37560386657715,10.504154205322266
MPI-ESM1-2-HR,ssp126,paper_qm,mid_century,2040,2060,252,wpd,all_monthly_grid_samples,china_intersection,W m-2,nan,317772,0.0,0.0,0.001519816112704575,0.06222809076309204,8.833797931671143,39.232962627849005,138.18359103307617,471.2873724365233,4870.4462890625
MPI-ESM1-2-HR,ssp126,paper_qm,mid_century,2040,2060,252,wpd,period_mean_map,china_intersection,W m-2,27.149923183633156,1261,0.0,0.0,0.40063726902008057,0.8368319153785705,16.075214385986328,39.23296313943795,93.20411522048686,544.0053833007839,1208.062255859375
MPI-ESM1-2-HR,ssp126,paper_qm,late_century,2080,2100,252,tcell,all_monthly_grid_samples,china_intersection,degree_Celsius,nan,317772,0.0,17.887667887667888,-25.784669876098633,-16.4081414604187,16.711726188659668,15.016916584543738,13.997899218247998,37.7090269088745,43.55003356933594
MPI-ESM1-2-HR,ssp126,paper_qm,late_century,2080,2100,252,tcell,period_mean_map,china_intersection,degree_Celsius,15.24627770181627,1261,0.0,1.4274385408406027,-2.968205690383911,-0.8337068319320678,15.112449645996094,15.016916434340398,7.74824347557354,28.781724166870124,30.64338493347168
MPI-ESM1-2-HR,ssp126,paper_qm,late_century,2080,2100,252,performance_ratio,all_monthly_grid_samples,china_intersection,1,nan,317772,0.0,0.0,0.9072498679161072,0.9364548641443252,1.0414413809776306,1.0499154170859146,0.06998949609766784,1.207040727138519,1.2539232969284058
MPI-ESM1-2-HR,ssp126,paper_qm,late_century,2080,2100,252,performance_ratio,period_mean_map,china_intersection,1,1.048768620983757,1261,0.0,0.0,0.9717828035354614,0.9810911417007446,1.0494375228881836,1.0499154262179708,0.038741210245687316,1.129168725013733,1.1398407220840454
MPI-ESM1-2-HR,ssp126,paper_qm,late_century,2080,2100,252,pvpot,all_monthly_grid_samples,china_intersection,W m-2,nan,317772,0.0,0.0,34.792964935302734,69.92992218017578,200.6976318359375,202.0723782969093,67.22266134877822,361.68870269775374,436.9918212890625
MPI-ESM1-2-HR,ssp126,paper_qm,late_century,2080,2100,252,pvpot,period_mean_map,china_intersection,W m-2,203.54197521639836,1261,0.0,0.0,127.46058654785156,137.60870971679688,193.13063049316406,202.0723784746961,37.64814696092901,288.7903686523438,298.39154052734375
MPI-ESM1-2-HR,ssp126,paper_qm,late_century,2080,2100,252,wind_speed_hub,all_monthly_grid_samples,china_intersection,m s-1,nan,317772,0.0,0.0,0.12568135559558868,0.45504550844430924,2.473221778869629,2.880937843859757,1.8791399227411696,9.330597753524774,19.091279983520508
MPI-ESM1-2-HR,ssp126,paper_qm,late_century,2080,2100,252,wind_speed_hub,period_mean_map,china_intersection,m s-1,2.732983060990601,1261,0.0,0.0,0.6872503161430359,0.9424077033996582,2.6420493125915527,2.880937864485475,1.3627577463163987,8.406234741210938,10.401754379272461
MPI-ESM1-2-HR,ssp126,paper_qm,late_century,2080,2100,252,wpd,all_monthly_grid_samples,china_intersection,W m-2,nan,317772,0.0,0.0,0.0012159583857282996,0.057712597884237764,9.266063690185547,41.09806870305148,142.7670356583301,497.5474694824209,4261.97802734375
MPI-ESM1-2-HR,ssp126,paper_qm,late_century,2080,2100,252,wpd,period_mean_map,china_intersection,W m-2,28.781221403638934,1261,0.0,0.0,0.4038200080394745,0.8540430068969727,16.973031997680664,41.09806836102805,96.6760359132278,562.8839965820334,1215.2457275390625
MPI-ESM1-2-HR,ssp126,optimized,historical,1994,2014,252,tcell,all_monthly_grid_samples,china_intersection,degree_Celsius,nan,317772,0.0,19.098913686542552,-29.713153839111328,-17.878383045196532,15.632714748382568,13.922743569561293,13.871632870565977,36.22145137786865,42.236995697021484
MPI-ESM1-2-HR,ssp126,optimized,historical,1994,2014,252,tcell,period_mean_map,china_intersection,degree_Celsius,14.15066350731768,1261,0.0,2.141157811260904,-3.8520326614379883,-1.5994901895523073,14.059744834899902,13.92274359458338,7.664098000906403,27.903863906860355,29.899383544921875
MPI-ESM1-2-HR,ssp126,optimized,historical,1994,2014,252,performance_ratio,all_monthly_grid_samples,china_intersection,1,nan,317772,0.0,0.0,0.9138150215148926,0.9438927483558655,1.0468364357948303,1.0553862821748876,0.0693581643412741,1.2143919575214386,1.2735657691955566
MPI-ESM1-2-HR,ssp126,optimized,historical,1994,2014,252,performance_ratio,period_mean_map,china_intersection,1,1.05424668758543,1261,0.0,0.0,0.9755030274391174,0.985480546951294,1.0547014474868774,1.0553862931329423,0.03832049561889916,1.1329974412918091,1.144260048866272
MPI-ESM1-2-HR,ssp126,optimized,historical,1994,2014,252,pvpot,all_monthly_grid_samples,china_intersection,W m-2,nan,317772,0.0,0.0,35.61484909057617,69.76029838562012,195.84716796875,198.66825732176676,68.3563181105688,362.14933807373046,424.74603271484375
MPI-ESM1-2-HR,ssp126,optimized,historical,1994,2014,252,pvpot,period_mean_map,china_intersection,W m-2,199.98926042323126,1261,0.0,0.0,121.41310119628906,129.09945373535157,189.88294982910156,198.66825677930694,41.09509817275849,290.9870483398438,301.17156982421875
MPI-ESM1-2-HR,ssp126,optimized,historical,1994,2014,252,wind_speed_hub,all_monthly_grid_samples,china_intersection,m s-1,nan,317772,0.0,0.0,0.14245536923408508,0.5964101564884186,2.702284097671509,3.073037448420933,1.8215820978494592,9.212224626541136,19.60118293762207
MPI-ESM1-2-HR,ssp126,optimized,historical,1994,2014,252,wind_speed_hub,period_mean_map,china_intersection,m s-1,2.9303622148884063,1261,0.0,0.0,0.7420386672019958,1.077108335494995,2.890425205230713,3.0730374482867266,1.320845654966143,8.426359748840344,10.524543762207031
MPI-ESM1-2-HR,ssp126,optimized,historical,1994,2014,252,wpd,all_monthly_grid_samples,china_intersection,W m-2,nan,317772,0.0,0.0,0.0017706900835037231,0.12993948221206664,12.086459159851074,43.094033068047565,132.13762635924434,478.8501998901365,4612.67626953125
MPI-ESM1-2-HR,ssp126,optimized,historical,1994,2014,252,wpd,period_mean_map,china_intersection,W m-2,31.383864915219213,1261,0.0,0.0,0.352339506149292,0.9976338624954224,20.334692001342773,43.09403250857443,90.13218435097194,504.96958007813083,1169.250732421875
MPI-ESM1-2-HR,ssp126,optimized,mid_century,2040,2060,252,tcell,all_monthly_grid_samples,china_intersection,degree_Celsius,nan,317772,0.0,17.451506111299924,-26.732070922851562,-16.344278030395508,16.796015739440918,15.12988318717303,13.925053878602272,37.57109397888183,43.657047271728516
MPI-ESM1-2-HR,ssp126,optimized,mid_century,2040,2060,252,tcell,period_mean_map,china_intersection,degree_Celsius,15.356502464126269,1261,0.0,1.3481363996827915,-3.1601204872131348,-0.6688719749450684,15.29992961883545,15.129883161377425,7.768552991609554,29.062267684936526,30.794233322143555
MPI-ESM1-2-HR,ssp126,optimized,mid_century,2040,2060,252,performance_ratio,all_monthly_grid_samples,china_intersection,1,nan,317772,0.0,0.0,0.9067147374153137,0.9371445494890213,1.0410199761390686,1.0493505842068473,0.06962526937471275,1.2067214202880858,1.2586603164672852
MPI-ESM1-2-HR,ssp126,optimized,mid_century,2040,2060,252,performance_ratio,period_mean_map,china_intersection,1,1.0482174936068909,1261,0.0,0.0,0.9710289239883423,0.9796885013580322,1.0485007762908936,1.0493505872212923,0.03884277034921106,1.1283443689346315,1.1408008337020874
MPI-ESM1-2-HR,ssp126,optimized,mid_century,2040,2060,252,pvpot,all_monthly_grid_samples,china_intersection,W m-2,nan,317772,0.0,0.0,30.963518142700195,69.74176223754883,199.4139404296875,200.5274983486521,67.1557506199771,361.9963146972655,432.1124572753906
MPI-ESM1-2-HR,ssp126,optimized,mid_century,2040,2060,252,pvpot,period_mean_map,china_intersection,W m-2,202.00647666614623,1261,0.0,0.0,124.07919311523438,135.44549560546875,191.2568359375,200.5274968158622,38.101822973401724,289.05183105468757,298.0525207519531
MPI-ESM1-2-HR,ssp126,optimized,mid_century,2040,2060,252,wind_speed_hub,all_monthly_grid_samples,china_intersection,m s-1,nan,317772,0.0,0.0,0.13538222014904022,0.5478179955482483,2.537684440612793,2.930951911352376,1.8141070514306876,9.146590690612788,19.95970916748047
MPI-ESM1-2-HR,ssp126,optimized,mid_century,2040,2060,252,wind_speed_hub,period_mean_map,china_intersection,m s-1,2.7814087116265087,1261,0.0,0.0,0.7515739798545837,1.0697738647460937,2.6879518032073975,2.9309518734298936,1.326921142236921,8.408719253540054,10.635141372680664
MPI-ESM1-2-HR,ssp126,optimized,mid_century,2040,2060,252,wpd,all_monthly_grid_samples,china_intersection,W m-2,nan,317772,0.0,0.0,0.001519816112704575,0.10069663606584073,10.009650707244873,40.29273404143192,137.58951208965183,468.68800781249934,4870.4462890625
MPI-ESM1-2-HR,ssp126,optimized,mid_century,2040,2060,252,wpd,period_mean_map,china_intersection,W m-2,28.138320474478924,1261,0.0,0.0,0.39027008414268494,1.0220360040664673,17.033296585083008,40.29273371765956,93.477076937359,538.9054199218782,1226.6014404296875
MPI-ESM1-2-HR,ssp126,optimized,late_century,2080,2100,252,tcell,all_monthly_grid_samples,china_intersection,degree_Celsius,nan,317772,0.0,18.15421119544831,-26.1373233795166,-16.4068009185791,16.690176010131836,14.96242013224479,14.02975534276877,37.35388969421387,43.55000686645508
MPI-ESM1-2-HR,ssp126,optimized,late_century,2080,2100,252,tcell,period_mean_map,china_intersection,degree_Celsius,15.182493005384162,1261,0.0,1.5860428231562251,-3.256960868835449,-1.0133098006248475,15.085003852844238,14.962420062147212,7.8188119145276875,28.938061141967776,30.84398651123047
MPI-ESM1-2-HR,ssp126,optimized,late_century,2080,2100,252,performance_ratio,all_monthly_grid_samples,china_intersection,1,nan,317772,0.0,0.0,0.9072499871253967,0.9382305473089219,1.0415490865707397,1.0501878993526175,0.0701487767960163,1.2070340156555175,1.255686640739441
MPI-ESM1-2-HR,ssp126,optimized,late_century,2080,2100,252,performance_ratio,period_mean_map,china_intersection,1,1.049087541229369,1261,0.0,0.0,0.9707798361778259,0.9803099632263184,1.0495752096176147,1.0501879041484194,0.03909405312703241,1.1300665378570558,1.1412848234176636
MPI-ESM1-2-HR,ssp126,optimized,late_century,2080,2100,252,pvpot,all_monthly_grid_samples,china_intersection,W m-2,nan,317772,0.0,0.0,34.71731948852539,69.9083455657959,200.80681610107422,202.14087260930427,67.29596686805006,362.00865844726553,437.53497314453125
MPI-ESM1-2-HR,ssp126,optimized,late_century,2080,2100,252,pvpot,period_mean_map,china_intersection,W m-2,203.62514570570374,1261,0.0,0.0,127.35208892822266,137.64146728515624,193.33616638183594,202.14087346657035,37.77068995537865,289.0625183105469,298.9709167480469
MPI-ESM1-2-HR,ssp126,optimized,late_century,2080,2100,252,wind_speed_hub,all_monthly_grid_samples,china_intersection,m s-1,nan,317772,0.0,0.0,0.12568135559558868,0.5512929528951644,2.563872456550598,2.96422284889729,1.838611204460271,9.310069255828848,19.488542556762695
MPI-ESM1-2-HR,ssp126,optimized,late_century,2080,2100,252,wind_speed_hub,period_mean_map,china_intersection,m s-1,2.81685835867834,1261,0.0,0.0,0.7930804491043091,1.074475884437561,2.726161479949951,2.9642228595232982,1.3375570267208021,8.435470008850109,10.640701293945312
MPI-ESM1-2-HR,ssp126,optimized,late_century,2080,2100,252,wpd,all_monthly_grid_samples,china_intersection,W m-2,nan,317772,0.0,0.0,0.0012159583857282996,0.10262504436075687,10.322749137878418,41.805487507148264,142.2554016206798,494.2706643676744,4533.6103515625
MPI-ESM1-2-HR,ssp126,optimized,late_century,2080,2100,252,wpd,period_mean_map,china_intersection,W m-2,29.413058774294438,1261,0.0,0.0,0.42644834518432617,0.9946261286735535,17.634798049926758,41.80548775876731,96.63155305166174,551.8705688476589,1238.8961181640625
MPI-ESM1-2-HR,ssp245,paper_qm,historical,1994,2014,252,tcell,all_monthly_grid_samples,china_intersection,degree_Celsius,nan,317772,0.0,19.098913686542552,-29.713153839111328,-17.878383045196532,15.632714748382568,13.922743569561293,13.871632870565977,36.22145137786865,42.236995697021484
MPI-ESM1-2-HR,ssp245,paper_qm,historical,1994,2014,252,tcell,period_mean_map,china_intersection,degree_Celsius,14.15066350731768,1261,0.0,2.141157811260904,-3.8520326614379883,-1.5994901895523073,14.059744834899902,13.92274359458338,7.664098000906403,27.903863906860355,29.899383544921875
MPI-ESM1-2-HR,ssp245,paper_qm,historical,1994,2014,252,performance_ratio,all_monthly_grid_samples,china_intersection,1,nan,317772,0.0,0.0,0.9138150215148926,0.9438927483558655,1.0468364357948303,1.0553862821748876,0.0693581643412741,1.2143919575214386,1.2735657691955566
MPI-ESM1-2-HR,ssp245,paper_qm,historical,1994,2014,252,performance_ratio,period_mean_map,china_intersection,1,1.05424668758543,1261,0.0,0.0,0.9755030274391174,0.985480546951294,1.0547014474868774,1.0553862931329423,0.03832049561889916,1.1329974412918091,1.144260048866272
MPI-ESM1-2-HR,ssp245,paper_qm,historical,1994,2014,252,pvpot,all_monthly_grid_samples,china_intersection,W m-2,nan,317772,0.0,0.0,35.61484909057617,69.76029838562012,195.84716796875,198.66825732176676,68.3563181105688,362.14933807373046,424.74603271484375
MPI-ESM1-2-HR,ssp245,paper_qm,historical,1994,2014,252,pvpot,period_mean_map,china_intersection,W m-2,199.98926042323126,1261,0.0,0.0,121.41310119628906,129.09945373535157,189.88294982910156,198.66825677930694,41.09509817275849,290.9870483398438,301.17156982421875
MPI-ESM1-2-HR,ssp245,paper_qm,historical,1994,2014,252,wind_speed_hub,all_monthly_grid_samples,china_intersection,m s-1,nan,317772,0.0,0.0,0.14245536923408508,0.5964101564884186,2.702284097671509,3.073037448420933,1.8215820978494592,9.212224626541136,19.60118293762207
MPI-ESM1-2-HR,ssp245,paper_qm,historical,1994,2014,252,wind_speed_hub,period_mean_map,china_intersection,m s-1,2.9303622148884063,1261,0.0,0.0,0.7420386672019958,1.077108335494995,2.890425205230713,3.0730374482867266,1.320845654966143,8.426359748840344,10.524543762207031
MPI-ESM1-2-HR,ssp245,paper_qm,historical,1994,2014,252,wpd,all_monthly_grid_samples,china_intersection,W m-2,nan,317772,0.0,0.0,0.0017706900835037231,0.12993948221206664,12.086459159851074,43.094033068047565,132.13762635924434,478.8501998901365,4612.67626953125
MPI-ESM1-2-HR,ssp245,paper_qm,historical,1994,2014,252,wpd,period_mean_map,china_intersection,W m-2,31.383864915219213,1261,0.0,0.0,0.352339506149292,0.9976338624954224,20.334692001342773,43.09403250857443,90.13218435097194,504.96958007813083,1169.250732421875
MPI-ESM1-2-HR,ssp245,paper_qm,mid_century,2040,2060,252,tcell,all_monthly_grid_samples,china_intersection,degree_Celsius,nan,317772,0.0,17.587767330035373,-25.620874404907227,-16.45441194534302,16.60452938079834,15.02945166927043,13.954176281890675,38.07465744018553,43.353492736816406
MPI-ESM1-2-HR,ssp245,paper_qm,mid_century,2040,2060,252,tcell,period_mean_map,china_intersection,degree_Celsius,15.251789220094793,1261,0.0,1.3481363996827915,-2.725458860397339,-0.46524621844291686,15.198040962219238,15.029451699246499,7.524427845433096,28.71198272705078,30.43952751159668
MPI-ESM1-2-HR,ssp245,paper_qm,mid_century,2040,2060,252,performance_ratio,all_monthly_grid_samples,china_intersection,1,nan,317772,0.0,0.0,0.9082325100898743,0.9346267247200012,1.041977345943451,1.0498527417716088,0.06977088142125755,1.2072720277309417,1.253104329109192
MPI-ESM1-2-HR,ssp245,paper_qm,mid_century,2040,2060,252,performance_ratio,period_mean_map,china_intersection,1,1.048741047635897,1261,0.0,0.0,0.9728023409843445,0.9814403653144836,1.0490103960037231,1.049852737493689,0.037622135970511505,1.127326250076294,1.1386274099349976
MPI-ESM1-2-HR,ssp245,paper_qm,mid_century,2040,2060,252,pvpot,all_monthly_grid_samples,china_intersection,W m-2,nan,317772,0.0,0.0,23.380155563354492,68.97042778015137,196.8409194946289,198.84599608163023,67.13011008117621,359.68433013916007,441.5823974609375
MPI-ESM1-2-HR,ssp245,paper_qm,mid_century,2040,2060,252,pvpot,period_mean_map,china_intersection,W m-2,200.27225397921018,1261,0.0,0.0,122.85530853271484,132.29595642089845,189.96798706054688,198.84599454245995,38.62368610612208,287.3358215332033,296.81842041015625
MPI-ESM1-2-HR,ssp245,paper_qm,mid_century,2040,2060,252,wind_speed_hub,all_monthly_grid_samples,china_intersection,m s-1,nan,317772,0.0,0.0,0.12674494087696075,0.5139812040328979,2.626500129699707,3.0081414739980756,1.8667651697700438,9.329196834564204,19.275379180908203
MPI-ESM1-2-HR,ssp245,paper_qm,mid_century,2040,2060,252,wind_speed_hub,period_mean_map,china_intersection,m s-1,2.8697958110185966,1261,0.0,0.0,0.7716482877731323,1.0856255531311034,2.8148653507232666,3.0081414586489963,1.314785858429152,8.537923240661623,10.72133731842041
MPI-ESM1-2-HR,ssp245,paper_qm,mid_century,2040,2060,252,wpd,all_monthly_grid_samples,china_intersection,W m-2,nan,317772,0.0,0.0,0.0012470904039219022,0.08316639408469201,11.097838878631592,43.41089257049515,145.85024412124324,497.32333129882744,4386.46728515625
MPI-ESM1-2-HR,ssp245,paper_qm,mid_century,2040,2060,252,wpd,period_mean_map,china_intersection,W m-2,30.889983174556214,1261,0.0,0.0,0.3957047462463379,1.0654634475708007,19.586191177368164,43.41089264255587,97.99125595057264,573.7770629882813,1301.432373046875
MPI-ESM1-2-HR,ssp245,paper_qm,late_century,2080,2100,252,tcell,all_monthly_grid_samples,china_intersection,degree_Celsius,nan,317772,0.0,15.44849766499251,-25.282958984375,-14.800253229141235,17.677617073059082,16.23124444997003,13.782161468647892,39.39314846038816,44.991233825683594
MPI-ESM1-2-HR,ssp245,paper_qm,late_century,2080,2100,252,tcell,period_mean_map,china_intersection,degree_Celsius,16.47770021862526,1261,0.0,0.47581284694686754,-1.9485442638397217,0.6425698041915894,16.427133560180664,16.231244469674497,7.638701127262389,29.80994453430176,31.4608211517334
MPI-ESM1-2-HR,ssp245,paper_qm,late_century,2080,2100,252,performance_ratio,all_monthly_grid_samples,china_intersection,1,nan,317772,0.0,0.0,0.9000438451766968,0.9280342710018158,1.0366119146347046,1.0438437777072713,0.0689108072578414,1.1990012967586516,1.2514147758483887
MPI-ESM1-2-HR,ssp245,paper_qm,late_century,2080,2100,252,performance_ratio,period_mean_map,china_intersection,1,1.0426115062166248,1261,0.0,0.0,0.9676961302757263,0.9759502172470093,1.0428640842437744,1.0438437863628984,0.03819349781182595,1.1217875242233277,1.1347424983978271
MPI-ESM1-2-HR,ssp245,paper_qm,late_century,2080,2100,252,pvpot,all_monthly_grid_samples,china_intersection,W m-2,nan,317772,0.0,0.0,32.48862838745117,69.22573211669922,200.22258758544922,200.21610313559486,66.16399535518892,356.4580831909178,429.40020751953125
MPI-ESM1-2-HR,ssp245,paper_qm,late_century,2080,2100,252,pvpot,period_mean_map,china_intersection,W m-2,201.78440847381742,1261,0.0,0.0,129.45237731933594,139.94097595214845,191.22161865234375,200.21610036754683,36.41251933313247,284.90625,294.1263732910156
MPI-ESM1-2-HR,ssp245,paper_qm,late_century,2080,2100,252,wind_speed_hub,all_monthly_grid_samples,china_intersection,m s-1,nan,317772,0.0,0.0,0.14117863774299622,0.496276498734951,2.598932981491089,2.9722391973344418,1.8299135741291679,9.095537233352658,18.319177627563477
MPI-ESM1-2-HR,ssp245,paper_qm,late_century,2080,2100,252,wind_speed_hub,period_mean_map,china_intersection,m s-1,2.8322767125391763,1261,0.0,0.0,0.7854369878768921,1.0613040447235107,2.7513489723205566,2.9722391765425833,1.303242657546264,8.50692806243897,10.17107105255127
MPI-ESM1-2-HR,ssp245,paper_qm,late_century,2080,2100,252,wpd,all_monthly_grid_samples,china_intersection,W m-2,nan,317772,0.0,0.0,0.0017235067207366228,0.07486472479999065,10.752052307128906,41.17812794690299,133.89693717807904,460.8834692382808,3765.511962890625
MPI-ESM1-2-HR,ssp245,paper_qm,late_century,2080,2100,252,wpd,period_mean_map,china_intersection,W m-2,29.298290600772287,1261,0.0,0.0,0.4591384530067444,1.0131689310073853,18.1611328125,41.178128006910164,90.12481687630073,538.1592773437537,1134.144775390625
MPI-ESM1-2-HR,ssp245,optimized,historical,1994,2014,252,tcell,all_monthly_grid_samples,china_intersection,degree_Celsius,nan,317772,0.0,19.098913686542552,-29.713153839111328,-17.878383045196532,15.632714748382568,13.922743569561293,13.871632870565977,36.22145137786865,42.236995697021484
MPI-ESM1-2-HR,ssp245,optimized,historical,1994,2014,252,tcell,period_mean_map,china_intersection,degree_Celsius,14.15066350731768,1261,0.0,2.141157811260904,-3.8520326614379883,-1.5994901895523073,14.059744834899902,13.92274359458338,7.664098000906403,27.903863906860355,29.899383544921875
MPI-ESM1-2-HR,ssp245,optimized,historical,1994,2014,252,performance_ratio,all_monthly_grid_samples,china_intersection,1,nan,317772,0.0,0.0,0.9138150215148926,0.9438927483558655,1.0468364357948303,1.0553862821748876,0.0693581643412741,1.2143919575214386,1.2735657691955566
MPI-ESM1-2-HR,ssp245,optimized,historical,1994,2014,252,performance_ratio,period_mean_map,china_intersection,1,1.05424668758543,1261,0.0,0.0,0.9755030274391174,0.985480546951294,1.0547014474868774,1.0553862931329423,0.03832049561889916,1.1329974412918091,1.144260048866272
MPI-ESM1-2-HR,ssp245,optimized,historical,1994,2014,252,pvpot,all_monthly_grid_samples,china_intersection,W m-2,nan,317772,0.0,0.0,35.61484909057617,69.76029838562012,195.84716796875,198.66825732176676,68.3563181105688,362.14933807373046,424.74603271484375
MPI-ESM1-2-HR,ssp245,optimized,historical,1994,2014,252,pvpot,period_mean_map,china_intersection,W m-2,199.98926042323126,1261,0.0,0.0,121.41310119628906,129.09945373535157,189.88294982910156,198.66825677930694,41.09509817275849,290.9870483398438,301.17156982421875
MPI-ESM1-2-HR,ssp245,optimized,historical,1994,2014,252,wind_speed_hub,all_monthly_grid_samples,china_intersection,m s-1,nan,317772,0.0,0.0,0.14245536923408508,0.5964101564884186,2.702284097671509,3.073037448420933,1.8215820978494592,9.212224626541136,19.60118293762207
MPI-ESM1-2-HR,ssp245,optimized,historical,1994,2014,252,wind_speed_hub,period_mean_map,china_intersection,m s-1,2.9303622148884063,1261,0.0,0.0,0.7420386672019958,1.077108335494995,2.890425205230713,3.0730374482867266,1.320845654966143,8.426359748840344,10.524543762207031
MPI-ESM1-2-HR,ssp245,optimized,historical,1994,2014,252,wpd,all_monthly_grid_samples,china_intersection,W m-2,nan,317772,0.0,0.0,0.0017706900835037231,0.12993948221206664,12.086459159851074,43.094033068047565,132.13762635924434,478.8501998901365,4612.67626953125
MPI-ESM1-2-HR,ssp245,optimized,historical,1994,2014,252,wpd,period_mean_map,china_intersection,W m-2,31.383864915219213,1261,0.0,0.0,0.352339506149292,0.9976338624954224,20.334692001342773,43.09403250857443,90.13218435097194,504.96958007813083,1169.250732421875
MPI-ESM1-2-HR,ssp245,optimized,mid_century,2040,2060,252,tcell,all_monthly_grid_samples,china_intersection,degree_Celsius,nan,317772,0.0,17.805533527183012,-27.031766891479492,-16.445289516448973,16.658111572265625,15.03323338763957,14.004429378532164,37.56423469543457,43.28764724731445
MPI-ESM1-2-HR,ssp245,optimized,mid_century,2040,2060,252,tcell,period_mean_map,china_intersection,degree_Celsius,15.250635044136656,1261,0.0,1.3481363996827915,-3.079660415649414,-0.6473040223121644,15.22783088684082,15.03323322747266,7.6534216640844015,28.847027206420904,30.481346130371094
MPI-ESM1-2-HR,ssp245,optimized,mid_century,2040,2060,252,performance_ratio,all_monthly_grid_samples,china_intersection,1,nan,317772,0.0,0.0,0.9085617661476135,0.9371788156032562,1.0417094230651855,1.0498338330226136,0.07002214684563884,1.2072264528274537,1.260158896446228
MPI-ESM1-2-HR,ssp245,optimized,mid_century,2040,2060,252,performance_ratio,period_mean_map,china_intersection,1,1.0487468292494877,1261,0.0,0.0,0.9725930094718933,0.9807647824287414,1.0488605499267578,1.0498338370546285,0.03826710432379941,1.1282365083694461,1.1403980255126953
MPI-ESM1-2-HR,ssp245,optimized,mid_century,2040,2060,252,pvpot,all_monthly_grid_samples,china_intersection,W m-2,nan,317772,0.0,0.0,23.452531814575195,68.94975395202637,196.88644409179688,198.86924152507038,67.22735470083369,359.8888595581054,442.5533447265625
MPI-ESM1-2-HR,ssp245,optimized,mid_century,2040,2060,252,pvpot,period_mean_map,china_intersection,W m-2,200.30643112080628,1261,0.0,0.0,122.73653411865234,132.2264892578125,189.8365020751953,198.86924053921197,38.79399304425079,288.08126220703133,297.5661926269531
MPI-ESM1-2-HR,ssp245,optimized,mid_century,2040,2060,252,wind_speed_hub,all_monthly_grid_samples,china_intersection,m s-1,nan,317772,0.0,0.0,0.12674494087696075,0.5688738340139389,2.623726725578308,3.017384026503256,1.8473010190464139,9.276597185134849,19.681058883666992
MPI-ESM1-2-HR,ssp245,optimized,mid_century,2040,2060,252,wind_speed_hub,period_mean_map,china_intersection,m s-1,2.8715522201002335,1261,0.0,0.0,0.7485539317131042,1.0953250169754027,2.79034161567688,3.0173840176293436,1.3292577433119288,8.5612648010254,10.867558479309082
MPI-ESM1-2-HR,ssp245,optimized,mid_century,2040,2060,252,wpd,all_monthly_grid_samples,china_intersection,W m-2,nan,317772,0.0,0.0,0.0012470904039219022,0.11275971554219723,11.062719345092773,43.130122649669524,144.92726788608343,488.95870727538437,4669.29638671875
MPI-ESM1-2-HR,ssp245,optimized,mid_century,2040,2060,252,wpd,period_mean_map,china_intersection,W m-2,30.58750000685271,1261,0.0,0.0,0.36357101798057556,1.0576759815216064,19.110008239746094,43.13012230951667,97.86721520003002,554.9017578125017,1305.7542724609375
MPI-ESM1-2-HR,ssp245,optimized,late_century,2080,2100,252,tcell,all_monthly_grid_samples,china_intersection,degree_Celsius,nan,317772,0.0,15.779552635222737,-25.454784393310547,-14.790603590011596,17.795347213745117,16.263365634196205,13.872617976691899,38.83517147064209,44.449462890625
MPI-ESM1-2-HR,ssp245,optimized,late_century,2080,2100,252,tcell,period_mean_map,china_intersection,degree_Celsius,16.502749105839502,1261,0.0,0.8723235527359239,-2.323972702026367,0.37869302630424484,16.419147491455078,16.263365641543544,7.7971344437298855,30.102890014648448,31.58596420288086
MPI-ESM1-2-HR,ssp245,optimized,late_century,2080,2100,252,performance_ratio,all_monthly_grid_samples,china_intersection,1,nan,317772,0.0,0.0,0.902752697467804,0.9308241510391235,1.0360232591629028,1.0436831717648378,0.06936308992473028,1.1989529919624324,1.2522739171981812
MPI-ESM1-2-HR,ssp245,optimized,late_century,2080,2100,252,performance_ratio,period_mean_map,china_intersection,1,1.0424862495130012,1261,0.0,0.0,0.9670699238777161,0.9744858264923095,1.042904257774353,1.0436831675381248,0.038985663992984504,1.1231064081192017,1.1366199254989624
MPI-ESM1-2-HR,ssp245,optimized,late_century,2080,2100,252,pvpot,all_monthly_grid_samples,china_intersection,W m-2,nan,317772,0.0,0.0,32.43564987182617,69.23038581848145,200.21691131591797,200.20896736979478,66.25338359302408,356.6842251586912,430.9045104980469
MPI-ESM1-2-HR,ssp245,optimized,late_century,2080,2100,252,pvpot,period_mean_map,china_intersection,W m-2,201.79300546575132,1261,0.0,0.0,129.24583435058594,139.97304992675782,190.95716857910156,200.20896980594208,36.614194084900724,285.4117370605469,295.0546569824219
MPI-ESM1-2-HR,ssp245,optimized,late_century,2080,2100,252,wind_speed_hub,all_monthly_grid_samples,china_intersection,m s-1,nan,317772,0.0,0.0,0.14017653465270996,0.5607130205631257,2.591582179069519,2.975640955056071,1.807982419514563,9.065413436889635,18.284324645996094
MPI-ESM1-2-HR,ssp245,optimized,late_century,2080,2100,252,wind_speed_hub,period_mean_map,china_intersection,m s-1,2.829502957698727,1261,0.0,0.0,0.7487077116966248,1.0845066070556642,2.743924379348755,2.9756409527761987,1.312649137250554,8.513026046752932,10.428797721862793
MPI-ESM1-2-HR,ssp245,optimized,late_century,2080,2100,252,wpd,all_monthly_grid_samples,china_intersection,W m-2,nan,317772,0.0,0.0,0.001687066163867712,0.10797618597745895,10.661077499389648,40.783646448842454,132.97207575201574,456.3194595336895,3744.060302734375
MPI-ESM1-2-HR,ssp245,optimized,late_century,2080,2100,252,wpd,period_mean_map,china_intersection,W m-2,28.85844943685759,1261,0.0,0.0,0.3731006979942322,1.0103426694869995,18.280519485473633,40.7836466399003,90.60819513660265,534.0351806640667,1158.490234375
MPI-ESM1-2-HR,ssp585,paper_qm,historical,1994,2014,252,tcell,all_monthly_grid_samples,china_intersection,degree_Celsius,nan,317772,0.0,19.098913686542552,-29.713153839111328,-17.878383045196532,15.632714748382568,13.922743569561293,13.871632870565977,36.22145137786865,42.236995697021484
MPI-ESM1-2-HR,ssp585,paper_qm,historical,1994,2014,252,tcell,period_mean_map,china_intersection,degree_Celsius,14.15066350731768,1261,0.0,2.141157811260904,-3.8520326614379883,-1.5994901895523073,14.059744834899902,13.92274359458338,7.664098000906403,27.903863906860355,29.899383544921875
MPI-ESM1-2-HR,ssp585,paper_qm,historical,1994,2014,252,performance_ratio,all_monthly_grid_samples,china_intersection,1,nan,317772,0.0,0.0,0.9138150215148926,0.9438927483558655,1.0468364357948303,1.0553862821748876,0.0693581643412741,1.2143919575214386,1.2735657691955566
MPI-ESM1-2-HR,ssp585,paper_qm,historical,1994,2014,252,performance_ratio,period_mean_map,china_intersection,1,1.05424668758543,1261,0.0,0.0,0.9755030274391174,0.985480546951294,1.0547014474868774,1.0553862931329423,0.03832049561889916,1.1329974412918091,1.144260048866272
MPI-ESM1-2-HR,ssp585,paper_qm,historical,1994,2014,252,pvpot,all_monthly_grid_samples,china_intersection,W m-2,nan,317772,0.0,0.0,35.61484909057617,69.76029838562012,195.84716796875,198.66825732176676,68.3563181105688,362.14933807373046,424.74603271484375
MPI-ESM1-2-HR,ssp585,paper_qm,historical,1994,2014,252,pvpot,period_mean_map,china_intersection,W m-2,199.98926042323126,1261,0.0,0.0,121.41310119628906,129.09945373535157,189.88294982910156,198.66825677930694,41.09509817275849,290.9870483398438,301.17156982421875
MPI-ESM1-2-HR,ssp585,paper_qm,historical,1994,2014,252,wind_speed_hub,all_monthly_grid_samples,china_intersection,m s-1,nan,317772,0.0,0.0,0.14245536923408508,0.5964101564884186,2.702284097671509,3.073037448420933,1.8215820978494592,9.212224626541136,19.60118293762207
MPI-ESM1-2-HR,ssp585,paper_qm,historical,1994,2014,252,wind_speed_hub,period_mean_map,china_intersection,m s-1,2.9303622148884063,1261,0.0,0.0,0.7420386672019958,1.077108335494995,2.890425205230713,3.0730374482867266,1.320845654966143,8.426359748840344,10.524543762207031
MPI-ESM1-2-HR,ssp585,paper_qm,historical,1994,2014,252,wpd,all_monthly_grid_samples,china_intersection,W m-2,nan,317772,0.0,0.0,0.0017706900835037231,0.12993948221206664,12.086459159851074,43.094033068047565,132.13762635924434,478.8501998901365,4612.67626953125
MPI-ESM1-2-HR,ssp585,paper_qm,historical,1994,2014,252,wpd,period_mean_map,china_intersection,W m-2,31.383864915219213,1261,0.0,0.0,0.352339506149292,0.9976338624954224,20.334692001342773,43.09403250857443,90.13218435097194,504.96958007813083,1169.250732421875
MPI-ESM1-2-HR,ssp585,paper_qm,mid_century,2040,2060,252,tcell,all_monthly_grid_samples,china_intersection,degree_Celsius,nan,317772,0.0,16.54299308938484,-27.477094650268555,-15.485834846496582,17.232887268066406,15.61457348608088,13.805207374815604,38.531851501464836,45.692691802978516
MPI-ESM1-2-HR,ssp585,paper_qm,mid_century,2040,2060,252,tcell,period_mean_map,china_intersection,degree_Celsius,15.849703803413863,1261,0.0,0.8723235527359239,-2.3879854679107666,0.20510954558849334,15.713118553161621,15.614573508283916,7.514321249194952,28.97591361999512,30.705541610717773
MPI-ESM1-2-HR,ssp585,paper_qm,mid_century,2040,2060,252,performance_ratio,all_monthly_grid_samples,china_intersection,1,nan,317772,0.0,0.0,0.8965365290641785,0.9323407590389252,1.03883558511734,1.0469271325348395,0.06902603685872795,1.202429182529449,1.2623854875564575
MPI-ESM1-2-HR,ssp585,paper_qm,mid_century,2040,2060,252,performance_ratio,period_mean_map,china_intersection,1,1.0457515006311648,1261,0.0,0.0,0.9714727401733398,0.9801204800605774,1.0464341640472412,1.0469271465958725,0.037571602631731454,1.1239744901657105,1.1369400024414062
MPI-ESM1-2-HR,ssp585,paper_qm,mid_century,2040,2060,252,pvpot,all_monthly_grid_samples,china_intersection,W m-2,nan,317772,0.0,0.0,35.570228576660156,68.47151649475097,196.6368865966797,197.63868646014396,67.1039499742211,358.3739025878905,433.1392517089844
MPI-ESM1-2-HR,ssp585,paper_qm,mid_century,2040,2060,252,pvpot,period_mean_map,china_intersection,W m-2,199.0504447023715,1261,0.0,0.0,122.78005981445312,132.80761108398437,189.18008422851562,197.63868583298031,38.238318944904314,286.34400024414066,294.9089050292969
MPI-ESM1-2-HR,ssp585,paper_qm,mid_century,2040,2060,252,wind_speed_hub,all_monthly_grid_samples,china_intersection,m s-1,nan,317772,0.0,0.0,0.13424518704414368,0.5232957637310028,2.6239956617355347,2.998527911385633,1.8420303142986711,9.200710039138777,19.082090377807617
MPI-ESM1-2-HR,ssp585,paper_qm,mid_century,2040,2060,252,wind_speed_hub,period_mean_map,china_intersection,m s-1,2.853323936736745,1261,0.0,0.0,0.7822543978691101,1.028756594657898,2.835596799850464,2.9985279204068345,1.309299970887419,8.516739463806166,10.652464866638184
MPI-ESM1-2-HR,ssp585,paper_qm,mid_century,2040,2060,252,wpd,all_monthly_grid_samples,china_intersection,W m-2,nan,317772,0.0,0.0,0.0014818434137851,0.08777033887803555,11.066120624542236,42.21706418830279,138.3125781474592,477.0568280029271,4255.8271484375
MPI-ESM1-2-HR,ssp585,paper_qm,mid_century,2040,2060,252,wpd,period_mean_map,china_intersection,W m-2,29.80597428194222,1261,0.0,0.0,0.42617058753967285,0.940279757976532,19.503719329833984,42.217064491535915,93.79954075115188,537.3907104492193,1239.7991943359375
MPI-ESM1-2-HR,ssp585,paper_qm,late_century,2080,2100,252,tcell,all_monthly_grid_samples,china_intersection,degree_Celsius,nan,317772,0.0,12.098611583147665,-22.838266372680664,-12.545560131072998,19.50132656097412,18.070842058256503,13.534571862630735,41.30977462768554,47.65616989135742
MPI-ESM1-2-HR,ssp585,paper_qm,late_century,2080,2100,252,tcell,period_mean_map,china_intersection,degree_Celsius,18.314686022147225,1261,0.0,0.07930214115781126,-0.2817308008670807,2.6413386344909666,18.16064453125,18.070841991338913,7.367399472424353,30.8909107208252,32.79375457763672
MPI-ESM1-2-HR,ssp585,paper_qm,late_century,2080,2100,252,performance_ratio,all_monthly_grid_samples,china_intersection,1,nan,317772,0.0,0.0,0.8867191672325134,0.9184511250257492,1.027493417263031,1.0346457896687067,0.06767285922379207,1.1877277755737303,1.2391912937164307
MPI-ESM1-2-HR,ssp585,paper_qm,late_century,2080,2100,252,performance_ratio,period_mean_map,china_intersection,1,1.033426574981563,1261,0.0,0.0,0.9610313773155212,0.9705453991889954,1.0341967344284058,1.0346457946404495,0.03683700121140362,1.1117933511734008,1.1264084577560425
MPI-ESM1-2-HR,ssp585,paper_qm,late_century,2080,2100,252,pvpot,all_monthly_grid_samples,china_intersection,W m-2,nan,317772,0.0,0.0,35.51229476928711,67.51579399108887,196.34680938720703,196.19815785396602,64.04406565217403,349.5475656127929,429.12579345703125
MPI-ESM1-2-HR,ssp585,paper_qm,late_century,2080,2100,252,pvpot,period_mean_map,china_intersection,W m-2,197.80052857379542,1261,0.0,0.0,131.09307861328125,142.34769287109376,186.947265625,196.1981563099219,34.662915598415225,278.1728271484376,286.685791015625
MPI-ESM1-2-HR,ssp585,paper_qm,late_century,2080,2100,252,wind_speed_hub,all_monthly_grid_samples,china_intersection,m s-1,nan,317772,0.0,0.0,0.12756118178367615,0.47187866002321244,2.5431071519851685,2.9324372967262535,1.8701908859435106,9.323507518768302,20.578357696533203
MPI-ESM1-2-HR,ssp585,paper_qm,late_century,2080,2100,252,wind_speed_hub,period_mean_map,china_intersection,m s-1,2.790071664493411,1261,0.0,0.0,0.7921282649040222,0.9951114535331727,2.788076877593994,2.9324372800733247,1.3104462690033258,8.696731948852545,10.574496269226074
MPI-ESM1-2-HR,ssp585,paper_qm,late_century,2080,2100,252,wpd,all_monthly_grid_samples,china_intersection,W m-2,nan,317772,0.0,0.0,0.00127134018111974,0.06435719728469849,10.073955535888672,41.83570585700448,144.61493684132216,496.4140695190416,5337.50390625
MPI-ESM1-2-HR,ssp585,paper_qm,late_century,2080,2100,252,wpd,period_mean_map,china_intersection,W m-2,29.024768320925354,1261,0.0,0.0,0.5307266116142273,0.8554643034934998,19.13966941833496,41.83570629968046,97.0222569116198,594.3960693359381,1250.3963623046875
MPI-ESM1-2-HR,ssp585,optimized,historical,1994,2014,252,tcell,all_monthly_grid_samples,china_intersection,degree_Celsius,nan,317772,0.0,19.098913686542552,-29.713153839111328,-17.878383045196532,15.632714748382568,13.922743569561293,13.871632870565977,36.22145137786865,42.236995697021484
MPI-ESM1-2-HR,ssp585,optimized,historical,1994,2014,252,tcell,period_mean_map,china_intersection,degree_Celsius,14.15066350731768,1261,0.0,2.141157811260904,-3.8520326614379883,-1.5994901895523073,14.059744834899902,13.92274359458338,7.664098000906403,27.903863906860355,29.899383544921875
MPI-ESM1-2-HR,ssp585,optimized,historical,1994,2014,252,performance_ratio,all_monthly_grid_samples,china_intersection,1,nan,317772,0.0,0.0,0.9138150215148926,0.9438927483558655,1.0468364357948303,1.0553862821748876,0.0693581643412741,1.2143919575214386,1.2735657691955566
MPI-ESM1-2-HR,ssp585,optimized,historical,1994,2014,252,performance_ratio,period_mean_map,china_intersection,1,1.05424668758543,1261,0.0,0.0,0.9755030274391174,0.985480546951294,1.0547014474868774,1.0553862931329423,0.03832049561889916,1.1329974412918091,1.144260048866272
MPI-ESM1-2-HR,ssp585,optimized,historical,1994,2014,252,pvpot,all_monthly_grid_samples,china_intersection,W m-2,nan,317772,0.0,0.0,35.61484909057617,69.76029838562012,195.84716796875,198.66825732176676,68.3563181105688,362.14933807373046,424.74603271484375
MPI-ESM1-2-HR,ssp585,optimized,historical,1994,2014,252,pvpot,period_mean_map,china_intersection,W m-2,199.98926042323126,1261,0.0,0.0,121.41310119628906,129.09945373535157,189.88294982910156,198.66825677930694,41.09509817275849,290.9870483398438,301.17156982421875
MPI-ESM1-2-HR,ssp585,optimized,historical,1994,2014,252,wind_speed_hub,all_monthly_grid_samples,china_intersection,m s-1,nan,317772,0.0,0.0,0.14245536923408508,0.5964101564884186,2.702284097671509,3.073037448420933,1.8215820978494592,9.212224626541136,19.60118293762207
MPI-ESM1-2-HR,ssp585,optimized,historical,1994,2014,252,wind_speed_hub,period_mean_map,china_intersection,m s-1,2.9303622148884063,1261,0.0,0.0,0.7420386672019958,1.077108335494995,2.890425205230713,3.0730374482867266,1.320845654966143,8.426359748840344,10.524543762207031
MPI-ESM1-2-HR,ssp585,optimized,historical,1994,2014,252,wpd,all_monthly_grid_samples,china_intersection,W m-2,nan,317772,0.0,0.0,0.0017706900835037231,0.12993948221206664,12.086459159851074,43.094033068047565,132.13762635924434,478.8501998901365,4612.67626953125
MPI-ESM1-2-HR,ssp585,optimized,historical,1994,2014,252,wpd,period_mean_map,china_intersection,W m-2,31.383864915219213,1261,0.0,0.0,0.352339506149292,0.9976338624954224,20.334692001342773,43.09403250857443,90.13218435097194,504.96958007813083,1169.250732421875
MPI-ESM1-2-HR,ssp585,optimized,mid_century,2040,2060,252,tcell,all_monthly_grid_samples,china_intersection,degree_Celsius,nan,317772,0.0,16.768941253477333,-27.519454956054688,-15.476284523010253,17.32593536376953,15.628755097922326,13.887085159953395,38.012790451049796,45.61842346191406
MPI-ESM1-2-HR,ssp585,optimized,mid_century,2040,2060,252,tcell,period_mean_map,china_intersection,degree_Celsius,15.854415693776701,1261,0.0,1.0309278350515463,-2.773754119873047,-0.08752224445343032,15.820016860961914,15.628755237520167,7.647397219531932,29.2031837463379,30.8399600982666
MPI-ESM1-2-HR,ssp585,optimized,mid_century,2040,2060,252,performance_ratio,all_monthly_grid_samples,china_intersection,1,nan,317772,0.0,0.0,0.8969078660011292,0.9349360567331314,1.0383703112602234,1.0468562245151376,0.06943542575356157,1.2023814523220062,1.2625973224639893
MPI-ESM1-2-HR,ssp585,optimized,mid_century,2040,2060,252,performance_ratio,period_mean_map,china_intersection,1,1.0457279227894059,1261,0.0,0.0,0.9708002805709839,0.9789841413497925,1.0458999872207642,1.0468562217008301,0.03823699186121978,1.125437641143799,1.138868808746338
MPI-ESM1-2-HR,ssp585,optimized,mid_century,2040,2060,252,pvpot,all_monthly_grid_samples,china_intersection,W m-2,nan,317772,0.0,0.0,35.707645416259766,68.47770530700683,196.6285400390625,197.64950696791462,67.20298748118789,358.7202587890623,436.3605651855469
MPI-ESM1-2-HR,ssp585,optimized,mid_century,2040,2060,252,pvpot,period_mean_map,china_intersection,W m-2,199.07825795867936,1261,0.0,0.0,122.68663024902344,132.80383911132813,189.0516815185547,197.64950686159065,38.44896305741402,286.9941284179688,295.9031677246094
MPI-ESM1-2-HR,ssp585,optimized,mid_century,2040,2060,252,wind_speed_hub,all_monthly_grid_samples,china_intersection,m s-1,nan,317772,0.0,0.0,0.13424518704414368,0.5660759526491165,2.618631958961487,3.0003861506757197,1.826802520537113,9.2013207244873,19.082090377807617
MPI-ESM1-2-HR,ssp585,optimized,mid_century,2040,2060,252,wind_speed_hub,period_mean_map,china_intersection,m s-1,2.850019792150479,1261,0.0,0.0,0.7567418217658997,1.0689825534820556,2.795687675476074,3.0003861281533357,1.3233572383911185,8.522512435913086,10.7496919631958
MPI-ESM1-2-HR,ssp585,optimized,mid_century,2040,2060,252,wpd,all_monthly_grid_samples,china_intersection,W m-2,nan,317772,0.0,0.0,0.0014818434137851,0.11110412895679474,10.998399257659912,41.93389223964922,137.67531208153673,477.15179809570236,4255.8271484375
MPI-ESM1-2-HR,ssp585,optimized,mid_century,2040,2060,252,wpd,period_mean_map,china_intersection,W m-2,29.50543636224764,1261,0.0,0.0,0.3822721838951111,0.9921509027481079,19.037525177001953,41.93389228782797,94.2631120714918,532.8695190429709,1251.4332275390625
MPI-ESM1-2-HR,ssp585,optimized,late_century,2080,2100,252,tcell,all_monthly_grid_samples,china_intersection,degree_Celsius,nan,317772,0.0,12.352252558438126,-24.685205459594727,-12.29489896774292,19.643778800964355,18.155476465941273,13.610474261423763,40.808775863647455,47.299129486083984
MPI-ESM1-2-HR,ssp585,optimized,late_century,2080,2100,252,tcell,period_mean_map,china_intersection,degree_Celsius,18.396885907765643,1261,0.0,0.07930214115781126,-0.5766124129295349,2.379304313659668,18.324161529541016,18.155476574714367,7.529973936714605,31.41672134399414,33.19833755493164
MPI-ESM1-2-HR,ssp585,optimized,late_century,2080,2100,252,performance_ratio,all_monthly_grid_samples,china_intersection,1,nan,317772,0.0,0.0,0.8885043263435364,0.9209561431407929,1.0267810821533203,1.0342226176531149,0.0680523712959446,1.186474484205246,1.248426079750061
MPI-ESM1-2-HR,ssp585,optimized,late_century,2080,2100,252,performance_ratio,period_mean_map,china_intersection,1,1.033015562724028,1261,0.0,0.0,0.9590083360671997,0.9679161906242371,1.033379077911377,1.034222606625659,0.03764985569414996,1.113103461265564,1.1278833150863647
MPI-ESM1-2-HR,ssp585,optimized,late_century,2080,2100,252,pvpot,all_monthly_grid_samples,china_intersection,W m-2,nan,317772,0.0,0.0,35.41707229614258,67.530595703125,196.29129028320312,196.14785696343966,64.14507663028984,349.75533660888664,430.8916015625
MPI-ESM1-2-HR,ssp585,optimized,late_century,2080,2100,252,pvpot,period_mean_map,china_intersection,W m-2,197.76283888413408,1261,0.0,0.0,130.88565063476562,142.21884765625,186.7353515625,196.14785680687683,34.89651825090308,278.5927917480469,287.6547546386719
MPI-ESM1-2-HR,ssp585,optimized,late_century,2080,2100,252,wind_speed_hub,all_monthly_grid_samples,china_intersection,m s-1,nan,317772,0.0,0.0,0.12756118178367615,0.551780394911766,2.582289934158325,2.9738321662843963,1.8353007735944054,9.267740535736076,20.578357696533203
MPI-ESM1-2-HR,ssp585,optimized,late_century,2080,2100,252,wind_speed_hub,period_mean_map,china_intersection,m s-1,2.822107108053398,1261,0.0,0.0,0.7726143598556519,1.0533675670623779,2.778468608856201,2.973832161014369,1.3265862869287213,8.649145507812506,10.776278495788574
MPI-ESM1-2-HR,ssp585,optimized,late_century,2080,2100,252,wpd,all_monthly_grid_samples,china_intersection,W m-2,nan,317772,0.0,0.0,0.00127134018111974,0.10289752401411534,10.546808242797852,41.87944141358333,144.17094838645127,487.5595562744129,5337.50390625
MPI-ESM1-2-HR,ssp585,optimized,late_century,2080,2100,252,wpd,period_mean_map,china_intersection,W m-2,29.009865452434557,1261,0.0,0.0,0.42938968539237976,0.9686658382415771,18.813339233398438,41.87944141885858,97.32723675793852,574.443554687503,1276.2957763671875
MPI-ESM1-2-LR,ssp126,paper_qm,historical,1994,2014,252,tcell,all_monthly_grid_samples,china_intersection,degree_Celsius,nan,87192,0.0,18.84347187815396,-26.402536392211914,-17.40677837371826,16.190478324890137,14.303557536340012,13.998624547774936,36.46605140686033,41.9326171875
MPI-ESM1-2-LR,ssp126,paper_qm,historical,1994,2014,252,tcell,period_mean_map,china_intersection,degree_Celsius,14.242660976233342,346,0.0,3.1791907514450863,-2.832484006881714,-1.3717335522174834,14.758646488189697,14.303557339538902,7.917754933784746,28.595686244964607,30.61022186279297
MPI-ESM1-2-LR,ssp126,paper_qm,historical,1994,2014,252,performance_ratio,all_monthly_grid_samples,china_intersection,1,nan,87192,0.0,0.0,0.9153369069099426,0.9426697093248367,1.0440475940704346,1.0534822123716683,0.06999312289584024,1.2120338666439054,1.2570127248764038
MPI-ESM1-2-LR,ssp126,paper_qm,historical,1994,2014,252,performance_ratio,period_mean_map,china_intersection,1,1.053786702456335,346,0.0,0.0,0.9719487428665161,0.9820213079452514,1.0512068271636963,1.0534822138058657,0.03958877587416179,1.1318588137626648,1.1391618251800537
MPI-ESM1-2-LR,ssp126,paper_qm,historical,1994,2014,252,pvpot,all_monthly_grid_samples,china_intersection,W m-2,nan,87192,0.0,0.0,28.17053985595703,68.54220703125,195.6549530029297,198.06154341220375,68.59762259450191,362.7866323852537,417.8091735839844
MPI-ESM1-2-LR,ssp126,paper_qm,historical,1994,2014,252,pvpot,period_mean_map,china_intersection,W m-2,200.14832860588746,346,0.0,0.0,120.71440887451172,129.00778274536134,187.69715118408203,198.06154295199178,40.90584105323588,289.4128372192383,300.8698425292969
MPI-ESM1-2-LR,ssp126,paper_qm,historical,1994,2014,252,wind_speed_hub,all_monthly_grid_samples,china_intersection,m s-1,nan,87192,0.0,0.0,0.13592198491096497,0.5197839689254761,2.66049861907959,3.1320407557979615,2.067006193858637,11.368612232208248,18.70830535888672
MPI-ESM1-2-LR,ssp126,paper_qm,historical,1994,2014,252,wind_speed_hub,period_mean_map,china_intersection,m s-1,2.894572269522304,346,0.0,0.0,0.797117292881012,0.9184745490550995,2.8505425453186035,3.1320407275175084,1.5719463453343212,8.8650887966156,10.368793487548828
MPI-ESM1-2-LR,ssp126,paper_qm,historical,1994,2014,252,wpd,all_monthly_grid_samples,china_intersection,W m-2,nan,87192,0.0,0.0,0.0015380666591227055,0.08601510010659695,11.534404754638672,54.36532219925351,176.80912228761662,899.9708673095691,4010.600830078125
MPI-ESM1-2-LR,ssp126,paper_qm,historical,1994,2014,252,wpd,period_mean_map,china_intersection,W m-2,32.6341955589208,346,0.0,0.0,0.41945943236351013,0.7039119720458985,19.977164268493652,54.365322133795374,121.87932743055953,591.746908569336,1070.2821044921875
MPI-ESM1-2-LR,ssp126,paper_qm,mid_century,2040,2060,252,tcell,all_monthly_grid_samples,china_intersection,degree_Celsius,nan,87192,0.0,17.00729424717864,-26.37104034423828,-16.156039180755617,17.39125347137451,15.524577442459726,13.958050470768834,38.0120725250244,43.9355583190918
MPI-ESM1-2-LR,ssp126,paper_qm,mid_century,2040,2060,252,tcell,period_mean_map,china_intersection,degree_Celsius,15.501213169823105,346,0.0,1.4450867052023122,-1.5312962532043457,-0.1165402184007689,15.9526047706604,15.524577535665998,7.912108532200332,29.55776834487915,31.36710548400879
MPI-ESM1-2-LR,ssp126,paper_qm,mid_century,2040,2060,252,performance_ratio,all_monthly_grid_samples,china_intersection,1,nan,87192,0.0,0.0,0.9053221940994263,0.9349396419525147,1.038043737411499,1.0473771129558531,0.06979025238378422,1.2057802271842957,1.2568552494049072
MPI-ESM1-2-LR,ssp126,paper_qm,mid_century,2040,2060,252,performance_ratio,period_mean_map,china_intersection,1,1.0474939390285536,346,0.0,0.0,0.9681645035743713,0.9772113680839538,1.0452369451522827,1.0473771174519049,0.039560541544313446,1.125582641363144,1.1326566934585571
MPI-ESM1-2-LR,ssp126,paper_qm,mid_century,2040,2060,252,pvpot,all_monthly_grid_samples,china_intersection,W m-2,nan,87192,0.0,0.0,28.682823181152344,68.16814910888672,199.28125762939453,199.85985134282083,67.5265751310351,360.9666650390624,434.0068359375
MPI-ESM1-2-LR,ssp126,paper_qm,mid_century,2040,2060,252,pvpot,period_mean_map,china_intersection,W m-2,201.9166913887785,346,0.0,0.0,129.94422912597656,134.30185012817384,190.46078491210938,199.85984899267297,37.88800226168041,287.0622756958008,299.15118408203125
MPI-ESM1-2-LR,ssp126,paper_qm,mid_century,2040,2060,252,wind_speed_hub,all_monthly_grid_samples,china_intersection,m s-1,nan,87192,0.0,0.0,0.13384507596492767,0.38311991065740586,2.360556721687317,2.872538798085437,2.119784125366105,11.17151293754577,19.251811981201172
MPI-ESM1-2-LR,ssp126,paper_qm,mid_century,2040,2060,252,wind_speed_hub,period_mean_map,china_intersection,m s-1,2.6025390754600757,346,0.0,0.0,0.5787408947944641,0.737903943657875,2.54533314704895,2.872538807591951,1.6492720132156515,8.928524923324586,10.744296073913574
MPI-ESM1-2-LR,ssp126,paper_qm,mid_century,2040,2060,252,wpd,all_monthly_grid_samples,china_intersection,W m-2,nan,87192,0.0,0.0,0.001468632835894823,0.034443743899464606,8.056555271148682,50.310074885136196,176.14060601252888,853.9689648437488,4370.3974609375
MPI-ESM1-2-LR,ssp126,paper_qm,mid_century,2040,2060,252,wpd,period_mean_map,china_intersection,W m-2,28.18274133968312,346,0.0,0.0,0.20027483999729156,0.38590453267097474,14.992874145507812,50.31007415934794,123.74611269025858,612.0399017333987,1094.45361328125
MPI-ESM1-2-LR,ssp126,paper_qm,late_century,2080,2100,252,tcell,all_monthly_grid_samples,china_intersection,degree_Celsius,nan,87192,0.0,16.922424075603264,-26.50664710998535,-16.699883499145507,17.425922393798828,15.530562338273029,13.995080210006325,38.091082801818835,43.40825653076172
MPI-ESM1-2-LR,ssp126,paper_qm,late_century,2080,2100,252,tcell,period_mean_map,china_intersection,degree_Celsius,15.526273631209369,346,0.0,1.1560693641618496,-1.4728214740753174,-0.02161276564002035,16.05471134185791,15.530562499893366,7.936957481579102,29.366068077087405,31.36807632446289
MPI-ESM1-2-LR,ssp126,paper_qm,late_century,2080,2100,252,performance_ratio,all_monthly_grid_samples,china_intersection,1,nan,87192,0.0,0.0,0.9079586863517761,0.9345446115732193,1.0378703474998474,1.047347188225601,0.06997540100721784,1.20849942445755,1.2575331926345825
MPI-ESM1-2-LR,ssp126,paper_qm,late_century,2080,2100,252,performance_ratio,period_mean_map,china_intersection,1,1.0473686197850611,346,0.0,0.0,0.9681598544120789,0.9781696677207947,1.0447264909744263,1.0473471773153096,0.039684792118131446,1.125108152627945,1.132364273071289
MPI-ESM1-2-LR,ssp126,paper_qm,late_century,2080,2100,252,pvpot,all_monthly_grid_samples,china_intersection,W m-2,nan,87192,0.0,0.0,35.94758605957031,68.98497856140136,201.47895050048828,201.53958088346047,67.35904959256354,360.6438565063477,426.9020080566406
MPI-ESM1-2-LR,ssp126,paper_qm,late_century,2080,2100,252,pvpot,period_mean_map,china_intersection,W m-2,203.7345136499055,346,0.0,0.0,133.8108367919922,138.02987060546874,192.14090728759766,201.539580240415,37.15863814457497,286.47458648681646,297.6651611328125
MPI-ESM1-2-LR,ssp126,paper_qm,late_century,2080,2100,252,wind_speed_hub,all_monthly_grid_samples,china_intersection,m s-1,nan,87192,0.0,0.0,0.12429948896169662,0.37832718431949613,2.3984248638153076,2.910729964167862,2.137624627981027,11.334713935852024,18.469846725463867
MPI-ESM1-2-LR,ssp126,paper_qm,late_century,2080,2100,252,wind_speed_hub,period_mean_map,china_intersection,m s-1,2.6477328165553256,346,0.0,0.0,0.5716020464897156,0.7095323294401169,2.647783875465393,2.910730058574952,1.6499409194907628,8.94994068145752,10.810880661010742
MPI-ESM1-2-LR,ssp126,paper_qm,late_century,2080,2100,252,wpd,all_monthly_grid_samples,china_intersection,W m-2,nan,87192,0.0,0.0,0.0011762892827391624,0.03316719446331263,8.450539588928223,51.719957721301796,180.07322579703248,891.9445489501888,3859.18798828125
MPI-ESM1-2-LR,ssp126,paper_qm,late_century,2080,2100,252,wpd,period_mean_map,china_intersection,W m-2,29.102742108289053,346,0.0,0.0,0.18282660841941833,0.39937830716371536,16.36191177368164,51.71995354353348,125.61221818091471,614.6008148193359,1126.2890625
MPI-ESM1-2-LR,ssp126,optimized,historical,1994,2014,252,tcell,all_monthly_grid_samples,china_intersection,degree_Celsius,nan,87192,0.0,18.84347187815396,-26.402536392211914,-17.40677837371826,16.190478324890137,14.303557536340012,13.998624547774936,36.46605140686033,41.9326171875
MPI-ESM1-2-LR,ssp126,optimized,historical,1994,2014,252,tcell,period_mean_map,china_intersection,degree_Celsius,14.242660976233342,346,0.0,3.1791907514450863,-2.832484006881714,-1.3717335522174834,14.758646488189697,14.303557339538902,7.917754933784746,28.595686244964607,30.61022186279297
MPI-ESM1-2-LR,ssp126,optimized,historical,1994,2014,252,performance_ratio,all_monthly_grid_samples,china_intersection,1,nan,87192,0.0,0.0,0.9153369069099426,0.9426697093248367,1.0440475940704346,1.0534822123716683,0.06999312289584024,1.2120338666439054,1.2570127248764038
MPI-ESM1-2-LR,ssp126,optimized,historical,1994,2014,252,performance_ratio,period_mean_map,china_intersection,1,1.053786702456335,346,0.0,0.0,0.9719487428665161,0.9820213079452514,1.0512068271636963,1.0534822138058657,0.03958877587416179,1.1318588137626648,1.1391618251800537
MPI-ESM1-2-LR,ssp126,optimized,historical,1994,2014,252,pvpot,all_monthly_grid_samples,china_intersection,W m-2,nan,87192,0.0,0.0,28.17053985595703,68.54220703125,195.6549530029297,198.06154341220375,68.59762259450191,362.7866323852537,417.8091735839844
MPI-ESM1-2-LR,ssp126,optimized,historical,1994,2014,252,pvpot,period_mean_map,china_intersection,W m-2,200.14832860588746,346,0.0,0.0,120.71440887451172,129.00778274536134,187.69715118408203,198.06154295199178,40.90584105323588,289.4128372192383,300.8698425292969
MPI-ESM1-2-LR,ssp126,optimized,historical,1994,2014,252,wind_speed_hub,all_monthly_grid_samples,china_intersection,m s-1,nan,87192,0.0,0.0,0.13592198491096497,0.5197839689254761,2.66049861907959,3.1320407557979615,2.067006193858637,11.368612232208248,18.70830535888672
MPI-ESM1-2-LR,ssp126,optimized,historical,1994,2014,252,wind_speed_hub,period_mean_map,china_intersection,m s-1,2.894572269522304,346,0.0,0.0,0.797117292881012,0.9184745490550995,2.8505425453186035,3.1320407275175084,1.5719463453343212,8.8650887966156,10.368793487548828
MPI-ESM1-2-LR,ssp126,optimized,historical,1994,2014,252,wpd,all_monthly_grid_samples,china_intersection,W m-2,nan,87192,0.0,0.0,0.0015380666591227055,0.08601510010659695,11.534404754638672,54.36532219925351,176.80912228761662,899.9708673095691,4010.600830078125
MPI-ESM1-2-LR,ssp126,optimized,historical,1994,2014,252,wpd,period_mean_map,china_intersection,W m-2,32.6341955589208,346,0.0,0.0,0.41945943236351013,0.7039119720458985,19.977164268493652,54.365322133795374,121.87932743055953,591.746908569336,1070.2821044921875
MPI-ESM1-2-LR,ssp126,optimized,mid_century,2040,2060,252,tcell,all_monthly_grid_samples,china_intersection,degree_Celsius,nan,87192,0.0,17.456876777686027,-27.427377700805664,-16.132249908447267,17.32946014404297,15.398206040543757,14.013701333400164,37.63047737121581,43.75725555419922
MPI-ESM1-2-LR,ssp126,optimized,mid_century,2040,2060,252,tcell,period_mean_map,china_intersection,degree_Celsius,15.342795574169921,346,0.0,2.023121387283237,-2.070312023162842,-0.455714151263237,15.739851474761963,15.398206063519323,8.006576838623,29.713821411132812,31.551790237426758
MPI-ESM1-2-LR,ssp126,optimized,mid_century,2040,2060,252,performance_ratio,all_monthly_grid_samples,china_intersection,1,nan,87192,0.0,0.0,0.9062137007713318,0.9368475931882858,1.0383527278900146,1.048008969861473,0.07006850652178317,1.2056612122058867,1.2621369361877441
MPI-ESM1-2-LR,ssp126,optimized,mid_century,2040,2060,252,performance_ratio,period_mean_map,china_intersection,1,1.0482860416600677,346,0.0,0.0,0.967241108417511,0.9764306426048279,1.0463006496429443,1.0480089890474529,0.0400328981498941,1.127278470993042,1.1353517770767212
MPI-ESM1-2-LR,ssp126,optimized,mid_century,2040,2060,252,pvpot,all_monthly_grid_samples,china_intersection,W m-2,nan,87192,0.0,0.0,28.665067672729492,68.16666023254395,199.44345092773438,199.99180665947185,67.60819543120542,361.33188323974605,434.3448486328125
MPI-ESM1-2-LR,ssp126,optimized,mid_century,2040,2060,252,pvpot,period_mean_map,china_intersection,W m-2,202.0849919641977,346,0.0,0.0,130.0508575439453,134.40789413452148,190.54974365234375,199.99180775019474,37.9862038129305,287.44639282226564,299.55596923828125
MPI-ESM1-2-LR,ssp126,optimized,mid_century,2040,2060,252,wind_speed_hub,all_monthly_grid_samples,china_intersection,m s-1,nan,87192,0.0,0.0,0.13384507596492767,0.4964911833405495,2.552635908126831,3.0410419064922154,2.0576287420636725,11.271062335968011,19.251811981201172
MPI-ESM1-2-LR,ssp126,optimized,mid_century,2040,2060,252,wind_speed_hub,period_mean_map,china_intersection,m s-1,2.7897034687026863,346,0.0,0.0,0.7304847836494446,0.8460978269577026,2.7606934309005737,3.0410419037576357,1.5938088344629948,8.960375452041626,10.410269737243652
MPI-ESM1-2-LR,ssp126,optimized,mid_century,2040,2060,252,wpd,all_monthly_grid_samples,china_intersection,W m-2,nan,87192,0.0,0.0,0.001468632835894823,0.07496192380785942,10.187618732452393,52.0905753061322,175.65016984069243,877.0022503662095,4370.3974609375
MPI-ESM1-2-LR,ssp126,optimized,mid_century,2040,2060,252,wpd,period_mean_map,china_intersection,W m-2,30.155585157210133,346,0.0,0.0,0.3476313054561615,0.5825170278549194,17.332655906677246,52.09057366830765,122.00872399477178,609.0741943359376,1054.893798828125
MPI-ESM1-2-LR,ssp126,optimized,late_century,2080,2100,252,tcell,all_monthly_grid_samples,china_intersection,degree_Celsius,nan,87192,0.0,17.318102578218188,-27.005990982055664,-16.711176528930665,17.3433198928833,15.421228472222298,14.053486704538965,37.78989685058593,43.21060562133789
MPI-ESM1-2-LR,ssp126,optimized,late_century,2080,2100,252,tcell,period_mean_map,china_intersection,degree_Celsius,15.391409330228003,346,0.0,2.023121387283237,-1.9835792779922485,-0.3323533684015274,15.83966064453125,15.421228696802103,8.045324141981961,29.53508977890015,31.554216384887695
MPI-ESM1-2-LR,ssp126,optimized,late_century,2080,2100,252,performance_ratio,all_monthly_grid_samples,china_intersection,1,nan,87192,0.0,0.0,0.9089469909667969,0.9360505396127701,1.0382834076881409,1.0478938575804984,0.07026743353286982,1.2085558986663818,1.260029911994934
MPI-ESM1-2-LR,ssp126,optimized,late_century,2080,2100,252,performance_ratio,period_mean_map,china_intersection,1,1.0480429416486658,346,0.0,0.0,0.9672290086746216,0.9773244053125382,1.0458018779754639,1.0478938401089928,0.04022659882408442,1.126661664247513,1.1349174976348877
MPI-ESM1-2-LR,ssp126,optimized,late_century,2080,2100,252,pvpot,all_monthly_grid_samples,china_intersection,W m-2,nan,87192,0.0,0.0,35.974613189697266,69.00768478393555,201.61180877685547,201.66007268173956,67.4466593386617,360.88360107421863,426.9234924316406
MPI-ESM1-2-LR,ssp126,optimized,late_century,2080,2100,252,pvpot,period_mean_map,china_intersection,W m-2,203.88600024067185,346,0.0,0.0,133.71847534179688,138.06400527954102,192.1918487548828,201.66007223845907,37.27066211637014,286.90151519775395,298.05694580078125
MPI-ESM1-2-LR,ssp126,optimized,late_century,2080,2100,252,wind_speed_hub,all_monthly_grid_samples,china_intersection,m s-1,nan,87192,0.0,0.0,0.12429948896169662,0.5038923043012619,2.5683778524398804,3.0633830727603626,2.0712435850348476,11.35382140159605,18.469846725463867
MPI-ESM1-2-LR,ssp126,optimized,late_century,2080,2100,252,wind_speed_hub,period_mean_map,china_intersection,m s-1,2.8147704003228116,346,0.0,0.0,0.7505866289138794,0.8482375055551529,2.804041862487793,3.0633831480679485,1.5934774005025039,8.963290643692018,10.56242561340332
MPI-ESM1-2-LR,ssp126,optimized,late_century,2080,2100,252,wpd,all_monthly_grid_samples,china_intersection,W m-2,nan,87192,0.0,0.0,0.0011762892827391624,0.07836449183523655,10.37726354598999,53.174483474882905,179.74724996328464,896.4627929687456,3859.18798828125
MPI-ESM1-2-LR,ssp126,optimized,late_century,2080,2100,252,wpd,period_mean_map,china_intersection,W m-2,30.668635154265026,346,0.0,0.0,0.3574478328227997,0.5711804449558258,19.05612850189209,53.174485925563495,124.52869218367813,616.9961791992188,1102.387451171875
MPI-ESM1-2-LR,ssp245,paper_qm,historical,1994,2014,252,tcell,all_monthly_grid_samples,china_intersection,degree_Celsius,nan,87192,0.0,18.84347187815396,-26.402536392211914,-17.40677837371826,16.190478324890137,14.303557536340012,13.998624547774936,36.46605140686033,41.9326171875
MPI-ESM1-2-LR,ssp245,paper_qm,historical,1994,2014,252,tcell,period_mean_map,china_intersection,degree_Celsius,14.242660976233342,346,0.0,3.1791907514450863,-2.832484006881714,-1.3717335522174834,14.758646488189697,14.303557339538902,7.917754933784746,28.595686244964607,30.61022186279297
MPI-ESM1-2-LR,ssp245,paper_qm,historical,1994,2014,252,performance_ratio,all_monthly_grid_samples,china_intersection,1,nan,87192,0.0,0.0,0.9153369069099426,0.9426697093248367,1.0440475940704346,1.0534822123716683,0.06999312289584024,1.2120338666439054,1.2570127248764038
MPI-ESM1-2-LR,ssp245,paper_qm,historical,1994,2014,252,performance_ratio,period_mean_map,china_intersection,1,1.053786702456335,346,0.0,0.0,0.9719487428665161,0.9820213079452514,1.0512068271636963,1.0534822138058657,0.03958877587416179,1.1318588137626648,1.1391618251800537
MPI-ESM1-2-LR,ssp245,paper_qm,historical,1994,2014,252,pvpot,all_monthly_grid_samples,china_intersection,W m-2,nan,87192,0.0,0.0,28.17053985595703,68.54220703125,195.6549530029297,198.06154341220375,68.59762259450191,362.7866323852537,417.8091735839844
MPI-ESM1-2-LR,ssp245,paper_qm,historical,1994,2014,252,pvpot,period_mean_map,china_intersection,W m-2,200.14832860588746,346,0.0,0.0,120.71440887451172,129.00778274536134,187.69715118408203,198.06154295199178,40.90584105323588,289.4128372192383,300.8698425292969
MPI-ESM1-2-LR,ssp245,paper_qm,historical,1994,2014,252,wind_speed_hub,all_monthly_grid_samples,china_intersection,m s-1,nan,87192,0.0,0.0,0.13592198491096497,0.5197839689254761,2.66049861907959,3.1320407557979615,2.067006193858637,11.368612232208248,18.70830535888672
MPI-ESM1-2-LR,ssp245,paper_qm,historical,1994,2014,252,wind_speed_hub,period_mean_map,china_intersection,m s-1,2.894572269522304,346,0.0,0.0,0.797117292881012,0.9184745490550995,2.8505425453186035,3.1320407275175084,1.5719463453343212,8.8650887966156,10.368793487548828
MPI-ESM1-2-LR,ssp245,paper_qm,historical,1994,2014,252,wpd,all_monthly_grid_samples,china_intersection,W m-2,nan,87192,0.0,0.0,0.0015380666591227055,0.08601510010659695,11.534404754638672,54.36532219925351,176.80912228761662,899.9708673095691,4010.600830078125
MPI-ESM1-2-LR,ssp245,paper_qm,historical,1994,2014,252,wpd,period_mean_map,china_intersection,W m-2,32.6341955589208,346,0.0,0.0,0.41945943236351013,0.7039119720458985,19.977164268493652,54.365322133795374,121.87932743055953,591.746908569336,1070.2821044921875
MPI-ESM1-2-LR,ssp245,paper_qm,mid_century,2040,2060,252,tcell,all_monthly_grid_samples,china_intersection,degree_Celsius,nan,87192,0.0,16.22281860721167,-24.541967391967773,-15.605309782028199,17.37501335144043,15.72396453562411,13.809951214354061,38.319446220397936,43.749481201171875
MPI-ESM1-2-LR,ssp245,paper_qm,mid_century,2040,2060,252,tcell,period_mean_map,china_intersection,degree_Celsius,15.709616921822317,346,0.0,0.8670520231213872,-1.0859241485595703,0.34071757942438125,16.195828437805176,15.723964212860675,7.741509628143773,29.43554916381836,31.366939544677734
MPI-ESM1-2-LR,ssp245,paper_qm,mid_century,2040,2060,252,performance_ratio,all_monthly_grid_samples,china_intersection,1,nan,87192,0.0,0.0,0.9062526226043701,0.9334027886390686,1.0381249785423279,1.0463801771422867,0.06904975603069945,1.2030265688896178,1.24770987033844
MPI-ESM1-2-LR,ssp245,paper_qm,mid_century,2040,2060,252,performance_ratio,period_mean_map,china_intersection,1,1.0464519219665005,346,0.0,0.0,0.9681649208068848,0.9778221726417542,1.0440210103988647,1.0463801868733642,0.03870754430051488,1.1232963681221009,1.1304296255111694
MPI-ESM1-2-LR,ssp245,paper_qm,mid_century,2040,2060,252,pvpot,all_monthly_grid_samples,china_intersection,W m-2,nan,87192,0.0,0.0,36.450748443603516,68.4847331237793,196.92676544189453,198.0793645833652,66.99108431353613,357.0519049072264,425.5895080566406
MPI-ESM1-2-LR,ssp245,paper_qm,mid_century,2040,2060,252,pvpot,period_mean_map,china_intersection,W m-2,200.3686604407989,346,0.0,0.0,130.6498260498047,135.80386047363282,188.59524536132812,198.07936338744412,37.8344436317186,284.4741165161133,295.62152099609375
MPI-ESM1-2-LR,ssp245,paper_qm,mid_century,2040,2060,252,wind_speed_hub,all_monthly_grid_samples,china_intersection,m s-1,nan,87192,0.0,0.0,0.1381276249885559,0.4335386711359024,2.508511185646057,3.0036186082723564,2.1335238768503286,11.532504549026486,19.670421600341797
MPI-ESM1-2-LR,ssp245,paper_qm,mid_century,2040,2060,252,wind_speed_hub,period_mean_map,china_intersection,m s-1,2.7507860874388586,346,0.0,0.0,0.7372746467590332,0.8542160034179688,2.6940441131591797,3.0036185854087676,1.6297565927210134,9.099024868011474,10.925748825073242
MPI-ESM1-2-LR,ssp245,paper_qm,mid_century,2040,2060,252,wpd,all_monthly_grid_samples,china_intersection,W m-2,nan,87192,0.0,0.0,0.001614164561033249,0.049910238087177275,9.668391227722168,54.4862818136124,194.72240238116342,939.4571569824209,4661.7294921875
MPI-ESM1-2-LR,ssp245,paper_qm,mid_century,2040,2060,252,wpd,period_mean_map,china_intersection,W m-2,30.53715198920805,346,0.0,0.0,0.32593080401420593,0.5371650815010071,17.666617393493652,54.48628352530774,133.29691062701602,651.853890991211,1201.440185546875
MPI-ESM1-2-LR,ssp245,paper_qm,late_century,2080,2100,252,tcell,all_monthly_grid_samples,china_intersection,degree_Celsius,nan,87192,0.0,14.989907330947794,-25.21800994873047,-15.079072771072388,18.3218994140625,16.58769177930121,13.82439739530924,39.35416965484619,44.939849853515625
MPI-ESM1-2-LR,ssp245,paper_qm,late_century,2080,2100,252,tcell,period_mean_map,china_intersection,degree_Celsius,16.603045809258884,346,0.0,0.5780346820809248,-0.11246100068092346,1.2764066934585572,17.05519676208496,16.587691798397053,7.734531405206729,30.12915840148926,31.99329376220703
MPI-ESM1-2-LR,ssp245,paper_qm,late_century,2080,2100,252,performance_ratio,all_monthly_grid_samples,china_intersection,1,nan,87192,0.0,0.0,0.9003007411956787,0.928229171037674,1.0333905220031738,1.0420615411040455,0.0691219868636962,1.2003953278064727,1.2510900497436523
MPI-ESM1-2-LR,ssp245,paper_qm,late_century,2080,2100,252,performance_ratio,period_mean_map,china_intersection,1,1.0419847710848924,346,0.0,0.0,0.9650337100028992,0.9743542432785034,1.0397239327430725,1.0420615468066552,0.03867265485824488,1.118617868423462,1.1255625486373901
MPI-ESM1-2-LR,ssp245,paper_qm,late_century,2080,2100,252,pvpot,all_monthly_grid_samples,china_intersection,W m-2,nan,87192,0.0,0.0,31.531503677368164,68.18055946350097,200.16708374023438,199.5243524383083,66.33973947234317,356.4314971923827,450.3984069824219
MPI-ESM1-2-LR,ssp245,paper_qm,late_century,2080,2100,252,pvpot,period_mean_map,china_intersection,W m-2,201.76214944360433,346,0.0,0.0,133.2498016357422,137.9777847290039,190.6128921508789,199.52434874959076,35.69817654429641,281.9131774902344,293.607177734375
MPI-ESM1-2-LR,ssp245,paper_qm,late_century,2080,2100,252,wind_speed_hub,all_monthly_grid_samples,china_intersection,m s-1,nan,87192,0.0,0.0,0.12815973162651062,0.3827904713153839,2.4433621168136597,2.947838104688638,2.13832500872762,11.524344663619988,18.719743728637695
MPI-ESM1-2-LR,ssp245,paper_qm,late_century,2080,2100,252,wind_speed_hub,period_mean_map,china_intersection,m s-1,2.6846652993689775,346,0.0,0.0,0.6256045699119568,0.8534260869026185,2.6595133543014526,2.9478380898864285,1.628972469411412,8.830458688735963,10.704383850097656
MPI-ESM1-2-LR,ssp245,paper_qm,late_century,2080,2100,252,wpd,all_monthly_grid_samples,china_intersection,W m-2,nan,87192,0.0,0.0,0.0012893204111605883,0.03435496665537357,8.934486865997314,52.83116091468761,184.92178019971246,937.4644958496076,4017.9619140625
MPI-ESM1-2-LR,ssp245,paper_qm,late_century,2080,2100,252,wpd,period_mean_map,china_intersection,W m-2,29.486018424539946,346,0.0,0.0,0.25500279664993286,0.591598030924797,17.70232105255127,52.83116159385684,127.1601082424251,620.8818847656253,1112.451904296875
MPI-ESM1-2-LR,ssp245,optimized,historical,1994,2014,252,tcell,all_monthly_grid_samples,china_intersection,degree_Celsius,nan,87192,0.0,18.84347187815396,-26.402536392211914,-17.40677837371826,16.190478324890137,14.303557536340012,13.998624547774936,36.46605140686033,41.9326171875
MPI-ESM1-2-LR,ssp245,optimized,historical,1994,2014,252,tcell,period_mean_map,china_intersection,degree_Celsius,14.242660976233342,346,0.0,3.1791907514450863,-2.832484006881714,-1.3717335522174834,14.758646488189697,14.303557339538902,7.917754933784746,28.595686244964607,30.61022186279297
MPI-ESM1-2-LR,ssp245,optimized,historical,1994,2014,252,performance_ratio,all_monthly_grid_samples,china_intersection,1,nan,87192,0.0,0.0,0.9153369069099426,0.9426697093248367,1.0440475940704346,1.0534822123716683,0.06999312289584024,1.2120338666439054,1.2570127248764038
MPI-ESM1-2-LR,ssp245,optimized,historical,1994,2014,252,performance_ratio,period_mean_map,china_intersection,1,1.053786702456335,346,0.0,0.0,0.9719487428665161,0.9820213079452514,1.0512068271636963,1.0534822138058657,0.03958877587416179,1.1318588137626648,1.1391618251800537
MPI-ESM1-2-LR,ssp245,optimized,historical,1994,2014,252,pvpot,all_monthly_grid_samples,china_intersection,W m-2,nan,87192,0.0,0.0,28.17053985595703,68.54220703125,195.6549530029297,198.06154341220375,68.59762259450191,362.7866323852537,417.8091735839844
MPI-ESM1-2-LR,ssp245,optimized,historical,1994,2014,252,pvpot,period_mean_map,china_intersection,W m-2,200.14832860588746,346,0.0,0.0,120.71440887451172,129.00778274536134,187.69715118408203,198.06154295199178,40.90584105323588,289.4128372192383,300.8698425292969
MPI-ESM1-2-LR,ssp245,optimized,historical,1994,2014,252,wind_speed_hub,all_monthly_grid_samples,china_intersection,m s-1,nan,87192,0.0,0.0,0.13592198491096497,0.5197839689254761,2.66049861907959,3.1320407557979615,2.067006193858637,11.368612232208248,18.70830535888672
MPI-ESM1-2-LR,ssp245,optimized,historical,1994,2014,252,wind_speed_hub,period_mean_map,china_intersection,m s-1,2.894572269522304,346,0.0,0.0,0.797117292881012,0.9184745490550995,2.8505425453186035,3.1320407275175084,1.5719463453343212,8.8650887966156,10.368793487548828
MPI-ESM1-2-LR,ssp245,optimized,historical,1994,2014,252,wpd,all_monthly_grid_samples,china_intersection,W m-2,nan,87192,0.0,0.0,0.0015380666591227055,0.08601510010659695,11.534404754638672,54.36532219925351,176.80912228761662,899.9708673095691,4010.600830078125
MPI-ESM1-2-LR,ssp245,optimized,historical,1994,2014,252,wpd,period_mean_map,china_intersection,W m-2,32.6341955589208,346,0.0,0.0,0.41945943236351013,0.7039119720458985,19.977164268493652,54.365322133795374,121.87932743055953,591.746908569336,1070.2821044921875
MPI-ESM1-2-LR,ssp245,optimized,mid_century,2040,2060,252,tcell,all_monthly_grid_samples,china_intersection,degree_Celsius,nan,87192,0.0,16.679282502981923,-26.276994705200195,-15.7262952709198,17.34941005706787,15.652406906566437,13.907821704659948,37.982684707641596,42.99297332763672
MPI-ESM1-2-LR,ssp245,optimized,mid_century,2040,2060,252,tcell,period_mean_map,china_intersection,degree_Celsius,15.614451293185493,346,0.0,0.8670520231213872,-1.6768693923950195,0.018438392970711,15.896371364593506,15.652406736815381,7.8998319837904925,29.667990303039556,31.571475982666016
MPI-ESM1-2-LR,ssp245,optimized,mid_century,2040,2060,252,performance_ratio,all_monthly_grid_samples,china_intersection,1,nan,87192,0.0,0.0,0.9100351333618164,0.9350865465402604,1.0382529497146606,1.046737965354625,0.06953910841134525,1.2036314928531646,1.2563849687576294
MPI-ESM1-2-LR,ssp245,optimized,mid_century,2040,2060,252,performance_ratio,period_mean_map,china_intersection,1,1.0469277407068287,346,0.0,0.0,0.9671424627304077,0.9766602724790573,1.045517921447754,1.0467379587578636,0.03949916225841481,1.1249078154563903,1.1333845853805542
MPI-ESM1-2-LR,ssp245,optimized,mid_century,2040,2060,252,pvpot,all_monthly_grid_samples,china_intersection,W m-2,nan,87192,0.0,0.0,36.3693962097168,68.60194618225097,197.0520477294922,198.16397999850903,67.0938103561931,357.7981811523437,425.5956726074219
MPI-ESM1-2-LR,ssp245,optimized,mid_century,2040,2060,252,pvpot,period_mean_map,china_intersection,W m-2,200.4839759118558,346,0.0,0.0,130.7096405029297,135.93963623046875,188.41697692871094,198.16398064938585,37.99152392969522,284.9963516235352,296.0169982910156
MPI-ESM1-2-LR,ssp245,optimized,mid_century,2040,2060,252,wind_speed_hub,all_monthly_grid_samples,china_intersection,m s-1,nan,87192,0.0,0.0,0.1536564826965332,0.5243731027841568,2.614370584487915,3.095726558916918,2.086446941589183,11.549440374374374,19.90836524963379
MPI-ESM1-2-LR,ssp245,optimized,mid_century,2040,2060,252,wind_speed_hub,period_mean_map,china_intersection,m s-1,2.846379661605801,346,0.0,0.0,0.7872063517570496,0.8979836136102677,2.797523617744446,3.095726575121025,1.6015528278885314,9.121681451797485,10.595592498779297
MPI-ESM1-2-LR,ssp245,optimized,mid_century,2040,2060,252,wpd,all_monthly_grid_samples,china_intersection,W m-2,nan,87192,0.0,0.0,0.0022220753598958254,0.08831355676054954,10.944793701171875,55.129212685856004,193.90048730094966,943.6020739746057,4832.95654296875
MPI-ESM1-2-LR,ssp245,optimized,mid_century,2040,2060,252,wpd,period_mean_map,china_intersection,W m-2,31.425999641294933,346,0.0,0.0,0.4246741235256195,0.6419661492109299,19.217778205871582,55.129213148458845,131.7826159099011,649.5946838378907,1173.455078125
MPI-ESM1-2-LR,ssp245,optimized,late_century,2080,2100,252,tcell,all_monthly_grid_samples,china_intersection,degree_Celsius,nan,87192,0.0,15.567942013028718,-27.10630226135254,-15.073191003799439,18.356818199157715,16.53325356879965,13.943224581309373,39.00502208709716,44.62301254272461
MPI-ESM1-2-LR,ssp245,optimized,late_century,2080,2100,252,tcell,period_mean_map,china_intersection,degree_Celsius,16.517974994878404,346,0.0,0.8670520231213872,-0.8334910869598389,0.8864197105169296,16.878806114196777,16.533253313984314,7.9206662216385,30.45290575027466,32.26497268676758
MPI-ESM1-2-LR,ssp245,optimized,late_century,2080,2100,252,performance_ratio,all_monthly_grid_samples,china_intersection,1,nan,87192,0.0,0.0,0.901884913444519,0.9299748706817627,1.0332159399986267,1.0423337320917374,0.06971612295693531,1.2003659558296202,1.2605315446853638
MPI-ESM1-2-LR,ssp245,optimized,late_century,2080,2100,252,performance_ratio,period_mean_map,china_intersection,1,1.0424101301716016,346,0.0,0.0,0.9636752605438232,0.9727357536554336,1.0406060814857483,1.0423337362405192,0.03960331365394835,1.120567762851715,1.1291669607162476
MPI-ESM1-2-LR,ssp245,optimized,late_century,2080,2100,252,pvpot,all_monthly_grid_samples,china_intersection,W m-2,nan,87192,0.0,0.0,31.34166145324707,68.25417343139648,200.2521743774414,199.59804595255045,66.45690250421218,356.96233123779297,451.3292236328125
MPI-ESM1-2-LR,ssp245,optimized,late_century,2080,2100,252,pvpot,period_mean_map,china_intersection,W m-2,201.87403513841656,346,0.0,0.0,133.29502868652344,137.99005126953125,190.24877166748047,199.5980448640151,35.883331458566374,282.4340270996094,294.087890625
MPI-ESM1-2-LR,ssp245,optimized,late_century,2080,2100,252,wind_speed_hub,all_monthly_grid_samples,china_intersection,m s-1,nan,87192,0.0,0.0,0.12815973162651062,0.4998643487691879,2.5780158042907715,3.0657549651162084,2.0792455736492808,11.550367603301991,18.719743728637695
MPI-ESM1-2-LR,ssp245,optimized,late_century,2080,2100,252,wind_speed_hub,period_mean_map,china_intersection,m s-1,2.8111886033519897,346,0.0,0.0,0.759720504283905,0.8776124030351639,2.815882682800293,3.065754930924818,1.5899338024314975,8.893541526794435,10.32197380065918
MPI-ESM1-2-LR,ssp245,optimized,late_century,2080,2100,252,wpd,all_monthly_grid_samples,china_intersection,W m-2,nan,87192,0.0,0.0,0.0012893204111605883,0.07650021120905875,10.494526863098145,53.74687434933955,184.45998462119184,943.829361572263,4017.9619140625
MPI-ESM1-2-LR,ssp245,optimized,late_century,2080,2100,252,wpd,period_mean_map,china_intersection,W m-2,30.63168254318126,346,0.0,0.0,0.37998270988464355,0.5935118466615678,18.971062660217285,53.74687680912156,126.03543184921514,627.5556610107425,1080.0279541015625
MPI-ESM1-2-LR,ssp585,paper_qm,historical,1994,2014,252,tcell,all_monthly_grid_samples,china_intersection,degree_Celsius,nan,87192,0.0,18.84347187815396,-26.402536392211914,-17.40677837371826,16.190478324890137,14.303557536340012,13.998624547774936,36.46605140686033,41.9326171875
MPI-ESM1-2-LR,ssp585,paper_qm,historical,1994,2014,252,tcell,period_mean_map,china_intersection,degree_Celsius,14.242660976233342,346,0.0,3.1791907514450863,-2.832484006881714,-1.3717335522174834,14.758646488189697,14.303557339538902,7.917754933784746,28.595686244964607,30.61022186279297
MPI-ESM1-2-LR,ssp585,paper_qm,historical,1994,2014,252,performance_ratio,all_monthly_grid_samples,china_intersection,1,nan,87192,0.0,0.0,0.9153369069099426,0.9426697093248367,1.0440475940704346,1.0534822123716683,0.06999312289584024,1.2120338666439054,1.2570127248764038
MPI-ESM1-2-LR,ssp585,paper_qm,historical,1994,2014,252,performance_ratio,period_mean_map,china_intersection,1,1.053786702456335,346,0.0,0.0,0.9719487428665161,0.9820213079452514,1.0512068271636963,1.0534822138058657,0.03958877587416179,1.1318588137626648,1.1391618251800537
MPI-ESM1-2-LR,ssp585,paper_qm,historical,1994,2014,252,pvpot,all_monthly_grid_samples,china_intersection,W m-2,nan,87192,0.0,0.0,28.17053985595703,68.54220703125,195.6549530029297,198.06154341220375,68.59762259450191,362.7866323852537,417.8091735839844
MPI-ESM1-2-LR,ssp585,paper_qm,historical,1994,2014,252,pvpot,period_mean_map,china_intersection,W m-2,200.14832860588746,346,0.0,0.0,120.71440887451172,129.00778274536134,187.69715118408203,198.06154295199178,40.90584105323588,289.4128372192383,300.8698425292969
MPI-ESM1-2-LR,ssp585,paper_qm,historical,1994,2014,252,wind_speed_hub,all_monthly_grid_samples,china_intersection,m s-1,nan,87192,0.0,0.0,0.13592198491096497,0.5197839689254761,2.66049861907959,3.1320407557979615,2.067006193858637,11.368612232208248,18.70830535888672
MPI-ESM1-2-LR,ssp585,paper_qm,historical,1994,2014,252,wind_speed_hub,period_mean_map,china_intersection,m s-1,2.894572269522304,346,0.0,0.0,0.797117292881012,0.9184745490550995,2.8505425453186035,3.1320407275175084,1.5719463453343212,8.8650887966156,10.368793487548828
MPI-ESM1-2-LR,ssp585,paper_qm,historical,1994,2014,252,wpd,all_monthly_grid_samples,china_intersection,W m-2,nan,87192,0.0,0.0,0.0015380666591227055,0.08601510010659695,11.534404754638672,54.36532219925351,176.80912228761662,899.9708673095691,4010.600830078125
MPI-ESM1-2-LR,ssp585,paper_qm,historical,1994,2014,252,wpd,period_mean_map,china_intersection,W m-2,32.6341955589208,346,0.0,0.0,0.41945943236351013,0.7039119720458985,19.977164268493652,54.365322133795374,121.87932743055953,591.746908569336,1070.2821044921875
MPI-ESM1-2-LR,ssp585,paper_qm,mid_century,2040,2060,252,tcell,all_monthly_grid_samples,china_intersection,degree_Celsius,nan,87192,0.0,16.157445637214423,-26.193288803100586,-15.634416875839234,17.621352195739746,15.860894457613139,13.868353707923855,38.688075866699215,44.88511276245117
MPI-ESM1-2-LR,ssp585,paper_qm,mid_century,2040,2060,252,tcell,period_mean_map,china_intersection,degree_Celsius,15.864234626808955,346,0.0,0.8670520231213872,-0.8184486627578735,0.6419524043798447,16.40067195892334,15.86089417988682,7.736468869017834,29.358137416839604,31.218233108520508
MPI-ESM1-2-LR,ssp585,paper_qm,mid_century,2040,2060,252,performance_ratio,all_monthly_grid_samples,china_intersection,1,nan,87192,0.0,0.0,0.9005744457244873,0.9315596139430999,1.0368932485580444,1.0456955276777606,0.06934176843043481,1.2031720852851868,1.2559664249420166
MPI-ESM1-2-LR,ssp585,paper_qm,mid_century,2040,2060,252,performance_ratio,period_mean_map,china_intersection,1,1.045678855339357,346,0.0,0.0,0.9689087271690369,0.9782093316316605,1.04299658536911,1.045695560860496,0.03868234596595208,1.1217902302742004,1.1290920972824097
MPI-ESM1-2-LR,ssp585,paper_qm,mid_century,2040,2060,252,pvpot,all_monthly_grid_samples,china_intersection,W m-2,nan,87192,0.0,0.0,30.47823143005371,66.49570030212402,197.18102264404297,197.46898088370762,67.49015011478627,359.24130157470705,448.3829650878906
MPI-ESM1-2-LR,ssp585,paper_qm,mid_century,2040,2060,252,pvpot,period_mean_map,china_intersection,W m-2,199.88862007843437,346,0.0,0.0,127.02742767333984,134.84092712402344,188.2636947631836,197.46897828647857,37.932448464522196,285.55551757812503,297.05389404296875
MPI-ESM1-2-LR,ssp585,paper_qm,mid_century,2040,2060,252,wind_speed_hub,all_monthly_grid_samples,china_intersection,m s-1,nan,87192,0.0,0.0,0.13214699923992157,0.42295499503612516,2.5639368295669556,3.053053138039836,2.136419807597263,11.504306201934808,20.086362838745117
MPI-ESM1-2-LR,ssp585,paper_qm,mid_century,2040,2060,252,wind_speed_hub,period_mean_map,china_intersection,m s-1,2.799867099353335,346,0.0,0.0,0.7011014223098755,0.8394179195165634,2.764648675918579,3.053053211614576,1.6355284838760553,8.938667011260987,11.135034561157227
MPI-ESM1-2-LR,ssp585,paper_qm,mid_century,2040,2060,252,wpd,all_monthly_grid_samples,china_intersection,W m-2,nan,87192,0.0,0.0,0.001413441845215857,0.04634347300976515,10.323526382446289,55.164352629021636,188.71948507901155,932.5827185058577,4963.75146484375
MPI-ESM1-2-LR,ssp585,paper_qm,mid_century,2040,2060,252,wpd,period_mean_map,china_intersection,W m-2,31.712264609238314,346,0.0,0.0,0.31679657101631165,0.5148113414645196,19.843748092651367,55.16435150190585,131.01765937709467,616.8315002441407,1218.3792724609375
MPI-ESM1-2-LR,ssp585,paper_qm,late_century,2080,2100,252,tcell,all_monthly_grid_samples,china_intersection,degree_Celsius,nan,87192,0.0,11.684558216350124,-23.37675666809082,-12.347765054702759,20.06042194366455,18.572597416686627,13.638315696934544,41.84378028869628,48.94017791748047
MPI-ESM1-2-LR,ssp585,paper_qm,late_century,2080,2100,252,tcell,period_mean_map,china_intersection,degree_Celsius,18.58516950289502,346,0.0,0.0,2.135582447052002,3.3477499008178713,18.989246368408203,18.572597383074676,7.4983569656593305,31.762304019927985,34.14792251586914
MPI-ESM1-2-LR,ssp585,paper_qm,late_century,2080,2100,252,performance_ratio,all_monthly_grid_samples,china_intersection,1,nan,87192,0.0,0.0,0.8802990913391113,0.915781124830246,1.0246978402137756,1.0321370129149565,0.06819157851788264,1.1867388343811034,1.2418837547302246
MPI-ESM1-2-LR,ssp585,paper_qm,late_century,2080,2100,252,performance_ratio,period_mean_map,china_intersection,1,1.0320741465155256,346,0.0,0.0,0.9542601108551025,0.9661884754896164,1.0300540328025818,1.0321370025590666,0.03749177338105896,1.1082612156867981,1.1143218278884888
MPI-ESM1-2-LR,ssp585,paper_qm,late_century,2080,2100,252,pvpot,all_monthly_grid_samples,china_intersection,W m-2,nan,87192,0.0,0.0,31.24362564086914,65.07129409790039,196.86414337158203,195.75370065902766,65.34898022160144,348.9462188720703,437.0028076171875
MPI-ESM1-2-LR,ssp585,paper_qm,late_century,2080,2100,252,pvpot,period_mean_map,china_intersection,W m-2,197.81515345402062,346,0.0,0.0,137.34664916992188,141.3708854675293,186.55194091796875,195.7537002122471,34.37825974817126,275.9886901855469,287.12677001953125
MPI-ESM1-2-LR,ssp585,paper_qm,late_century,2080,2100,252,wind_speed_hub,all_monthly_grid_samples,china_intersection,m s-1,nan,87192,0.0,0.0,0.12824995815753937,0.3599299916625023,2.3605055809020996,2.883594792780054,2.1820311554952996,11.811537065505973,20.01277732849121
MPI-ESM1-2-LR,ssp585,paper_qm,late_century,2080,2100,252,wind_speed_hub,period_mean_map,china_intersection,m s-1,2.6145527110890816,346,0.0,0.0,0.6239792704582214,0.7888869315385818,2.5829094648361206,2.883594764278114,1.6510597025005045,8.914798879623415,11.085514068603516
MPI-ESM1-2-LR,ssp585,paper_qm,late_century,2080,2100,252,wpd,all_monthly_grid_samples,china_intersection,W m-2,nan,87192,0.0,0.0,0.001292045577429235,0.028560132570564747,8.056032180786133,53.502143180484246,196.39275227119535,1009.3117321777326,4909.39794921875
MPI-ESM1-2-LR,ssp585,paper_qm,late_century,2080,2100,252,wpd,period_mean_map,china_intersection,W m-2,29.21779808256489,346,0.0,0.0,0.1950008124113083,0.4745645269751549,16.899060249328613,53.502143710033394,134.97803096193036,637.4840911865235,1246.25732421875
MPI-ESM1-2-LR,ssp585,optimized,historical,1994,2014,252,tcell,all_monthly_grid_samples,china_intersection,degree_Celsius,nan,87192,0.0,18.84347187815396,-26.402536392211914,-17.40677837371826,16.190478324890137,14.303557536340012,13.998624547774936,36.46605140686033,41.9326171875
MPI-ESM1-2-LR,ssp585,optimized,historical,1994,2014,252,tcell,period_mean_map,china_intersection,degree_Celsius,14.242660976233342,346,0.0,3.1791907514450863,-2.832484006881714,-1.3717335522174834,14.758646488189697,14.303557339538902,7.917754933784746,28.595686244964607,30.61022186279297
MPI-ESM1-2-LR,ssp585,optimized,historical,1994,2014,252,performance_ratio,all_monthly_grid_samples,china_intersection,1,nan,87192,0.0,0.0,0.9153369069099426,0.9426697093248367,1.0440475940704346,1.0534822123716683,0.06999312289584024,1.2120338666439054,1.2570127248764038
MPI-ESM1-2-LR,ssp585,optimized,historical,1994,2014,252,performance_ratio,period_mean_map,china_intersection,1,1.053786702456335,346,0.0,0.0,0.9719487428665161,0.9820213079452514,1.0512068271636963,1.0534822138058657,0.03958877587416179,1.1318588137626648,1.1391618251800537
MPI-ESM1-2-LR,ssp585,optimized,historical,1994,2014,252,pvpot,all_monthly_grid_samples,china_intersection,W m-2,nan,87192,0.0,0.0,28.17053985595703,68.54220703125,195.6549530029297,198.06154341220375,68.59762259450191,362.7866323852537,417.8091735839844
MPI-ESM1-2-LR,ssp585,optimized,historical,1994,2014,252,pvpot,period_mean_map,china_intersection,W m-2,200.14832860588746,346,0.0,0.0,120.71440887451172,129.00778274536134,187.69715118408203,198.06154295199178,40.90584105323588,289.4128372192383,300.8698425292969
MPI-ESM1-2-LR,ssp585,optimized,historical,1994,2014,252,wind_speed_hub,all_monthly_grid_samples,china_intersection,m s-1,nan,87192,0.0,0.0,0.13592198491096497,0.5197839689254761,2.66049861907959,3.1320407557979615,2.067006193858637,11.368612232208248,18.70830535888672
MPI-ESM1-2-LR,ssp585,optimized,historical,1994,2014,252,wind_speed_hub,period_mean_map,china_intersection,m s-1,2.894572269522304,346,0.0,0.0,0.797117292881012,0.9184745490550995,2.8505425453186035,3.1320407275175084,1.5719463453343212,8.8650887966156,10.368793487548828
MPI-ESM1-2-LR,ssp585,optimized,historical,1994,2014,252,wpd,all_monthly_grid_samples,china_intersection,W m-2,nan,87192,0.0,0.0,0.0015380666591227055,0.08601510010659695,11.534404754638672,54.36532219925351,176.80912228761662,899.9708673095691,4010.600830078125
MPI-ESM1-2-LR,ssp585,optimized,historical,1994,2014,252,wpd,period_mean_map,china_intersection,W m-2,32.6341955589208,346,0.0,0.0,0.41945943236351013,0.7039119720458985,19.977164268493652,54.365322133795374,121.87932743055953,591.746908569336,1070.2821044921875
MPI-ESM1-2-LR,ssp585,optimized,mid_century,2040,2060,252,tcell,all_monthly_grid_samples,china_intersection,degree_Celsius,nan,87192,0.0,16.663225984035233,-28.276086807250977,-15.586275730133057,17.655881881713867,15.820635266618874,13.987793538924914,38.35253711700439,43.956722259521484
MPI-ESM1-2-LR,ssp585,optimized,mid_century,2040,2060,252,tcell,period_mean_map,china_intersection,degree_Celsius,15.797933805052383,346,0.0,0.8670520231213872,-1.5394461154937744,0.2632636219263077,16.17952251434326,15.820635248901526,7.891571652196524,29.639298725128178,31.432865142822266
MPI-ESM1-2-LR,ssp585,optimized,mid_century,2040,2060,252,performance_ratio,all_monthly_grid_samples,china_intersection,1,nan,87192,0.0,0.0,0.90521639585495,0.9332373005151748,1.0367205739021301,1.045896823689477,0.06993896779283572,1.202931350469589,1.2663804292678833
MPI-ESM1-2-LR,ssp585,optimized,mid_century,2040,2060,252,performance_ratio,period_mean_map,china_intersection,1,1.0460103224722035,346,0.0,0.0,0.9678356051445007,0.9768036723136901,1.0441024899482727,1.0458968235233617,0.03945787275995017,1.1236835718154907,1.1326974630355835
MPI-ESM1-2-LR,ssp585,optimized,mid_century,2040,2060,252,pvpot,all_monthly_grid_samples,china_intersection,W m-2,nan,87192,0.0,0.0,30.396968841552734,66.47984184265137,197.22052764892578,197.52099547306105,67.57560673072408,359.8695892333984,449.32421875
MPI-ESM1-2-LR,ssp585,optimized,mid_century,2040,2060,252,pvpot,period_mean_map,china_intersection,W m-2,199.974023878274,346,0.0,0.0,126.8874740600586,134.93757019042968,188.11875915527344,197.52099818852597,38.107925694509404,285.9859191894531,297.4429626464844
MPI-ESM1-2-LR,ssp585,optimized,mid_century,2040,2060,252,wind_speed_hub,all_monthly_grid_samples,china_intersection,m s-1,nan,87192,0.0,0.0,0.13214699923992157,0.5172006350755691,2.635593056678772,3.1229952057234445,2.087572762126471,11.473076791763281,20.086362838745117
MPI-ESM1-2-LR,ssp585,optimized,mid_century,2040,2060,252,wind_speed_hub,period_mean_map,china_intersection,m s-1,2.8734647149329384,346,0.0,0.0,0.7837288975715637,0.8832519829273224,2.8601640462875366,3.122995163836231,1.6060591734159921,8.984169578552248,10.678407669067383
MPI-ESM1-2-LR,ssp585,optimized,mid_century,2040,2060,252,wpd,all_monthly_grid_samples,china_intersection,W m-2,nan,87192,0.0,0.0,0.001413441845215857,0.08473898209631443,11.213499069213867,55.304441494259315,187.20404307514298,925.0088696289005,4963.75146484375
MPI-ESM1-2-LR,ssp585,optimized,mid_century,2040,2060,252,wpd,period_mean_map,china_intersection,W m-2,32.156979100920104,346,0.0,0.0,0.4158465564250946,0.6151321798563003,19.910268783569336,55.30443968602343,128.71150088286618,618.9479461669922,1167.0032958984375
MPI-ESM1-2-LR,ssp585,optimized,late_century,2080,2100,252,tcell,all_monthly_grid_samples,china_intersection,degree_Celsius,nan,87192,0.0,12.24538948527388,-23.521141052246094,-12.283336992263795,20.155428886413574,18.54381289663429,13.772440940179628,41.46109584808349,48.54948806762695
MPI-ESM1-2-LR,ssp585,optimized,late_century,2080,2100,252,tcell,period_mean_map,china_intersection,degree_Celsius,18.528630740812137,346,0.0,0.0,1.3441358804702759,2.9998109340667725,18.87057113647461,18.543812585014827,7.674634886925371,32.041760826110846,34.38515090942383
MPI-ESM1-2-LR,ssp585,optimized,late_century,2080,2100,252,performance_ratio,all_monthly_grid_samples,china_intersection,1,nan,87192,0.0,0.0,0.88225257396698,0.9176945203542709,1.0242228507995605,1.0322809355602274,0.06886220482436306,1.1864166641235352,1.2426056861877441
MPI-ESM1-2-LR,ssp585,optimized,late_century,2080,2100,252,performance_ratio,period_mean_map,china_intersection,1,1.0323568294684966,346,0.0,0.0,0.9530739784240723,0.9647912681102753,1.0306470394134521,1.0322809276208713,0.03837317330992449,1.1100012183189392,1.1182788610458374
MPI-ESM1-2-LR,ssp585,optimized,late_century,2080,2100,252,pvpot,all_monthly_grid_samples,china_intersection,W m-2,nan,87192,0.0,0.0,30.94510841369629,65.02347732543946,196.77730560302734,195.80239280452093,65.4672424868529,349.75420440673815,437.3150939941406
MPI-ESM1-2-LR,ssp585,optimized,late_century,2080,2100,252,pvpot,period_mean_map,china_intersection,W m-2,197.9022621841969,346,0.0,0.0,137.4019317626953,141.2172653198242,186.16622924804688,195.802390964045,34.598024522303646,276.6061965942383,287.49017333984375
MPI-ESM1-2-LR,ssp585,optimized,late_century,2080,2100,252,wind_speed_hub,all_monthly_grid_samples,china_intersection,m s-1,nan,87192,0.0,0.0,0.12824995815753937,0.4760826021432877,2.5351271629333496,3.0351337168276165,2.1065789710340153,11.758008832931507,20.01277732849121
MPI-ESM1-2-LR,ssp585,optimized,late_century,2080,2100,252,wind_speed_hub,period_mean_map,china_intersection,m s-1,2.775473550703987,346,0.0,0.0,0.7579776644706726,0.8669141083955765,2.7580814361572266,3.035133715826652,1.61109477223637,8.919925546646118,10.693920135498047
MPI-ESM1-2-LR,ssp585,optimized,late_century,2080,2100,252,wpd,all_monthly_grid_samples,china_intersection,W m-2,nan,87192,0.0,0.0,0.001292045577429235,0.0660926242172718,9.979419708251953,54.58523563177233,196.63940023759528,995.6517962646454,4909.39794921875
MPI-ESM1-2-LR,ssp585,optimized,late_century,2080,2100,252,wpd,period_mean_map,china_intersection,W m-2,30.413643883412504,346,0.0,0.0,0.34158408641815186,0.5770418643951416,18.925816535949707,54.585235585022524,134.08406371986914,644.84306640625,1226.6793212890625
MRI-ESM2-0,ssp126,paper_qm,historical,1994,2014,252,tcell,all_monthly_grid_samples,china_intersection,degree_Celsius,nan,226044,0.0,19.507706464228203,-28.82821273803711,-17.57345151901245,15.602153301239014,13.888045856897655,13.946671927195071,36.39792602539063,41.83808898925781
MRI-ESM2-0,ssp126,paper_qm,historical,1994,2014,252,tcell,period_mean_map,china_intersection,degree_Celsius,14.128390733810532,897,0.0,2.4526198439241917,-5.242064476013184,-2.124251546859741,13.971311569213867,13.888045897212091,7.655709954150664,28.09855087280273,30.16201400756836
MRI-ESM2-0,ssp126,paper_qm,historical,1994,2014,252,performance_ratio,all_monthly_grid_samples,china_intersection,1,nan,226044,0.0,0.0,0.9158095717430115,0.943010390996933,1.0469892024993896,1.0555597706648028,0.06973335962163422,1.2128672862052918,1.2691410779953003
MRI-ESM2-0,ssp126,paper_qm,historical,1994,2014,252,performance_ratio,period_mean_map,china_intersection,1,1.054358048736127,897,0.0,0.0,0.974189817905426,0.9845074033737182,1.0551432371139526,1.0555597667975836,0.03827855449293013,1.1356215476989746,1.151209831237793
MRI-ESM2-0,ssp126,paper_qm,historical,1994,2014,252,pvpot,all_monthly_grid_samples,china_intersection,W m-2,nan,226044,0.0,0.0,37.38459014892578,68.90072120666504,194.34242248535156,197.7142042117608,68.81561001946113,361.26421905517583,428.3985595703125
MRI-ESM2-0,ssp126,paper_qm,historical,1994,2014,252,pvpot,period_mean_map,china_intersection,W m-2,198.9862019619332,897,0.0,0.0,118.14049530029297,125.1234848022461,188.55288696289062,197.7142052283654,41.546034175334135,290.07538452148435,299.0138854980469
MRI-ESM2-0,ssp126,paper_qm,historical,1994,2014,252,wind_speed_hub,all_monthly_grid_samples,china_intersection,m s-1,nan,226044,0.0,0.0,0.1273016631603241,0.5378301131725312,2.6041349172592163,2.993221660627189,1.8384250808868496,9.227843666076666,19.384023666381836
MRI-ESM2-0,ssp126,paper_qm,historical,1994,2014,252,wind_speed_hub,period_mean_map,china_intersection,m s-1,2.8613994738277064,897,0.0,0.0,0.7903991341590881,1.0084784030914307,2.7559449672698975,2.9932216364005737,1.3303487142021153,8.416768035888667,10.430793762207031
MRI-ESM2-0,ssp126,paper_qm,historical,1994,2014,252,wpd,all_monthly_grid_samples,china_intersection,W m-2,nan,226044,0.0,0.0,0.0012635963503271341,0.09528870552778244,10.81674337387085,41.891174297211656,131.64654703255832,481.28993774414135,4461.05859375
MRI-ESM2-0,ssp126,paper_qm,historical,1994,2014,252,wpd,period_mean_map,china_intersection,W m-2,30.437643173007242,897,0.0,0.0,0.4490065276622772,0.8931298065185548,18.51827621459961,41.89117387083329,89.29562226150692,535.6804150390619,1178.1749267578125
MRI-ESM2-0,ssp126,paper_qm,mid_century,2040,2060,252,tcell,all_monthly_grid_samples,china_intersection,degree_Celsius,nan,226044,0.0,17.124542124542124,-27.508590698242188,-16.820755538940432,17.380939483642578,15.60835932960308,14.199730303052759,38.67622493743898,44.544578552246094
MRI-ESM2-0,ssp126,paper_qm,mid_century,2040,2060,252,tcell,period_mean_map,china_intersection,degree_Celsius,15.895574293956097,897,0.0,1.1148272017837235,-3.517221689224243,-0.5314667534828186,15.629843711853027,15.608359262696078,7.708536467620645,29.573159713745113,31.291900634765625
MRI-ESM2-0,ssp126,paper_qm,mid_century,2040,2060,252,performance_ratio,all_monthly_grid_samples,china_intersection,1,nan,226044,0.0,0.0,0.9022771120071411,0.9316188824176789,1.0380952954292297,1.0469582033047973,0.07099865145661415,1.2091037464141847,1.262542963027954
MRI-ESM2-0,ssp126,paper_qm,mid_century,2040,2060,252,performance_ratio,period_mean_map,china_intersection,1,1.045522123882077,897,0.0,0.0,0.9685401916503906,0.9771343636512756,1.0468509197235107,1.0469581982496723,0.03854268963343815,1.1276571702957154,1.1425859928131104
MRI-ESM2-0,ssp126,paper_qm,mid_century,2040,2060,252,pvpot,all_monthly_grid_samples,china_intersection,W m-2,nan,226044,0.0,0.0,39.589019775390625,73.80597236633301,204.36425018310547,204.55184991788653,65.51525769870537,359.846915588379,430.4205017089844
MRI-ESM2-0,ssp126,paper_qm,mid_century,2040,2060,252,pvpot,period_mean_map,china_intersection,W m-2,206.2818566925757,897,0.0,0.0,140.78089904785156,148.86646179199218,195.75852966308594,204.55184996061632,35.14866226300353,287.17158569335936,297.5194396972656
MRI-ESM2-0,ssp126,paper_qm,mid_century,2040,2060,252,wind_speed_hub,all_monthly_grid_samples,china_intersection,m s-1,nan,226044,0.0,0.0,0.1163165494799614,0.5357209259271621,2.6285990476608276,3.035094393292219,1.872927983207247,9.538065681457535,20.794483184814453
MRI-ESM2-0,ssp126,paper_qm,mid_century,2040,2060,252,wind_speed_hub,period_mean_map,china_intersection,m s-1,2.8910582813110786,897,0.0,0.0,0.8267525434494019,1.0843992805480958,2.821054697036743,3.0350943959277608,1.3405037584908022,8.817487869262692,10.69197940826416
MRI-ESM2-0,ssp126,paper_qm,mid_century,2040,2060,252,wpd,all_monthly_grid_samples,china_intersection,W m-2,nan,226044,0.0,0.0,0.0009638970950618386,0.09417202688753604,11.12446403503418,43.98762795658555,137.84720101241297,531.4801855468777,5507.44921875
MRI-ESM2-0,ssp126,paper_qm,mid_century,2040,2060,252,wpd,period_mean_map,china_intersection,W m-2,31.369242891271966,897,0.0,0.0,0.5291581153869629,1.099901647567749,20.180721282958984,43.98762924808058,94.4905407650405,576.0813281249988,1205.92236328125
MRI-ESM2-0,ssp126,paper_qm,late_century,2080,2100,252,tcell,all_monthly_grid_samples,china_intersection,degree_Celsius,nan,226044,0.0,17.67930137495355,-26.43231201171875,-17.027496509552,17.034183502197266,15.256882184684168,14.233666121221631,38.35469741821289,43.39006805419922
MRI-ESM2-0,ssp126,paper_qm,late_century,2080,2100,252,tcell,period_mean_map,china_intersection,degree_Celsius,15.558851209126194,897,0.0,1.1148272017837235,-3.994149684906006,-0.9319484901428222,15.066476821899414,15.25688189337053,7.791888099819494,29.7008689880371,31.410587310791016
MRI-ESM2-0,ssp126,paper_qm,late_century,2080,2100,252,performance_ratio,all_monthly_grid_samples,china_intersection,1,nan,226044,0.0,0.0,0.9080496430397034,0.9332265013456345,1.0398290753364563,1.048715589053007,0.07116833050737012,1.2101375186443328,1.2571616172790527
MRI-ESM2-0,ssp126,paper_qm,late_century,2080,2100,252,performance_ratio,period_mean_map,china_intersection,1,1.0472057472849619,897,0.0,0.0,0.9679468870162964,0.9764955687522888,1.0496673583984375,1.0487155964807788,0.038959448358957836,1.1296599006652832,1.1449708938598633
MRI-ESM2-0,ssp126,paper_qm,late_century,2080,2100,252,pvpot,all_monthly_grid_samples,china_intersection,W m-2,nan,226044,0.0,0.0,39.33460235595703,75.66598518371582,206.83177185058594,206.81178598590748,65.77619850046385,360.44056884765627,429.6960144042969
MRI-ESM2-0,ssp126,paper_qm,late_century,2080,2100,252,pvpot,period_mean_map,china_intersection,W m-2,208.419345223972,897,0.0,0.0,141.6173553466797,148.23891357421874,198.53575134277344,206.8117854565947,35.22341219537746,291.354951171875,301.3299255371094
MRI-ESM2-0,ssp126,paper_qm,late_century,2080,2100,252,wind_speed_hub,all_monthly_grid_samples,china_intersection,m s-1,nan,226044,0.0,0.0,0.11617960035800934,0.5125333654880524,2.676545739173889,3.077626060224502,1.8783596928523647,9.578353385925297,19.942686080932617
MRI-ESM2-0,ssp126,paper_qm,late_century,2080,2100,252,wind_speed_hub,period_mean_map,china_intersection,m s-1,2.9292140846325916,897,0.0,0.0,0.6711423993110657,1.0626525688171387,2.8437869548797607,3.077626019350794,1.3718233159759483,8.842339134216303,10.881685256958008
MRI-ESM2-0,ssp126,paper_qm,late_century,2080,2100,252,wpd,all_monthly_grid_samples,china_intersection,W m-2,nan,226044,0.0,0.0,0.0009604963706806302,0.08246554277837276,11.74437952041626,44.817881858438476,133.7096145873356,538.2433538818365,4857.9951171875
MRI-ESM2-0,ssp126,paper_qm,late_century,2080,2100,252,wpd,period_mean_map,china_intersection,W m-2,32.09893565320821,897,0.0,0.0,0.5122256278991699,1.0512163591384889,20.68620491027832,44.81788181647276,94.56663871439314,583.7482055664053,1214.485595703125
MRI-ESM2-0,ssp126,optimized,historical,1994,2014,252,tcell,all_monthly_grid_samples,china_intersection,degree_Celsius,nan,226044,0.0,19.507706464228203,-28.82821273803711,-17.57345151901245,15.602153301239014,13.888045856897655,13.946671927195071,36.39792602539063,41.83808898925781
MRI-ESM2-0,ssp126,optimized,historical,1994,2014,252,tcell,period_mean_map,china_intersection,degree_Celsius,14.128390733810532,897,0.0,2.4526198439241917,-5.242064476013184,-2.124251546859741,13.971311569213867,13.888045897212091,7.655709954150664,28.09855087280273,30.16201400756836
MRI-ESM2-0,ssp126,optimized,historical,1994,2014,252,performance_ratio,all_monthly_grid_samples,china_intersection,1,nan,226044,0.0,0.0,0.9158095717430115,0.943010390996933,1.0469892024993896,1.0555597706648028,0.06973335962163422,1.2128672862052918,1.2691410779953003
MRI-ESM2-0,ssp126,optimized,historical,1994,2014,252,performance_ratio,period_mean_map,china_intersection,1,1.054358048736127,897,0.0,0.0,0.974189817905426,0.9845074033737182,1.0551432371139526,1.0555597667975836,0.03827855449293013,1.1356215476989746,1.151209831237793
MRI-ESM2-0,ssp126,optimized,historical,1994,2014,252,pvpot,all_monthly_grid_samples,china_intersection,W m-2,nan,226044,0.0,0.0,37.38459014892578,68.90072120666504,194.34242248535156,197.7142042117608,68.81561001946113,361.26421905517583,428.3985595703125
MRI-ESM2-0,ssp126,optimized,historical,1994,2014,252,pvpot,period_mean_map,china_intersection,W m-2,198.9862019619332,897,0.0,0.0,118.14049530029297,125.1234848022461,188.55288696289062,197.7142052283654,41.546034175334135,290.07538452148435,299.0138854980469
MRI-ESM2-0,ssp126,optimized,historical,1994,2014,252,wind_speed_hub,all_monthly_grid_samples,china_intersection,m s-1,nan,226044,0.0,0.0,0.1273016631603241,0.5378301131725312,2.6041349172592163,2.993221660627189,1.8384250808868496,9.227843666076666,19.384023666381836
MRI-ESM2-0,ssp126,optimized,historical,1994,2014,252,wind_speed_hub,period_mean_map,china_intersection,m s-1,2.8613994738277064,897,0.0,0.0,0.7903991341590881,1.0084784030914307,2.7559449672698975,2.9932216364005737,1.3303487142021153,8.416768035888667,10.430793762207031
MRI-ESM2-0,ssp126,optimized,historical,1994,2014,252,wpd,all_monthly_grid_samples,china_intersection,W m-2,nan,226044,0.0,0.0,0.0012635963503271341,0.09528870552778244,10.81674337387085,41.891174297211656,131.64654703255832,481.28993774414135,4461.05859375
MRI-ESM2-0,ssp126,optimized,historical,1994,2014,252,wpd,period_mean_map,china_intersection,W m-2,30.437643173007242,897,0.0,0.0,0.4490065276622772,0.8931298065185548,18.51827621459961,41.89117387083329,89.29562226150692,535.6804150390619,1178.1749267578125
MRI-ESM2-0,ssp126,optimized,mid_century,2040,2060,252,tcell,all_monthly_grid_samples,china_intersection,degree_Celsius,nan,226044,0.0,17.38643803861195,-26.981706619262695,-16.54058927536011,17.42103385925293,15.662419368775623,14.259631382205042,38.576528015136724,44.37464904785156
MRI-ESM2-0,ssp126,optimized,mid_century,2040,2060,252,tcell,period_mean_map,china_intersection,degree_Celsius,15.94236795988807,897,0.0,1.1148272017837235,-3.437669515609741,-0.6472871828079222,15.703716278076172,15.662419470789175,7.811980429634302,29.611595458984375,31.460697174072266
MRI-ESM2-0,ssp126,optimized,mid_century,2040,2060,252,performance_ratio,all_monthly_grid_samples,china_intersection,1,nan,226044,0.0,0.0,0.9031267762184143,0.9321173411607743,1.03789484500885,1.0466879032025793,0.0712981568355694,1.2077029395103456,1.2599085569381714
MRI-ESM2-0,ssp126,optimized,mid_century,2040,2060,252,performance_ratio,period_mean_map,china_intersection,1,1.045288154960092,897,0.0,0.0,0.9676968455314636,0.9769419050216674,1.0464810132980347,1.0466878980962993,0.03905988483938744,1.128236756324768,1.1421880722045898
MRI-ESM2-0,ssp126,optimized,mid_century,2040,2060,252,pvpot,all_monthly_grid_samples,china_intersection,W m-2,nan,226044,0.0,0.0,39.585514068603516,73.7831046295166,204.4058837890625,204.5132003167939,65.54663613905561,359.898773803711,429.3832702636719
MRI-ESM2-0,ssp126,optimized,mid_century,2040,2060,252,pvpot,period_mean_map,china_intersection,W m-2,206.25085309833997,897,0.0,0.0,140.6817169189453,148.83311828613282,195.4298553466797,204.51320281608182,35.27437315674838,287.99337890625,297.41900634765625
MRI-ESM2-0,ssp126,optimized,mid_century,2040,2060,252,wind_speed_hub,all_monthly_grid_samples,china_intersection,m s-1,nan,226044,0.0,0.0,0.1163165494799614,0.5752489256858826,2.646168828010559,3.0426072838862934,1.850510764240492,9.490681543350226,20.93457794189453
MRI-ESM2-0,ssp126,optimized,mid_century,2040,2060,252,wind_speed_hub,period_mean_map,china_intersection,m s-1,2.9009547075859063,897,0.0,0.0,0.8092138767242432,1.0610125494003295,2.79449462890625,3.042607312351299,1.3489097776009904,8.777022514343262,10.610807418823242
MRI-ESM2-0,ssp126,optimized,mid_century,2040,2060,252,wpd,all_monthly_grid_samples,china_intersection,W m-2,nan,226044,0.0,0.0,0.0009638970950618386,0.11659329421818256,11.349030494689941,43.571889418272214,136.9421340228168,523.5983825683603,5619.513671875
MRI-ESM2-0,ssp126,optimized,mid_century,2040,2060,252,wpd,period_mean_map,china_intersection,W m-2,31.201970072601068,897,0.0,0.0,0.4978533983230591,1.0369443130493163,19.56827163696289,43.571889737444444,93.81251088442036,574.3880810546867,1199.2386474609375
MRI-ESM2-0,ssp126,optimized,late_century,2080,2100,252,tcell,all_monthly_grid_samples,china_intersection,degree_Celsius,nan,226044,0.0,17.80317106404063,-27.055843353271484,-16.84383909225464,17.115707397460938,15.334202860635726,14.28015224286537,38.20412078857423,43.41437911987305
MRI-ESM2-0,ssp126,optimized,late_century,2080,2100,252,tcell,period_mean_map,china_intersection,degree_Celsius,15.628115860840895,897,0.0,1.2263099219620959,-3.859647274017334,-0.9711432409286497,15.18182373046875,15.334203036923538,7.8881905161859045,29.792331161499014,31.63532829284668
MRI-ESM2-0,ssp126,optimized,late_century,2080,2100,252,performance_ratio,all_monthly_grid_samples,china_intersection,1,nan,226044,0.0,0.0,0.9079281091690063,0.9339794164896011,1.0394214987754822,1.0483289856023117,0.07140076119711901,1.209219217300415,1.2602791786193848
MRI-ESM2-0,ssp126,optimized,late_century,2080,2100,252,performance_ratio,period_mean_map,china_intersection,1,1.046859415622702,897,0.0,0.0,0.9668235778808594,0.9760383105278015,1.0490906238555908,1.0483289795575732,0.03944095329066692,1.129856219291687,1.1442984342575073
MRI-ESM2-0,ssp126,optimized,late_century,2080,2100,252,pvpot,all_monthly_grid_samples,china_intersection,W m-2,nan,226044,0.0,0.0,39.34549331665039,75.59961624145508,206.81388092041016,206.75214426402434,65.8095297944259,360.22261322021484,428.4252624511719
MRI-ESM2-0,ssp126,optimized,late_century,2080,2100,252,pvpot,period_mean_map,china_intersection,W m-2,208.3686077549965,897,0.0,0.0,141.49337768554688,148.13236511230468,198.49375915527344,206.75214237140838,35.338299419385606,291.6169970703125,301.15423583984375
MRI-ESM2-0,ssp126,optimized,late_century,2080,2100,252,wind_speed_hub,all_monthly_grid_samples,china_intersection,m s-1,nan,226044,0.0,0.0,0.11617960035800934,0.5709888732433319,2.660183072090149,3.0572505397255236,1.8555702177408486,9.48511254310608,19.942686080932617
MRI-ESM2-0,ssp126,optimized,late_century,2080,2100,252,wind_speed_hub,period_mean_map,china_intersection,m s-1,2.9121436493095376,897,0.0,0.0,0.7930877804756165,1.0613680028915404,2.8013761043548584,3.0572505663071188,1.3688695530990516,8.819190711975095,10.692155838012695
MRI-ESM2-0,ssp126,optimized,late_century,2080,2100,252,wpd,all_monthly_grid_samples,china_intersection,W m-2,nan,226044,0.0,0.0,0.0009604963706806302,0.11402208670973778,11.530302047729492,43.78453300591406,132.0581398580439,522.6771917724612,4857.9951171875
MRI-ESM2-0,ssp126,optimized,late_century,2080,2100,252,wpd,period_mean_map,china_intersection,W m-2,31.50026645619151,897,0.0,0.0,0.4836353063583374,1.0442534279823303,19.558120727539062,43.78453460870645,92.70885520631052,565.5688110351555,1192.85791015625
MRI-ESM2-0,ssp245,paper_qm,historical,1994,2014,252,tcell,all_monthly_grid_samples,china_intersection,degree_Celsius,nan,226044,0.0,19.507706464228203,-28.82821273803711,-17.57345151901245,15.602153301239014,13.888045856897655,13.946671927195071,36.39792602539063,41.83808898925781
MRI-ESM2-0,ssp245,paper_qm,historical,1994,2014,252,tcell,period_mean_map,china_intersection,degree_Celsius,14.128390733810532,897,0.0,2.4526198439241917,-5.242064476013184,-2.124251546859741,13.971311569213867,13.888045897212091,7.655709954150664,28.09855087280273,30.16201400756836
MRI-ESM2-0,ssp245,paper_qm,historical,1994,2014,252,performance_ratio,all_monthly_grid_samples,china_intersection,1,nan,226044,0.0,0.0,0.9158095717430115,0.943010390996933,1.0469892024993896,1.0555597706648028,0.06973335962163422,1.2128672862052918,1.2691410779953003
MRI-ESM2-0,ssp245,paper_qm,historical,1994,2014,252,performance_ratio,period_mean_map,china_intersection,1,1.054358048736127,897,0.0,0.0,0.974189817905426,0.9845074033737182,1.0551432371139526,1.0555597667975836,0.03827855449293013,1.1356215476989746,1.151209831237793
MRI-ESM2-0,ssp245,paper_qm,historical,1994,2014,252,pvpot,all_monthly_grid_samples,china_intersection,W m-2,nan,226044,0.0,0.0,37.38459014892578,68.90072120666504,194.34242248535156,197.7142042117608,68.81561001946113,361.26421905517583,428.3985595703125
MRI-ESM2-0,ssp245,paper_qm,historical,1994,2014,252,pvpot,period_mean_map,china_intersection,W m-2,198.9862019619332,897,0.0,0.0,118.14049530029297,125.1234848022461,188.55288696289062,197.7142052283654,41.546034175334135,290.07538452148435,299.0138854980469
MRI-ESM2-0,ssp245,paper_qm,historical,1994,2014,252,wind_speed_hub,all_monthly_grid_samples,china_intersection,m s-1,nan,226044,0.0,0.0,0.1273016631603241,0.5378301131725312,2.6041349172592163,2.993221660627189,1.8384250808868496,9.227843666076666,19.384023666381836
MRI-ESM2-0,ssp245,paper_qm,historical,1994,2014,252,wind_speed_hub,period_mean_map,china_intersection,m s-1,2.8613994738277064,897,0.0,0.0,0.7903991341590881,1.0084784030914307,2.7559449672698975,2.9932216364005737,1.3303487142021153,8.416768035888667,10.430793762207031
MRI-ESM2-0,ssp245,paper_qm,historical,1994,2014,252,wpd,all_monthly_grid_samples,china_intersection,W m-2,nan,226044,0.0,0.0,0.0012635963503271341,0.09528870552778244,10.81674337387085,41.891174297211656,131.64654703255832,481.28993774414135,4461.05859375
MRI-ESM2-0,ssp245,paper_qm,historical,1994,2014,252,wpd,period_mean_map,china_intersection,W m-2,30.437643173007242,897,0.0,0.0,0.4490065276622772,0.8931298065185548,18.51827621459961,41.89117387083329,89.29562226150692,535.6804150390619,1178.1749267578125
MRI-ESM2-0,ssp245,paper_qm,mid_century,2040,2060,252,tcell,all_monthly_grid_samples,china_intersection,degree_Celsius,nan,226044,0.0,16.613137265311178,-25.517515182495117,-16.079042472839355,17.452813148498535,15.789393894137396,14.063647470408192,38.68021553039551,44.461692810058594
MRI-ESM2-0,ssp245,paper_qm,mid_century,2040,2060,252,tcell,period_mean_map,china_intersection,degree_Celsius,16.044944816658774,897,0.0,1.1148272017837235,-3.415097951889038,-0.3021160900592804,15.996454238891602,15.78939397179562,7.578725193644981,29.471998367309563,31.249832153320312
MRI-ESM2-0,ssp245,paper_qm,mid_century,2040,2060,252,performance_ratio,all_monthly_grid_samples,china_intersection,1,nan,226044,0.0,0.0,0.9026915431022644,0.9315989530086517,1.037735939025879,1.0460530305259033,0.07031823744790296,1.2053952395915986,1.2525875568389893
MRI-ESM2-0,ssp245,paper_qm,mid_century,2040,2060,252,performance_ratio,period_mean_map,china_intersection,1,1.0447752785347848,897,0.0,0.0,0.9687508344650269,0.9776400780677795,1.0450177192687988,1.0460530348047365,0.037893618739419425,1.1265106725692748,1.1420754194259644
MRI-ESM2-0,ssp245,paper_qm,mid_century,2040,2060,252,pvpot,all_monthly_grid_samples,china_intersection,W m-2,nan,226044,0.0,0.0,34.24866485595703,70.68721618652344,198.47757720947266,199.18517107932425,65.98363113956216,354.8048818969727,420.27825927734375
MRI-ESM2-0,ssp245,paper_qm,mid_century,2040,2060,252,pvpot,period_mean_map,china_intersection,W m-2,200.63255501903961,897,0.0,0.0,133.14060974121094,136.45490417480468,190.69647216796875,199.18517013430727,36.765759100627506,281.9564526367187,292.28582763671875
MRI-ESM2-0,ssp245,paper_qm,mid_century,2040,2060,252,wind_speed_hub,all_monthly_grid_samples,china_intersection,m s-1,nan,226044,0.0,0.0,0.11915604770183563,0.4814641544222832,2.528083562850952,2.9427416579042833,1.8738395271687263,9.446292152404787,18.8651123046875
MRI-ESM2-0,ssp245,paper_qm,mid_century,2040,2060,252,wind_speed_hub,period_mean_map,china_intersection,m s-1,2.8030101198664026,897,0.0,0.0,0.5307683348655701,0.9963095498085022,2.732464075088501,2.942741686418038,1.3345971891316861,8.739893836975098,10.570051193237305
MRI-ESM2-0,ssp245,paper_qm,mid_century,2040,2060,252,wpd,all_monthly_grid_samples,china_intersection,W m-2,nan,226044,0.0,0.0,0.0010362258180975914,0.06835935600101947,9.896471500396729,41.804916057173834,131.3670651013376,516.2858233642581,4112.294921875
MRI-ESM2-0,ssp245,paper_qm,mid_century,2040,2060,252,wpd,period_mean_map,china_intersection,W m-2,29.775953562571235,897,0.0,0.0,0.26451683044433594,0.8644287586212159,18.452112197875977,41.80491660058565,91.55624765365927,563.3275268554685,1192.436767578125
MRI-ESM2-0,ssp245,paper_qm,late_century,2080,2100,252,tcell,all_monthly_grid_samples,china_intersection,degree_Celsius,nan,226044,0.0,15.94025941852029,-26.25350570678711,-15.765655736923218,18.08539581298828,16.381581390011778,14.118013311579563,39.39611816406251,44.27596664428711
MRI-ESM2-0,ssp245,paper_qm,late_century,2080,2100,252,tcell,period_mean_map,china_intersection,degree_Celsius,16.665942509166292,897,0.0,0.6688963210702341,-2.84505558013916,0.5663224458694458,16.399219512939453,16.381581348743925,7.57570320905505,30.35908561706543,31.822486877441406
MRI-ESM2-0,ssp245,paper_qm,late_century,2080,2100,252,performance_ratio,all_monthly_grid_samples,china_intersection,1,nan,226044,0.0,0.0,0.903620183467865,0.9280194354057312,1.0345730185508728,1.0430920929707064,0.07059006652875295,1.203828308582306,1.2562675476074219
MRI-ESM2-0,ssp245,paper_qm,late_century,2080,2100,252,performance_ratio,period_mean_map,china_intersection,1,1.0416702917704679,897,0.0,0.0,0.9658877849578857,0.9732044887542725,1.043004035949707,1.0430920979915521,0.03787851437914662,1.1221685791015625,1.139224648475647
MRI-ESM2-0,ssp245,paper_qm,late_century,2080,2100,252,pvpot,all_monthly_grid_samples,china_intersection,W m-2,nan,226044,0.0,0.0,39.08130645751953,72.52347511291504,202.81854248046875,202.76831531644478,64.95347884544469,353.9245153808594,423.38739013671875
MRI-ESM2-0,ssp245,paper_qm,late_century,2080,2100,252,pvpot,period_mean_map,china_intersection,W m-2,204.39319521199803,897,0.0,0.0,138.8111114501953,143.67361694335938,194.38291931152344,202.7683139490576,34.976183178832535,284.66770141601563,295.56256103515625
MRI-ESM2-0,ssp245,paper_qm,late_century,2080,2100,252,wind_speed_hub,all_monthly_grid_samples,china_intersection,m s-1,nan,226044,0.0,0.0,0.11896633356809616,0.510753133893013,2.622798442840576,3.033797847546848,1.8887227325790816,9.597133655548104,18.886646270751953
MRI-ESM2-0,ssp245,paper_qm,late_century,2080,2100,252,wind_speed_hub,period_mean_map,china_intersection,m s-1,2.8909998070949725,897,0.0,0.0,0.5328189134597778,1.0455029916763305,2.841158390045166,3.033797881741455,1.3443686576761658,8.681872367858881,10.548086166381836
MRI-ESM2-0,ssp245,paper_qm,late_century,2080,2100,252,wpd,all_monthly_grid_samples,china_intersection,W m-2,nan,226044,0.0,0.0,0.0010312841041013598,0.08160921111702918,11.050980567932129,44.049194808253574,131.01042983416264,541.4155328369154,4126.39306640625
MRI-ESM2-0,ssp245,paper_qm,late_century,2080,2100,252,wpd,period_mean_map,china_intersection,W m-2,31.972643095665884,897,0.0,0.0,0.26665207743644714,0.9983730626106263,20.39957618713379,44.04919310939086,90.8743990776759,546.0531274414049,1161.125
MRI-ESM2-0,ssp245,optimized,historical,1994,2014,252,tcell,all_monthly_grid_samples,china_intersection,degree_Celsius,nan,226044,0.0,19.507706464228203,-28.82821273803711,-17.57345151901245,15.602153301239014,13.888045856897655,13.946671927195071,36.39792602539063,41.83808898925781
MRI-ESM2-0,ssp245,optimized,historical,1994,2014,252,tcell,period_mean_map,china_intersection,degree_Celsius,14.128390733810532,897,0.0,2.4526198439241917,-5.242064476013184,-2.124251546859741,13.971311569213867,13.888045897212091,7.655709954150664,28.09855087280273,30.16201400756836
MRI-ESM2-0,ssp245,optimized,historical,1994,2014,252,performance_ratio,all_monthly_grid_samples,china_intersection,1,nan,226044,0.0,0.0,0.9158095717430115,0.943010390996933,1.0469892024993896,1.0555597706648028,0.06973335962163422,1.2128672862052918,1.2691410779953003
MRI-ESM2-0,ssp245,optimized,historical,1994,2014,252,performance_ratio,period_mean_map,china_intersection,1,1.054358048736127,897,0.0,0.0,0.974189817905426,0.9845074033737182,1.0551432371139526,1.0555597667975836,0.03827855449293013,1.1356215476989746,1.151209831237793
MRI-ESM2-0,ssp245,optimized,historical,1994,2014,252,pvpot,all_monthly_grid_samples,china_intersection,W m-2,nan,226044,0.0,0.0,37.38459014892578,68.90072120666504,194.34242248535156,197.7142042117608,68.81561001946113,361.26421905517583,428.3985595703125
MRI-ESM2-0,ssp245,optimized,historical,1994,2014,252,pvpot,period_mean_map,china_intersection,W m-2,198.9862019619332,897,0.0,0.0,118.14049530029297,125.1234848022461,188.55288696289062,197.7142052283654,41.546034175334135,290.07538452148435,299.0138854980469
MRI-ESM2-0,ssp245,optimized,historical,1994,2014,252,wind_speed_hub,all_monthly_grid_samples,china_intersection,m s-1,nan,226044,0.0,0.0,0.1273016631603241,0.5378301131725312,2.6041349172592163,2.993221660627189,1.8384250808868496,9.227843666076666,19.384023666381836
MRI-ESM2-0,ssp245,optimized,historical,1994,2014,252,wind_speed_hub,period_mean_map,china_intersection,m s-1,2.8613994738277064,897,0.0,0.0,0.7903991341590881,1.0084784030914307,2.7559449672698975,2.9932216364005737,1.3303487142021153,8.416768035888667,10.430793762207031
MRI-ESM2-0,ssp245,optimized,historical,1994,2014,252,wpd,all_monthly_grid_samples,china_intersection,W m-2,nan,226044,0.0,0.0,0.0012635963503271341,0.09528870552778244,10.81674337387085,41.891174297211656,131.64654703255832,481.28993774414135,4461.05859375
MRI-ESM2-0,ssp245,optimized,historical,1994,2014,252,wpd,period_mean_map,china_intersection,W m-2,30.437643173007242,897,0.0,0.0,0.4490065276622772,0.8931298065185548,18.51827621459961,41.89117387083329,89.29562226150692,535.6804150390619,1178.1749267578125
MRI-ESM2-0,ssp245,optimized,mid_century,2040,2060,252,tcell,all_monthly_grid_samples,china_intersection,degree_Celsius,nan,226044,0.0,16.905115818159295,-26.240365982055664,-15.829003047943115,17.48986530303955,15.804897638192324,14.12227142972397,38.526072158813484,44.089412689208984
MRI-ESM2-0,ssp245,optimized,mid_century,2040,2060,252,tcell,period_mean_map,china_intersection,degree_Celsius,16.053379584535854,897,0.0,1.1148272017837235,-3.307840347290039,-0.4240183520317075,16.027387619018555,15.804897373436287,7.67617857243827,29.570769348144523,31.426984786987305
MRI-ESM2-0,ssp245,optimized,mid_century,2040,2060,252,performance_ratio,all_monthly_grid_samples,china_intersection,1,nan,226044,0.0,0.0,0.9045529365539551,0.9323696160316467,1.037550687789917,1.0459755117278704,0.07061135710871466,1.2041449880599975,1.2562018632888794
MRI-ESM2-0,ssp245,optimized,mid_century,2040,2060,252,performance_ratio,period_mean_map,china_intersection,1,1.044733097623437,897,0.0,0.0,0.9678651094436646,0.9771461820602417,1.044862985610962,1.0459755114222582,0.03838089611608633,1.1271203327178954,1.1415395736694336
MRI-ESM2-0,ssp245,optimized,mid_century,2040,2060,252,pvpot,all_monthly_grid_samples,china_intersection,W m-2,nan,226044,0.0,0.0,34.27574157714844,70.65673797607421,198.56494903564453,199.18267112718164,66.01305656752814,354.69275268554696,420.2374267578125
MRI-ESM2-0,ssp245,optimized,mid_century,2040,2060,252,pvpot,period_mean_map,china_intersection,W m-2,200.6371003127505,897,0.0,0.0,133.03639221191406,136.2817645263672,190.52700805664062,199.18267196264023,36.87949806808803,282.30396972656246,292.2102355957031
MRI-ESM2-0,ssp245,optimized,mid_century,2040,2060,252,wind_speed_hub,all_monthly_grid_samples,china_intersection,m s-1,nan,226044,0.0,0.0,0.11915604770183563,0.5549609661102295,2.6034963130950928,3.005974351328331,1.8450516150888951,9.401859655380296,19.01919937133789
MRI-ESM2-0,ssp245,optimized,mid_century,2040,2060,252,wind_speed_hub,period_mean_map,china_intersection,m s-1,2.8682961944192127,897,0.0,0.0,0.7132591009140015,1.0362145566940308,2.7690093517303467,3.0059743660482408,1.3447560624307757,8.680097312927243,10.546915054321289
MRI-ESM2-0,ssp245,optimized,mid_century,2040,2060,252,wpd,all_monthly_grid_samples,china_intersection,W m-2,nan,226044,0.0,0.0,0.0010362258180975914,0.104687155559659,10.808788776397705,42.38372252250391,130.10105820229228,509.0349270629958,4213.8857421875
MRI-ESM2-0,ssp245,optimized,mid_century,2040,2060,252,wpd,period_mean_map,china_intersection,W m-2,30.519395321814976,897,0.0,0.0,0.4234839379787445,0.9230138945579529,19.157575607299805,42.38372168609397,90.96245350462266,554.4840698242184,1177.90283203125
MRI-ESM2-0,ssp245,optimized,late_century,2080,2100,252,tcell,all_monthly_grid_samples,china_intersection,degree_Celsius,nan,226044,0.0,16.10571393180089,-26.08045196533203,-15.436581897735596,18.171027183532715,16.458226366812323,14.177621670304179,39.246124877929695,44.23387145996094
MRI-ESM2-0,ssp245,optimized,late_century,2080,2100,252,tcell,period_mean_map,china_intersection,degree_Celsius,16.735219663412458,897,0.0,0.7803790412486065,-2.6964683532714844,0.3484386062622073,16.5643253326416,16.458226154411964,7.702771696326739,30.48255516052246,32.08308410644531
MRI-ESM2-0,ssp245,optimized,late_century,2080,2100,252,performance_ratio,all_monthly_grid_samples,china_intersection,1,nan,226044,0.0,0.0,0.9038306474685669,0.9287693691253662,1.0341448783874512,1.0427088682037258,0.07088810826568577,1.2021828830242158,1.2554022073745728
MRI-ESM2-0,ssp245,optimized,late_century,2080,2100,252,performance_ratio,period_mean_map,china_intersection,1,1.0413238856201545,897,0.0,0.0,0.9645842909812927,0.9725872492790222,1.0421780347824097,1.0427088565385196,0.038513860614674295,1.1232573699951172,1.1384820938110352
MRI-ESM2-0,ssp245,optimized,late_century,2080,2100,252,pvpot,all_monthly_grid_samples,china_intersection,W m-2,nan,226044,0.0,0.0,38.92549133300781,72.41441177368164,202.83033752441406,202.7123338003176,64.9859079171175,353.62814636230473,423.4045104980469
MRI-ESM2-0,ssp245,optimized,late_century,2080,2100,252,pvpot,period_mean_map,china_intersection,W m-2,204.34481726332572,897,0.0,0.0,138.6334228515625,143.6526171875,194.06297302246094,202.71233508259954,35.118240574576795,285.47701538085937,295.38922119140625
MRI-ESM2-0,ssp245,optimized,late_century,2080,2100,252,wind_speed_hub,all_monthly_grid_samples,china_intersection,m s-1,nan,226044,0.0,0.0,0.11896633356809616,0.5732127922773361,2.653649926185608,3.053240141660091,1.8521908731616876,9.509013071060185,18.60986328125
MRI-ESM2-0,ssp245,optimized,late_century,2080,2100,252,wind_speed_hub,period_mean_map,china_intersection,m s-1,2.913723470935253,897,0.0,0.0,0.7273011207580566,1.033755774497986,2.822805166244507,3.053240151376097,1.3540551922913764,8.731345062255857,10.513969421386719
MRI-ESM2-0,ssp245,optimized,late_century,2080,2100,252,wpd,all_monthly_grid_samples,china_intersection,W m-2,nan,226044,0.0,0.0,0.0010312841041013598,0.11535960406064986,11.445558071136475,43.54864974043356,129.46715506981113,526.6382885742194,3947.622802734375
MRI-ESM2-0,ssp245,optimized,late_century,2080,2100,252,wpd,period_mean_map,china_intersection,W m-2,31.692910441780317,897,0.0,0.0,0.4105209708213806,0.889528841972351,19.933557510375977,43.54864880276497,90.22797711955607,545.2416943359366,1147.422119140625
MRI-ESM2-0,ssp585,paper_qm,historical,1994,2014,252,tcell,all_monthly_grid_samples,china_intersection,degree_Celsius,nan,226044,0.0,19.507706464228203,-28.82821273803711,-17.57345151901245,15.602153301239014,13.888045856897655,13.946671927195071,36.39792602539063,41.83808898925781
MRI-ESM2-0,ssp585,paper_qm,historical,1994,2014,252,tcell,period_mean_map,china_intersection,degree_Celsius,14.128390733810532,897,0.0,2.4526198439241917,-5.242064476013184,-2.124251546859741,13.971311569213867,13.888045897212091,7.655709954150664,28.09855087280273,30.16201400756836
MRI-ESM2-0,ssp585,paper_qm,historical,1994,2014,252,performance_ratio,all_monthly_grid_samples,china_intersection,1,nan,226044,0.0,0.0,0.9158095717430115,0.943010390996933,1.0469892024993896,1.0555597706648028,0.06973335962163422,1.2128672862052918,1.2691410779953003
MRI-ESM2-0,ssp585,paper_qm,historical,1994,2014,252,performance_ratio,period_mean_map,china_intersection,1,1.054358048736127,897,0.0,0.0,0.974189817905426,0.9845074033737182,1.0551432371139526,1.0555597667975836,0.03827855449293013,1.1356215476989746,1.151209831237793
MRI-ESM2-0,ssp585,paper_qm,historical,1994,2014,252,pvpot,all_monthly_grid_samples,china_intersection,W m-2,nan,226044,0.0,0.0,37.38459014892578,68.90072120666504,194.34242248535156,197.7142042117608,68.81561001946113,361.26421905517583,428.3985595703125
MRI-ESM2-0,ssp585,paper_qm,historical,1994,2014,252,pvpot,period_mean_map,china_intersection,W m-2,198.9862019619332,897,0.0,0.0,118.14049530029297,125.1234848022461,188.55288696289062,197.7142052283654,41.546034175334135,290.07538452148435,299.0138854980469
MRI-ESM2-0,ssp585,paper_qm,historical,1994,2014,252,wind_speed_hub,all_monthly_grid_samples,china_intersection,m s-1,nan,226044,0.0,0.0,0.1273016631603241,0.5378301131725312,2.6041349172592163,2.993221660627189,1.8384250808868496,9.227843666076666,19.384023666381836
MRI-ESM2-0,ssp585,paper_qm,historical,1994,2014,252,wind_speed_hub,period_mean_map,china_intersection,m s-1,2.8613994738277064,897,0.0,0.0,0.7903991341590881,1.0084784030914307,2.7559449672698975,2.9932216364005737,1.3303487142021153,8.416768035888667,10.430793762207031
MRI-ESM2-0,ssp585,paper_qm,historical,1994,2014,252,wpd,all_monthly_grid_samples,china_intersection,W m-2,nan,226044,0.0,0.0,0.0012635963503271341,0.09528870552778244,10.81674337387085,41.891174297211656,131.64654703255832,481.28993774414135,4461.05859375
MRI-ESM2-0,ssp585,paper_qm,historical,1994,2014,252,wpd,period_mean_map,china_intersection,W m-2,30.437643173007242,897,0.0,0.0,0.4490065276622772,0.8931298065185548,18.51827621459961,41.89117387083329,89.29562226150692,535.6804150390619,1178.1749267578125
MRI-ESM2-0,ssp585,paper_qm,mid_century,2040,2060,252,tcell,all_monthly_grid_samples,china_intersection,degree_Celsius,nan,226044,0.0,15.640317814230858,-25.075654983520508,-15.82542582511902,18.019343376159668,16.341387954604816,14.011222251343954,39.40658550262452,44.63359451293945
MRI-ESM2-0,ssp585,paper_qm,mid_century,2040,2060,252,tcell,period_mean_map,china_intersection,degree_Celsius,16.639268753652228,897,0.0,0.6688963210702341,-2.672574758529663,0.6228661727905274,16.389455795288086,16.34138778527345,7.492865831196958,30.151826858520508,31.701148986816406
MRI-ESM2-0,ssp585,paper_qm,mid_century,2040,2060,252,performance_ratio,all_monthly_grid_samples,china_intersection,1,nan,226044,0.0,0.0,0.9018320441246033,0.9279670578241348,1.0349032282829285,1.0432930601911805,0.07005611115469242,1.2041271543502807,1.2503782510757446
MRI-ESM2-0,ssp585,paper_qm,mid_century,2040,2060,252,performance_ratio,period_mean_map,china_intersection,1,1.0418036514775093,897,0.0,0.0,0.9664943218231201,0.9742411637306213,1.0430529117584229,1.043293061530178,0.03746434953970756,1.1218857622146607,1.1383625268936157
MRI-ESM2-0,ssp585,paper_qm,mid_century,2040,2060,252,pvpot,all_monthly_grid_samples,china_intersection,W m-2,nan,226044,0.0,0.0,37.395023345947266,70.66842483520507,197.61023712158203,198.71796090868122,65.28259305662999,351.53510223388673,422.18988037109375
MRI-ESM2-0,ssp585,paper_qm,mid_century,2040,2060,252,pvpot,period_mean_map,china_intersection,W m-2,200.03485902595122,897,0.0,0.0,132.5933380126953,136.28711547851563,190.33766174316406,198.71796042145695,35.933407854292874,281.4820629882812,292.76080322265625
MRI-ESM2-0,ssp585,paper_qm,mid_century,2040,2060,252,wind_speed_hub,all_monthly_grid_samples,china_intersection,m s-1,nan,226044,0.0,0.0,0.11384781450033188,0.46691199272871015,2.5374785661697388,2.9499060828777632,1.88807759509225,9.399346227645884,19.50894546508789
MRI-ESM2-0,ssp585,paper_qm,mid_century,2040,2060,252,wind_speed_hub,period_mean_map,china_intersection,m s-1,2.798061091054,897,0.0,0.0,0.4761889576911926,0.966202552318573,2.7332167625427246,2.949906077007519,1.3357548964251214,8.463820800781248,10.139494895935059
MRI-ESM2-0,ssp585,paper_qm,mid_century,2040,2060,252,wpd,all_monthly_grid_samples,china_intersection,W m-2,nan,226044,0.0,0.0,0.0009038163698278368,0.06234637271612883,10.007215023040771,42.19247360147608,131.66460756448222,508.62657135009914,4547.86328125
MRI-ESM2-0,ssp585,paper_qm,mid_century,2040,2060,252,wpd,period_mean_map,china_intersection,W m-2,30.14254274968194,897,0.0,0.0,0.09567507356405258,0.7748330783843994,19.18401527404785,42.19247349514444,88.42929596024756,518.2655810546848,1104.340576171875
MRI-ESM2-0,ssp585,paper_qm,late_century,2080,2100,252,tcell,all_monthly_grid_samples,china_intersection,degree_Celsius,nan,226044,0.0,12.497124453646192,-24.694725036621094,-13.14388324737549,19.918505668640137,18.472521702158428,13.994143140079593,41.92314785003662,47.238616943359375
MRI-ESM2-0,ssp585,paper_qm,late_century,2080,2100,252,tcell,period_mean_map,china_intersection,degree_Celsius,18.778804273107372,897,0.0,0.2229654403567447,-0.46904456615448,2.9254670906066895,18.631494522094727,18.472521927776675,7.324185897449511,31.69057670593261,33.11122512817383
MRI-ESM2-0,ssp585,paper_qm,late_century,2080,2100,252,performance_ratio,all_monthly_grid_samples,china_intersection,1,nan,226044,0.0,0.0,0.8888068795204163,0.9153842508792878,1.0254074931144714,1.0326373914177223,0.06997071568451554,1.1907193815708161,1.2484736442565918
MRI-ESM2-0,ssp585,paper_qm,late_century,2080,2100,252,performance_ratio,period_mean_map,china_intersection,1,1.0311059861763252,897,0.0,0.0,0.9594441652297974,0.966547179222107,1.0318429470062256,1.03263740170095,0.03662092555781549,1.1103725624084473,1.1273455619812012
MRI-ESM2-0,ssp585,paper_qm,late_century,2080,2100,252,pvpot,all_monthly_grid_samples,china_intersection,W m-2,nan,226044,0.0,0.0,37.13477325439453,71.02106842041016,199.3694076538086,198.84590297558634,63.444071541111406,344.7107144165039,415.97344970703125
MRI-ESM2-0,ssp585,paper_qm,late_century,2080,2100,252,pvpot,period_mean_map,china_intersection,W m-2,200.35417664750005,897,0.0,0.0,135.15977478027344,145.87020263671874,191.1157684326172,198.845904585244,32.87270621524551,277.44726440429685,288.5711975097656
MRI-ESM2-0,ssp585,paper_qm,late_century,2080,2100,252,wind_speed_hub,all_monthly_grid_samples,china_intersection,m s-1,nan,226044,0.0,0.0,0.11332831531763077,0.46389539778232575,2.571527123451233,2.992198034242461,1.9234805453314399,9.562820062637332,19.778797149658203
MRI-ESM2-0,ssp585,paper_qm,late_century,2080,2100,252,wind_speed_hub,period_mean_map,china_intersection,m s-1,2.838886335649883,897,0.0,0.0,0.4687196612358093,0.9857232308387757,2.774815320968628,2.9921980527465295,1.3505844730509369,8.541513748168938,10.304649353027344
MRI-ESM2-0,ssp585,paper_qm,late_century,2080,2100,252,wpd,all_monthly_grid_samples,china_intersection,W m-2,nan,226044,0.0,0.0,0.0008915000362321734,0.061145751737058156,10.415483474731445,44.109781194109445,133.79677635685533,535.6289776611333,4739.20751953125
MRI-ESM2-0,ssp585,paper_qm,late_century,2080,2100,252,wpd,period_mean_map,china_intersection,W m-2,31.69660950089691,897,0.0,0.0,0.09223490208387375,0.862673134803772,19.476720809936523,44.10977985726518,91.39131070675397,536.7726342773414,1152.6739501953125
MRI-ESM2-0,ssp585,optimized,historical,1994,2014,252,tcell,all_monthly_grid_samples,china_intersection,degree_Celsius,nan,226044,0.0,19.507706464228203,-28.82821273803711,-17.57345151901245,15.602153301239014,13.888045856897655,13.946671927195071,36.39792602539063,41.83808898925781
MRI-ESM2-0,ssp585,optimized,historical,1994,2014,252,tcell,period_mean_map,china_intersection,degree_Celsius,14.128390733810532,897,0.0,2.4526198439241917,-5.242064476013184,-2.124251546859741,13.971311569213867,13.888045897212091,7.655709954150664,28.09855087280273,30.16201400756836
MRI-ESM2-0,ssp585,optimized,historical,1994,2014,252,performance_ratio,all_monthly_grid_samples,china_intersection,1,nan,226044,0.0,0.0,0.9158095717430115,0.943010390996933,1.0469892024993896,1.0555597706648028,0.06973335962163422,1.2128672862052918,1.2691410779953003
MRI-ESM2-0,ssp585,optimized,historical,1994,2014,252,performance_ratio,period_mean_map,china_intersection,1,1.054358048736127,897,0.0,0.0,0.974189817905426,0.9845074033737182,1.0551432371139526,1.0555597667975836,0.03827855449293013,1.1356215476989746,1.151209831237793
MRI-ESM2-0,ssp585,optimized,historical,1994,2014,252,pvpot,all_monthly_grid_samples,china_intersection,W m-2,nan,226044,0.0,0.0,37.38459014892578,68.90072120666504,194.34242248535156,197.7142042117608,68.81561001946113,361.26421905517583,428.3985595703125
MRI-ESM2-0,ssp585,optimized,historical,1994,2014,252,pvpot,period_mean_map,china_intersection,W m-2,198.9862019619332,897,0.0,0.0,118.14049530029297,125.1234848022461,188.55288696289062,197.7142052283654,41.546034175334135,290.07538452148435,299.0138854980469
MRI-ESM2-0,ssp585,optimized,historical,1994,2014,252,wind_speed_hub,all_monthly_grid_samples,china_intersection,m s-1,nan,226044,0.0,0.0,0.1273016631603241,0.5378301131725312,2.6041349172592163,2.993221660627189,1.8384250808868496,9.227843666076666,19.384023666381836
MRI-ESM2-0,ssp585,optimized,historical,1994,2014,252,wind_speed_hub,period_mean_map,china_intersection,m s-1,2.8613994738277064,897,0.0,0.0,0.7903991341590881,1.0084784030914307,2.7559449672698975,2.9932216364005737,1.3303487142021153,8.416768035888667,10.430793762207031
MRI-ESM2-0,ssp585,optimized,historical,1994,2014,252,wpd,all_monthly_grid_samples,china_intersection,W m-2,nan,226044,0.0,0.0,0.0012635963503271341,0.09528870552778244,10.81674337387085,41.891174297211656,131.64654703255832,481.28993774414135,4461.05859375
MRI-ESM2-0,ssp585,optimized,historical,1994,2014,252,wpd,period_mean_map,china_intersection,W m-2,30.437643173007242,897,0.0,0.0,0.4490065276622772,0.8931298065185548,18.51827621459961,41.89117387083329,89.29562226150692,535.6804150390619,1178.1749267578125
MRI-ESM2-0,ssp585,optimized,mid_century,2040,2060,252,tcell,all_monthly_grid_samples,china_intersection,degree_Celsius,nan,226044,0.0,15.873458264762613,-25.401552200317383,-15.371630125045776,18.097187995910645,16.390410093322703,14.064258253141869,39.24108501434326,44.47529220581055
MRI-ESM2-0,ssp585,optimized,mid_century,2040,2060,252,tcell,period_mean_map,china_intersection,degree_Celsius,16.682290147428645,897,0.0,0.7803790412486065,-2.557661294937134,0.43202055275440243,16.436689376831055,16.390410087952844,7.61481527978495,30.304005966186516,31.892671585083008
MRI-ESM2-0,ssp585,optimized,mid_century,2040,2060,252,performance_ratio,all_monthly_grid_samples,china_intersection,1,nan,226044,0.0,0.0,0.9026235342025757,0.9287945801019668,1.03451406955719,1.0430479495319918,0.07032129118917212,1.2018581426143646,1.2520077228546143
MRI-ESM2-0,ssp585,optimized,mid_century,2040,2060,252,performance_ratio,period_mean_map,china_intersection,1,1.0415885482679659,897,0.0,0.0,0.9655368328094482,0.9734802103042602,1.0428165197372437,1.043047947827789,0.03807407683987943,1.122839560508728,1.1377885341644287
MRI-ESM2-0,ssp585,optimized,mid_century,2040,2060,252,pvpot,all_monthly_grid_samples,china_intersection,W m-2,nan,226044,0.0,0.0,37.23212432861328,70.574375,197.723876953125,198.69671908184512,65.33556478543657,351.3806399536134,421.9956970214844
MRI-ESM2-0,ssp585,optimized,mid_century,2040,2060,252,pvpot,period_mean_map,china_intersection,W m-2,200.02065541194438,897,0.0,0.0,132.2870635986328,136.21171325683594,190.14886474609375,198.69671901332893,36.07043182066321,282.4264514160156,292.6442565917969
MRI-ESM2-0,ssp585,optimized,mid_century,2040,2060,252,wind_speed_hub,all_monthly_grid_samples,china_intersection,m s-1,nan,226044,0.0,0.0,0.11384781450033188,0.5558538442850113,2.606203556060791,3.0097792322895454,1.8495986963942102,9.381433553695683,19.50894546508789
MRI-ESM2-0,ssp585,optimized,mid_century,2040,2060,252,wind_speed_hub,period_mean_map,china_intersection,m s-1,2.860762756204065,897,0.0,0.0,0.6782246232032776,1.0068631601333617,2.7731401920318604,3.0097792353252637,1.349612024149592,8.606488494873046,10.25717544555664
MRI-ESM2-0,ssp585,optimized,mid_century,2040,2060,252,wpd,all_monthly_grid_samples,china_intersection,W m-2,nan,226044,0.0,0.0,0.0009038163698278368,0.10519325666129588,10.842541217803955,42.56627421093687,131.4296376253232,505.72410888671925,4547.86328125
MRI-ESM2-0,ssp585,optimized,mid_century,2040,2060,252,wpd,period_mean_map,china_intersection,W m-2,30.573439554346894,897,0.0,0.0,0.2527545690536499,0.8668200182914734,19.293529510498047,42.56627391582747,89.26535182270247,528.7567333984357,1118.8170166015625
MRI-ESM2-0,ssp585,optimized,late_century,2080,2100,252,tcell,all_monthly_grid_samples,china_intersection,degree_Celsius,nan,226044,0.0,12.64576808055069,-24.036788940429688,-12.526156177520752,20.017574310302734,18.57774693063027,14.029657633208041,41.80718311309815,48.06952667236328
MRI-ESM2-0,ssp585,optimized,late_century,2080,2100,252,tcell,period_mean_map,china_intersection,degree_Celsius,18.878143857795198,897,0.0,0.33444816053511706,-0.3577733337879181,2.644835414886475,18.786373138427734,18.57774702982028,7.464480529103957,32.217421417236324,33.369720458984375
MRI-ESM2-0,ssp585,optimized,late_century,2080,2100,252,performance_ratio,all_monthly_grid_samples,china_intersection,1,nan,226044,0.0,0.0,0.8846523761749268,0.9159640854597092,1.0249121189117432,1.0321112653505138,0.07014828827289078,1.1876307821273804,1.2451839447021484
MRI-ESM2-0,ssp585,optimized,late_century,2080,2100,252,performance_ratio,period_mean_map,china_intersection,1,1.0306092994993992,897,0.0,0.0,0.9581512808799744,0.9639128351211548,1.0310678482055664,1.0321112782128545,0.037322402739040056,1.1117760562896728,1.1267892122268677
MRI-ESM2-0,ssp585,optimized,late_century,2080,2100,252,pvpot,all_monthly_grid_samples,china_intersection,W m-2,nan,226044,0.0,0.0,37.00918960571289,70.87168647766113,199.43547821044922,198.77227718814794,63.48107135952741,344.40979705810554,416.22259521484375
MRI-ESM2-0,ssp585,optimized,late_century,2080,2100,252,pvpot,period_mean_map,china_intersection,W m-2,200.286093652819,897,0.0,0.0,135.08741760253906,145.59442138671875,190.9368133544922,198.77227625001632,33.0160444450644,278.07765014648436,288.472412109375
MRI-ESM2-0,ssp585,optimized,late_century,2080,2100,252,wind_speed_hub,all_monthly_grid_samples,china_intersection,m s-1,nan,226044,0.0,0.0,0.11332831531763077,0.5535177075862885,2.6057885885238647,3.021022270573243,1.8676222996933112,9.445215139389042,19.778797149658203
MRI-ESM2-0,ssp585,optimized,late_century,2080,2100,252,wind_speed_hub,period_mean_map,china_intersection,m s-1,2.872344133053367,897,0.0,0.0,0.6848955750465393,1.0286740112304686,2.7796261310577393,3.021022279459231,1.358892430105606,8.65595748901367,10.410426139831543
MRI-ESM2-0,ssp585,optimized,late_century,2080,2100,252,wpd,all_monthly_grid_samples,china_intersection,W m-2,nan,226044,0.0,0.0,0.0008915000362321734,0.1038725184649229,10.837363243103027,43.32982560118356,132.0028892207004,516.1092706298836,4739.20751953125
MRI-ESM2-0,ssp585,optimized,late_century,2080,2100,252,wpd,period_mean_map,china_intersection,W m-2,31.21413344824811,897,0.0,0.0,0.25957420468330383,0.9532237815856934,18.77246856689453,43.329825540416884,90.91408517035389,544.3089160156234,1156.0272216796875
TaiESM1,ssp126,paper_qm,historical,1994,2014,252,tcell,all_monthly_grid_samples,china_intersection,degree_Celsius,nan,240660,0.0,19.254134463558547,-28.45625114440918,-17.35072217941284,15.792766094207764,14.052650227260367,13.973852709267172,36.62240566253662,43.416961669921875
TaiESM1,ssp126,paper_qm,historical,1994,2014,252,tcell,period_mean_map,china_intersection,degree_Celsius,14.228881781699917,955,0.0,2.8272251308900525,-5.606476783752441,-1.5372966241836548,14.17016887664795,14.052650255943936,7.753067095257878,28.54029357910156,30.15277862548828
TaiESM1,ssp126,paper_qm,historical,1994,2014,252,performance_ratio,all_monthly_grid_samples,china_intersection,1,nan,240660,0.0,0.0,0.9079151749610901,0.941887976527214,1.0460361242294312,1.0547367489794628,0.06986926352496672,1.211753571033478,1.2672812938690186
TaiESM1,ssp126,paper_qm,historical,1994,2014,252,performance_ratio,period_mean_map,china_intersection,1,1.0538555833162948,955,0.0,0.0,0.9742361307144165,0.9822985219955445,1.0541491508483887,1.05473674086376,0.038765326748996486,1.1326866245269775,1.1530327796936035
TaiESM1,ssp126,paper_qm,historical,1994,2014,252,pvpot,all_monthly_grid_samples,china_intersection,W m-2,nan,240660,0.0,0.0,38.54559326171875,68.99254341125489,196.33935546875,198.78188770859754,68.48129364060439,363.9622146606446,433.9075622558594
TaiESM1,ssp126,paper_qm,historical,1994,2014,252,pvpot,period_mean_map,china_intersection,W m-2,200.09240630767,955,0.0,0.0,119.69300842285156,129.10001159667968,189.90170288085938,198.78188543669216,40.80342400853505,289.64409301757814,301.8310852050781
TaiESM1,ssp126,paper_qm,historical,1994,2014,252,wind_speed_hub,all_monthly_grid_samples,china_intersection,m s-1,nan,240660,0.0,0.0,0.11193866282701492,0.5292504245042801,2.583853006362915,2.9798926568426407,1.8214099498075198,9.095920486450199,19.602035522460938
TaiESM1,ssp126,paper_qm,historical,1994,2014,252,wind_speed_hub,period_mean_map,china_intersection,m s-1,2.840401524654698,955,0.0,0.0,0.66666179895401,1.0196683955192567,2.7410776615142822,2.9798926728558164,1.3135350434065565,8.502782058715821,10.207529067993164
TaiESM1,ssp126,paper_qm,historical,1994,2014,252,wpd,all_monthly_grid_samples,china_intersection,W m-2,nan,240660,0.0,0.0,0.0008591054356656969,0.0908008175343275,10.565973281860352,41.22143537727799,135.35179113976307,460.94174560546924,4613.2783203125
TaiESM1,ssp126,paper_qm,historical,1994,2014,252,wpd,period_mean_map,china_intersection,W m-2,29.56157348778471,955,0.0,0.0,0.2594262957572937,0.9461580610275269,18.250932693481445,41.22143618392695,92.33877083334032,479.15949829101567,1090.9429931640625
TaiESM1,ssp126,paper_qm,mid_century,2040,2060,252,tcell,all_monthly_grid_samples,china_intersection,degree_Celsius,nan,240660,0.0,15.147511011385356,-25.32844352722168,-15.386968669891358,18.254470825195312,16.569615086153696,13.96557744783256,38.91521217346192,45.42112731933594
TaiESM1,ssp126,paper_qm,mid_century,2040,2060,252,tcell,period_mean_map,china_intersection,degree_Celsius,16.767117995523993,955,0.0,0.8376963350785341,-3.851045608520508,0.4817646533250811,16.753332138061523,16.569615105340617,7.659685612771096,30.37829509735108,32.23893737792969
TaiESM1,ssp126,paper_qm,mid_century,2040,2060,252,performance_ratio,all_monthly_grid_samples,china_intersection,1,nan,240660,0.0,0.0,0.8978943824768066,0.9304239475727081,1.0337276458740234,1.0421519246056699,0.06982788722232883,1.2019348418712616,1.2516422271728516
TaiESM1,ssp126,paper_qm,mid_century,2040,2060,252,performance_ratio,period_mean_map,china_intersection,1,1.0411644182174065,955,0.0,0.0,0.9638057351112366,0.9731084942817688,1.041232943534851,1.0421519360617193,0.03829841777061081,1.122591154575348,1.1442559957504272
TaiESM1,ssp126,paper_qm,mid_century,2040,2060,252,pvpot,all_monthly_grid_samples,china_intersection,W m-2,nan,240660,0.0,0.0,38.266319274902344,70.85886619567871,200.4011993408203,202.27409100638337,66.46584120833532,361.96010620117187,437.2353820800781
TaiESM1,ssp126,paper_qm,mid_century,2040,2060,252,pvpot,period_mean_map,china_intersection,W m-2,203.68558558280017,955,0.0,0.0,129.9766845703125,141.6367044067383,193.12535095214844,202.27409326044054,36.70814239795568,288.2870837402344,300.48590087890625
TaiESM1,ssp126,paper_qm,mid_century,2040,2060,252,wind_speed_hub,all_monthly_grid_samples,china_intersection,m s-1,nan,240660,0.0,0.0,0.11929865181446075,0.5036791688203812,2.5624613761901855,2.965173695517985,1.8298358947057152,9.206209287643441,20.105878829956055
TaiESM1,ssp126,paper_qm,mid_century,2040,2060,252,wind_speed_hub,period_mean_map,china_intersection,m s-1,2.8167391173731344,955,0.0,0.0,0.7799996733665466,1.0639797973632812,2.7473251819610596,2.965173706896018,1.3009445451835402,8.662156238555912,10.49264907836914
TaiESM1,ssp126,paper_qm,mid_century,2040,2060,252,wpd,all_monthly_grid_samples,china_intersection,W m-2,nan,240660,0.0,0.0,0.001039950642734766,0.07826508857309818,10.305712699890137,41.23695269143728,136.8839693300484,477.91272430420054,4978.234375
TaiESM1,ssp126,paper_qm,mid_century,2040,2060,252,wpd,period_mean_map,china_intersection,W m-2,28.910805717205186,955,0.0,0.0,0.375389039516449,1.0940326952934265,18.749509811401367,41.23695337653784,93.83005907696108,514.1138354492191,1104.4736328125
TaiESM1,ssp126,paper_qm,late_century,2080,2100,252,tcell,all_monthly_grid_samples,china_intersection,degree_Celsius,nan,240660,0.0,15.227291614726168,-24.73244285583496,-15.203342123031616,18.37661838531494,16.732607342120282,14.119618172806119,39.44920043945313,45.36383056640625
TaiESM1,ssp126,paper_qm,late_century,2080,2100,252,tcell,period_mean_map,china_intersection,degree_Celsius,16.937015500103815,955,0.0,0.7329842931937173,-3.776390314102173,0.44887362658977537,16.974973678588867,16.732607475681846,7.672438170973578,30.58185714721681,32.559791564941406
TaiESM1,ssp126,paper_qm,late_century,2080,2100,252,performance_ratio,all_monthly_grid_samples,china_intersection,1,nan,240660,0.0,0.0,0.8981808423995972,0.9277539855241775,1.0331169366836548,1.0413369631951541,0.07059809080790655,1.2010167253017425,1.2486622333526611
TaiESM1,ssp126,paper_qm,late_century,2080,2100,252,performance_ratio,period_mean_map,china_intersection,1,1.0403149200673574,955,0.0,0.0,0.9622008800506592,0.972090768814087,1.0401250123977661,1.0413369632516232,0.038362186087286206,1.1227558374404907,1.143882155418396
TaiESM1,ssp126,paper_qm,late_century,2080,2100,252,pvpot,all_monthly_grid_samples,china_intersection,W m-2,nan,240660,0.0,0.0,39.19552230834961,72.00782768249512,202.82469177246094,203.67090263235136,66.82438796419962,364.6214080810547,467.3487854003906
TaiESM1,ssp126,paper_qm,late_century,2080,2100,252,pvpot,period_mean_map,china_intersection,W m-2,205.15346435226036,955,0.0,0.0,131.01211547851562,144.2849609375,195.14071655273438,203.67090447710447,36.547823570979475,289.8889929199219,301.4241638183594
TaiESM1,ssp126,paper_qm,late_century,2080,2100,252,wind_speed_hub,all_monthly_grid_samples,china_intersection,m s-1,nan,240660,0.0,0.0,0.12654432654380798,0.49871378898620605,2.582926034927368,2.987842724639215,1.86288931865594,9.4504522895813,20.965517044067383
TaiESM1,ssp126,paper_qm,late_century,2080,2100,252,wind_speed_hub,period_mean_map,china_intersection,m s-1,2.84205493141749,955,0.0,0.0,0.6994983553886414,1.0907169604301452,2.771286964416504,2.98784272346197,1.328183883913692,8.781104850769044,11.009711265563965
TaiESM1,ssp126,paper_qm,late_century,2080,2100,252,wpd,all_monthly_grid_samples,china_intersection,W m-2,nan,240660,0.0,0.0,0.0012411780189722776,0.07597316853702069,10.554605484008789,42.91724448318371,144.6293443241311,516.9682635498049,5644.46533203125
TaiESM1,ssp126,paper_qm,late_century,2080,2100,252,wpd,period_mean_map,china_intersection,W m-2,30.017298017832488,955,0.0,0.0,0.29484087228775024,1.2088898396492005,19.428176879882812,42.91724430959262,99.85941086391466,516.7145214843755,1189.966552734375
TaiESM1,ssp126,optimized,historical,1994,2014,252,tcell,all_monthly_grid_samples,china_intersection,degree_Celsius,nan,240660,0.0,19.254134463558547,-28.45625114440918,-17.35072217941284,15.792766094207764,14.052650227260367,13.973852709267172,36.62240566253662,43.416961669921875
TaiESM1,ssp126,optimized,historical,1994,2014,252,tcell,period_mean_map,china_intersection,degree_Celsius,14.228881781699917,955,0.0,2.8272251308900525,-5.606476783752441,-1.5372966241836548,14.17016887664795,14.052650255943936,7.753067095257878,28.54029357910156,30.15277862548828
TaiESM1,ssp126,optimized,historical,1994,2014,252,performance_ratio,all_monthly_grid_samples,china_intersection,1,nan,240660,0.0,0.0,0.9079151749610901,0.941887976527214,1.0460361242294312,1.0547367489794628,0.06986926352496672,1.211753571033478,1.2672812938690186
TaiESM1,ssp126,optimized,historical,1994,2014,252,performance_ratio,period_mean_map,china_intersection,1,1.0538555833162948,955,0.0,0.0,0.9742361307144165,0.9822985219955445,1.0541491508483887,1.05473674086376,0.038765326748996486,1.1326866245269775,1.1530327796936035
TaiESM1,ssp126,optimized,historical,1994,2014,252,pvpot,all_monthly_grid_samples,china_intersection,W m-2,nan,240660,0.0,0.0,38.54559326171875,68.99254341125489,196.33935546875,198.78188770859754,68.48129364060439,363.9622146606446,433.9075622558594
TaiESM1,ssp126,optimized,historical,1994,2014,252,pvpot,period_mean_map,china_intersection,W m-2,200.09240630767,955,0.0,0.0,119.69300842285156,129.10001159667968,189.90170288085938,198.78188543669216,40.80342400853505,289.64409301757814,301.8310852050781
TaiESM1,ssp126,optimized,historical,1994,2014,252,wind_speed_hub,all_monthly_grid_samples,china_intersection,m s-1,nan,240660,0.0,0.0,0.11193866282701492,0.5292504245042801,2.583853006362915,2.9798926568426407,1.8214099498075198,9.095920486450199,19.602035522460938
TaiESM1,ssp126,optimized,historical,1994,2014,252,wind_speed_hub,period_mean_map,china_intersection,m s-1,2.840401524654698,955,0.0,0.0,0.66666179895401,1.0196683955192567,2.7410776615142822,2.9798926728558164,1.3135350434065565,8.502782058715821,10.207529067993164
TaiESM1,ssp126,optimized,historical,1994,2014,252,wpd,all_monthly_grid_samples,china_intersection,W m-2,nan,240660,0.0,0.0,0.0008591054356656969,0.0908008175343275,10.565973281860352,41.22143537727799,135.35179113976307,460.94174560546924,4613.2783203125
TaiESM1,ssp126,optimized,historical,1994,2014,252,wpd,period_mean_map,china_intersection,W m-2,29.56157348778471,955,0.0,0.0,0.2594262957572937,0.9461580610275269,18.250932693481445,41.22143618392695,92.33877083334032,479.15949829101567,1090.9429931640625
TaiESM1,ssp126,optimized,mid_century,2040,2060,252,tcell,all_monthly_grid_samples,china_intersection,degree_Celsius,nan,240660,0.0,15.101387850078948,-26.229812622070312,-14.82291428565979,18.08506965637207,16.521789729695985,13.900109443681197,38.89621688842774,45.45313262939453
TaiESM1,ssp126,optimized,mid_century,2040,2060,252,tcell,period_mean_map,china_intersection,degree_Celsius,16.691391166228286,955,0.0,0.8376963350785341,-3.5549871921539307,0.41776048421859757,16.63054847717285,16.521789747416115,7.731806962882437,30.4142961883545,32.325958251953125
TaiESM1,ssp126,optimized,mid_century,2040,2060,252,performance_ratio,all_monthly_grid_samples,china_intersection,1,nan,240660,0.0,0.0,0.8977343440055847,0.9305189168453216,1.0345746278762817,1.042391051537654,0.06950054727305957,1.1991145396232605,1.2561490535736084
TaiESM1,ssp126,optimized,mid_century,2040,2060,252,performance_ratio,period_mean_map,china_intersection,1,1.0415430518404332,955,0.0,0.0,0.9633704423904419,0.9729284834861756,1.041847586631775,1.0423910650907386,0.03865904158126972,1.1229112076759338,1.1427748203277588
TaiESM1,ssp126,optimized,mid_century,2040,2060,252,pvpot,all_monthly_grid_samples,china_intersection,W m-2,nan,240660,0.0,0.0,38.17344665527344,70.81517616271972,200.43516540527344,202.36558660394502,66.61758300165144,362.53484436035166,437.927001953125
TaiESM1,ssp126,optimized,mid_century,2040,2060,252,pvpot,period_mean_map,china_intersection,W m-2,203.8073268980345,955,0.0,0.0,130.01658630371094,141.65343200683594,193.3516082763672,202.3655857106154,36.82759963979972,288.5984405517578,300.24676513671875
TaiESM1,ssp126,optimized,mid_century,2040,2060,252,wind_speed_hub,all_monthly_grid_samples,china_intersection,m s-1,nan,240660,0.0,0.0,0.11929865181446075,0.5471329200267792,2.6099860668182373,2.998294054456987,1.8084611957051935,9.128907556533825,20.105878829956055
TaiESM1,ssp126,optimized,mid_century,2040,2060,252,wind_speed_hub,period_mean_map,china_intersection,m s-1,2.85182567723155,955,0.0,0.0,0.7313143610954285,1.062402102947235,2.7747762203216553,2.998294067819705,1.3130314688210856,8.655383987426758,10.314891815185547
TaiESM1,ssp126,optimized,mid_century,2040,2060,252,wpd,all_monthly_grid_samples,china_intersection,W m-2,nan,240660,0.0,0.0,0.001039950642734766,0.10031932666897773,10.889820098876953,41.33927221403989,135.47154975685382,465.9749780273454,4978.234375
TaiESM1,ssp126,optimized,mid_century,2040,2060,252,wpd,period_mean_map,china_intersection,W m-2,29.228132414896148,955,0.0,0.0,0.3334343433380127,1.1192445397377015,18.258115768432617,41.339272719590454,93.10568044707202,504.19462585449224,1090.0972900390625
TaiESM1,ssp126,optimized,late_century,2080,2100,252,tcell,all_monthly_grid_samples,china_intersection,degree_Celsius,nan,240660,0.0,15.164131970414694,-25.56775665283203,-14.570864582061768,18.180514335632324,16.69173696837122,14.069239444209817,39.46479263305664,44.9937858581543
TaiESM1,ssp126,optimized,late_century,2080,2100,252,tcell,period_mean_map,china_intersection,degree_Celsius,16.86643184174783,955,0.0,0.8376963350785341,-3.502810001373291,0.28197449624538434,16.799388885498047,16.691736929984618,7.761489893445607,30.756705894470223,32.69025421142578
TaiESM1,ssp126,optimized,late_century,2080,2100,252,performance_ratio,all_monthly_grid_samples,china_intersection,1,nan,240660,0.0,0.0,0.9000310897827148,0.9276760345697403,1.03409743309021,1.041541315160576,0.07034619726194959,1.1978543376922608,1.2528387308120728
TaiESM1,ssp126,optimized,late_century,2080,2100,252,performance_ratio,period_mean_map,china_intersection,1,1.0406678397734719,955,0.0,0.0,0.9615486264228821,0.9712164759635925,1.0410029888153076,1.0415413142498875,0.03880745155748152,1.1235899019241333,1.1425139904022217
TaiESM1,ssp126,optimized,late_century,2080,2100,252,pvpot,all_monthly_grid_samples,china_intersection,W m-2,nan,240660,0.0,0.0,39.30474090576172,71.97856086730957,202.85637664794922,203.75991598625566,66.99554630618537,365.1852267456055,468.2983703613281
TaiESM1,ssp126,optimized,late_century,2080,2100,252,pvpot,period_mean_map,china_intersection,W m-2,205.27500404813813,955,0.0,0.0,131.05291748046875,144.1910321044922,195.1848602294922,203.75991789333483,36.67467974238236,290.19226318359375,301.2480773925781
TaiESM1,ssp126,optimized,late_century,2080,2100,252,wind_speed_hub,all_monthly_grid_samples,china_intersection,m s-1,nan,240660,0.0,0.0,0.12636698782444,0.5420501244068145,2.6240729093551636,3.017818756943506,1.83357911719031,9.315621671676643,20.965517044067383
TaiESM1,ssp126,optimized,late_century,2080,2100,252,wind_speed_hub,period_mean_map,china_intersection,m s-1,2.873688666854741,955,0.0,0.0,0.7034047842025757,1.0787070608139038,2.764066696166992,3.017818718430884,1.327826266894572,8.695525627136231,10.651694297790527
TaiESM1,ssp126,optimized,late_century,2080,2100,252,wpd,all_monthly_grid_samples,china_intersection,W m-2,nan,240660,0.0,0.0,0.0012359671527519822,0.09754936680197716,11.067100048065186,42.692022372485525,142.39977253860062,495.15554016113407,5644.46533203125
TaiESM1,ssp126,optimized,late_century,2080,2100,252,wpd,period_mean_map,china_intersection,W m-2,30.164251961079863,955,0.0,0.0,0.3006134033203125,1.1512916254997254,18.6635799407959,42.69202193146601,97.75971014236211,506.43603515625034,1159.66650390625
TaiESM1,ssp245,paper_qm,historical,1994,2014,252,tcell,all_monthly_grid_samples,china_intersection,degree_Celsius,nan,240660,0.0,19.254134463558547,-28.45625114440918,-17.35072217941284,15.792766094207764,14.052650227260367,13.973852709267172,36.62240566253662,43.416961669921875
TaiESM1,ssp245,paper_qm,historical,1994,2014,252,tcell,period_mean_map,china_intersection,degree_Celsius,14.228881781699917,955,0.0,2.8272251308900525,-5.606476783752441,-1.5372966241836548,14.17016887664795,14.052650255943936,7.753067095257878,28.54029357910156,30.15277862548828
TaiESM1,ssp245,paper_qm,historical,1994,2014,252,performance_ratio,all_monthly_grid_samples,china_intersection,1,nan,240660,0.0,0.0,0.9079151749610901,0.941887976527214,1.0460361242294312,1.0547367489794628,0.06986926352496672,1.211753571033478,1.2672812938690186
TaiESM1,ssp245,paper_qm,historical,1994,2014,252,performance_ratio,period_mean_map,china_intersection,1,1.0538555833162948,955,0.0,0.0,0.9742361307144165,0.9822985219955445,1.0541491508483887,1.05473674086376,0.038765326748996486,1.1326866245269775,1.1530327796936035
TaiESM1,ssp245,paper_qm,historical,1994,2014,252,pvpot,all_monthly_grid_samples,china_intersection,W m-2,nan,240660,0.0,0.0,38.54559326171875,68.99254341125489,196.33935546875,198.78188770859754,68.48129364060439,363.9622146606446,433.9075622558594
TaiESM1,ssp245,paper_qm,historical,1994,2014,252,pvpot,period_mean_map,china_intersection,W m-2,200.09240630767,955,0.0,0.0,119.69300842285156,129.10001159667968,189.90170288085938,198.78188543669216,40.80342400853505,289.64409301757814,301.8310852050781
TaiESM1,ssp245,paper_qm,historical,1994,2014,252,wind_speed_hub,all_monthly_grid_samples,china_intersection,m s-1,nan,240660,0.0,0.0,0.11193866282701492,0.5292504245042801,2.583853006362915,2.9798926568426407,1.8214099498075198,9.095920486450199,19.602035522460938
TaiESM1,ssp245,paper_qm,historical,1994,2014,252,wind_speed_hub,period_mean_map,china_intersection,m s-1,2.840401524654698,955,0.0,0.0,0.66666179895401,1.0196683955192567,2.7410776615142822,2.9798926728558164,1.3135350434065565,8.502782058715821,10.207529067993164
TaiESM1,ssp245,paper_qm,historical,1994,2014,252,wpd,all_monthly_grid_samples,china_intersection,W m-2,nan,240660,0.0,0.0,0.0008591054356656969,0.0908008175343275,10.565973281860352,41.22143537727799,135.35179113976307,460.94174560546924,4613.2783203125
TaiESM1,ssp245,paper_qm,historical,1994,2014,252,wpd,period_mean_map,china_intersection,W m-2,29.56157348778471,955,0.0,0.0,0.2594262957572937,0.9461580610275269,18.250932693481445,41.22143618392695,92.33877083334032,479.15949829101567,1090.9429931640625
TaiESM1,ssp245,paper_qm,mid_century,2040,2060,252,tcell,all_monthly_grid_samples,china_intersection,degree_Celsius,nan,240660,0.0,14.980054849164798,-26.219261169433594,-15.420296907424927,18.06397533416748,16.446330410998044,13.83120358865741,38.90748638153077,45.490943908691406
TaiESM1,ssp245,paper_qm,mid_century,2040,2060,252,tcell,period_mean_map,china_intersection,degree_Celsius,16.648188283891944,955,0.0,0.7329842931937173,-3.7867696285247803,0.4748029828071595,16.6658878326416,16.44633010615697,7.568491678733007,30.209965667724614,31.938310623168945
TaiESM1,ssp245,paper_qm,mid_century,2040,2060,252,performance_ratio,all_monthly_grid_samples,china_intersection,1,nan,240660,0.0,0.0,0.8975452780723572,0.9304625588655472,1.0346801280975342,1.042768348013781,0.0691560179692633,1.2021014606952667,1.256096363067627
TaiESM1,ssp245,paper_qm,mid_century,2040,2060,252,performance_ratio,period_mean_map,china_intersection,1,1.041759058801622,955,0.0,0.0,0.9653087258338928,0.9739503216743469,1.0416710376739502,1.0427683501967584,0.03784245525332208,1.1226262879371642,1.143933892250061
TaiESM1,ssp245,paper_qm,mid_century,2040,2060,252,pvpot,all_monthly_grid_samples,china_intersection,W m-2,nan,240660,0.0,0.0,20.673547744750977,67.10056938171387,197.34745025634766,198.53547315426343,66.87058203890736,359.369401550293,436.1665954589844
TaiESM1,ssp245,paper_qm,mid_century,2040,2060,252,pvpot,period_mean_map,china_intersection,W m-2,199.90171834071953,955,0.0,0.0,124.80561065673828,135.79539154052733,189.2714080810547,198.535470860666,37.55913922735894,284.68375427246093,297.4265441894531
TaiESM1,ssp245,paper_qm,mid_century,2040,2060,252,wind_speed_hub,all_monthly_grid_samples,china_intersection,m s-1,nan,240660,0.0,0.0,0.1242736279964447,0.48834175467491153,2.577603340148926,2.9635621345829604,1.8171884642358407,9.13592166900635,19.117042541503906
TaiESM1,ssp245,paper_qm,mid_century,2040,2060,252,wind_speed_hub,period_mean_map,china_intersection,m s-1,2.8193692752118134,955,0.0,0.0,0.6810834407806396,1.0178827214241029,2.7752254009246826,2.9635621135147456,1.2906796468657802,8.663226375579836,10.419694900512695
TaiESM1,ssp245,paper_qm,mid_century,2040,2060,252,wpd,all_monthly_grid_samples,china_intersection,W m-2,nan,240660,0.0,0.0,0.0011755551677197218,0.0713308944553137,10.489490032196045,40.674213852893246,133.222877380234,467.0497595214847,4279.25537109375
TaiESM1,ssp245,paper_qm,mid_century,2040,2060,252,wpd,period_mean_map,china_intersection,W m-2,28.62998325762422,955,0.0,0.0,0.28137025237083435,1.005201278924942,18.888179779052734,40.674213489343984,92.04731445604662,504.72136962890625,1080.20654296875
TaiESM1,ssp245,paper_qm,late_century,2080,2100,252,tcell,all_monthly_grid_samples,china_intersection,degree_Celsius,nan,240660,0.0,12.97847585805701,-22.98297691345215,-13.709529275894164,19.400208473205566,17.902840760356096,13.899820998460683,40.595196914672854,47.196964263916016
TaiESM1,ssp245,paper_qm,late_century,2080,2100,252,tcell,period_mean_map,china_intersection,degree_Celsius,18.10318615226342,955,0.0,0.31413612565445026,-2.7627203464508057,1.8321691203117374,18.135662078857422,17.902840964308897,7.493165348014695,31.40305961608887,33.251319885253906
TaiESM1,ssp245,paper_qm,late_century,2080,2100,252,performance_ratio,all_monthly_grid_samples,china_intersection,1,nan,240660,0.0,0.0,0.8890151977539062,0.9220239984989166,1.027998924255371,1.03548579616315,0.06949910489015582,1.1935476183891296,1.239914894104004
TaiESM1,ssp245,paper_qm,late_century,2080,2100,252,performance_ratio,period_mean_map,china_intersection,1,1.0344840625351326,955,0.0,0.0,0.9587432742118835,0.9679847609996796,1.0343217849731445,1.0354857891017855,0.0374658235522733,1.1158389258384704,1.138813853263855
TaiESM1,ssp245,paper_qm,late_century,2080,2100,252,pvpot,all_monthly_grid_samples,china_intersection,W m-2,nan,240660,0.0,0.0,35.510135650634766,69.2756209564209,198.78846740722656,199.6715767941332,66.48320431823772,359.76378021240237,431.7374572753906
TaiESM1,ssp245,paper_qm,late_century,2080,2100,252,pvpot,period_mean_map,china_intersection,W m-2,201.21597343201606,955,0.0,0.0,128.06973266601562,140.41435638427734,189.8403778076172,199.6715785001585,36.6372629940037,285.2261462402344,297.71942138671875
TaiESM1,ssp245,paper_qm,late_century,2080,2100,252,wind_speed_hub,all_monthly_grid_samples,china_intersection,m s-1,nan,240660,0.0,0.0,0.12556704878807068,0.46565838962793354,2.514009118080139,2.920025785492177,1.837700735324139,9.236233339309694,18.919422149658203
TaiESM1,ssp245,paper_qm,late_century,2080,2100,252,wind_speed_hub,period_mean_map,china_intersection,m s-1,2.7753849417274674,955,0.0,0.0,0.7036527991294861,1.0214014148712158,2.713087797164917,2.9200257964783316,1.3012216044029026,8.648360843658459,10.681224822998047
TaiESM1,ssp245,paper_qm,late_century,2080,2100,252,wpd,all_monthly_grid_samples,china_intersection,W m-2,nan,240660,0.0,0.0,0.0012126436922699213,0.06184554152190686,9.732102870941162,40.535559484792,136.84015695933692,482.6038256835939,4147.9130859375
TaiESM1,ssp245,paper_qm,late_century,2080,2100,252,wpd,period_mean_map,china_intersection,W m-2,28.176611093775694,955,0.0,0.0,0.3121071755886078,1.072903594970703,18.643896102905273,40.53555846747928,94.2634676551607,530.2416320800787,1104.6907958984375
TaiESM1,ssp245,optimized,historical,1994,2014,252,tcell,all_monthly_grid_samples,china_intersection,degree_Celsius,nan,240660,0.0,19.254134463558547,-28.45625114440918,-17.35072217941284,15.792766094207764,14.052650227260367,13.973852709267172,36.62240566253662,43.416961669921875
TaiESM1,ssp245,optimized,historical,1994,2014,252,tcell,period_mean_map,china_intersection,degree_Celsius,14.228881781699917,955,0.0,2.8272251308900525,-5.606476783752441,-1.5372966241836548,14.17016887664795,14.052650255943936,7.753067095257878,28.54029357910156,30.15277862548828
TaiESM1,ssp245,optimized,historical,1994,2014,252,performance_ratio,all_monthly_grid_samples,china_intersection,1,nan,240660,0.0,0.0,0.9079151749610901,0.941887976527214,1.0460361242294312,1.0547367489794628,0.06986926352496672,1.211753571033478,1.2672812938690186
TaiESM1,ssp245,optimized,historical,1994,2014,252,performance_ratio,period_mean_map,china_intersection,1,1.0538555833162948,955,0.0,0.0,0.9742361307144165,0.9822985219955445,1.0541491508483887,1.05473674086376,0.038765326748996486,1.1326866245269775,1.1530327796936035
TaiESM1,ssp245,optimized,historical,1994,2014,252,pvpot,all_monthly_grid_samples,china_intersection,W m-2,nan,240660,0.0,0.0,38.54559326171875,68.99254341125489,196.33935546875,198.78188770859754,68.48129364060439,363.9622146606446,433.9075622558594
TaiESM1,ssp245,optimized,historical,1994,2014,252,pvpot,period_mean_map,china_intersection,W m-2,200.09240630767,955,0.0,0.0,119.69300842285156,129.10001159667968,189.90170288085938,198.78188543669216,40.80342400853505,289.64409301757814,301.8310852050781
TaiESM1,ssp245,optimized,historical,1994,2014,252,wind_speed_hub,all_monthly_grid_samples,china_intersection,m s-1,nan,240660,0.0,0.0,0.11193866282701492,0.5292504245042801,2.583853006362915,2.9798926568426407,1.8214099498075198,9.095920486450199,19.602035522460938
TaiESM1,ssp245,optimized,historical,1994,2014,252,wind_speed_hub,period_mean_map,china_intersection,m s-1,2.840401524654698,955,0.0,0.0,0.66666179895401,1.0196683955192567,2.7410776615142822,2.9798926728558164,1.3135350434065565,8.502782058715821,10.207529067993164
TaiESM1,ssp245,optimized,historical,1994,2014,252,wpd,all_monthly_grid_samples,china_intersection,W m-2,nan,240660,0.0,0.0,0.0008591054356656969,0.0908008175343275,10.565973281860352,41.22143537727799,135.35179113976307,460.94174560546924,4613.2783203125
TaiESM1,ssp245,optimized,historical,1994,2014,252,wpd,period_mean_map,china_intersection,W m-2,29.56157348778471,955,0.0,0.0,0.2594262957572937,0.9461580610275269,18.250932693481445,41.22143618392695,92.33877083334032,479.15949829101567,1090.9429931640625
TaiESM1,ssp245,optimized,mid_century,2040,2060,252,tcell,all_monthly_grid_samples,china_intersection,degree_Celsius,nan,240660,0.0,14.952630266766393,-27.011554718017578,-14.862081251144408,17.881579399108887,16.384660188854326,13.774495674809035,38.82580986022949,44.95724868774414
TaiESM1,ssp245,optimized,mid_century,2040,2060,252,tcell,period_mean_map,china_intersection,degree_Celsius,16.562935569050875,955,0.0,0.7329842931937173,-3.359677314758301,0.5494247269630432,16.5545597076416,16.384660301993343,7.630272172894924,30.245205955505373,32.02166748046875
TaiESM1,ssp245,optimized,mid_century,2040,2060,252,performance_ratio,all_monthly_grid_samples,china_intersection,1,nan,240660,0.0,0.0,0.9002137184143066,0.9308709365129471,1.0355920791625977,1.0430766990505667,0.06887247837238555,1.1993103992938996,1.260057806968689
TaiESM1,ssp245,optimized,mid_century,2040,2060,252,performance_ratio,period_mean_map,china_intersection,1,1.0421853311376026,955,0.0,0.0,0.9648916721343994,0.9737738955020905,1.042226791381836,1.0430767037481539,0.03815135577864193,1.122252779006958,1.141798496246338
TaiESM1,ssp245,optimized,mid_century,2040,2060,252,pvpot,all_monthly_grid_samples,china_intersection,W m-2,nan,240660,0.0,0.0,20.562040328979492,67.10864624023438,197.37437438964844,198.63537107006547,67.01634630435964,359.8996746826172,432.3175964355469
TaiESM1,ssp245,optimized,mid_century,2040,2060,252,pvpot,period_mean_map,china_intersection,W m-2,200.02846054018795,955,0.0,0.0,124.85874938964844,135.76936828613282,189.3557586669922,198.63537217384857,37.665428727379414,284.95838806152346,297.04803466796875
TaiESM1,ssp245,optimized,mid_century,2040,2060,252,wind_speed_hub,all_monthly_grid_samples,china_intersection,m s-1,nan,240660,0.0,0.0,0.1242736279964447,0.5427649909257889,2.6199963092803955,3.004708827949728,1.8059164483226837,9.090670442581178,19.117042541503906
TaiESM1,ssp245,optimized,mid_century,2040,2060,252,wind_speed_hub,period_mean_map,china_intersection,m s-1,2.8583522474056235,955,0.0,0.0,0.6857580542564392,1.0390578722953796,2.7795779705047607,3.0047088133102937,1.3135665654418383,8.628084220886233,10.433902740478516
TaiESM1,ssp245,optimized,mid_century,2040,2060,252,wpd,all_monthly_grid_samples,china_intersection,W m-2,nan,240660,0.0,0.0,0.0011755551677197218,0.09793582178652287,11.015599250793457,41.2765099470442,133.48107956676537,460.14410125732456,4279.25537109375
TaiESM1,ssp245,optimized,mid_century,2040,2060,252,wpd,period_mean_map,china_intersection,W m-2,29.226445369823715,955,0.0,0.0,0.28295478224754333,1.0489889335632325,18.614686965942383,41.27651005611994,92.49613850441402,494.62326965332045,1089.49658203125
TaiESM1,ssp245,optimized,late_century,2080,2100,252,tcell,all_monthly_grid_samples,china_intersection,degree_Celsius,nan,240660,0.0,12.837613230283388,-23.875652313232422,-12.882878913879395,19.163301467895508,17.841048214278832,13.812084035612544,40.611862449646,47.2183952331543
TaiESM1,ssp245,optimized,late_century,2080,2100,252,tcell,period_mean_map,china_intersection,degree_Celsius,18.013152331062635,955,0.0,0.20942408376963353,-2.2428624629974365,1.9112077379226686,18.036142349243164,17.8410482325401,7.552840653560887,31.531534461975102,33.35316467285156
TaiESM1,ssp245,optimized,late_century,2080,2100,252,performance_ratio,all_monthly_grid_samples,china_intersection,1,nan,240660,0.0,0.0,0.8889080286026001,0.921940695643425,1.0291835069656372,1.0357947589433134,0.06906042018393393,1.1894144296646119,1.2443782091140747
TaiESM1,ssp245,optimized,late_century,2080,2100,252,performance_ratio,period_mean_map,china_intersection,1,1.0349342433322797,955,0.0,0.0,0.9582342505455017,0.9673425042629242,1.0348197221755981,1.0357947664735205,0.037764200576284664,1.1154440474510192,1.1362143754959106
TaiESM1,ssp245,optimized,late_century,2080,2100,252,pvpot,all_monthly_grid_samples,china_intersection,W m-2,nan,240660,0.0,0.0,35.45762252807617,69.1980739593506,198.8124542236328,199.784328604224,66.6596359695505,360.45763946533214,434.9986877441406
TaiESM1,ssp245,optimized,late_century,2080,2100,252,pvpot,period_mean_map,china_intersection,W m-2,201.358829686794,955,0.0,0.0,128.11602783203125,140.34390747070313,190.08441162109375,199.78432938341072,36.736486633816796,285.43268127441405,297.26251220703125
TaiESM1,ssp245,optimized,late_century,2080,2100,252,wind_speed_hub,all_monthly_grid_samples,china_intersection,m s-1,nan,240660,0.0,0.0,0.12562137842178345,0.542812876701355,2.6106388568878174,2.9978067602548335,1.8147998517108943,9.189522972106943,18.919422149658203
TaiESM1,ssp245,optimized,late_century,2080,2100,252,wind_speed_hub,period_mean_map,china_intersection,m s-1,2.853055025344508,955,0.0,0.0,0.7074417471885681,1.0437369084358215,2.7732958793640137,2.997806693309265,1.3194004900405047,8.655602741241461,10.545990943908691
TaiESM1,ssp245,optimized,late_century,2080,2100,252,wpd,all_monthly_grid_samples,china_intersection,W m-2,nan,240660,0.0,0.0,0.0012142184423282743,0.09796173259615898,10.897991180419922,41.575308750055434,137.0473874096784,475.3188751220718,4147.9130859375
TaiESM1,ssp245,optimized,late_century,2080,2100,252,wpd,period_mean_map,china_intersection,W m-2,29.257582960548557,955,0.0,0.0,0.3160533905029297,1.0771048045158387,18.45345115661621,41.575307907296725,94.80949525199908,517.1735192871096,1115.268310546875
TaiESM1,ssp585,paper_qm,historical,1994,2014,252,tcell,all_monthly_grid_samples,china_intersection,degree_Celsius,nan,240660,0.0,19.254134463558547,-28.45625114440918,-17.35072217941284,15.792766094207764,14.052650227260367,13.973852709267172,36.62240566253662,43.416961669921875
TaiESM1,ssp585,paper_qm,historical,1994,2014,252,tcell,period_mean_map,china_intersection,degree_Celsius,14.228881781699917,955,0.0,2.8272251308900525,-5.606476783752441,-1.5372966241836548,14.17016887664795,14.052650255943936,7.753067095257878,28.54029357910156,30.15277862548828
TaiESM1,ssp585,paper_qm,historical,1994,2014,252,performance_ratio,all_monthly_grid_samples,china_intersection,1,nan,240660,0.0,0.0,0.9079151749610901,0.941887976527214,1.0460361242294312,1.0547367489794628,0.06986926352496672,1.211753571033478,1.2672812938690186
TaiESM1,ssp585,paper_qm,historical,1994,2014,252,performance_ratio,period_mean_map,china_intersection,1,1.0538555833162948,955,0.0,0.0,0.9742361307144165,0.9822985219955445,1.0541491508483887,1.05473674086376,0.038765326748996486,1.1326866245269775,1.1530327796936035
TaiESM1,ssp585,paper_qm,historical,1994,2014,252,pvpot,all_monthly_grid_samples,china_intersection,W m-2,nan,240660,0.0,0.0,38.54559326171875,68.99254341125489,196.33935546875,198.78188770859754,68.48129364060439,363.9622146606446,433.9075622558594
TaiESM1,ssp585,paper_qm,historical,1994,2014,252,pvpot,period_mean_map,china_intersection,W m-2,200.09240630767,955,0.0,0.0,119.69300842285156,129.10001159667968,189.90170288085938,198.78188543669216,40.80342400853505,289.64409301757814,301.8310852050781
TaiESM1,ssp585,paper_qm,historical,1994,2014,252,wind_speed_hub,all_monthly_grid_samples,china_intersection,m s-1,nan,240660,0.0,0.0,0.11193866282701492,0.5292504245042801,2.583853006362915,2.9798926568426407,1.8214099498075198,9.095920486450199,19.602035522460938
TaiESM1,ssp585,paper_qm,historical,1994,2014,252,wind_speed_hub,period_mean_map,china_intersection,m s-1,2.840401524654698,955,0.0,0.0,0.66666179895401,1.0196683955192567,2.7410776615142822,2.9798926728558164,1.3135350434065565,8.502782058715821,10.207529067993164
TaiESM1,ssp585,paper_qm,historical,1994,2014,252,wpd,all_monthly_grid_samples,china_intersection,W m-2,nan,240660,0.0,0.0,0.0008591054356656969,0.0908008175343275,10.565973281860352,41.22143537727799,135.35179113976307,460.94174560546924,4613.2783203125
TaiESM1,ssp585,paper_qm,historical,1994,2014,252,wpd,period_mean_map,china_intersection,W m-2,29.56157348778471,955,0.0,0.0,0.2594262957572937,0.9461580610275269,18.250932693481445,41.22143618392695,92.33877083334032,479.15949829101567,1090.9429931640625
TaiESM1,ssp585,paper_qm,mid_century,2040,2060,252,tcell,all_monthly_grid_samples,china_intersection,degree_Celsius,nan,240660,0.0,14.392919471453503,-27.9040584564209,-14.717037286758423,18.69454860687256,17.102701027465034,14.008809161581084,39.995191459655764,47.24629592895508
TaiESM1,ssp585,paper_qm,mid_century,2040,2060,252,tcell,period_mean_map,china_intersection,degree_Celsius,17.31602588172415,955,0.0,0.31413612565445026,-3.110982656478882,1.3210994887351992,17.266857147216797,17.10270105015818,7.503792706644016,30.778292884826666,32.723785400390625
TaiESM1,ssp585,paper_qm,mid_century,2040,2060,252,performance_ratio,all_monthly_grid_samples,china_intersection,1,nan,240660,0.0,0.0,0.8887685537338257,0.9250240415334702,1.0315272808074951,1.0394864949660043,0.07004404580745272,1.198585216999054,1.264520287513733
TaiESM1,ssp585,paper_qm,mid_century,2040,2060,252,performance_ratio,period_mean_map,china_intersection,1,1.0384198644817386,955,0.0,0.0,0.9613811373710632,0.9711085021495819,1.038665533065796,1.0394864916801452,0.037518976130994364,1.1183945679664613,1.140554428100586
TaiESM1,ssp585,paper_qm,mid_century,2040,2060,252,pvpot,all_monthly_grid_samples,china_intersection,W m-2,nan,240660,0.0,0.0,34.13536071777344,68.46305496215821,197.31041717529297,198.84480181335562,66.621155616865,360.6722976684571,428.0981750488281
TaiESM1,ssp585,paper_qm,mid_century,2040,2060,252,pvpot,period_mean_map,china_intersection,W m-2,200.30943448296173,955,0.0,0.0,123.89022827148438,136.44692901611327,189.44723510742188,198.84480012424328,37.19272558204645,285.28269348144534,297.6736755371094
TaiESM1,ssp585,paper_qm,mid_century,2040,2060,252,wind_speed_hub,all_monthly_grid_samples,china_intersection,m s-1,nan,240660,0.0,0.0,0.12419991940259933,0.4724080488085747,2.559226155281067,2.97098601928906,1.8652337439332132,9.409292716979984,18.61304473876953
TaiESM1,ssp585,paper_qm,mid_century,2040,2060,252,wind_speed_hub,period_mean_map,china_intersection,m s-1,2.8282951012875435,955,0.0,0.0,0.7442824244499207,1.029608302116394,2.7710111141204834,2.9709859763140454,1.3151534695431122,8.716928062438965,10.666919708251953
TaiESM1,ssp585,paper_qm,mid_century,2040,2060,252,wpd,all_monthly_grid_samples,china_intersection,W m-2,nan,240660,0.0,0.0,0.0011734648142009974,0.06457404188811779,10.26672887802124,42.32182549486047,137.2036677671506,510.2430120849614,3949.6474609375
TaiESM1,ssp585,paper_qm,mid_century,2040,2060,252,wpd,period_mean_map,china_intersection,W m-2,29.969298167140117,955,0.0,0.0,0.3473679721355438,1.047270703315735,19.80024528503418,42.32182545746184,95.79700042511816,502.47164123535197,1124.1591796875
TaiESM1,ssp585,paper_qm,late_century,2080,2100,252,tcell,all_monthly_grid_samples,china_intersection,degree_Celsius,nan,240660,0.0,8.620044876589379,-20.224090576171875,-10.064750289916992,21.923340797424316,20.644791172017857,13.633900945610373,43.38314308166504,50.784542083740234
TaiESM1,ssp585,paper_qm,late_century,2080,2100,252,tcell,period_mean_map,china_intersection,degree_Celsius,20.85422236751929,955,0.0,0.10471204188481677,-0.17638294398784637,4.834502897262573,20.79450225830078,20.64479132879779,7.278012022379639,33.50970565795899,35.95835494995117
TaiESM1,ssp585,paper_qm,late_century,2080,2100,252,performance_ratio,all_monthly_grid_samples,china_intersection,1,nan,240660,0.0,0.0,0.871077299118042,0.9080842918157578,1.015383243560791,1.0217760440509813,0.06816950470009958,1.1753237318992615,1.2261204719543457
TaiESM1,ssp585,paper_qm,late_century,2080,2100,252,performance_ratio,period_mean_map,china_intersection,1,1.020728894132445,955,0.0,0.0,0.9452080130577087,0.9574515640735626,1.0210273265838623,1.02177604929939,0.0363900672813872,1.1008278298377991,1.1258821487426758
TaiESM1,ssp585,paper_qm,late_century,2080,2100,252,pvpot,all_monthly_grid_samples,china_intersection,W m-2,nan,240660,0.0,0.0,34.69278335571289,66.99828536987305,199.04098510742188,199.11292867604251,64.42191874817361,354.62376251220707,430.7771301269531
TaiESM1,ssp585,paper_qm,late_century,2080,2100,252,pvpot,period_mean_map,china_intersection,W m-2,200.95422664097256,955,0.0,0.0,134.77320861816406,148.37875091552735,189.52890014648438,199.11292607971512,33.96972879853134,279.5593426513672,292.9957580566406
TaiESM1,ssp585,paper_qm,late_century,2080,2100,252,wind_speed_hub,all_monthly_grid_samples,china_intersection,m s-1,nan,240660,0.0,0.0,0.1164444237947464,0.4565053698420525,2.517302393913269,2.9259650232881027,1.8467899345839172,9.267278709411627,19.621850967407227
TaiESM1,ssp585,paper_qm,late_century,2080,2100,252,wind_speed_hub,period_mean_map,china_intersection,m s-1,2.7744772351886255,955,0.0,0.0,0.7610823512077332,1.0285469937324525,2.7566516399383545,2.9259650030685345,1.3158750314818648,8.708935298919688,10.649949073791504
TaiESM1,ssp585,paper_qm,late_century,2080,2100,252,wpd,all_monthly_grid_samples,china_intersection,W m-2,nan,240660,0.0,0.0,0.0009670794242992997,0.058269832693040376,9.770397663116455,40.88574257237831,137.66399073244463,487.4867318725595,4627.2822265625
TaiESM1,ssp585,paper_qm,late_century,2080,2100,252,wpd,period_mean_map,china_intersection,W m-2,27.984253750220837,955,0.0,0.0,0.3757427930831909,1.0959144306182862,19.19406509399414,40.88574331842792,95.14442158654741,526.559787597657,1108.310546875
TaiESM1,ssp585,optimized,historical,1994,2014,252,tcell,all_monthly_grid_samples,china_intersection,degree_Celsius,nan,240660,0.0,19.254134463558547,-28.45625114440918,-17.35072217941284,15.792766094207764,14.052650227260367,13.973852709267172,36.62240566253662,43.416961669921875
TaiESM1,ssp585,optimized,historical,1994,2014,252,tcell,period_mean_map,china_intersection,degree_Celsius,14.228881781699917,955,0.0,2.8272251308900525,-5.606476783752441,-1.5372966241836548,14.17016887664795,14.052650255943936,7.753067095257878,28.54029357910156,30.15277862548828
TaiESM1,ssp585,optimized,historical,1994,2014,252,performance_ratio,all_monthly_grid_samples,china_intersection,1,nan,240660,0.0,0.0,0.9079151749610901,0.941887976527214,1.0460361242294312,1.0547367489794628,0.06986926352496672,1.211753571033478,1.2672812938690186
TaiESM1,ssp585,optimized,historical,1994,2014,252,performance_ratio,period_mean_map,china_intersection,1,1.0538555833162948,955,0.0,0.0,0.9742361307144165,0.9822985219955445,1.0541491508483887,1.05473674086376,0.038765326748996486,1.1326866245269775,1.1530327796936035
TaiESM1,ssp585,optimized,historical,1994,2014,252,pvpot,all_monthly_grid_samples,china_intersection,W m-2,nan,240660,0.0,0.0,38.54559326171875,68.99254341125489,196.33935546875,198.78188770859754,68.48129364060439,363.9622146606446,433.9075622558594
TaiESM1,ssp585,optimized,historical,1994,2014,252,pvpot,period_mean_map,china_intersection,W m-2,200.09240630767,955,0.0,0.0,119.69300842285156,129.10001159667968,189.90170288085938,198.78188543669216,40.80342400853505,289.64409301757814,301.8310852050781
TaiESM1,ssp585,optimized,historical,1994,2014,252,wind_speed_hub,all_monthly_grid_samples,china_intersection,m s-1,nan,240660,0.0,0.0,0.11193866282701492,0.5292504245042801,2.583853006362915,2.9798926568426407,1.8214099498075198,9.095920486450199,19.602035522460938
TaiESM1,ssp585,optimized,historical,1994,2014,252,wind_speed_hub,period_mean_map,china_intersection,m s-1,2.840401524654698,955,0.0,0.0,0.66666179895401,1.0196683955192567,2.7410776615142822,2.9798926728558164,1.3135350434065565,8.502782058715821,10.207529067993164
TaiESM1,ssp585,optimized,historical,1994,2014,252,wpd,all_monthly_grid_samples,china_intersection,W m-2,nan,240660,0.0,0.0,0.0008591054356656969,0.0908008175343275,10.565973281860352,41.22143537727799,135.35179113976307,460.94174560546924,4613.2783203125
TaiESM1,ssp585,optimized,historical,1994,2014,252,wpd,period_mean_map,china_intersection,W m-2,29.56157348778471,955,0.0,0.0,0.2594262957572937,0.9461580610275269,18.250932693481445,41.22143618392695,92.33877083334032,479.15949829101567,1090.9429931640625
TaiESM1,ssp585,optimized,mid_century,2040,2060,252,tcell,all_monthly_grid_samples,china_intersection,degree_Celsius,nan,240660,0.0,14.212166542009474,-27.902158737182617,-13.984974508285523,18.504135131835938,17.076890300329065,13.912250758204253,39.967206230163576,46.81452178955078
TaiESM1,ssp585,optimized,mid_century,2040,2060,252,tcell,period_mean_map,china_intersection,degree_Celsius,17.261795150247266,955,0.0,0.41884816753926707,-2.590113639831543,1.362137897014618,17.26893424987793,17.07689004581012,7.568517799315087,30.97553043365479,32.855018615722656
TaiESM1,ssp585,optimized,mid_century,2040,2060,252,performance_ratio,all_monthly_grid_samples,china_intersection,1,nan,240660,0.0,0.0,0.8909273743629456,0.9251639664173126,1.0324793457984924,1.0396155485701781,0.06956125381616877,1.194924910068512,1.2645107507705688
TaiESM1,ssp585,optimized,mid_century,2040,2060,252,performance_ratio,period_mean_map,china_intersection,1,1.0386910233524635,955,0.0,0.0,0.9607248306274414,0.9701221632957459,1.0386555194854736,1.0396155509025014,0.037842600403032174,1.118189082145691,1.1379505395889282
TaiESM1,ssp585,optimized,mid_century,2040,2060,252,pvpot,all_monthly_grid_samples,china_intersection,W m-2,nan,240660,0.0,0.0,34.003089904785156,68.50051200866699,197.32398986816406,198.92393661178198,66.78795650417992,361.22354888916016,430.5381164550781
TaiESM1,ssp585,optimized,mid_century,2040,2060,252,pvpot,period_mean_map,china_intersection,W m-2,200.4186652663815,955,0.0,0.0,123.95646667480469,136.48987365722655,189.43702697753906,198.9239342015451,37.30047473301127,286.0610736083985,298.2062072753906
TaiESM1,ssp585,optimized,mid_century,2040,2060,252,wind_speed_hub,all_monthly_grid_samples,china_intersection,m s-1,nan,240660,0.0,0.0,0.12419991940259933,0.5369206392765046,2.604771852493286,3.005396607031862,1.834168225233454,9.30348973274231,18.61304473876953
TaiESM1,ssp585,optimized,mid_century,2040,2060,252,wind_speed_hub,period_mean_map,china_intersection,m s-1,2.8617630212315928,955,0.0,0.0,0.7086421847343445,1.0399430942535401,2.7485218048095703,3.005396617332678,1.3271885753636923,8.687530536651613,10.556539535522461
TaiESM1,ssp585,optimized,mid_century,2040,2060,252,wpd,all_monthly_grid_samples,china_intersection,W m-2,nan,240660,0.0,0.0,0.0011734648142009974,0.09480611681938172,10.824681282043457,42.23561898173786,136.19095043767186,493.2234863281251,3949.6474609375
TaiESM1,ssp585,optimized,mid_century,2040,2060,252,wpd,period_mean_map,china_intersection,W m-2,30.06522751280866,955,0.0,0.0,0.3103654086589813,1.0711869597434998,18.598026275634766,42.2356207361084,95.20705188263888,493.0585388183594,1123.53173828125
TaiESM1,ssp585,optimized,late_century,2080,2100,252,tcell,all_monthly_grid_samples,china_intersection,degree_Celsius,nan,240660,0.0,8.246488822405054,-20.424516677856445,-9.055013923645019,21.710495948791504,20.610273398220738,13.56922574128662,43.475647697448736,50.471588134765625
TaiESM1,ssp585,optimized,late_century,2080,2100,252,tcell,period_mean_map,china_intersection,degree_Celsius,20.79098684684073,955,0.0,0.0,0.643112063407898,5.091702270507812,20.79405403137207,20.61027362571337,7.357018686948338,33.93697799682617,36.104530334472656
TaiESM1,ssp585,optimized,late_century,2080,2100,252,performance_ratio,all_monthly_grid_samples,china_intersection,1,nan,240660,0.0,0.0,0.8726420402526855,0.9076217639446259,1.0164475440979004,1.0219486329644771,0.06784612878182776,1.1702750551700591,1.2271225452423096
TaiESM1,ssp585,optimized,late_century,2080,2100,252,performance_ratio,period_mean_map,china_intersection,1,1.0210450756478222,955,0.0,0.0,0.9444772005081177,0.955315248966217,1.0210294723510742,1.0219486406960412,0.036785092792652796,1.0995415258407593,1.1217843294143677
TaiESM1,ssp585,optimized,late_century,2080,2100,252,pvpot,all_monthly_grid_samples,china_intersection,W m-2,nan,240660,0.0,0.0,34.626869201660156,66.92321388244629,199.08026885986328,199.19672964644988,64.58467003703743,355.2854598999024,430.487060546875
TaiESM1,ssp585,optimized,late_century,2080,2100,252,pvpot,period_mean_map,china_intersection,W m-2,201.06863546778405,955,0.0,0.0,134.8557891845703,148.39106536865233,189.7550506591797,199.1967308004489,34.07210518377931,280.1022662353516,292.1755065917969
TaiESM1,ssp585,optimized,late_century,2080,2100,252,wind_speed_hub,all_monthly_grid_samples,china_intersection,m s-1,nan,240660,0.0,0.0,0.1164444237947464,0.540588054060936,2.6040775775909424,2.991568750516261,1.8087979517827493,9.152055463790896,19.621850967407227
TaiESM1,ssp585,optimized,late_century,2080,2100,252,wind_speed_hub,period_mean_map,china_intersection,m s-1,2.8407025282773763,955,0.0,0.0,0.7131041884422302,1.0354906392097474,2.7607946395874023,2.9915687429967353,1.3183008041451028,8.72538835525513,10.470364570617676
TaiESM1,ssp585,optimized,late_century,2080,2100,252,wpd,all_monthly_grid_samples,china_intersection,W m-2,nan,240660,0.0,0.0,0.0009670794242992997,0.0967621336877346,10.816028594970703,41.223230759698076,136.23716694360905,469.52854370117217,4627.2822265625
TaiESM1,ssp585,optimized,late_century,2080,2100,252,wpd,period_mean_map,china_intersection,W m-2,28.62975309773184,955,0.0,0.0,0.3185134828090668,1.060672640800476,18.88818359375,41.22323032570759,94.33076778950885,511.4646429443364,1112.9205322265625
