scenario,method,route,year,variable,unit,ensemble_rule,model_count,mean,minimum,maximum,p10,p90,std
ssp126,optimized,D,2015,pvpot,W m-2,equal weight across model-level China annual means,17,198.68565967027618,193.14044239024918,200.8650022719643,196.6062759367826,200.73847752003442,1.9784748376359111
ssp126,optimized,D,2015,rsds,W m-2,equal weight across model-level China annual means,17,190.63891206731216,186.5021483285159,192.92305804892717,188.45701503648553,192.67773818510355,1.8547607768662755
ssp126,optimized,D,2015,sfcWind_10m,m s-1,equal weight across model-level China annual means,17,1.3507748644159028,1.1946745757043626,1.4551510048575038,1.309498422955566,1.4245645527154664,0.057777109008956155
ssp126,optimized,D,2015,tas_c,degree_Celsius,equal weight across model-level China annual means,17,7.496818637677302,6.964189929405349,8.871491423225834,7.087180100565704,7.842608945473872,0.44594230712521643
ssp126,optimized,D,2015,wpd,W m-2,equal weight across model-level China annual means,17,30.956705876278374,23.58382057610409,35.85722963889466,28.552536815331287,34.2167037097048,2.7464254058773756
ssp126,optimized,D,2016,pvpot,W m-2,equal weight across model-level China annual means,17,199.7392394271153,192.1825752081286,203.1557475497635,197.24531828059884,202.17447504495746,2.525904179298123
ssp126,optimized,D,2016,rsds,W m-2,equal weight across model-level China annual means,17,191.89090781418,185.49396689601897,195.5755212159006,189.07365022754132,194.39207763630256,2.3816364387497124
ssp126,optimized,D,2016,sfcWind_10m,m s-1,equal weight across model-level China annual means,17,1.3378982027606057,1.235722990101263,1.4310251355064898,1.2866230184993108,1.3977137960983175,0.04928466356368931
ssp126,optimized,D,2016,tas_c,degree_Celsius,equal weight across model-level China annual means,17,7.626746914928318,6.50958335145373,8.70760628088688,7.2026217313704395,8.047558731476196,0.47859718906934945
ssp126,optimized,D,2016,wpd,W m-2,equal weight across model-level China annual means,17,30.55083272146466,25.890921698187256,36.6651709066463,27.322979624623688,34.62095201879732,2.9432462863425903
ssp126,optimized,D,2017,pvpot,W m-2,equal weight across model-level China annual means,17,199.8582789356494,196.19004944498542,204.9342658650712,197.3455938442742,202.0927027961879,2.1088891824419016
ssp126,optimized,D,2017,rsds,W m-2,equal weight across model-level China annual means,17,191.8393455754181,188.5190226293182,196.88674856963587,189.10137795995516,194.26019711708025,2.1289722350961293
ssp126,optimized,D,2017,sfcWind_10m,m s-1,equal weight across model-level China annual means,17,1.3498491448842638,1.2657639625865464,1.4349742815026347,1.279655792297028,1.4286369234198502,0.053080601663824625
ssp126,optimized,D,2017,tas_c,degree_Celsius,equal weight across model-level China annual means,17,7.496358179574285,6.3137946084482754,8.518353243161245,7.025155972953201,7.882789460491748,0.4637285209583428
ssp126,optimized,D,2017,wpd,W m-2,equal weight across model-level China annual means,17,31.002504735703837,26.533866902971585,36.54815065119298,27.337786698293318,34.67470426992871,2.844879369511638
ssp126,optimized,D,2018,pvpot,W m-2,equal weight across model-level China annual means,17,199.4986804448968,195.27898600425456,203.3177452929052,197.086706191911,202.30884712377855,2.147523754563057
ssp126,optimized,D,2018,rsds,W m-2,equal weight across model-level China annual means,17,191.61564705159137,188.60874875597665,195.90118272222006,189.06092756964966,194.18010017707238,2.0976611966195606
ssp126,optimized,D,2018,sfcWind_10m,m s-1,equal weight across model-level China annual means,17,1.3387637616146728,1.2144172152156625,1.429503844934594,1.302532563689114,1.3986476240656376,0.047250693058130046
ssp126,optimized,D,2018,tas_c,degree_Celsius,equal weight across model-level China annual means,17,7.614265330917061,6.815433747939422,8.841813836192097,7.1910330809991825,8.058037467570282,0.45299509326377413
ssp126,optimized,D,2018,wpd,W m-2,equal weight across model-level China annual means,17,30.415770147785718,24.9817203958826,36.765143034758204,27.724439005813956,33.95722978891852,2.829594046096122
ssp126,optimized,D,2019,pvpot,W m-2,equal weight across model-level China annual means,17,199.79046582001322,190.91485237056222,204.07020547016384,196.82067500259896,203.01904962384427,3.071649282995491
ssp126,optimized,D,2019,rsds,W m-2,equal weight across model-level China annual means,17,191.89145243736263,184.12462894106986,196.3288640560179,189.2473518093672,195.04064689396364,2.852735839433273
ssp126,optimized,D,2019,sfcWind_10m,m s-1,equal weight across model-level China annual means,17,1.3448296808584281,1.2442570179241683,1.4139981223708442,1.2789193355322523,1.407482867544556,0.049466158600711775
ssp126,optimized,D,2019,tas_c,degree_Celsius,equal weight across model-level China annual means,17,7.564429342527736,6.908397887483402,8.369145107971134,7.067903412201702,8.083297926199103,0.4013625579333343
ssp126,optimized,D,2019,wpd,W m-2,equal weight across model-level China annual means,17,30.59433998580921,24.979567020698724,36.84520583915977,27.45846454100619,34.0486936617221,3.1695010560348624
ssp126,optimized,D,2020,pvpot,W m-2,equal weight across model-level China annual means,17,199.62056854357738,192.12903265912306,205.99665041879982,196.99172514051378,201.8739196706746,2.8451999373919996
ssp126,optimized,D,2020,rsds,W m-2,equal weight across model-level China annual means,17,191.74515943955822,185.2684512748037,198.14036450091055,189.19826349274376,193.9249554923336,2.6862369053736033
ssp126,optimized,D,2020,sfcWind_10m,m s-1,equal weight across model-level China annual means,17,1.3669280594103697,1.2732723957239973,1.4562840386148617,1.3079098364654802,1.4362730244617667,0.05064435047026626
ssp126,optimized,D,2020,tas_c,degree_Celsius,equal weight across model-level China annual means,17,7.6946879972934825,7.104938786035902,8.686347143176247,7.374103195290179,8.048963940021837,0.3602472727262398
ssp126,optimized,D,2020,wpd,W m-2,equal weight across model-level China annual means,17,31.974702141142878,27.5924768630875,37.455116043742755,28.910183838431745,36.35333927163865,2.8151004691323624
ssp126,optimized,D,2021,pvpot,W m-2,equal weight across model-level China annual means,17,199.84875543857112,194.60044095358853,203.62440466328258,196.52281434343215,202.59798851393674,2.4297562080699158
ssp126,optimized,D,2021,rsds,W m-2,equal weight across model-level China annual means,17,192.07772665503143,187.7926331006778,195.78011814814272,188.64385827384183,195.0668570754325,2.3560768307889055
ssp126,optimized,D,2021,sfcWind_10m,m s-1,equal weight across model-level China annual means,17,1.345649252947319,1.2310592951999577,1.4121933438900047,1.305407225884286,1.3990238949968081,0.04508213416048315
ssp126,optimized,D,2021,tas_c,degree_Celsius,equal weight across model-level China annual means,17,7.7213561152373185,6.432623236871916,8.577455825254745,7.307367653164665,8.159658729230046,0.4510395682830084
ssp126,optimized,D,2021,wpd,W m-2,equal weight across model-level China annual means,17,30.549303439626403,25.478437334973705,36.11358931689643,27.564189511911728,34.51899265047973,2.84191403753945
ssp126,optimized,D,2022,pvpot,W m-2,equal weight across model-level China annual means,17,199.99559494878733,187.5311017694698,203.75014655354775,197.07570567537925,203.30277925191342,3.7989393087535697
ssp126,optimized,D,2022,rsds,W m-2,equal weight across model-level China annual means,17,192.28938433857053,180.900363887844,195.6977807450215,188.9362975772659,195.588668263302,3.6634670071512527
ssp126,optimized,D,2022,sfcWind_10m,m s-1,equal weight across model-level China annual means,17,1.3457112379034852,1.2134797687997942,1.4246695049400708,1.295525035909747,1.40256290204175,0.052091878239586324
ssp126,optimized,D,2022,tas_c,degree_Celsius,equal weight across model-level China annual means,17,7.787749412449659,6.9369315213107425,8.927884276480915,7.333034402516234,8.392175397521065,0.4548617192949248
ssp126,optimized,D,2022,wpd,W m-2,equal weight across model-level China annual means,17,30.569737550839445,24.25047817416993,35.060542073629385,26.777070754065203,33.520081028489265,2.786832355493173
ssp126,optimized,D,2023,pvpot,W m-2,equal weight across model-level China annual means,17,201.02846085447607,198.6610568181236,204.79572472152086,198.97146340266815,203.4865237549817,1.7743875168228957
ssp126,optimized,D,2023,rsds,W m-2,equal weight across model-level China annual means,17,193.44016488883645,190.39102070500044,197.62825286897558,191.06176585487773,196.08834386302559,2.0177585779737104
ssp126,optimized,D,2023,sfcWind_10m,m s-1,equal weight across model-level China annual means,17,1.3346526897005448,1.2095242291074833,1.4586901101241276,1.240266716421221,1.3909760022200353,0.060983213845591216
ssp126,optimized,D,2023,tas_c,degree_Celsius,equal weight across model-level China annual means,17,7.922635797618289,6.801571550912417,8.96114778728501,7.4207258886301295,8.276932429908722,0.46380205147447423
ssp126,optimized,D,2023,wpd,W m-2,equal weight across model-level China annual means,17,30.162062472322813,25.339046016650446,37.00358091662622,26.514921076813447,33.03689668448062,2.734353084798888
ssp126,optimized,D,2024,pvpot,W m-2,equal weight across model-level China annual means,17,200.15805525453254,196.52133661809629,205.58164461461783,197.94908908103534,203.01015065936062,2.187820342784541
ssp126,optimized,D,2024,rsds,W m-2,equal weight across model-level China annual means,17,192.56884036061294,188.81489167268353,198.46131098407275,190.48110823982597,195.72537642935748,2.373091816661531
ssp126,optimized,D,2024,sfcWind_10m,m s-1,equal weight across model-level China annual means,17,1.3204816682837979,1.2239605899819466,1.3889317994425323,1.251137977559635,1.3818387163987413,0.04656583617163849
ssp126,optimized,D,2024,tas_c,degree_Celsius,equal weight across model-level China annual means,17,7.869394402767403,6.897200491286751,8.972067873503383,7.132605454754016,8.512632197320114,0.547771122052535
ssp126,optimized,D,2024,wpd,W m-2,equal weight across model-level China annual means,17,29.552605577619957,24.70908193744589,35.109571624963486,26.30539376903781,32.430765251139235,2.6394279964630045
ssp126,optimized,D,2025,pvpot,W m-2,equal weight across model-level China annual means,17,200.10088960024765,194.789057208662,207.27105434283519,196.01898921485076,203.55527389868405,3.146846394610745
ssp126,optimized,D,2025,rsds,W m-2,equal weight across model-level China annual means,17,192.55801295798895,187.36585928457671,200.20236476871068,188.7277464741497,196.36743257083384,3.2525039498092156
ssp126,optimized,D,2025,sfcWind_10m,m s-1,equal weight across model-level China annual means,17,1.3383701506525472,1.2528759607084876,1.4672613664815743,1.2951284999580852,1.4237066062343877,0.053981642045298636
ssp126,optimized,D,2025,tas_c,degree_Celsius,equal weight across model-level China annual means,17,7.960030505729158,7.10688409003991,9.126861951057117,7.4595415166333625,8.420739399783885,0.4561099800900035
ssp126,optimized,D,2025,wpd,W m-2,equal weight across model-level China annual means,17,30.225588457255277,26.801825106809698,37.1889531338284,27.438303200483812,33.65801126866807,2.7947282176314907
ssp126,optimized,D,2026,pvpot,W m-2,equal weight across model-level China annual means,17,201.13131356498877,195.9585844553071,208.68258772647457,198.1163163278722,203.54874834058884,2.8465620667998266
ssp126,optimized,D,2026,rsds,W m-2,equal weight across model-level China annual means,17,193.5975134483741,187.9573988428621,201.80243203278476,190.1174138165301,196.15118696304606,3.034907955902785
ssp126,optimized,D,2026,sfcWind_10m,m s-1,equal weight across model-level China annual means,17,1.3272725860703865,1.2581891273269081,1.4319156164109665,1.2735941464483862,1.3799623118369648,0.046410983222783773
ssp126,optimized,D,2026,tas_c,degree_Celsius,equal weight across model-level China annual means,17,8.014741527130486,7.401916281180246,8.78937736760474,7.640731914736723,8.749772108819162,0.4330795657572113
ssp126,optimized,D,2026,wpd,W m-2,equal weight across model-level China annual means,17,30.038254105893834,25.906189243136083,35.6406284415093,26.634368600454263,34.318833389999696,2.9722170824463343
ssp126,optimized,D,2027,pvpot,W m-2,equal weight across model-level China annual means,17,200.7154785655469,197.12589141793399,207.39045625737845,197.96311523109918,202.91184304133697,2.379625561423689
ssp126,optimized,D,2027,rsds,W m-2,equal weight across model-level China annual means,17,193.147015942233,189.20370146840602,200.02928150889,189.93267540380677,195.0713866788641,2.577989661459297
ssp126,optimized,D,2027,sfcWind_10m,m s-1,equal weight across model-level China annual means,17,1.3342970264163425,1.1718905908776436,1.4051171116145442,1.2827011135645612,1.3766989935958716,0.052096468269153734
ssp126,optimized,D,2027,tas_c,degree_Celsius,equal weight across model-level China annual means,17,7.9115229211805325,7.164278967454284,8.933011838010026,7.436623854654912,8.462530046408741,0.4347387565931333
ssp126,optimized,D,2027,wpd,W m-2,equal weight across model-level China annual means,17,30.56178488582715,22.499477028288666,34.37029579923696,27.686213518341447,33.66218846790041,2.8452165491502237
ssp126,optimized,D,2028,pvpot,W m-2,equal weight across model-level China annual means,17,200.98447304746952,193.5717536374303,204.78469570318006,198.14819128481145,204.63799649597348,2.7627968798083
ssp126,optimized,D,2028,rsds,W m-2,equal weight across model-level China annual means,17,193.59539936076476,187.37354928057846,198.2407604699265,190.13289942585786,197.5452340360051,2.818778026426779
ssp126,optimized,D,2028,sfcWind_10m,m s-1,equal weight across model-level China annual means,17,1.3370833443392103,1.1902350811371616,1.3862201760218553,1.2897209149369318,1.3848011421938733,0.04997562027178266
ssp126,optimized,D,2028,tas_c,degree_Celsius,equal weight across model-level China annual means,17,8.065068512924531,7.4167281233834785,9.140895636380495,7.50077632822361,8.766952935182099,0.5058414065616932
ssp126,optimized,D,2028,wpd,W m-2,equal weight across model-level China annual means,17,30.19012358763692,24.056590201582058,34.536170553004474,27.580032824402277,33.52238172647706,2.489101240408661
ssp126,optimized,D,2029,pvpot,W m-2,equal weight across model-level China annual means,17,200.7891178116793,196.87434321121574,208.21031874399944,197.10956504747895,204.77792242097087,3.070079367241141
ssp126,optimized,D,2029,rsds,W m-2,equal weight across model-level China annual means,17,193.5701039463048,189.0692285293276,201.86025321870872,189.82165467355784,197.80469520396002,3.315240817682632
ssp126,optimized,D,2029,sfcWind_10m,m s-1,equal weight across model-level China annual means,17,1.3279864151579142,1.2084888483654115,1.4241676256116962,1.2808309229144974,1.3843499811815447,0.049113143174569635
ssp126,optimized,D,2029,tas_c,degree_Celsius,equal weight across model-level China annual means,17,8.227106303604186,7.381459035997463,8.93244193371924,7.662411429113532,8.771327235760706,0.44287014073105563
ssp126,optimized,D,2029,wpd,W m-2,equal weight across model-level China annual means,17,29.959529858005727,24.45706107928045,35.82116237580977,27.20409463388995,33.31883315687159,2.682356265876763
ssp126,optimized,D,2030,pvpot,W m-2,equal weight across model-level China annual means,17,201.25619835459116,196.8229800743444,204.89605465878807,198.49912872261794,203.70581780728918,2.2875779932274107
ssp126,optimized,D,2030,rsds,W m-2,equal weight across model-level China annual means,17,193.8075631389806,189.66763418337086,197.94521402028388,190.90254185467342,196.4212471460886,2.30201046976966
ssp126,optimized,D,2030,sfcWind_10m,m s-1,equal weight across model-level China annual means,17,1.3557784847810443,1.2537724908576904,1.4059413005165446,1.3040914099688192,1.3931739248609247,0.04006247275175913
ssp126,optimized,D,2030,tas_c,degree_Celsius,equal weight across model-level China annual means,17,8.091544876483697,6.8968899013732505,9.139994709879451,7.4704923995518815,8.519773032105256,0.5195903379320387
ssp126,optimized,D,2030,wpd,W m-2,equal weight across model-level China annual means,17,30.936106684277366,27.501512042114356,34.387038182819936,28.30158735000554,33.04262915816532,1.8613744399120429
ssp126,optimized,D,2031,pvpot,W m-2,equal weight across model-level China annual means,17,201.4476432071225,193.92653506384792,206.07448838429903,197.21689499983677,204.70257476842835,3.0954549935833833
ssp126,optimized,D,2031,rsds,W m-2,equal weight across model-level China annual means,17,194.11827902547935,188.13147798921673,199.54342953230082,188.95420842238,197.73157441812248,3.228168398604254
ssp126,optimized,D,2031,sfcWind_10m,m s-1,equal weight across model-level China annual means,17,1.3281529632136433,1.1742847691600458,1.4233862812012215,1.2605854487523114,1.406509454217271,0.06395108443670548
ssp126,optimized,D,2031,tas_c,degree_Celsius,equal weight across model-level China annual means,17,8.122623601106952,7.191278192848803,9.511460327021338,7.361202598347275,8.934039717081511,0.6453851884693095
ssp126,optimized,D,2031,wpd,W m-2,equal weight across model-level China annual means,17,30.046215354100255,23.468843960989517,35.507426140166075,26.232597948750392,34.404514489866806,3.194617851053445
ssp126,optimized,D,2032,pvpot,W m-2,equal weight across model-level China annual means,17,201.29056829103124,196.06664427566636,208.87171805847268,197.03898740786715,204.38490078045976,3.1654765686551523
ssp126,optimized,D,2032,rsds,W m-2,equal weight across model-level China annual means,17,193.99798785519602,189.02314177739564,202.13842023029483,190.16037701613274,197.44386598974577,3.223873275962134
ssp126,optimized,D,2032,sfcWind_10m,m s-1,equal weight across model-level China annual means,17,1.3353819501038162,1.1910209127798552,1.4280444830080805,1.2481409763976425,1.3983641147544894,0.06333424305243382
ssp126,optimized,D,2032,tas_c,degree_Celsius,equal weight across model-level China annual means,17,8.165619813913356,7.122109342716555,9.516746260453349,7.47144219322355,8.686186229344552,0.5641797455679133
ssp126,optimized,D,2032,wpd,W m-2,equal weight across model-level China annual means,17,30.346790647657198,22.16607628544561,34.844166434709564,24.817225522825108,34.105998201172746,3.558526480694734
ssp126,optimized,D,2033,pvpot,W m-2,equal weight across model-level China annual means,17,202.04681046624287,197.08727425297354,206.17443344945585,198.6441333678218,205.0973662109886,2.5760243965829472
ssp126,optimized,D,2033,rsds,W m-2,equal weight across model-level China annual means,17,194.8345447601959,189.87254373466703,199.6193578462994,191.48364838240562,198.45714316257929,2.7389863108461663
ssp126,optimized,D,2033,sfcWind_10m,m s-1,equal weight across model-level China annual means,17,1.3190168905081587,1.209456353530528,1.3990952298090338,1.251120478744506,1.3668211348814803,0.050113013746245
ssp126,optimized,D,2033,tas_c,degree_Celsius,equal weight across model-level China annual means,17,8.2105050597598,7.508568246782609,9.598724225676289,7.669788555338288,8.81806824096531,0.5226405879919918
ssp126,optimized,D,2033,wpd,W m-2,equal weight across model-level China annual means,17,29.724445521785327,24.874063159553305,34.304262508867616,25.873593720371282,32.387687370987145,2.6452442958741442
ssp126,optimized,D,2034,pvpot,W m-2,equal weight across model-level China annual means,17,201.9312403908677,198.45160491759282,207.1401845577668,199.27906616730968,204.8243693421963,2.3389157265966043
ssp126,optimized,D,2034,rsds,W m-2,equal weight across model-level China annual means,17,194.61262056002295,191.26785226021457,200.31126131658422,191.71452124572843,198.1089347724899,2.5034830992414263
ssp126,optimized,D,2034,sfcWind_10m,m s-1,equal weight across model-level China annual means,17,1.3418879898294536,1.1787494879318392,1.4573306936248709,1.2835992310710695,1.4282802203336686,0.06388922978696088
ssp126,optimized,D,2034,tas_c,degree_Celsius,equal weight across model-level China annual means,17,8.164192982013468,7.400258164181564,9.480734676430268,7.593022104398688,8.859310254269461,0.562481004532493
ssp126,optimized,D,2034,wpd,W m-2,equal weight across model-level China annual means,17,30.63751608999111,22.865681603443672,36.91952025411624,27.628507971502753,34.02802600108238,3.172485395873457
ssp126,optimized,D,2035,pvpot,W m-2,equal weight across model-level China annual means,17,202.03700718578943,190.18930204013057,208.11002299111874,198.19466990932463,205.92070348606964,4.0970937748525555
ssp126,optimized,D,2035,rsds,W m-2,equal weight across model-level China annual means,17,194.83789461366675,183.90914873577205,201.6192596104652,190.50002914836324,199.18026075837128,4.185755947925363
ssp126,optimized,D,2035,sfcWind_10m,m s-1,equal weight across model-level China annual means,17,1.3441819271691153,1.2643631188741264,1.4134009008788952,1.2769209124132805,1.3945853773880985,0.041995759797974874
ssp126,optimized,D,2035,tas_c,degree_Celsius,equal weight across model-level China annual means,17,8.298544561031125,7.671567418256589,9.252819644744712,7.677050746746419,9.08365860990783,0.5293128988250051
ssp126,optimized,D,2035,wpd,W m-2,equal weight across model-level China annual means,17,30.37023418300921,26.153191174217316,35.20276473878621,27.128972386418408,33.679561817831626,2.507500787636863
ssp126,optimized,D,2036,pvpot,W m-2,equal weight across model-level China annual means,17,202.0976683586856,196.99686392578602,205.6242315351145,199.4845857901987,204.96845183216567,2.345223994263228
ssp126,optimized,D,2036,rsds,W m-2,equal weight across model-level China annual means,17,194.94681639084433,189.1696906301528,198.80849158063702,192.0458162180292,197.9514774932608,2.5423084123029356
ssp126,optimized,D,2036,sfcWind_10m,m s-1,equal weight across model-level China annual means,17,1.3452117242277604,1.1755215744476342,1.4409403191818846,1.2772122092645908,1.4097727177350543,0.062407808784093306
ssp126,optimized,D,2036,tas_c,degree_Celsius,equal weight across model-level China annual means,17,8.267043436974179,7.488234409244874,9.612232186252404,7.671534491567019,8.997500630612704,0.5947020427584545
ssp126,optimized,D,2036,wpd,W m-2,equal weight across model-level China annual means,17,30.90404204474489,22.132591831133407,36.66426853069072,28.30532308506557,34.3563112308757,3.1851067144474694
ssp126,optimized,D,2037,pvpot,W m-2,equal weight across model-level China annual means,17,202.32043402455452,198.3703158416976,206.33904062967068,199.32020451897253,205.60244406849546,2.362885317275577
ssp126,optimized,D,2037,rsds,W m-2,equal weight across model-level China annual means,17,195.11919668982264,191.0951695896647,199.196396085231,192.21771580852158,198.4386907889169,2.3825822588035828
ssp126,optimized,D,2037,sfcWind_10m,m s-1,equal weight across model-level China annual means,17,1.3339319123321407,1.1820865352725385,1.4005000074004472,1.2896733369196396,1.368274313521916,0.046191878716348625
ssp126,optimized,D,2037,tas_c,degree_Celsius,equal weight across model-level China annual means,17,8.305551660903324,7.667349965755025,9.452253293021245,7.879737647925324,8.725008829802627,0.412172910838315
ssp126,optimized,D,2037,wpd,W m-2,equal weight across model-level China annual means,17,30.65342205863375,23.8928205424297,35.52498649351978,29.623373489102562,32.19275416452908,2.1771082091240097
ssp126,optimized,D,2038,pvpot,W m-2,equal weight across model-level China annual means,17,202.27687020231156,197.49278162238056,207.6736905316578,200.28575180767274,205.15202533298384,2.273337528830461
ssp126,optimized,D,2038,rsds,W m-2,equal weight across model-level China annual means,17,195.2504679314122,189.71507289948366,201.1312867755811,192.927156473319,198.4318152960455,2.5180884909009293
ssp126,optimized,D,2038,sfcWind_10m,m s-1,equal weight across model-level China annual means,17,1.332001371298088,1.2500750155294307,1.430583059029449,1.274002399426936,1.3877295742302858,0.04682877855225217
ssp126,optimized,D,2038,tas_c,degree_Celsius,equal weight across model-level China annual means,17,8.4310221907463,7.4215033117082045,9.600508584498959,7.831509153359823,8.86069055795261,0.5066744740292122
ssp126,optimized,D,2038,wpd,W m-2,equal weight across model-level China annual means,17,29.89856470529091,27.43595574846155,33.427122567163515,27.5671073491615,33.09906518588625,2.193987393104826
ssp126,optimized,D,2039,pvpot,W m-2,equal weight across model-level China annual means,17,202.49313728915354,198.54425037775252,207.43160857913938,199.82442546421981,205.86677802963547,2.2559294164835664
ssp126,optimized,D,2039,rsds,W m-2,equal weight across model-level China annual means,17,195.50799178359802,191.13784807199087,200.97426870926813,192.43780102273166,199.1480382294394,2.553872389396932
ssp126,optimized,D,2039,sfcWind_10m,m s-1,equal weight across model-level China annual means,17,1.3305517765473374,1.1986470978839583,1.4304190386261837,1.265225696760333,1.388626033982801,0.05353379858369883
ssp126,optimized,D,2039,tas_c,degree_Celsius,equal weight across model-level China annual means,17,8.494341700498968,7.629205519538874,9.608305225939159,7.827210173676301,9.177541792551553,0.5475131449618512
ssp126,optimized,D,2039,wpd,W m-2,equal weight across model-level China annual means,17,29.90674156601417,23.68228902521204,34.18627125603382,25.851668106896764,33.318811540648404,2.8472163910869974
ssp126,optimized,D,2040,pvpot,W m-2,equal weight across model-level China annual means,17,201.67505188341408,196.93838575159722,208.5128577926271,198.5926652644507,205.37912949634583,2.856884488722729
ssp126,optimized,D,2040,rsds,W m-2,equal weight across model-level China annual means,17,194.72714715086414,189.20226042688662,202.284989555865,191.38910265294587,198.73796963498788,3.1700588983072215
ssp126,optimized,D,2040,sfcWind_10m,m s-1,equal weight across model-level China annual means,17,1.3190113992037138,1.1979085768426398,1.398237687688631,1.2467419993326616,1.3851018244850284,0.056275668842917674
ssp126,optimized,D,2040,tas_c,degree_Celsius,equal weight across model-level China annual means,17,8.521938335647977,7.729092747996423,9.722711390456823,7.808745595082016,9.410111631755697,0.6564493290527
ssp126,optimized,D,2040,wpd,W m-2,equal weight across model-level China annual means,17,30.18149421742679,24.08891730669689,35.37455802166236,26.090484014868213,34.243795915350226,3.2070494056905643
ssp126,optimized,D,2041,pvpot,W m-2,equal weight across model-level China annual means,17,202.2168783187729,198.44928562675284,206.2852271006201,199.251366379757,205.28595259265697,2.253346532487033
ssp126,optimized,D,2041,rsds,W m-2,equal weight across model-level China annual means,17,195.21873512048757,191.30400911190827,199.55299809635588,192.16066611341057,198.8553306489572,2.489455255125955
ssp126,optimized,D,2041,sfcWind_10m,m s-1,equal weight across model-level China annual means,17,1.314583305740409,1.209027842779872,1.4010520719058739,1.2320160025408562,1.3786343332234647,0.05504687145846966
ssp126,optimized,D,2041,tas_c,degree_Celsius,equal weight across model-level China annual means,17,8.425657023663744,7.722998692058176,9.366275422407057,7.803714293974689,9.10328257069573,0.4491325814585657
ssp126,optimized,D,2041,wpd,W m-2,equal weight across model-level China annual means,17,29.587850250733563,24.99959849175635,33.53579923442857,25.708677349440116,32.59103554920724,2.574235763757969
ssp126,optimized,D,2042,pvpot,W m-2,equal weight across model-level China annual means,17,201.64638908754816,195.05437920904328,206.0745355969503,197.82605588138586,205.04242050060378,2.938164838031377
ssp126,optimized,D,2042,rsds,W m-2,equal weight across model-level China annual means,17,194.60694580342985,187.78082274786235,199.44603472937573,191.19685118684777,198.09295141709399,2.98798841547513
ssp126,optimized,D,2042,sfcWind_10m,m s-1,equal weight across model-level China annual means,17,1.333205017480799,1.120342197446528,1.4508898261465915,1.2594883046209153,1.414685188573312,0.07794423171442647
ssp126,optimized,D,2042,tas_c,degree_Celsius,equal weight across model-level China annual means,17,8.510356839453088,7.445530196710301,9.876764459110545,7.845492516806143,9.290704207342435,0.6123290289497367
ssp126,optimized,D,2042,wpd,W m-2,equal weight across model-level China annual means,17,29.885365272255946,20.664277186822137,35.95226771465959,27.02516156889314,34.13827355852154,3.5443295299710234
ssp126,optimized,D,2043,pvpot,W m-2,equal weight across model-level China annual means,17,202.6149470365411,197.93288782455554,207.66525431877926,198.59567909935913,206.96548262536515,3.0581671812528937
ssp126,optimized,D,2043,rsds,W m-2,equal weight across model-level China annual means,17,195.71156417694402,190.14261098041777,201.38749092518762,191.92658165957505,200.62820796393015,3.2068161760657428
ssp126,optimized,D,2043,sfcWind_10m,m s-1,equal weight across model-level China annual means,17,1.328102776598711,1.222321273990283,1.3793298544899197,1.2768517683724074,1.3703145045512821,0.04163524478500436
ssp126,optimized,D,2043,tas_c,degree_Celsius,equal weight across model-level China annual means,17,8.517387992235951,7.510198869669041,10.298218562480708,7.845557512781021,9.127725397012753,0.6733924287689217
ssp126,optimized,D,2043,wpd,W m-2,equal weight across model-level China annual means,17,30.35538745264646,26.465701454663613,33.076617863166724,28.33896452600744,32.8005702615776,1.7502101812188917
ssp126,optimized,D,2044,pvpot,W m-2,equal weight across model-level China annual means,17,202.4059971802168,196.53460612260918,208.57964969134477,199.47672530289776,207.0919573167593,3.138036457739453
ssp126,optimized,D,2044,rsds,W m-2,equal weight across model-level China annual means,17,195.56580283522285,191.01608009025608,202.6085400386788,192.46102493769388,200.9792965552478,3.341392107159342
ssp126,optimized,D,2044,sfcWind_10m,m s-1,equal weight across model-level China annual means,17,1.3216938201897357,1.1863531626669237,1.4271844860353566,1.2944508184616017,1.3581478261145805,0.04675349223122273
ssp126,optimized,D,2044,tas_c,degree_Celsius,equal weight across model-level China annual means,17,8.604611304219173,7.761564903461564,9.859861091994924,8.036985258543933,9.318897289040532,0.5875167897850101
ssp126,optimized,D,2044,wpd,W m-2,equal weight across model-level China annual means,17,29.705241921196343,23.06559940034757,33.99941522181586,27.505436962719653,32.62810466553404,2.4093740282398723
ssp126,optimized,D,2045,pvpot,W m-2,equal weight across model-level China annual means,17,203.06900757108968,199.92132153989095,206.67762765293662,200.13027263074613,206.24532853922202,2.2951879195731064
ssp126,optimized,D,2045,rsds,W m-2,equal weight across model-level China annual means,17,196.1475776804936,192.67071307959566,200.23590774448567,193.08289975269363,199.51650437808652,2.356024992966996
ssp126,optimized,D,2045,sfcWind_10m,m s-1,equal weight across model-level China annual means,17,1.3315045605525069,1.1711730500244275,1.429253869029938,1.2676033550365202,1.367424997545944,0.05796517473403763
ssp126,optimized,D,2045,tas_c,degree_Celsius,equal weight across model-level China annual means,17,8.589420205741522,7.860406396508803,9.663402088252774,8.120825715125761,9.337007732816161,0.49945776668442504
ssp126,optimized,D,2045,wpd,W m-2,equal weight across model-level China annual means,17,30.351891462625684,22.998209003892413,36.56678144154048,27.310104114693807,33.82730156685091,3.071002113248549
ssp126,optimized,D,2046,pvpot,W m-2,equal weight across model-level China annual means,17,202.88263473042142,199.49916521642243,211.94696167253014,200.0722943679753,206.75328259863858,3.184142066929697
ssp126,optimized,D,2046,rsds,W m-2,equal weight across model-level China annual means,17,195.97239129400643,192.0381219316475,205.84579192941382,192.65554560370686,200.12801490011856,3.445265598277925
ssp126,optimized,D,2046,sfcWind_10m,m s-1,equal weight across model-level China annual means,17,1.3449497151725947,1.275986697992285,1.4113933692458636,1.2888514827209399,1.3950153728040142,0.042047225948035796
ssp126,optimized,D,2046,tas_c,degree_Celsius,equal weight across model-level China annual means,17,8.550537233595527,7.789029896029554,10.402593512435166,7.854328027835348,9.232337669364446,0.6565500370024486
ssp126,optimized,D,2046,wpd,W m-2,equal weight across model-level China annual means,17,31.007840225784744,25.938635832655148,36.893663942909434,28.177384906602484,33.783229199715855,2.6108700920727803
ssp126,optimized,D,2047,pvpot,W m-2,equal weight across model-level China annual means,17,202.9784489666743,194.2106769962276,210.64500898162896,197.88288576280706,207.13807691862635,3.9615188449166063
ssp126,optimized,D,2047,rsds,W m-2,equal weight across model-level China annual means,17,196.11404880890285,188.7072693760288,204.37894944426702,190.55136374105763,200.33833305678,4.018101036308402
ssp126,optimized,D,2047,sfcWind_10m,m s-1,equal weight across model-level China annual means,17,1.3218901929149094,1.1959701474011413,1.4359748472536529,1.2375848350075482,1.4155110956968475,0.0680677109688361
ssp126,optimized,D,2047,tas_c,degree_Celsius,equal weight across model-level China annual means,17,8.581473524377557,7.963802127262988,9.818820114118227,8.044698458226543,9.288407594904063,0.5021380357807179
ssp126,optimized,D,2047,wpd,W m-2,equal weight across model-level China annual means,17,29.50102532355841,22.76764297259321,36.65000174695191,24.16927334516403,35.11681310674323,3.865493105247566
ssp126,optimized,D,2048,pvpot,W m-2,equal weight across model-level China annual means,17,203.3389963700844,198.7626294830011,207.8739113589113,200.03251454561556,206.91348913815975,2.6729453329317803
ssp126,optimized,D,2048,rsds,W m-2,equal weight across model-level China annual means,17,196.62864676713087,192.17538174389526,201.32199527717725,192.88280754049438,200.96339069087418,2.9609933755868654
ssp126,optimized,D,2048,sfcWind_10m,m s-1,equal weight across model-level China annual means,17,1.2933613034713327,1.1719917279851975,1.3919938039388162,1.2384627148839629,1.3495912370164582,0.05324165848416977
ssp126,optimized,D,2048,tas_c,degree_Celsius,equal weight across model-level China annual means,17,8.713356564154733,7.264685137246981,9.776171625411875,7.799336632975007,9.62859673233663,0.7238840019894706
ssp126,optimized,D,2048,wpd,W m-2,equal weight across model-level China annual means,17,28.67429607683718,22.353740612626353,31.899568517057755,25.66956006770858,31.650943023114447,2.511059090749829
ssp126,optimized,D,2049,pvpot,W m-2,equal weight across model-level China annual means,17,203.2644107950709,197.76115909520476,206.8184988719165,199.91616146171674,206.47902547827294,2.609495234798548
ssp126,optimized,D,2049,rsds,W m-2,equal weight across model-level China annual means,17,196.64214893100402,190.44272333235767,200.2485725938493,192.95599343380653,200.1661784224741,2.860639458462389
ssp126,optimized,D,2049,sfcWind_10m,m s-1,equal weight across model-level China annual means,17,1.3091866600839566,1.1340012720801398,1.4096868710416324,1.2471541728149134,1.368837734379895,0.0627363387184552
ssp126,optimized,D,2049,tas_c,degree_Celsius,equal weight across model-level China annual means,17,8.830681760337784,8.090750619643531,9.611780449819413,8.244956438384515,9.426566661510419,0.4838946040400581
ssp126,optimized,D,2049,wpd,W m-2,equal weight across model-level China annual means,17,29.050044756133374,22.229460481352874,33.406836649558734,25.638584564777204,32.547504913865595,2.8581908195736556
ssp126,optimized,D,2050,pvpot,W m-2,equal weight across model-level China annual means,17,202.64491989810236,197.01919826504283,209.92294601084708,199.40371771842578,207.30314600480335,3.157134384457527
ssp126,optimized,D,2050,rsds,W m-2,equal weight across model-level China annual means,17,195.83170639880643,191.06317693882784,203.91401603963254,192.22983627554876,200.81052711564496,3.401501292333283
ssp126,optimized,D,2050,sfcWind_10m,m s-1,equal weight across model-level China annual means,17,1.318591144896162,1.1408962430756981,1.4503568331077235,1.2504486076738028,1.3811850727856425,0.0683897664565052
ssp126,optimized,D,2050,tas_c,degree_Celsius,equal weight across model-level China annual means,17,8.663597091488665,7.775842601189052,9.587141695079628,7.959038801909079,9.312258176617659,0.5450534269148016
ssp126,optimized,D,2050,wpd,W m-2,equal weight across model-level China annual means,17,29.52493717523955,21.60157249823926,33.59429725061619,26.41219812476668,33.25173577888668,2.9663320218543037
ssp126,optimized,D,2051,pvpot,W m-2,equal weight across model-level China annual means,17,203.10361989617667,196.3478097338301,210.36478650264522,200.21106542884291,206.84261086741915,3.1700226832098943
ssp126,optimized,D,2051,rsds,W m-2,equal weight across model-level China annual means,17,196.3172461131804,189.44428044620147,204.4957119692293,193.45975421344463,200.17538594144116,3.2733490350544625
ssp126,optimized,D,2051,sfcWind_10m,m s-1,equal weight across model-level China annual means,17,1.3138253246715887,1.1857445459257745,1.4061525756666553,1.2289097998426193,1.3889018755321614,0.06078909136480047
ssp126,optimized,D,2051,tas_c,degree_Celsius,equal weight across model-level China annual means,17,8.66815670284991,7.884080996244247,9.807115364154127,8.042021022582515,9.661912297852705,0.5902433170930809
ssp126,optimized,D,2051,wpd,W m-2,equal weight across model-level China annual means,17,29.56944307297851,22.81873303080317,33.38801718576544,24.171838492368448,32.67381485617599,3.1834189533741024
ssp126,optimized,D,2052,pvpot,W m-2,equal weight across model-level China annual means,17,202.85987920255144,197.22230926065802,209.4937314167366,199.07886008733894,206.90173377833054,3.1634981808273146
ssp126,optimized,D,2052,rsds,W m-2,equal weight across model-level China annual means,17,196.15107278945106,189.96163245044139,203.64773962531316,191.4579557802763,200.39269055298223,3.614258015982049
ssp126,optimized,D,2052,sfcWind_10m,m s-1,equal weight across model-level China annual means,17,1.3064065434444063,1.175148314938417,1.3875332022508007,1.2518932167810466,1.360648346018945,0.051471343442692025
ssp126,optimized,D,2052,tas_c,degree_Celsius,equal weight across model-level China annual means,17,8.715213615063703,7.442778336630365,10.071835788047062,8.17877578270113,9.54305461255941,0.6418829617928763
ssp126,optimized,D,2052,wpd,W m-2,equal weight across model-level China annual means,17,28.957728539359326,22.86412454358461,35.995280081394576,26.45502474333769,31.30245171992468,2.7254648329873103
ssp126,optimized,D,2053,pvpot,W m-2,equal weight across model-level China annual means,17,202.71200333667136,197.80534505263702,210.11623051906565,198.57605270023748,207.67873889067158,3.5073770263554653
ssp126,optimized,D,2053,rsds,W m-2,equal weight across model-level China annual means,17,195.97099108765687,190.01890816162668,203.95218733791387,191.78472923892141,201.49611873305278,3.775409419105978
ssp126,optimized,D,2053,sfcWind_10m,m s-1,equal weight across model-level China annual means,17,1.311511541016289,1.2358157024136254,1.4001928914476451,1.2429745036929278,1.3905048584307704,0.05336280847814325
ssp126,optimized,D,2053,tas_c,degree_Celsius,equal weight across model-level China annual means,17,8.696896839133338,7.5528248825075375,10.121900697583463,7.918829100340475,9.301388084620774,0.6237145657724537
ssp126,optimized,D,2053,wpd,W m-2,equal weight across model-level China annual means,17,29.2770737412496,25.701294774701207,35.32005429372935,26.265457748065824,32.13286683604018,2.526897861060769
ssp126,optimized,D,2054,pvpot,W m-2,equal weight across model-level China annual means,17,202.76193458028956,193.34384203098168,210.54779535843838,198.57864294693604,208.5551471770219,4.164833725496148
ssp126,optimized,D,2054,rsds,W m-2,equal weight across model-level China annual means,17,195.99820999741405,187.83636778555527,204.5572583776249,191.23779346683136,201.94499046775914,4.291923118752921
ssp126,optimized,D,2054,sfcWind_10m,m s-1,equal weight across model-level China annual means,17,1.3056512914863583,1.2199151521684652,1.3845279600338332,1.2353527213830653,1.3525138742384484,0.04510517227020366
ssp126,optimized,D,2054,tas_c,degree_Celsius,equal weight across model-level China annual means,17,8.715374314579293,7.7312434605917355,10.063570381272646,7.940331470864598,9.382224478775859,0.5780471424575269
ssp126,optimized,D,2054,wpd,W m-2,equal weight across model-level China annual means,17,29.139927668815954,25.30710640821066,35.71089320375126,25.445414412145144,32.96484130335867,2.9103775378444134
ssp126,optimized,D,2055,pvpot,W m-2,equal weight across model-level China annual means,17,202.981639168195,196.62379497071097,210.0412334019251,198.13556379455142,206.61768555282856,3.4903642997878976
ssp126,optimized,D,2055,rsds,W m-2,equal weight across model-level China annual means,17,196.35271526922975,189.5982476917816,203.96254186873838,191.79115547734605,200.52203818778423,3.650266557791317
ssp126,optimized,D,2055,sfcWind_10m,m s-1,equal weight across model-level China annual means,17,1.3183172301656596,1.2028628862514037,1.4027823012980927,1.2499522627511401,1.3833793177177376,0.053362065793053276
ssp126,optimized,D,2055,tas_c,degree_Celsius,equal weight across model-level China annual means,17,8.864872320598485,7.720318934822853,9.764929090137686,8.2352098075118,9.507770259990082,0.5357343652982883
ssp126,optimized,D,2055,wpd,W m-2,equal weight across model-level China annual means,17,29.167270359242156,23.99133551589888,34.0725485383644,25.29976443739451,32.53187014671928,2.8100796282348344
ssp126,optimized,D,2056,pvpot,W m-2,equal weight across model-level China annual means,17,203.5973868618755,197.36835084537424,210.08705262709177,200.05597744080106,207.07048338983807,3.1289596554906653
ssp126,optimized,D,2056,rsds,W m-2,equal weight across model-level China annual means,17,196.91582130622803,190.32816890483934,203.96241666242864,193.24627246189675,200.26575955282047,3.296639980005448
ssp126,optimized,D,2056,sfcWind_10m,m s-1,equal weight across model-level China annual means,17,1.3447257172926252,1.247406023332524,1.4233016919672556,1.299902645375065,1.384369359831922,0.040357703893009904
ssp126,optimized,D,2056,tas_c,degree_Celsius,equal weight across model-level China annual means,17,8.81610009625469,8.166437994684411,10.208019374782632,8.293315832503428,9.476078769872794,0.5429733929429034
ssp126,optimized,D,2056,wpd,W m-2,equal weight across model-level China annual means,17,30.593444439718184,25.058772842014097,34.21913850068477,28.296717269889935,33.68071322261404,2.326172715382469
ssp126,optimized,D,2057,pvpot,W m-2,equal weight across model-level China annual means,17,203.71423780394315,198.3756896212128,211.803348489325,199.6470096532729,207.3732929020575,3.3129388603498087
ssp126,optimized,D,2057,rsds,W m-2,equal weight across model-level China annual means,17,197.10985164837692,191.1575650768524,206.00621678615926,192.6886160942859,200.913229391472,3.6831584477991277
ssp126,optimized,D,2057,sfcWind_10m,m s-1,equal weight across model-level China annual means,17,1.2931209558558459,1.2124443427785905,1.3772950870001075,1.2246862553832623,1.357388767749486,0.05122621488727221
ssp126,optimized,D,2057,tas_c,degree_Celsius,equal weight across model-level China annual means,17,8.83193677553483,7.693243485225754,10.429420783825849,7.997562905534072,9.507131050082329,0.6693106916086702
ssp126,optimized,D,2057,wpd,W m-2,equal weight across model-level China annual means,17,28.575332312902013,24.435187761153717,32.98067385862647,25.074634239330805,31.84268879462116,2.620138594178677
ssp126,optimized,D,2058,pvpot,W m-2,equal weight across model-level China annual means,17,203.90327167047897,198.4903086151253,209.17303850488292,200.4932750105183,208.47506284839625,3.1164733059808047
ssp126,optimized,D,2058,rsds,W m-2,equal weight across model-level China annual means,17,197.28960014447654,191.6716634085614,202.98216505965948,193.9097136458837,201.97910915798,3.2522517821344072
ssp126,optimized,D,2058,sfcWind_10m,m s-1,equal weight across model-level China annual means,17,1.3138613076120014,1.1806365362221012,1.3885197839513674,1.2542786244379027,1.360237666097402,0.050468476844998514
ssp126,optimized,D,2058,tas_c,degree_Celsius,equal weight across model-level China annual means,17,8.79840182536104,7.962559402584944,9.894216530964396,8.04567251923057,9.618980545495914,0.5790140365616262
ssp126,optimized,D,2058,wpd,W m-2,equal weight across model-level China annual means,17,29.574698305476073,23.149339502915343,35.79490903706715,25.876749627461123,32.604655645636505,2.9666380558508543
ssp126,optimized,D,2059,pvpot,W m-2,equal weight across model-level China annual means,17,203.59110912651977,197.27135880307446,211.0448566123048,200.05116615640316,207.8459538733745,3.4464020712946972
ssp126,optimized,D,2059,rsds,W m-2,equal weight across model-level China annual means,17,197.05760264609006,189.0918196561805,205.2078034283379,192.8281657607152,201.5273342911155,3.8643371175988843
ssp126,optimized,D,2059,sfcWind_10m,m s-1,equal weight across model-level China annual means,17,1.3043611275831644,1.1675446126092675,1.3930527510753496,1.2189389556255532,1.3860043310629857,0.06472285270346428
ssp126,optimized,D,2059,tas_c,degree_Celsius,equal weight across model-level China annual means,17,8.895797711337522,7.25767143581363,10.051083341357879,8.165499935807807,9.708820037960189,0.7134701891630042
ssp126,optimized,D,2059,wpd,W m-2,equal weight across model-level China annual means,17,29.31890584793682,22.445210654788998,35.65688317477895,25.144035652050718,32.35572609296531,3.11441400572596
ssp126,optimized,D,2060,pvpot,W m-2,equal weight across model-level China annual means,17,203.3232747857901,196.1539920337316,210.84999780744874,199.75170646061585,207.90889780500106,3.623319441339911
ssp126,optimized,D,2060,rsds,W m-2,equal weight across model-level China annual means,17,196.81769979172762,188.07945161830193,204.63614539590787,192.92896917014468,201.59534893081945,4.016956574750322
ssp126,optimized,D,2060,sfcWind_10m,m s-1,equal weight across model-level China annual means,17,1.302510970156336,1.1715910199183492,1.4503635877485108,1.2472885248283387,1.3531105098762657,0.0583680376456957
ssp126,optimized,D,2060,tas_c,degree_Celsius,equal weight across model-level China annual means,17,8.94145083056787,7.424712549053814,10.64697221151431,7.755042262453506,9.815171723218006,0.8391171572373275
ssp126,optimized,D,2060,wpd,W m-2,equal weight across model-level China annual means,17,28.78249510573963,22.00949335156888,35.378237620405635,25.898484918640136,32.07453841727186,3.0534478524246946
ssp126,optimized,D,2061,pvpot,W m-2,equal weight across model-level China annual means,17,203.35647640693446,198.90678658269164,210.1330372380829,200.30008836406944,207.75787831516175,3.0758274202795315
ssp126,optimized,D,2061,rsds,W m-2,equal weight across model-level China annual means,17,196.70186509712667,191.23213291174167,204.11195128984195,193.82306467805324,201.01104931664608,3.239378192747801
ssp126,optimized,D,2061,sfcWind_10m,m s-1,equal weight across model-level China annual means,17,1.3151161100426634,1.1884258936677008,1.4235161928712377,1.2664562566879514,1.4028880555661716,0.058584351859544824
ssp126,optimized,D,2061,tas_c,degree_Celsius,equal weight across model-level China annual means,17,8.824563489660713,7.7445990618928136,10.186551110536747,8.079708114463909,9.495071511340432,0.6138270805614727
ssp126,optimized,D,2061,wpd,W m-2,equal weight across model-level China annual means,17,29.42315961434107,22.345468181038342,34.66220181447102,26.511196507635606,32.83184106119486,3.042799062869972
ssp126,optimized,D,2062,pvpot,W m-2,equal weight across model-level China annual means,17,203.37693106618426,195.6202481730423,211.45114547451598,200.97020635819436,207.4060230749751,3.3587997650510815
ssp126,optimized,D,2062,rsds,W m-2,equal weight across model-level China annual means,17,196.65747249234803,188.12899375124152,205.96055847362052,194.06061612498974,200.82223483458395,3.7576944885415062
ssp126,optimized,D,2062,sfcWind_10m,m s-1,equal weight across model-level China annual means,17,1.3098597056563208,1.2190460295596561,1.4307780764753353,1.2547050398520092,1.3723591512038502,0.05254519316622592
ssp126,optimized,D,2062,tas_c,degree_Celsius,equal weight across model-level China annual means,17,8.71783921998609,7.779270686398248,10.08079821036395,8.007585724274572,9.614060833420657,0.6526762312905933
ssp126,optimized,D,2062,wpd,W m-2,equal weight across model-level China annual means,17,29.292882537028305,25.16567817313619,34.086597111907224,26.331545010536463,33.801741335568344,2.685439463868226
ssp126,optimized,D,2063,pvpot,W m-2,equal weight across model-level China annual means,17,203.04422382720213,197.57417384817973,208.6191343492733,197.89554657152866,207.6180137911112,3.5302201522734125
ssp126,optimized,D,2063,rsds,W m-2,equal weight across model-level China annual means,17,196.52962220701582,190.21015820348643,202.9745417391387,191.02282787925745,201.84219155700688,3.9141143235515408
ssp126,optimized,D,2063,sfcWind_10m,m s-1,equal weight across model-level China annual means,17,1.2980377693572778,1.2050765523270526,1.3985185248331413,1.2343169609912914,1.359392686460633,0.0510243746466213
ssp126,optimized,D,2063,tas_c,degree_Celsius,equal weight across model-level China annual means,17,8.943700918902564,8.025820276403174,10.357880051687955,8.25705340615694,9.69107305307429,0.6181024859359615
ssp126,optimized,D,2063,wpd,W m-2,equal weight across model-level China annual means,17,28.663114954098763,23.426590797273743,34.692505266028306,25.59672476917762,34.23358023819914,3.2210412211831585
ssp126,optimized,D,2064,pvpot,W m-2,equal weight across model-level China annual means,17,203.08484645740495,197.76211456627288,210.74296704996752,199.57664504800692,207.7987612737978,3.525531442403341
ssp126,optimized,D,2064,rsds,W m-2,equal weight across model-level China annual means,17,196.5291153372316,192.1695943171629,204.56866904813504,192.88372552612913,201.40581029396571,3.6660180172754475
ssp126,optimized,D,2064,sfcWind_10m,m s-1,equal weight across model-level China annual means,17,1.3224109692662898,1.1659703336990705,1.4023474756698493,1.267744982482154,1.3818980389118787,0.05733807616380243
ssp126,optimized,D,2064,tas_c,degree_Celsius,equal weight across model-level China annual means,17,8.900992676117914,7.407520986984813,10.734523714863487,8.10882886753803,9.595111086400316,0.7271510232852169
ssp126,optimized,D,2064,wpd,W m-2,equal weight across model-level China annual means,17,30.04203206759765,22.750869266881665,34.852652366816045,27.091324163532533,33.46017821595786,3.0797855893888886
ssp126,optimized,D,2065,pvpot,W m-2,equal weight across model-level China annual means,17,203.60900111802803,196.30316991223376,208.85546852578008,199.65865602119902,207.739126556128,3.2602429191255267
ssp126,optimized,D,2065,rsds,W m-2,equal weight across model-level China annual means,17,196.90772994617032,188.72818275180748,202.5110545061635,192.9556220598716,201.26499989730175,3.491388958987877
ssp126,optimized,D,2065,sfcWind_10m,m s-1,equal weight across model-level China annual means,17,1.3104989941452438,1.1635091577060215,1.4355716195719233,1.239534390482415,1.3998718080062542,0.06650243699987791
ssp126,optimized,D,2065,tas_c,degree_Celsius,equal weight across model-level China annual means,17,8.761137101089021,7.340290536701264,10.131960500437609,7.871961112180501,9.53535341863268,0.6953807767173507
ssp126,optimized,D,2065,wpd,W m-2,equal weight across model-level China annual means,17,29.209971768574075,23.291489351271675,35.9982832676121,25.857475138547034,33.065233619609,3.1911695257747703
ssp126,optimized,D,2066,pvpot,W m-2,equal weight across model-level China annual means,17,203.75916548724842,199.04770950010098,207.7526460852905,200.04543850078477,207.03315382620383,2.643081231479454
ssp126,optimized,D,2066,rsds,W m-2,equal weight across model-level China annual means,17,197.2310973856717,191.84509740985084,201.43575170204295,194.1286696369054,200.8078892327906,2.7444071183298173
ssp126,optimized,D,2066,sfcWind_10m,m s-1,equal weight across model-level China annual means,17,1.3251403092350447,1.2085546398521225,1.3965854324475073,1.280110531541504,1.3831905524353125,0.046802822748883074
ssp126,optimized,D,2066,tas_c,degree_Celsius,equal weight across model-level China annual means,17,8.923622080334637,8.248485069849206,10.023273634193613,8.324297692860537,9.61183857065248,0.5364760462300272
ssp126,optimized,D,2066,wpd,W m-2,equal weight across model-level China annual means,17,30.11460696077808,23.94055210145781,33.55649452189682,26.579834101567016,33.00615569303549,2.7156876617163594
ssp126,optimized,D,2067,pvpot,W m-2,equal weight across model-level China annual means,17,203.5474007955626,197.1769589455779,210.58621534750853,199.92875947539972,207.68378971917215,3.3737105358287285
ssp126,optimized,D,2067,rsds,W m-2,equal weight across model-level China annual means,17,196.99168152148604,189.14213688177722,204.60316559832472,193.40513882625717,201.9970719310816,3.7331321439821865
ssp126,optimized,D,2067,sfcWind_10m,m s-1,equal weight across model-level China annual means,17,1.307268252245694,1.1363959588519488,1.4307059895450795,1.2238271529339981,1.3647998443047207,0.06657769254423733
ssp126,optimized,D,2067,tas_c,degree_Celsius,equal weight across model-level China annual means,17,8.870255286637583,7.406434039267867,9.795252940586973,8.08802077794357,9.626352941292506,0.6714130665262781
ssp126,optimized,D,2067,wpd,W m-2,equal weight across model-level China annual means,17,29.08599500162949,21.627598439097266,36.36407036644563,25.71451080681856,32.8316919037077,3.2941279733398647
ssp126,optimized,D,2068,pvpot,W m-2,equal weight across model-level China annual means,17,203.7586386548348,197.8502008499366,209.92872045280708,199.60669546046137,207.59582953540937,3.0908135073195466
ssp126,optimized,D,2068,rsds,W m-2,equal weight across model-level China annual means,17,197.31601433253277,190.38404137781416,203.87600913814617,193.32706525098465,200.86575611042917,3.3369870737293863
ssp126,optimized,D,2068,sfcWind_10m,m s-1,equal weight across model-level China annual means,17,1.3044281955641994,1.2089826544933866,1.3957201606859266,1.2440923297913689,1.3714072190277957,0.05295832458728339
ssp126,optimized,D,2068,tas_c,degree_Celsius,equal weight across model-level China annual means,17,8.98237907141176,8.046726262986711,10.107331010856804,8.063320532979587,9.944484988026375,0.724657581599073
ssp126,optimized,D,2068,wpd,W m-2,equal weight across model-level China annual means,17,29.206665711556667,23.290617490593714,35.22269825245127,25.254758796681074,34.11306759509905,3.209646557162297
ssp126,optimized,D,2069,pvpot,W m-2,equal weight across model-level China annual means,17,203.4880383809484,199.16973846415374,209.63163249675645,200.24836286996504,207.92463190261017,3.0051210723659465
ssp126,optimized,D,2069,rsds,W m-2,equal weight across model-level China annual means,17,196.96986643192517,192.13063515158322,203.78934662029283,193.1908166146892,201.64717132357967,3.289888960942494
ssp126,optimized,D,2069,sfcWind_10m,m s-1,equal weight across model-level China annual means,17,1.2964599144958082,1.196191572987477,1.3967739605846885,1.2448896035355212,1.3645292409032719,0.05055633993468448
ssp126,optimized,D,2069,tas_c,degree_Celsius,equal weight across model-level China annual means,17,8.914433521430563,7.436771551370334,10.195045818696034,8.245834741649533,9.740804272384906,0.694781689495783
ssp126,optimized,D,2069,wpd,W m-2,equal weight across model-level China annual means,17,28.59185812600528,23.669572704611998,32.213498514485856,26.161230101903012,31.396343173649278,2.1692462612999073
ssp126,optimized,D,2070,pvpot,W m-2,equal weight across model-level China annual means,17,204.49601660353485,199.0335539333412,209.730443473939,200.92555748744732,208.70857401248807,3.058199581033757
ssp126,optimized,D,2070,rsds,W m-2,equal weight across model-level China annual means,17,197.8791624616979,191.5679159419503,203.60886822899036,194.0797358394771,202.25217387813498,3.2657770270400728
ssp126,optimized,D,2070,sfcWind_10m,m s-1,equal weight across model-level China annual means,17,1.3152636006729996,1.2017961875246423,1.4298526794740187,1.2412473452862056,1.4028201491880516,0.06346866522168125
ssp126,optimized,D,2070,tas_c,degree_Celsius,equal weight across model-level China annual means,17,8.844932544855695,7.531395871425031,10.32135894599179,7.999393033430339,9.36222187750848,0.6254723185576246
ssp126,optimized,D,2070,wpd,W m-2,equal weight across model-level China annual means,17,29.568266477709905,23.930597875544198,34.44041551604191,26.184505614175343,34.204496974137236,3.1187922444294034
ssp126,optimized,D,2071,pvpot,W m-2,equal weight across model-level China annual means,17,203.01746486097898,197.77177126024404,208.65804229940878,198.71224423600225,207.45989097866632,3.298070937261183
ssp126,optimized,D,2071,rsds,W m-2,equal weight across model-level China annual means,17,196.40914079565985,190.3456882316738,202.50711918042157,191.66769909287228,201.1683733967098,3.5451434261431105
ssp126,optimized,D,2071,sfcWind_10m,m s-1,equal weight across model-level China annual means,17,1.3192882518869717,1.2231766854432327,1.4240186777151793,1.2469194657143958,1.3921498748522458,0.058416796470221515
ssp126,optimized,D,2071,tas_c,degree_Celsius,equal weight across model-level China annual means,17,8.820621251033533,7.981185613927447,9.809643942779646,8.019583097016858,9.470404583836435,0.6120232077281111
ssp126,optimized,D,2071,wpd,W m-2,equal weight across model-level China annual means,17,29.69696924477502,25.151303051694228,36.866617617055674,25.930888744655164,33.92564018706401,3.2309593766323004
ssp126,optimized,D,2072,pvpot,W m-2,equal weight across model-level China annual means,17,203.53230975786713,197.54343058502403,208.32000424303953,200.36017189912565,207.45196401478,2.995580505421096
ssp126,optimized,D,2072,rsds,W m-2,equal weight across model-level China annual means,17,196.95846352306057,190.61523190157084,201.70476978137538,193.66327526317556,200.9250998847067,3.1720431097050397
ssp126,optimized,D,2072,sfcWind_10m,m s-1,equal weight across model-level China annual means,17,1.3093655653852898,1.1536207234451654,1.4314907158308718,1.2437587213805879,1.39359276445477,0.06637912780130316
ssp126,optimized,D,2072,tas_c,degree_Celsius,equal weight across model-level China annual means,17,8.834809664456431,7.886943870962862,9.793707487613721,8.022862377409837,9.654313491793005,0.5866529642925297
ssp126,optimized,D,2072,wpd,W m-2,equal weight across model-level China annual means,17,29.174696557659313,24.05718416111146,34.345693015037455,25.27551702577126,33.580576287749665,3.289378352061928
ssp126,optimized,D,2073,pvpot,W m-2,equal weight across model-level China annual means,17,204.0508853224803,196.24278039359584,211.758029473675,200.82369641874172,207.61512355022074,3.4273111859018868
ssp126,optimized,D,2073,rsds,W m-2,equal weight across model-level China annual means,17,197.57788313030724,188.69563418918506,205.73116905134495,194.29836324366204,201.2333920972318,3.630058023422911
ssp126,optimized,D,2073,sfcWind_10m,m s-1,equal weight across model-level China annual means,17,1.3179198688072702,1.1841625167640564,1.4316518008154782,1.2438937866019701,1.3791646634552925,0.05914364032634541
ssp126,optimized,D,2073,tas_c,degree_Celsius,equal weight across model-level China annual means,17,8.941250027856249,8.023021315689528,10.671592746517403,8.217899904690977,9.688296059754714,0.6551547000041543
ssp126,optimized,D,2073,wpd,W m-2,equal weight across model-level China annual means,17,29.368293462441038,24.13890479594697,33.223427441395174,26.515564921334917,32.67981077544088,2.4770577396367695
ssp126,optimized,D,2074,pvpot,W m-2,equal weight across model-level China annual means,17,203.19227673926466,197.88053513733246,209.40573528277682,199.16128091814485,207.59547550500955,3.174786370729957
ssp126,optimized,D,2074,rsds,W m-2,equal weight across model-level China annual means,17,196.59059174561747,191.04251564647305,203.74503678908687,192.10939642836345,201.17850607403452,3.454484599582196
ssp126,optimized,D,2074,sfcWind_10m,m s-1,equal weight across model-level China annual means,17,1.329351546632751,1.248732447908995,1.4350949061173761,1.253819145521237,1.3968192656465448,0.0522969547402667
ssp126,optimized,D,2074,tas_c,degree_Celsius,equal weight across model-level China annual means,17,8.88155950145042,7.649816275314144,10.127918171247844,7.849945528094032,9.744441855707587,0.7140865632472887
ssp126,optimized,D,2074,wpd,W m-2,equal weight across model-level China annual means,17,30.170331711677363,27.20601010279505,35.3535291850081,27.335089744011942,33.30958521235937,2.333530750020376
ssp126,optimized,D,2075,pvpot,W m-2,equal weight across model-level China annual means,17,203.685460250086,197.74607410573932,210.2572877123049,198.56403924360646,208.12437581469717,3.7790022549278612
ssp126,optimized,D,2075,rsds,W m-2,equal weight across model-level China annual means,17,197.11792048365228,190.23443980725622,204.14802600294897,191.5529501876958,202.5047170244113,4.170047629161046
ssp126,optimized,D,2075,sfcWind_10m,m s-1,equal weight across model-level China annual means,17,1.309198455634673,1.2174486179885393,1.3833526625714179,1.24631512213769,1.361745785517176,0.04545892010514775
ssp126,optimized,D,2075,tas_c,degree_Celsius,equal weight across model-level China annual means,17,8.897257715912023,7.446050308277232,10.140377350073065,7.844187675455736,10.014091838283294,0.7972405698469255
ssp126,optimized,D,2075,wpd,W m-2,equal weight across model-level China annual means,17,29.48091845528386,25.227930477171146,34.68973076004314,25.781640620137356,32.30764121884483,2.5334890439633497
ssp126,optimized,D,2076,pvpot,W m-2,equal weight across model-level China annual means,17,203.4233111308553,197.46260180145427,211.85441942357923,199.61106029018222,207.30917447738813,3.4056145693808855
ssp126,optimized,D,2076,rsds,W m-2,equal weight across model-level China annual means,17,196.84777423643777,191.32525084149248,206.24103737842316,192.1981404765347,200.62294045020508,3.6783766912597566
ssp126,optimized,D,2076,sfcWind_10m,m s-1,equal weight across model-level China annual means,17,1.3309132530811827,1.2527306570078307,1.4163446523592336,1.2703017074691583,1.4051868056097934,0.05292487431996305
ssp126,optimized,D,2076,tas_c,degree_Celsius,equal weight across model-level China annual means,17,8.923429063966864,7.697814867362882,10.176496387189127,7.981151267540138,9.900152241874325,0.7766711525710965
ssp126,optimized,D,2076,wpd,W m-2,equal weight across model-level China annual means,17,30.13603401567935,25.362298548381915,35.60266591345691,26.956962504889432,33.61949569829549,2.810931492432007
ssp126,optimized,D,2077,pvpot,W m-2,equal weight across model-level China annual means,17,203.55720168399242,198.88262750686,210.72063849113036,200.7198257181673,207.185477362156,2.8878455830137932
ssp126,optimized,D,2077,rsds,W m-2,equal weight across model-level China annual means,17,196.99865247714249,191.6343898499808,203.97070294298183,194.06731668901574,200.69749548742416,3.0206574731458997
ssp126,optimized,D,2077,sfcWind_10m,m s-1,equal weight across model-level China annual means,17,1.313132249941381,1.2398047126333938,1.4006715651797057,1.2531017607494603,1.3735096138459768,0.0453566719284528
ssp126,optimized,D,2077,tas_c,degree_Celsius,equal weight across model-level China annual means,17,8.892472020255992,7.832261835363934,9.92372677861382,8.086211868491397,9.664066167025757,0.5988464991780464
ssp126,optimized,D,2077,wpd,W m-2,equal weight across model-level China annual means,17,29.09587318995386,26.004162541549686,33.64711034698579,26.278867534306737,31.581519065286592,2.180053749137527
ssp126,optimized,D,2078,pvpot,W m-2,equal weight across model-level China annual means,17,204.37187679491092,199.2308573613769,210.308078886807,200.31806901653442,208.420983869744,2.9813521998008894
ssp126,optimized,D,2078,rsds,W m-2,equal weight across model-level China annual means,17,197.8096596145727,191.9781244682441,204.45843678833708,193.11325435759403,202.3108034676763,3.4338125470257053
ssp126,optimized,D,2078,sfcWind_10m,m s-1,equal weight across model-level China annual means,17,1.3043658362140744,1.2192974584884155,1.433632632157485,1.2292938784644014,1.3509228241258018,0.052302494253922575
ssp126,optimized,D,2078,tas_c,degree_Celsius,equal weight across model-level China annual means,17,8.858970626200433,7.414365559451454,10.237962850575297,8.091061839045889,9.706618734219106,0.725892736050056
ssp126,optimized,D,2078,wpd,W m-2,equal weight across model-level China annual means,17,28.773346094829563,24.500555498831506,34.34013296090249,26.021200094269627,31.29168397036377,2.306116893022358
ssp126,optimized,D,2079,pvpot,W m-2,equal weight across model-level China annual means,17,203.83431096127492,197.96855226519259,212.87733228474124,200.04239279990227,208.94548285216123,3.8459328486709956
ssp126,optimized,D,2079,rsds,W m-2,equal weight across model-level China annual means,17,197.27942312477302,190.3488704653046,206.89923352783964,193.1605480279401,202.76539118989731,4.169918353739006
ssp126,optimized,D,2079,sfcWind_10m,m s-1,equal weight across model-level China annual means,17,1.3122058419842377,1.232386218004504,1.404395316479606,1.2555649378519984,1.369180616204484,0.04443962113232308
ssp126,optimized,D,2079,tas_c,degree_Celsius,equal weight across model-level China annual means,17,8.876746259047101,7.809208236348188,10.33204624004578,8.04775682865369,9.614743991282978,0.7018813638416606
ssp126,optimized,D,2079,wpd,W m-2,equal weight across model-level China annual means,17,29.04310033776557,25.51379511282508,32.657097836220125,25.626296672362283,31.809773093062066,2.3407136816274643
ssp126,optimized,D,2080,pvpot,W m-2,equal weight across model-level China annual means,17,204.35737502579627,199.81964372236789,210.80109896645595,200.63727597607758,208.46353055383,3.1568374699080004
ssp126,optimized,D,2080,rsds,W m-2,equal weight across model-level China annual means,17,197.70973106061527,192.48581429334388,204.77418600314,193.4281086887397,202.3029856173766,3.496195592566213
ssp126,optimized,D,2080,sfcWind_10m,m s-1,equal weight across model-level China annual means,17,1.335726452881976,1.2153440375130107,1.4525179583075405,1.2321149078857045,1.4151036400538377,0.06503930442231036
ssp126,optimized,D,2080,tas_c,degree_Celsius,equal weight across model-level China annual means,17,8.791300147191308,7.691644717742467,10.357272142052304,8.07433726775529,9.621986542747985,0.6938836684191336
ssp126,optimized,D,2080,wpd,W m-2,equal weight across model-level China annual means,17,30.84428549293159,24.670633266015695,35.92071877607234,26.173673707167392,34.468011797742015,3.2787697780840035
ssp126,optimized,D,2081,pvpot,W m-2,equal weight across model-level China annual means,17,203.78745921978208,197.3625399515287,209.51753106144488,201.30448486465247,208.55458087363374,2.9229644076529735
ssp126,optimized,D,2081,rsds,W m-2,equal weight across model-level China annual means,17,197.17155973604477,189.8834779694497,204.04221769890535,194.23173381150167,202.12367859903085,3.3852232579446255
ssp126,optimized,D,2081,sfcWind_10m,m s-1,equal weight across model-level China annual means,17,1.320644496659616,1.1472881754033628,1.4033785875571094,1.2744662371781867,1.3875678949228725,0.060636461448196656
ssp126,optimized,D,2081,tas_c,degree_Celsius,equal weight across model-level China annual means,17,8.821431273046736,7.86257223728989,10.446285454566995,7.944643756703127,9.69754952585156,0.7041425253667927
ssp126,optimized,D,2081,wpd,W m-2,equal weight across model-level China annual means,17,29.810855532178124,22.18342129055303,34.89608615658828,27.38361507067686,33.828390664469126,3.021915589963234
ssp126,optimized,D,2082,pvpot,W m-2,equal weight across model-level China annual means,17,203.6689401024488,197.63232116180993,211.15606129477854,200.6623777203796,206.8323186705533,3.0683241900586795
ssp126,optimized,D,2082,rsds,W m-2,equal weight across model-level China annual means,17,197.01276394000507,190.06511363052724,205.16958724756898,194.50934194998098,200.46606961357324,3.313062679254359
ssp126,optimized,D,2082,sfcWind_10m,m s-1,equal weight across model-level China annual means,17,1.3208142406729004,1.187767770842227,1.3954249956752998,1.2642332075428997,1.367636454113943,0.04860942037208288
ssp126,optimized,D,2082,tas_c,degree_Celsius,equal weight across model-level China annual means,17,8.828555898152704,7.916185690659773,10.261726046377001,8.070003188912743,9.652185167774581,0.6464894379868775
ssp126,optimized,D,2082,wpd,W m-2,equal weight across model-level China annual means,17,29.695107423971457,22.663577986205002,32.52326609738937,27.058195613627422,32.15504281018134,2.4446963940812285
ssp126,optimized,D,2083,pvpot,W m-2,equal weight across model-level China annual means,17,203.67681330719185,199.40230242510287,212.90961913540596,200.21228771742133,207.5947324407847,3.5534695842511757
ssp126,optimized,D,2083,rsds,W m-2,equal weight across model-level China annual means,17,197.13477810162792,192.22818195450898,207.38467445134083,194.13906434423578,201.2039898836126,3.7387561487456265
ssp126,optimized,D,2083,sfcWind_10m,m s-1,equal weight across model-level China annual means,17,1.3125720610099614,1.2056086117109694,1.3765159786099372,1.246065390021533,1.3599108170458953,0.04575298112500494
ssp126,optimized,D,2083,tas_c,degree_Celsius,equal weight across model-level China annual means,17,8.91630241683269,7.725179041714011,10.27228556162897,8.181793187294865,9.61466937080216,0.6330931238764178
ssp126,optimized,D,2083,wpd,W m-2,equal weight across model-level China annual means,17,29.62317617136587,24.773675152160678,34.4157704809429,26.302916140414002,32.588365480112515,2.5780876995267374
ssp126,optimized,D,2084,pvpot,W m-2,equal weight across model-level China annual means,17,203.75494374236794,197.2566707399421,210.3897534486082,199.73067631033757,208.41942671913253,3.517588114411889
ssp126,optimized,D,2084,rsds,W m-2,equal weight across model-level China annual means,17,197.0886361647558,189.6656981236853,204.3558553560595,192.80222586164243,202.8778491820499,4.0555314804821085
ssp126,optimized,D,2084,sfcWind_10m,m s-1,equal weight across model-level China annual means,17,1.3218688293377692,1.1705748222483414,1.4027082459744058,1.2495376492373353,1.3888423252678836,0.058061602899776694
ssp126,optimized,D,2084,tas_c,degree_Celsius,equal weight across model-level China annual means,17,8.806945357716105,7.03794117923728,10.16503465937425,7.815155402128949,9.806194255628055,0.8652378645941562
ssp126,optimized,D,2084,wpd,W m-2,equal weight across model-level China annual means,17,29.674890911843292,22.707491894801848,33.56102734338866,25.644463112285692,32.821267977169356,2.917476666613411
ssp126,optimized,D,2085,pvpot,W m-2,equal weight across model-level China annual means,17,204.29183890166155,197.49365445096137,211.29854374495724,198.53396830574022,208.22227789110696,3.6323888405126357
ssp126,optimized,D,2085,rsds,W m-2,equal weight across model-level China annual means,17,197.6585145647267,189.66971526994223,205.06616679300308,191.4382549082353,201.63450437014532,4.155469244339718
ssp126,optimized,D,2085,sfcWind_10m,m s-1,equal weight across model-level China annual means,17,1.3107505017070824,1.2358540706035093,1.3688767488259275,1.240726686893169,1.3593500360410393,0.04555062818040277
ssp126,optimized,D,2085,tas_c,degree_Celsius,equal weight across model-level China annual means,17,8.803251669942748,7.293470276429718,10.495412447943485,7.604193632046005,9.855252228171835,0.8747208973048426
ssp126,optimized,D,2085,wpd,W m-2,equal weight across model-level China annual means,17,29.285394770491003,24.791814510726145,33.50005709292409,26.062776910978435,31.740453690031064,2.3296328277071305
ssp126,optimized,D,2086,pvpot,W m-2,equal weight across model-level China annual means,17,204.03179601413288,195.78615205832648,211.60272212832012,200.27953890177352,209.37715884555416,3.9115605072964286
ssp126,optimized,D,2086,rsds,W m-2,equal weight across model-level China annual means,17,197.50043685654282,188.14304141647702,205.77659143201757,193.41949936895625,203.3954854454781,4.288464014351496
ssp126,optimized,D,2086,sfcWind_10m,m s-1,equal weight across model-level China annual means,17,1.3297735746894828,1.223740114298536,1.416084430760339,1.262118632145497,1.380103536449583,0.050175160753689274
ssp126,optimized,D,2086,tas_c,degree_Celsius,equal weight across model-level China annual means,17,8.898493919315024,7.548758096524,10.597340958254295,7.808841432338319,9.819258560600447,0.8486667997904815
ssp126,optimized,D,2086,wpd,W m-2,equal weight across model-level China annual means,17,29.9130754575099,25.374793353076637,33.23419822869919,26.2167807345208,32.610255146338524,2.520120825477004
ssp126,optimized,D,2087,pvpot,W m-2,equal weight across model-level China annual means,17,203.94593983071695,197.9913633034872,212.51907407234958,199.60338840884634,209.34869069486894,3.95727013602027
ssp126,optimized,D,2087,rsds,W m-2,equal weight across model-level China annual means,17,197.43412748345568,190.78765590301353,206.77587236675575,193.50624436915112,203.10403528396915,4.078866591446791
ssp126,optimized,D,2087,sfcWind_10m,m s-1,equal weight across model-level China annual means,17,1.319531716782219,1.2352012593724928,1.4172111785674615,1.2386256736010741,1.4066186949688866,0.05445388739899813
ssp126,optimized,D,2087,tas_c,degree_Celsius,equal weight across model-level China annual means,17,8.938401339526424,7.7771373611619135,9.981941673126554,8.06271075830749,9.916991957445903,0.7269162524290853
ssp126,optimized,D,2087,wpd,W m-2,equal weight across model-level China annual means,17,29.288312882816058,23.986331643181106,33.58826977497293,25.051930019551325,33.135619941517014,2.8706205287120867
ssp126,optimized,D,2088,pvpot,W m-2,equal weight across model-level China annual means,17,203.94048983790424,198.70459225972593,211.16523927468384,199.46093237606527,208.86077702211887,3.6859099833825093
ssp126,optimized,D,2088,rsds,W m-2,equal weight across model-level China annual means,17,197.333627697057,191.4434760935999,205.05233033634872,193.13480577326447,202.6037633630979,3.8658176115546294
ssp126,optimized,D,2088,sfcWind_10m,m s-1,equal weight across model-level China annual means,17,1.3112617220932552,1.2252932748449419,1.4425686335001,1.2671851288690783,1.3632731684591108,0.047775173426316805
ssp126,optimized,D,2088,tas_c,degree_Celsius,equal weight across model-level China annual means,17,8.888930513915895,7.8472917717408075,9.909209590372457,7.953264341907592,9.667255872956146,0.6515140186377518
ssp126,optimized,D,2088,wpd,W m-2,equal weight across model-level China annual means,17,29.615297157654684,26.350040714678723,34.46387115376398,27.960218287497856,32.66777816132888,2.0503080048685995
ssp126,optimized,D,2089,pvpot,W m-2,equal weight across model-level China annual means,17,203.92046423684837,198.52192717265584,210.39226188430828,198.96640090836357,210.35658630595475,3.7512006384142675
ssp126,optimized,D,2089,rsds,W m-2,equal weight across model-level China annual means,17,197.38793483196557,190.71084579402915,204.76294466872727,192.63795846243002,203.4702390644618,4.063484438180785
ssp126,optimized,D,2089,sfcWind_10m,m s-1,equal weight across model-level China annual means,17,1.30286765221045,1.1612344637496832,1.3746278560317837,1.2367033015336626,1.3615144808840534,0.054990333679171846
ssp126,optimized,D,2089,tas_c,degree_Celsius,equal weight across model-level China annual means,17,8.88809518043881,7.612737127406949,10.210693683503585,7.780933955254284,9.743688829603782,0.798580732246078
ssp126,optimized,D,2089,wpd,W m-2,equal weight across model-level China annual means,17,28.71701868898514,21.856910448780948,32.606673966954354,25.94595885728468,31.91054685810358,2.746842478309581
ssp126,optimized,D,2090,pvpot,W m-2,equal weight across model-level China annual means,17,203.76819127074913,195.50022015092586,209.76392812735563,199.31571298783783,208.27879884304377,3.7935227398546862
ssp126,optimized,D,2090,rsds,W m-2,equal weight across model-level China annual means,17,197.17881218059603,190.2625737904477,204.43001354915395,191.88518275928973,201.7129879278168,3.9294568564940606
ssp126,optimized,D,2090,sfcWind_10m,m s-1,equal weight across model-level China annual means,17,1.3308197572197917,1.201675702004442,1.4399252884165925,1.2604933415349118,1.399849774232266,0.062366502743845406
ssp126,optimized,D,2090,tas_c,degree_Celsius,equal weight across model-level China annual means,17,8.860109594609227,7.622118188380572,10.059655439513262,8.060873607773374,9.934681907163254,0.7177325333027944
ssp126,optimized,D,2090,wpd,W m-2,equal weight across model-level China annual means,17,30.24673236098146,25.52676674631382,36.1706162103985,26.411258134024703,33.544605876023084,2.904435380426858
ssp126,optimized,D,2091,pvpot,W m-2,equal weight across model-level China annual means,17,203.48447872790507,197.77413675098614,210.91764049545986,199.11083072139368,209.03401781100342,3.753407106173297
ssp126,optimized,D,2091,rsds,W m-2,equal weight across model-level China annual means,17,196.74583601852794,190.6915027795366,204.79694910625383,192.59897626012557,202.40819141059427,3.90983282232444
ssp126,optimized,D,2091,sfcWind_10m,m s-1,equal weight across model-level China annual means,17,1.337903132530309,1.230095737865314,1.4591393165881215,1.2742095628696568,1.4027786577625914,0.05502428444422047
ssp126,optimized,D,2091,tas_c,degree_Celsius,equal weight across model-level China annual means,17,8.725084203862734,7.741099979535886,9.98448168475676,8.029390310338247,9.431677689356652,0.6312731120652756
ssp126,optimized,D,2091,wpd,W m-2,equal weight across model-level China annual means,17,30.574936248528797,24.46929933835114,36.14436205748594,27.416902952201788,32.98239014204783,2.6516796598364407
ssp126,optimized,D,2092,pvpot,W m-2,equal weight across model-level China annual means,17,203.827746041448,196.4516197622122,208.19088614387397,200.38746292421365,207.02235136780158,2.9086034151484306
ssp126,optimized,D,2092,rsds,W m-2,equal weight across model-level China annual means,17,197.10618159321905,189.15062685314822,201.0937635511028,193.20822011048594,200.64279072478064,3.0726023969112672
ssp126,optimized,D,2092,sfcWind_10m,m s-1,equal weight across model-level China annual means,17,1.3269399938692201,1.1481817517559973,1.3926653482070284,1.2833174434569132,1.3806848910038287,0.05436012183149036
ssp126,optimized,D,2092,tas_c,degree_Celsius,equal weight across model-level China annual means,17,8.767983794769062,7.830217418728857,10.093313472451262,8.042407858527394,9.488157828911534,0.6583385678868978
ssp126,optimized,D,2092,wpd,W m-2,equal weight across model-level China annual means,17,29.732920870745513,21.74006009320506,33.923368772079954,26.53220925912278,33.18761961660732,2.995034763458411
ssp126,optimized,D,2093,pvpot,W m-2,equal weight across model-level China annual means,17,204.30230636582007,196.968044410692,210.20084947954126,200.63332607008044,209.29792436736574,3.3076962727686436
ssp126,optimized,D,2093,rsds,W m-2,equal weight across model-level China annual means,17,197.75023125188417,189.30578004327478,204.43204982261705,193.66653695886868,202.56877461987395,3.6680973745844208
ssp126,optimized,D,2093,sfcWind_10m,m s-1,equal weight across model-level China annual means,17,1.3078170620649923,1.1901402505055272,1.4211193903056525,1.2233337734877292,1.393184703888622,0.07113859335088907
ssp126,optimized,D,2093,tas_c,degree_Celsius,equal weight across model-level China annual means,17,8.9262114106579,7.392433058377363,10.564760222537396,8.011303277014274,9.693815937240363,0.7881125391625957
ssp126,optimized,D,2093,wpd,W m-2,equal weight across model-level China annual means,17,29.25889470127904,23.42968599040991,36.12018693986822,24.839610199553952,35.0140472580923,3.6948418388735957
ssp126,optimized,D,2094,pvpot,W m-2,equal weight across model-level China annual means,17,203.44906142555539,196.33065842423215,210.9191081240523,200.01397181568643,208.5903446403438,3.6948876358539087
ssp126,optimized,D,2094,rsds,W m-2,equal weight across model-level China annual means,17,196.91057193881204,188.84354717126317,204.80879793231085,192.94426959873616,202.45900060597705,3.9752792364349596
ssp126,optimized,D,2094,sfcWind_10m,m s-1,equal weight across model-level China annual means,17,1.322246517020484,1.2047419545797018,1.4088151898253685,1.2598732452799855,1.3955188008278188,0.05425188730717748
ssp126,optimized,D,2094,tas_c,degree_Celsius,equal weight across model-level China annual means,17,8.93881529114557,7.778200611880062,10.495843823617339,8.031803162170648,9.781659131962593,0.7731885703049644
ssp126,optimized,D,2094,wpd,W m-2,equal weight across model-level China annual means,17,29.503917327186528,23.871993748348043,32.624032254417024,26.733505113785668,32.580088344100815,2.466688055578609
ssp126,optimized,D,2095,pvpot,W m-2,equal weight across model-level China annual means,17,204.0271202759429,198.1582807164904,209.08786746743763,199.28123777823916,208.29608151094715,3.383379762460832
ssp126,optimized,D,2095,rsds,W m-2,equal weight across model-level China annual means,17,197.4176991333843,190.3995210947128,203.68674496089412,192.43503380535768,201.677777937247,3.6816018815049087
ssp126,optimized,D,2095,sfcWind_10m,m s-1,equal weight across model-level China annual means,17,1.3190610325284837,1.163521611489299,1.3974765382143346,1.2637925757780082,1.3745798052257128,0.05592834214643549
ssp126,optimized,D,2095,tas_c,degree_Celsius,equal weight across model-level China annual means,17,8.839753004622963,7.588926227351454,10.01932637612089,8.023656288290871,9.542967096548454,0.6685318315122969
ssp126,optimized,D,2095,wpd,W m-2,equal weight across model-level China annual means,17,29.888750535592187,24.14524710818205,35.01035740036039,26.274126400306653,32.894627978595246,2.808130384224167
ssp126,optimized,D,2096,pvpot,W m-2,equal weight across model-level China annual means,17,204.7664643630843,200.1601145555779,211.32568069428785,202.0978089201526,208.28613448734015,2.7523928756613962
ssp126,optimized,D,2096,rsds,W m-2,equal weight across model-level China annual means,17,198.19495419466674,192.22925236475953,205.52851458624409,194.44975500013555,202.24110909470568,3.3446993838671335
ssp126,optimized,D,2096,sfcWind_10m,m s-1,equal weight across model-level China annual means,17,1.3161394513249671,1.184999883310612,1.4011274191016014,1.2816325314017674,1.3978232329975688,0.05054203923750854
ssp126,optimized,D,2096,tas_c,degree_Celsius,equal weight across model-level China annual means,17,8.88063622122463,7.337633804573687,10.194689731455098,7.730299065742647,9.801367113509691,0.8762031570386838
ssp126,optimized,D,2096,wpd,W m-2,equal weight across model-level China annual means,17,29.40618652921683,23.278388373695098,35.26192167360588,27.29314086579692,32.06375893633232,2.5039823537614567
ssp126,optimized,D,2097,pvpot,W m-2,equal weight across model-level China annual means,17,203.85764182250205,199.1130032968049,210.46463174484953,200.1465403770974,208.84040618131806,3.3318358770365877
ssp126,optimized,D,2097,rsds,W m-2,equal weight across model-level China annual means,17,197.1803855658457,191.52071547664025,204.32647851363285,193.76218602977434,202.6540033947871,3.4744930035909207
ssp126,optimized,D,2097,sfcWind_10m,m s-1,equal weight across model-level China annual means,17,1.3413872135880212,1.22858724031778,1.4520427890290035,1.2781993909986133,1.4033167404819,0.05565159043683451
ssp126,optimized,D,2097,tas_c,degree_Celsius,equal weight across model-level China annual means,17,8.791883079396944,7.636647432645625,10.335940358293168,7.6977934209525705,9.736068741365186,0.7959536608704061
ssp126,optimized,D,2097,wpd,W m-2,equal weight across model-level China annual means,17,30.61660774420249,25.207292310077378,35.32974118244664,26.098748170977597,33.893384492509654,2.979555850883208
ssp126,optimized,D,2098,pvpot,W m-2,equal weight across model-level China annual means,17,203.65818772630348,196.33763420734138,210.05142305968184,198.08424430670928,209.16853253747666,4.136327263788214
ssp126,optimized,D,2098,rsds,W m-2,equal weight across model-level China annual means,17,197.07410538311905,188.85286240811084,204.16112779642356,191.37969083464895,202.4589535944151,4.353094140289379
ssp126,optimized,D,2098,sfcWind_10m,m s-1,equal weight across model-level China annual means,17,1.3130291174460327,1.2358365254460162,1.3687032548032516,1.2599608565135176,1.3602660144482455,0.03898715296358888
ssp126,optimized,D,2098,tas_c,degree_Celsius,equal weight across model-level China annual means,17,8.900940937025547,7.886062541051193,9.926666625045373,8.206056961779705,9.667692574175303,0.5861007521929844
ssp126,optimized,D,2098,wpd,W m-2,equal weight across model-level China annual means,17,29.385119237012752,24.473232114886276,35.82391255754817,26.56323906892827,31.710647535795022,2.6193729643780097
ssp126,optimized,D,2099,pvpot,W m-2,equal weight across model-level China annual means,17,204.20882552432303,198.843885816901,211.72249766496,199.84813124307846,209.5566446169595,3.5885893426213467
ssp126,optimized,D,2099,rsds,W m-2,equal weight across model-level China annual means,17,197.64677708551426,191.36756245019947,205.99627352775744,192.7187705151701,202.79816888553262,3.9324644722384803
ssp126,optimized,D,2099,sfcWind_10m,m s-1,equal weight across model-level China annual means,17,1.3071134447583412,1.1748530220020663,1.3927802384908137,1.2406780071855388,1.3773114967474611,0.05834837698121503
ssp126,optimized,D,2099,tas_c,degree_Celsius,equal weight across model-level China annual means,17,8.889065891430269,7.6730351045639695,9.984963702646718,7.960601949635271,9.909090014381137,0.7941004065090437
ssp126,optimized,D,2099,wpd,W m-2,equal weight across model-level China annual means,17,29.169254864059564,22.64090664645795,34.58460578722197,25.346142286787234,32.01637603049796,2.9819330276166287
ssp126,optimized,D,2100,pvpot,W m-2,equal weight across model-level China annual means,17,204.61978585699066,199.50366411819277,210.8290737658655,201.80357043691095,209.33994251134618,2.981841273140454
ssp126,optimized,D,2100,rsds,W m-2,equal weight across model-level China annual means,17,198.09097867043434,191.9033774364534,205.30629942390863,194.79859615715662,202.7612364947051,3.3694213849442467
ssp126,optimized,D,2100,sfcWind_10m,m s-1,equal weight across model-level China annual means,17,1.3242916783608725,1.2444528072995296,1.4194327221508345,1.2561465724437912,1.3916951280890804,0.05148012910237859
ssp126,optimized,D,2100,tas_c,degree_Celsius,equal weight across model-level China annual means,17,8.8838620445384,7.56117758469838,9.914123579343512,7.94900072685395,9.799766817541295,0.704097448244959
ssp126,optimized,D,2100,wpd,W m-2,equal weight across model-level China annual means,17,30.282701491243856,25.68208894085728,38.187134452072904,27.20782946943879,34.24333594217611,3.0779658710611417
ssp126,paper_qm,B,2015,pvpot,W m-2,equal weight across model-level China annual means,17,198.65906797921372,193.63128070764765,200.90298050021133,196.58956187166618,200.66666565359162,1.8992658099022661
ssp126,paper_qm,B,2015,rsds,W m-2,equal weight across model-level China annual means,17,190.63891206731216,186.5021483285159,192.92305804892717,188.45701503648553,192.67773818510355,1.8547607768662755
ssp126,paper_qm,B,2015,sfcWind_10m,m s-1,equal weight across model-level China annual means,17,1.3176409402844684,1.0239771697476183,1.4384726261515937,1.2793134052172317,1.4092342200700123,0.08634791559985441
ssp126,paper_qm,B,2015,tas_c,degree_Celsius,equal weight across model-level China annual means,17,7.453821507610427,6.958042274864941,8.317100986795568,7.058732222395627,7.865290154071897,0.3536453551335756
ssp126,paper_qm,B,2015,wpd,W m-2,equal weight across model-level China annual means,17,30.254552562417075,19.156964382173673,34.7818690434537,28.28872044693985,34.03773533671303,3.4241885452456273
ssp126,paper_qm,B,2016,pvpot,W m-2,equal weight across model-level China annual means,17,199.71131244873,192.63632348192667,203.1283582009613,197.20316046997624,202.25534000611904,2.445176796380367
ssp126,paper_qm,B,2016,rsds,W m-2,equal weight across model-level China annual means,17,191.89090781418,185.49396689601897,195.5755212159006,189.07365022754132,194.39207763630256,2.3816364387497124
ssp126,paper_qm,B,2016,sfcWind_10m,m s-1,equal weight across model-level China annual means,17,1.306411876584622,1.0691753292200505,1.4161037989188312,1.2420458192192656,1.3839630105451541,0.07697156591111617
ssp126,paper_qm,B,2016,tas_c,degree_Celsius,equal weight across model-level China annual means,17,7.594437195736341,6.504569597438632,8.202835510452786,7.212031938588163,8.043679290617066,0.4186142206110564
ssp126,paper_qm,B,2016,wpd,W m-2,equal weight across model-level China annual means,17,29.912089389248216,21.36662995293457,36.00005213289001,26.697717587275775,33.871794188143504,3.4587256440929335
ssp126,paper_qm,B,2017,pvpot,W m-2,equal weight across model-level China annual means,17,199.83474428023814,196.15188798405666,204.92815827969181,197.42749245925825,202.07446850128608,2.095925900847549
ssp126,paper_qm,B,2017,rsds,W m-2,equal weight across model-level China annual means,17,191.8393455754181,188.5190226293182,196.88674856963587,189.10137795995516,194.26019711708025,2.1289722350961293
ssp126,paper_qm,B,2017,sfcWind_10m,m s-1,equal weight across model-level China annual means,17,1.316863568986153,1.089568858626506,1.4247739349009343,1.2560747058283825,1.4038544078564668,0.08108847976478964
ssp126,paper_qm,B,2017,tas_c,degree_Celsius,equal weight across model-level China annual means,17,7.45261559231578,6.28628183323961,7.96334403731698,7.039861992099357,7.890906742476825,0.4095836423744359
ssp126,paper_qm,B,2017,wpd,W m-2,equal weight across model-level China annual means,17,30.376453968124483,21.99613773206934,35.91967821062497,26.825652314251958,34.4553457740981,3.4601409455652505
ssp126,paper_qm,B,2018,pvpot,W m-2,equal weight across model-level China annual means,17,199.47296484035436,195.73921264503736,203.37716818028386,196.87871708841405,202.19518395935262,2.1264571803714833
ssp126,paper_qm,B,2018,rsds,W m-2,equal weight across model-level China annual means,17,191.61564705159137,188.60874875597665,195.90118272222006,189.06092756964966,194.18010017707238,2.0976611966195606
ssp126,paper_qm,B,2018,sfcWind_10m,m s-1,equal weight across model-level China annual means,17,1.3059529842291424,1.0463184389202411,1.4182534070697297,1.2634988058429444,1.3669864505259224,0.07538120884719154
ssp126,paper_qm,B,2018,tas_c,degree_Celsius,equal weight across model-level China annual means,17,7.576688721195637,6.802511522100583,8.353978952495169,7.011795460826514,8.008002741240599,0.42465641935273035
ssp126,paper_qm,B,2018,wpd,W m-2,equal weight across model-level China annual means,17,29.79154162949873,21.113135173676273,35.692062364355046,26.957741830114788,33.15929668852065,3.2954881650968884
ssp126,paper_qm,B,2019,pvpot,W m-2,equal weight across model-level China annual means,17,199.76537225003142,191.3996195227022,204.06824434530037,196.72525262569715,202.99799527839716,2.999971081244114
ssp126,paper_qm,B,2019,rsds,W m-2,equal weight across model-level China annual means,17,191.89145243736263,184.12462894106986,196.3288640560179,189.2473518093672,195.04064689396364,2.852735839433273
ssp126,paper_qm,B,2019,sfcWind_10m,m s-1,equal weight across model-level China annual means,17,1.3121017261595864,1.0660353488396175,1.393165569422487,1.2522941544632897,1.3872322200073184,0.07606108716304673
ssp126,paper_qm,B,2019,tas_c,degree_Celsius,equal weight across model-level China annual means,17,7.527437879350723,6.796237422567671,8.33528297034637,7.0823065760924635,7.987438970935597,0.3885942758943562
ssp126,paper_qm,B,2019,wpd,W m-2,equal weight across model-level China annual means,17,29.92890496231843,20.1307702730901,36.23997197806832,26.909167912765458,33.63506951526447,3.7253952318192916
ssp126,paper_qm,B,2020,pvpot,W m-2,equal weight across model-level China annual means,17,199.5921512788144,192.5808048809323,205.99618055205133,196.92732978140543,201.94789181043993,2.795361040218386
ssp126,paper_qm,B,2020,rsds,W m-2,equal weight across model-level China annual means,17,191.74515943955822,185.2684512748037,198.14036450091055,189.19826349274376,193.9249554923336,2.6862369053736033
ssp126,paper_qm,B,2020,sfcWind_10m,m s-1,equal weight across model-level China annual means,17,1.3338380480038738,1.0943267243988213,1.4515301689844946,1.273127529568486,1.429878377969278,0.08015498598156043
ssp126,paper_qm,B,2020,tas_c,degree_Celsius,equal weight across model-level China annual means,17,7.656816054752361,7.123248816847192,8.17577766106133,7.217339154213472,8.123541075280706,0.33287303528829204
ssp126,paper_qm,B,2020,wpd,W m-2,equal weight across model-level China annual means,17,31.334615508463653,23.038106260768064,37.53292737237363,28.0232470279883,35.50700757219261,3.384799501791936
ssp126,paper_qm,B,2021,pvpot,W m-2,equal weight across model-level China annual means,17,199.82039587832483,194.973715421227,203.6347628211707,196.3704364404315,202.51459512590395,2.4083671779164275
ssp126,paper_qm,B,2021,rsds,W m-2,equal weight across model-level China annual means,17,192.07772665503143,187.7926331006778,195.78011814814272,188.64385827384183,195.0668570754325,2.3560768307889055
ssp126,paper_qm,B,2021,sfcWind_10m,m s-1,equal weight across model-level China annual means,17,1.3141764165698553,1.0622354990644196,1.4043689031760074,1.2662717281068911,1.3892274932728315,0.07574187310397137
ssp126,paper_qm,B,2021,tas_c,degree_Celsius,equal weight across model-level China annual means,17,7.686920085299836,6.407376268814372,8.295173690115002,7.268451408971106,8.125429567349247,0.446389020155689
ssp126,paper_qm,B,2021,wpd,W m-2,equal weight across model-level China annual means,17,29.970896327637337,21.4087818277936,35.838368742238906,27.360944030064942,34.05203451116477,3.3769144787390455
ssp126,paper_qm,B,2022,pvpot,W m-2,equal weight across model-level China annual means,17,199.95185892438332,187.9070179681379,203.64184544715047,196.88582189397843,203.3372981463696,3.7365717151660944
ssp126,paper_qm,B,2022,rsds,W m-2,equal weight across model-level China annual means,17,192.28938433857053,180.900363887844,195.6977807450215,188.9362975772659,195.588668263302,3.6634670071512527
ssp126,paper_qm,B,2022,sfcWind_10m,m s-1,equal weight across model-level China annual means,17,1.3134719415292193,1.0425867256105605,1.4296079323142774,1.2655537869422633,1.3803256312760037,0.08119122658892293
ssp126,paper_qm,B,2022,tas_c,degree_Celsius,equal weight across model-level China annual means,17,7.767573312424814,6.950419529990149,8.485554650453661,7.391194661777503,8.35340846242014,0.3894257680420363
ssp126,paper_qm,B,2022,wpd,W m-2,equal weight across model-level China annual means,17,29.957217008571018,20.042760917152204,35.4219182854479,26.914353937804925,32.738356515094544,3.3614451766917672
ssp126,paper_qm,B,2023,pvpot,W m-2,equal weight across model-level China annual means,17,200.9992080642039,198.59101859485392,204.78321887239085,198.98740676592539,203.39542569322617,1.7641975448390956
ssp126,paper_qm,B,2023,rsds,W m-2,equal weight across model-level China annual means,17,193.44016488883645,190.39102070500044,197.62825286897558,191.06176585487773,196.08834386302559,2.0177585779737104
ssp126,paper_qm,B,2023,sfcWind_10m,m s-1,equal weight across model-level China annual means,17,1.3010938580215723,1.0471653964563172,1.4076590921745302,1.2027184828022286,1.3780775669473635,0.08521905006995009
ssp126,paper_qm,B,2023,tas_c,degree_Celsius,equal weight across model-level China annual means,17,7.885988919256285,6.786386471144088,8.478513195465558,7.384986697679296,8.310732483164939,0.42523789286881136
ssp126,paper_qm,B,2023,wpd,W m-2,equal weight across model-level China annual means,17,29.45041532279777,21.870765595697648,35.90867598834459,25.378714167568702,32.69261082270229,3.15437054507934
ssp126,paper_qm,B,2024,pvpot,W m-2,equal weight across model-level China annual means,17,200.13380377866065,196.44067029969338,205.48027589444402,197.84930399946717,202.96605523375231,2.197490823120013
ssp126,paper_qm,B,2024,rsds,W m-2,equal weight across model-level China annual means,17,192.56884036061294,188.81489167268353,198.46131098407275,190.48110823982597,195.72537642935748,2.373091816661531
ssp126,paper_qm,B,2024,sfcWind_10m,m s-1,equal weight across model-level China annual means,17,1.2880939634352853,1.0486654192947025,1.396539475171047,1.2231323771950482,1.3477936939317419,0.07513189500715955
ssp126,paper_qm,B,2024,tas_c,degree_Celsius,equal weight across model-level China annual means,17,7.827765751474198,6.881619813914156,8.686036760729435,7.133814665621553,8.524430843932057,0.5333615705227233
ssp126,paper_qm,B,2024,wpd,W m-2,equal weight across model-level China annual means,17,28.981265326010917,20.462758808901906,34.110122137154406,25.81814832284991,32.69906056950708,3.246358310692047
ssp126,paper_qm,B,2025,pvpot,W m-2,equal weight across model-level China annual means,17,200.07970080443616,195.14903617158666,207.21704083808606,195.97939041361366,203.5514204015119,3.1185446031154465
ssp126,paper_qm,B,2025,rsds,W m-2,equal weight across model-level China annual means,17,192.55801295798895,187.36585928457671,200.20236476871068,188.7277464741497,196.36743257083384,3.2525039498092156
ssp126,paper_qm,B,2025,sfcWind_10m,m s-1,equal weight across model-level China annual means,17,1.3058458989909378,1.0704565382550355,1.4370675391926941,1.2634645865421155,1.3935821811815359,0.07752874631464074
ssp126,paper_qm,B,2025,tas_c,degree_Celsius,equal weight across model-level China annual means,17,7.913905146100655,7.101236858912254,8.600615950408987,7.410456681379912,8.421251746552835,0.39555014140219535
ssp126,paper_qm,B,2025,wpd,W m-2,equal weight across model-level China annual means,17,29.594761808694376,22.129240571867175,36.79230663778669,26.622586883990042,33.45793982001606,3.306883472922823
ssp126,paper_qm,B,2026,pvpot,W m-2,equal weight across model-level China annual means,17,201.1083552159684,196.0126947752954,208.6250806422261,198.04684141014053,203.5247437891095,2.8036021492553873
ssp126,paper_qm,B,2026,rsds,W m-2,equal weight across model-level China annual means,17,193.5975134483741,187.9573988428621,201.80243203278476,190.1174138165301,196.15118696304606,3.034907955902785
ssp126,paper_qm,B,2026,sfcWind_10m,m s-1,equal weight across model-level China annual means,17,1.2949452545050146,1.0826629878187057,1.4329500341180215,1.2439989696476652,1.3598465211941932,0.07151894638568314
ssp126,paper_qm,B,2026,tas_c,degree_Celsius,equal weight across model-level China annual means,17,7.972533063546136,7.391067471696959,8.912610588272429,7.5760208590718445,8.515424182828534,0.4223905296482591
ssp126,paper_qm,B,2026,wpd,W m-2,equal weight across model-level China annual means,17,29.425414745474487,21.53963138393908,35.234017630804736,26.270350998304743,33.438368737740845,3.3638010686584856
ssp126,paper_qm,B,2027,pvpot,W m-2,equal weight across model-level China annual means,17,200.7006855421282,197.09211317527766,207.29979614928928,197.88249689451482,202.770639606661,2.3842641065272487
ssp126,paper_qm,B,2027,rsds,W m-2,equal weight across model-level China annual means,17,193.147015942233,189.20370146840602,200.02928150889,189.93267540380677,195.0713866788641,2.577989661459297
ssp126,paper_qm,B,2027,sfcWind_10m,m s-1,equal weight across model-level China annual means,17,1.3039436010615384,1.0081465845323352,1.3787548522470991,1.2546609498955206,1.3622183998040136,0.08142638208964238
ssp126,paper_qm,B,2027,tas_c,degree_Celsius,equal weight across model-level China annual means,17,7.861486634484725,7.1659943689074685,8.978677294567065,7.427705041286338,8.426404057030025,0.4491303572420738
ssp126,paper_qm,B,2027,wpd,W m-2,equal weight across model-level China annual means,17,30.046052443891533,18.830836585573532,33.83764155689717,27.648488119245215,32.97929617780229,3.3444579025026933
ssp126,paper_qm,B,2028,pvpot,W m-2,equal weight across model-level China annual means,17,200.9593665024193,193.97418081122362,204.78496629920315,198.06749714989357,204.63040466522833,2.709054956633965
ssp126,paper_qm,B,2028,rsds,W m-2,equal weight across model-level China annual means,17,193.59539936076476,187.37354928057846,198.2407604699265,190.13289942585786,197.5452340360051,2.818778026426779
ssp126,paper_qm,B,2028,sfcWind_10m,m s-1,equal weight across model-level China annual means,17,1.3058732396243307,1.0311127450470619,1.3948252967060346,1.2564682977101218,1.375569935126496,0.08087833758623075
ssp126,paper_qm,B,2028,tas_c,degree_Celsius,equal weight across model-level China annual means,17,8.028625271326954,7.326300916132616,9.067949473252012,7.496741458581649,8.614372785771195,0.48178096198514236
ssp126,paper_qm,B,2028,wpd,W m-2,equal weight across model-level China annual means,17,29.619290301399435,20.040336130726388,33.83773627630473,26.921788193641746,33.143010637895195,3.194258216165293
ssp126,paper_qm,B,2029,pvpot,W m-2,equal weight across model-level China annual means,17,200.75571609937836,196.77973285172843,208.14969997807785,197.30229559555067,204.69779996197198,3.047696720650219
ssp126,paper_qm,B,2029,rsds,W m-2,equal weight across model-level China annual means,17,193.5701039463048,189.0692285293276,201.86025321870872,189.82165467355784,197.80469520396002,3.315240817682632
ssp126,paper_qm,B,2029,sfcWind_10m,m s-1,equal weight across model-level China annual means,17,1.296489213571603,1.0387252739344832,1.4123641887864424,1.2438628431073506,1.3600995617220222,0.07832278682141629
ssp126,paper_qm,B,2029,tas_c,degree_Celsius,equal weight across model-level China annual means,17,8.197801381667853,7.389517363929371,8.808242344269084,7.684326264439518,8.64819164122238,0.412575444974761
ssp126,paper_qm,B,2029,wpd,W m-2,equal weight across model-level China annual means,17,29.350659266621268,19.940935243289683,35.37745795714382,26.418175885803127,32.94245876435169,3.2944116021470826
ssp126,paper_qm,B,2030,pvpot,W m-2,equal weight across model-level China annual means,17,201.22789766805693,196.67952064371366,204.89913194990268,198.39102738123927,203.72932653084496,2.2980762375685844
ssp126,paper_qm,B,2030,rsds,W m-2,equal weight across model-level China annual means,17,193.8075631389806,189.66763418337086,197.94521402028388,190.90254185467342,196.4212471460886,2.30201046976966
ssp126,paper_qm,B,2030,sfcWind_10m,m s-1,equal weight across model-level China annual means,17,1.3239254297474061,1.0806498126588981,1.400655103226974,1.2753856519088622,1.388771372184876,0.07114790171829721
ssp126,paper_qm,B,2030,tas_c,degree_Celsius,equal weight across model-level China annual means,17,8.053510463282805,6.876767682396647,8.68318037040508,7.4631087728614816,8.543830172828887,0.4936086991529527
ssp126,paper_qm,B,2030,wpd,W m-2,equal weight across model-level China annual means,17,30.369828874829718,23.223624069525005,33.969293954287615,28.41065753532755,32.86533265760817,2.3646558240181683
ssp126,paper_qm,B,2031,pvpot,W m-2,equal weight across model-level China annual means,17,201.42522868566664,194.36607571180716,206.00430767127423,197.15502750945345,204.61754926887366,3.0320820128998665
ssp126,paper_qm,B,2031,rsds,W m-2,equal weight across model-level China annual means,17,194.11827902547935,188.13147798921673,199.54342953230082,188.95420842238,197.73157441812248,3.228168398604254
ssp126,paper_qm,B,2031,sfcWind_10m,m s-1,equal weight across model-level China annual means,17,1.2956096847213185,1.0075264424802277,1.3910811621997174,1.2278094243825655,1.3633548892935201,0.08635890754393105
ssp126,paper_qm,B,2031,tas_c,degree_Celsius,equal weight across model-level China annual means,17,8.079379220246286,7.187437413246173,9.11477695810064,7.312365817652643,8.956784290206942,0.6085861913550719
ssp126,paper_qm,B,2031,wpd,W m-2,equal weight across model-level China annual means,17,29.424048786373156,19.38982296776977,34.281267500244454,25.784988752200515,33.982079995373866,3.6357243070786174
ssp126,paper_qm,B,2032,pvpot,W m-2,equal weight across model-level China annual means,17,201.254974751231,196.49384481197305,208.845061538746,196.9953465865179,204.26674680096173,3.1219540060858924
ssp126,paper_qm,B,2032,rsds,W m-2,equal weight across model-level China annual means,17,193.99798785519602,189.02314177739564,202.13842023029483,190.16037701613274,197.44386598974577,3.223873275962134
ssp126,paper_qm,B,2032,sfcWind_10m,m s-1,equal weight across model-level China annual means,17,1.3025792330976016,1.0150583148237322,1.3943065499117495,1.2252355619361563,1.3805390566459999,0.09072576093466123
ssp126,paper_qm,B,2032,tas_c,degree_Celsius,equal weight across model-level China annual means,17,8.13635960756801,7.162820063436789,9.019116637287423,7.4193154033231705,8.797671678749452,0.5223832817033243
ssp126,paper_qm,B,2032,wpd,W m-2,equal weight across model-level China annual means,17,29.719108709650694,17.921338509196907,34.200760187940105,24.462363430092967,33.50954917229453,4.154934170800126
ssp126,paper_qm,B,2033,pvpot,W m-2,equal weight across model-level China annual means,17,202.01370099019786,197.13442194829702,206.180646890307,198.72926226409808,205.06858757653603,2.544113056350368
ssp126,paper_qm,B,2033,rsds,W m-2,equal weight across model-level China annual means,17,194.8345447601959,189.87254373466703,199.6193578462994,191.48364838240562,198.45714316257929,2.7389863108461663
ssp126,paper_qm,B,2033,sfcWind_10m,m s-1,equal weight across model-level China annual means,17,1.286395692667311,1.049306847664998,1.3998793284074693,1.2186806466659592,1.3381667938829023,0.07535941430898745
ssp126,paper_qm,B,2033,tas_c,degree_Celsius,equal weight across model-level China annual means,17,8.179046290446992,7.527167203876502,9.175439986326724,7.680256575627526,8.868504678735107,0.4668604642319343
ssp126,paper_qm,B,2033,wpd,W m-2,equal weight across model-level China annual means,17,29.152558426624324,21.155057668614695,33.27458854419168,25.658505120943833,32.08194908113429,3.0770433051544024
ssp126,paper_qm,B,2034,pvpot,W m-2,equal weight across model-level China annual means,17,201.90199309267533,198.35535377168608,207.12037916316783,199.08302534775194,204.72965730675065,2.3446414374436633
ssp126,paper_qm,B,2034,rsds,W m-2,equal weight across model-level China annual means,17,194.61262056002295,191.26785226021457,200.31126131658422,191.71452124572843,198.1089347724899,2.5034830992414263
ssp126,paper_qm,B,2034,sfcWind_10m,m s-1,equal weight across model-level China annual means,17,1.3074572815117564,1.0179349180504416,1.4609958340590188,1.249113208242939,1.3979006313260833,0.09320142310778938
ssp126,paper_qm,B,2034,tas_c,degree_Celsius,equal weight across model-level China annual means,17,8.124965782862573,7.435587084615206,9.062639047949949,7.528305720256214,8.816787751338738,0.5179340781452312
ssp126,paper_qm,B,2034,wpd,W m-2,equal weight across model-level China annual means,17,30.007154831400772,19.269242308411197,37.430063368949725,26.737579662692937,33.63486054344951,3.8316897251205906
ssp126,paper_qm,B,2035,pvpot,W m-2,equal weight across model-level China annual means,17,201.9871879774178,190.51626069837357,208.041425146886,198.18447716523877,205.9005443336721,4.027436975739361
ssp126,paper_qm,B,2035,rsds,W m-2,equal weight across model-level China annual means,17,194.83789461366675,183.90914873577205,201.6192596104652,190.50002914836324,199.18026075837128,4.185755947925363
ssp126,paper_qm,B,2035,sfcWind_10m,m s-1,equal weight across model-level China annual means,17,1.3079876720659065,1.0832367994232246,1.4134218923708206,1.2114953381956048,1.3914871803612967,0.07864628580746336
ssp126,paper_qm,B,2035,tas_c,degree_Celsius,equal weight across model-level China annual means,17,8.277187564326582,7.556058702975828,9.21916436692383,7.706062959310538,8.864907505301112,0.5013457223697919
ssp126,paper_qm,B,2035,wpd,W m-2,equal weight across model-level China annual means,17,29.672194524605953,21.37189726087305,33.96030720421965,26.151216976558302,33.51398284028904,3.1883464849430005
ssp126,paper_qm,B,2036,pvpot,W m-2,equal weight across model-level China annual means,17,202.0643547597695,196.907550695051,205.58202189856385,199.4892687681845,204.89980026282376,2.3190308281133047
ssp126,paper_qm,B,2036,rsds,W m-2,equal weight across model-level China annual means,17,194.94681639084433,189.1696906301528,198.80849158063702,192.0458162180292,197.9514774932608,2.5423084123029356
ssp126,paper_qm,B,2036,sfcWind_10m,m s-1,equal weight across model-level China annual means,17,1.3093404879208188,1.0045140128240455,1.4557368094123557,1.2196781819932998,1.3969147366433117,0.09831168655856053
ssp126,paper_qm,B,2036,tas_c,degree_Celsius,equal weight across model-level China annual means,17,8.229272171149987,7.335255927549343,9.232237994516703,7.702478666603056,9.029290842070044,0.5497814666623181
ssp126,paper_qm,B,2036,wpd,W m-2,equal weight across model-level China annual means,17,30.213679060459103,18.192886437939485,37.704154181291585,27.619045383477335,33.772742843816175,4.037652937877067
ssp126,paper_qm,B,2037,pvpot,W m-2,equal weight across model-level China annual means,17,202.2737052368598,198.29869413047626,206.05914009521425,199.44831484194037,205.61480990984523,2.318374077860146
ssp126,paper_qm,B,2037,rsds,W m-2,equal weight across model-level China annual means,17,195.11919668982264,191.0951695896647,199.196396085231,192.21771580852158,198.4386907889169,2.3825822588035828
ssp126,paper_qm,B,2037,sfcWind_10m,m s-1,equal weight across model-level China annual means,17,1.2954673927436948,1.0098629024554178,1.4010076654134023,1.228959517393721,1.359802635586663,0.08343600397668924
ssp126,paper_qm,B,2037,tas_c,degree_Celsius,equal weight across model-level China annual means,17,8.276127051402817,7.6813917358741834,9.01097707877634,7.875728852947387,8.834014717138029,0.3773022892280799
ssp126,paper_qm,B,2037,wpd,W m-2,equal weight across model-level China annual means,17,29.879324777103506,19.874785394501835,35.687791181362776,28.711757030723565,31.71950002332357,2.9628195893236757
ssp126,paper_qm,B,2038,pvpot,W m-2,equal weight across model-level China annual means,17,202.24024390551315,197.43805096052702,207.6290532452392,200.29333867598214,205.106848619476,2.2676060192466445
ssp126,paper_qm,B,2038,rsds,W m-2,equal weight across model-level China annual means,17,195.2504679314122,189.71507289948366,201.1312867755811,192.927156473319,198.4318152960455,2.5180884909009293
ssp126,paper_qm,B,2038,sfcWind_10m,m s-1,equal weight across model-level China annual means,17,1.2926928858486568,1.1008316029570593,1.4196057405089686,1.1990624328982502,1.3825143601427896,0.07898781835320955
ssp126,paper_qm,B,2038,tas_c,degree_Celsius,equal weight across model-level China annual means,17,8.39210150074341,7.43071118591526,9.089124622032504,7.798614684598818,8.998827002710664,0.45552504830321694
ssp126,paper_qm,B,2038,wpd,W m-2,equal weight across model-level China annual means,17,29.046064459208807,22.533367114838185,32.84918304723566,26.075588247609385,32.486834307577205,2.8200736859903612
ssp126,paper_qm,B,2039,pvpot,W m-2,equal weight across model-level China annual means,17,202.4596795310548,198.4493227977223,207.3968339342763,199.73254920640179,205.73725744805674,2.2485576454441154
ssp126,paper_qm,B,2039,rsds,W m-2,equal weight across model-level China annual means,17,195.50799178359802,191.13784807199087,200.97426870926813,192.43780102273166,199.1480382294394,2.553872389396932
ssp126,paper_qm,B,2039,sfcWind_10m,m s-1,equal weight across model-level China annual means,17,1.2903138242204595,1.0226398379843669,1.4417494288488617,1.2170092860562582,1.3787668507321147,0.09128108096791242
ssp126,paper_qm,B,2039,tas_c,degree_Celsius,equal weight across model-level China annual means,17,8.45374036248354,7.521835419601552,9.319635913149112,7.745672157841622,9.131890829990137,0.5228545673732775
ssp126,paper_qm,B,2039,wpd,W m-2,equal weight across model-level China annual means,17,29.102349326687804,19.49625100840514,34.027741199153375,24.95173525598352,33.03505516352425,3.556184856509715
ssp126,paper_qm,B,2040,pvpot,W m-2,equal weight across model-level China annual means,17,201.63321244734652,196.83088555380482,208.5152735267684,198.46195250399143,205.3286587533232,2.879089958782069
ssp126,paper_qm,B,2040,rsds,W m-2,equal weight across model-level China annual means,17,194.72714715086414,189.20226042688662,202.284989555865,191.38910265294587,198.73796963498788,3.1700588983072215
ssp126,paper_qm,B,2040,sfcWind_10m,m s-1,equal weight across model-level China annual means,17,1.2789230023424818,1.0211498171462685,1.4051775554641113,1.1843662684055736,1.3967673382651207,0.09323972141216628
ssp126,paper_qm,B,2040,tas_c,degree_Celsius,equal weight across model-level China annual means,17,8.48439606263331,7.538617439246163,9.700435603358304,7.803404136573922,9.30918223529768,0.6467730297835926
ssp126,paper_qm,B,2040,wpd,W m-2,equal weight across model-level China annual means,17,29.477062927189124,19.88413709555864,35.44332311968744,24.828058840438043,33.93794354989428,3.9658472051339384
ssp126,paper_qm,B,2041,pvpot,W m-2,equal weight across model-level China annual means,17,202.18176636751605,198.27938672083346,206.1953911561832,199.19641435725111,205.2513521422332,2.2600998799976946
ssp126,paper_qm,B,2041,rsds,W m-2,equal weight across model-level China annual means,17,195.21873512048757,191.30400911190827,199.55299809635588,192.16066611341057,198.8553306489572,2.489455255125955
ssp126,paper_qm,B,2041,sfcWind_10m,m s-1,equal weight across model-level China annual means,17,1.2740829372029068,1.041486609293368,1.3873429943365885,1.1992014700752922,1.3680931627559623,0.08255093840315668
ssp126,paper_qm,B,2041,tas_c,degree_Celsius,equal weight across model-level China annual means,17,8.383486610479471,7.589518810305774,9.22517640130127,7.787962793708747,8.971854345585573,0.4313422818973633
ssp126,paper_qm,B,2041,wpd,W m-2,equal weight across model-level China annual means,17,28.78816510065696,21.705414439595206,33.37314871771287,24.777023764852657,31.46000351239367,2.9812386919704146
ssp126,paper_qm,B,2042,pvpot,W m-2,equal weight across model-level China annual means,17,201.60853210998417,194.9574601535971,206.09883747923539,198.0036460339635,205.02293569516326,2.912416817375396
ssp126,paper_qm,B,2042,rsds,W m-2,equal weight across model-level China annual means,17,194.60694580342985,187.78082274786235,199.44603472937573,191.19685118684777,198.09295141709399,2.98798841547513
ssp126,paper_qm,B,2042,sfcWind_10m,m s-1,equal weight across model-level China annual means,17,1.292870107430277,0.9540563104008392,1.44970646146124,1.1905552098201913,1.4304299039899124,0.11530699124754394
ssp126,paper_qm,B,2042,tas_c,degree_Celsius,equal weight across model-level China annual means,17,8.472154563055287,7.4271071951777685,9.417572894935015,7.779136035122271,9.389942196657215,0.6103400499071046
ssp126,paper_qm,B,2042,wpd,W m-2,equal weight across model-level China annual means,17,29.115963110667632,16.973625197285195,36.103689045172764,25.71664083682285,33.28104929310285,4.273001109358253
ssp126,paper_qm,B,2043,pvpot,W m-2,equal weight across model-level China annual means,17,202.57638593531868,197.7880751219718,207.67418687406385,198.6227141644119,206.92383705584538,3.055195030591756
ssp126,paper_qm,B,2043,rsds,W m-2,equal weight across model-level China annual means,17,195.71156417694402,190.14261098041777,201.38749092518762,191.92658165957505,200.62820796393015,3.2068161760657428
ssp126,paper_qm,B,2043,sfcWind_10m,m s-1,equal weight across model-level China annual means,17,1.2867174788752815,1.081471905718034,1.3881156110823154,1.1957983053939518,1.3806923839040186,0.07959626943809518
ssp126,paper_qm,B,2043,tas_c,degree_Celsius,equal weight across model-level China annual means,17,8.478426818464566,7.429840739501297,9.809567270927824,7.745046622651812,9.198372515404326,0.6281719315565188
ssp126,paper_qm,B,2043,wpd,W m-2,equal weight across model-level China annual means,17,29.573419255806453,22.553550566242837,34.02837887348368,27.368420476008286,32.975584244028155,2.6642313429782174
ssp126,paper_qm,B,2044,pvpot,W m-2,equal weight across model-level China annual means,17,202.35236409361502,196.91273575189982,208.5705671023858,199.39799110352246,207.00648233518766,3.106990743312208
ssp126,paper_qm,B,2044,rsds,W m-2,equal weight across model-level China annual means,17,195.56580283522285,191.01608009025608,202.6085400386788,192.46102493769388,200.9792965552478,3.341392107159342
ssp126,paper_qm,B,2044,sfcWind_10m,m s-1,equal weight across model-level China annual means,17,1.2781789360853582,1.0155728076702977,1.432741237175019,1.2408929909906274,1.3636138875460897,0.08405996625166952
ssp126,paper_qm,B,2044,tas_c,degree_Celsius,equal weight across model-level China annual means,17,8.574897124033418,7.605909257352539,9.435511948292094,8.051582170951642,9.334087822157366,0.5444003886691489
ssp126,paper_qm,B,2044,wpd,W m-2,equal weight across model-level China annual means,17,28.876683252189952,18.780185733352777,33.506681502120244,27.12893730703832,32.63541700903088,3.192266826904168
ssp126,paper_qm,B,2045,pvpot,W m-2,equal weight across model-level China annual means,17,203.0315850732864,199.73206189722376,206.62884084872374,200.06641211137605,206.26637548247817,2.299535031457818
ssp126,paper_qm,B,2045,rsds,W m-2,equal weight across model-level China annual means,17,196.1475776804936,192.67071307959566,200.23590774448567,193.08289975269363,199.51650437808652,2.356024992966996
ssp126,paper_qm,B,2045,sfcWind_10m,m s-1,equal weight across model-level China annual means,17,1.2873396350056212,1.005861738386806,1.4225070900691907,1.1945398033467194,1.3692003821113417,0.0950117656229809
ssp126,paper_qm,B,2045,tas_c,degree_Celsius,equal weight across model-level China annual means,17,8.543143594231184,7.879689250164667,9.65934667842086,8.110076051775659,9.136452197560002,0.4662011996438684
ssp126,paper_qm,B,2045,wpd,W m-2,equal weight across model-level China annual means,17,29.457433022359933,19.16002372391887,35.14578051544977,25.964562131056127,33.625528464277465,3.6714466912916026
ssp126,paper_qm,B,2046,pvpot,W m-2,equal weight across model-level China annual means,17,202.83874751146138,199.43189771537868,211.8673736545356,199.9911327605913,206.71043484056534,3.177530037925177
ssp126,paper_qm,B,2046,rsds,W m-2,equal weight across model-level China annual means,17,195.97239129400643,192.0381219316475,205.84579192941382,192.65554560370686,200.12801490011856,3.445265598277925
ssp126,paper_qm,B,2046,sfcWind_10m,m s-1,equal weight across model-level China annual means,17,1.297832535032964,1.0896992422219363,1.4218713521642181,1.2395725613619821,1.4024072443596982,0.0801308111778332
ssp126,paper_qm,B,2046,tas_c,degree_Celsius,equal weight across model-level China annual means,17,8.499058781186529,7.708452693747297,9.9232613993654,7.769308003068047,9.129128033325754,0.6021122959922715
ssp126,paper_qm,B,2046,wpd,W m-2,equal weight across model-level China annual means,17,30.044360950611797,21.824017947816625,37.0529972679157,26.36363732385882,34.02301214604706,3.4767164737029943
ssp126,paper_qm,B,2047,pvpot,W m-2,equal weight across model-level China annual means,17,202.92413295297402,194.72425273721387,210.6421772674049,197.71160554016078,207.13625118771094,3.9038445448108727
ssp126,paper_qm,B,2047,rsds,W m-2,equal weight across model-level China annual means,17,196.11404880890285,188.7072693760288,204.37894944426702,190.55136374105763,200.33833305678,4.018101036308402
ssp126,paper_qm,B,2047,sfcWind_10m,m s-1,equal weight across model-level China annual means,17,1.2752173932342679,1.0280895079181307,1.441470454784791,1.1919631478212154,1.422196604026759,0.10042335567985604
ssp126,paper_qm,B,2047,tas_c,degree_Celsius,equal weight across model-level China annual means,17,8.550887623904567,7.84253093567159,9.536184000755656,8.05788823689945,9.235553268032223,0.4542535318345427
ssp126,paper_qm,B,2047,wpd,W m-2,equal weight across model-level China annual means,17,28.585340189716334,18.817935325422525,36.16111640055989,23.51485067113227,34.03897096022342,4.372984202223282
ssp126,paper_qm,B,2048,pvpot,W m-2,equal weight across model-level China annual means,17,203.27852958462591,199.12945164075893,207.87756771060174,200.05474335695638,206.8226486813608,2.631936970343545
ssp126,paper_qm,B,2048,rsds,W m-2,equal weight across model-level China annual means,17,196.62864676713087,192.17538174389526,201.32199527717725,192.88280754049438,200.96339069087418,2.9609933755868654
ssp126,paper_qm,B,2048,sfcWind_10m,m s-1,equal weight across model-level China annual means,17,1.244942666248766,1.0053241490854474,1.3795454655489747,1.1802591821511117,1.3514582087992135,0.08618349346059229
ssp126,paper_qm,B,2048,tas_c,degree_Celsius,equal weight across model-level China annual means,17,8.683544199151486,7.175233160171028,9.762058479863795,7.798271477127491,9.67768247650399,0.7269933596423298
ssp126,paper_qm,B,2048,wpd,W m-2,equal weight across model-level China annual means,17,27.697665355246528,18.460237857365154,32.03398753919125,24.716362411768966,30.8943830448777,3.228708116775149
ssp126,paper_qm,B,2049,pvpot,W m-2,equal weight across model-level China annual means,17,203.22367202332615,197.67349266604663,206.68257241098084,200.14407913162464,206.44099379025434,2.5820540288901612
ssp126,paper_qm,B,2049,rsds,W m-2,equal weight across model-level China annual means,17,196.64214893100402,190.44272333235767,200.2485725938493,192.95599343380653,200.1661784224741,2.860639458462389
ssp126,paper_qm,B,2049,sfcWind_10m,m s-1,equal weight across model-level China annual means,17,1.2612732101392201,0.9705619181652815,1.415846614533226,1.166568736308523,1.365484050688164,0.10444629697537477
ssp126,paper_qm,B,2049,tas_c,degree_Celsius,equal weight across model-level China annual means,17,8.781936956987858,8.029129709841511,9.636518717349974,8.174099913122086,9.322736815084134,0.4862162666598172
ssp126,paper_qm,B,2049,wpd,W m-2,equal weight across model-level China annual means,17,28.146647596136894,18.801397215179943,33.688378152893236,24.392178327762476,32.182107433755895,3.656393264159745
ssp126,paper_qm,B,2050,pvpot,W m-2,equal weight across model-level China annual means,17,202.59527089172815,197.4462000182208,209.9306715868296,199.4313527353416,207.2367300903004,3.11363152360899
ssp126,paper_qm,B,2050,rsds,W m-2,equal weight across model-level China annual means,17,195.83170639880643,191.06317693882784,203.91401603963254,192.22983627554876,200.81052711564496,3.401501292333283
ssp126,paper_qm,B,2050,sfcWind_10m,m s-1,equal weight across model-level China annual means,17,1.2689385150677013,0.9703629750890935,1.385023617455417,1.2004056091137838,1.3706439177839222,0.09323820961929583
ssp126,paper_qm,B,2050,tas_c,degree_Celsius,equal weight across model-level China annual means,17,8.619516796795589,7.824401212922177,9.369563122186122,7.903876983813598,9.2788380882622,0.5120476559087772
ssp126,paper_qm,B,2050,wpd,W m-2,equal weight across model-level China annual means,17,28.462254579136832,17.669303349095866,33.46008249038618,26.286112706200537,31.99334011217226,3.361132027865492
ssp126,paper_qm,B,2051,pvpot,W m-2,equal weight across model-level China annual means,17,203.0616335601983,196.35120049712498,210.31030266540336,200.36886325373942,206.77783899093257,3.141788035570257
ssp126,paper_qm,B,2051,rsds,W m-2,equal weight across model-level China annual means,17,196.3172461131804,189.44428044620147,204.4957119692293,193.45975421344463,200.17538594144116,3.2733490350544625
ssp126,paper_qm,B,2051,sfcWind_10m,m s-1,equal weight across model-level China annual means,17,1.2625161001375949,1.0481608184519475,1.4259148704943072,1.129015798479271,1.3934621289017075,0.10256233465527391
ssp126,paper_qm,B,2051,tas_c,degree_Celsius,equal weight across model-level China annual means,17,8.615714259264875,7.765342742072932,9.832409999608833,8.00411701104502,9.25985739990214,0.5536043374980686
ssp126,paper_qm,B,2051,wpd,W m-2,equal weight across model-level China annual means,17,28.398820687338652,19.42002614311206,34.40067610149436,21.818779146060432,32.87192705636019,4.106720470784104
ssp126,paper_qm,B,2052,pvpot,W m-2,equal weight across model-level China annual means,17,202.81060546828465,197.07454606931495,209.3703870922325,199.11124907429263,206.87171961167527,3.173919983547809
ssp126,paper_qm,B,2052,rsds,W m-2,equal weight across model-level China annual means,17,196.15107278945106,189.96163245044139,203.64773962531316,191.4579557802763,200.39269055298223,3.614258015982049
ssp126,paper_qm,B,2052,sfcWind_10m,m s-1,equal weight across model-level China annual means,17,1.2547023835413036,1.0048230196534995,1.3945419466829196,1.1831609026386365,1.3532986270225322,0.08928920458904085
ssp126,paper_qm,B,2052,tas_c,degree_Celsius,equal weight across model-level China annual means,17,8.670401458890051,7.3408787012638825,9.664021214941167,8.09983439136476,9.632244116938422,0.6470623195273878
ssp126,paper_qm,B,2052,wpd,W m-2,equal weight across model-level China annual means,17,27.870930330545306,19.06363264413353,35.926415124948164,25.230833026209975,30.97709469177301,3.4597783272174403
ssp126,paper_qm,B,2053,pvpot,W m-2,equal weight across model-level China annual means,17,202.6530861572129,197.6604077055646,210.15001701901113,198.4466821084751,207.6041835105332,3.5240871140623766
ssp126,paper_qm,B,2053,rsds,W m-2,equal weight across model-level China annual means,17,195.97099108765687,190.01890816162668,203.95218733791387,191.78472923892141,201.49611873305278,3.775409419105978
ssp126,paper_qm,B,2053,sfcWind_10m,m s-1,equal weight across model-level China annual means,17,1.2597022793507435,1.0679514007013677,1.4107529332643656,1.1788924301233157,1.3931417279593128,0.09211522448926174
ssp126,paper_qm,B,2053,tas_c,degree_Celsius,equal weight across model-level China annual means,17,8.659433277613994,7.445037762402927,9.655112499603975,7.918364816486925,9.40719078911437,0.5961883114728574
ssp126,paper_qm,B,2053,wpd,W m-2,equal weight across model-level China annual means,17,28.20534699066844,22.167939306578237,35.62373608767773,24.46968014668899,32.2380198496146,3.2848798891765707
ssp126,paper_qm,B,2054,pvpot,W m-2,equal weight across model-level China annual means,17,202.69268730968216,193.66402862861796,210.45159797764143,198.3541573221985,208.5633854360336,4.1326418103433475
ssp126,paper_qm,B,2054,rsds,W m-2,equal weight across model-level China annual means,17,195.99820999741405,187.83636778555527,204.5572583776249,191.23779346683136,201.94499046775914,4.291923118752921
ssp126,paper_qm,B,2054,sfcWind_10m,m s-1,equal weight across model-level China annual means,17,1.2523299247282387,1.0502401335869522,1.388627284689141,1.1717568375534941,1.359252614579552,0.08189461166393676
ssp126,paper_qm,B,2054,tas_c,degree_Celsius,equal weight across model-level China annual means,17,8.681779591887233,7.782596643639464,9.651608872485856,7.94369596658034,9.482447734654562,0.5337193272090087
ssp126,paper_qm,B,2054,wpd,W m-2,equal weight across model-level China annual means,17,27.971049926759594,20.889924452838994,34.914378553675554,24.495458613834817,33.013685901566774,3.4533744337944023
ssp126,paper_qm,B,2055,pvpot,W m-2,equal weight across model-level China annual means,17,202.91571027626767,196.84279136304573,210.0490326995987,198.1408240563028,206.5211213180503,3.4698276908123376
ssp126,paper_qm,B,2055,rsds,W m-2,equal weight across model-level China annual means,17,196.35271526922975,189.5982476917816,203.96254186873838,191.79115547734605,200.52203818778423,3.650266557791317
ssp126,paper_qm,B,2055,sfcWind_10m,m s-1,equal weight across model-level China annual means,17,1.2626410147678842,1.0616257139543996,1.4136641863749533,1.1581566769720768,1.3811552359118815,0.09390525859309394
ssp126,paper_qm,B,2055,tas_c,degree_Celsius,equal weight across model-level China annual means,17,8.826993152097717,7.722531111715258,9.612906409447293,8.20619575867941,9.385945368699645,0.5006105898098229
ssp126,paper_qm,B,2055,wpd,W m-2,equal weight across model-level China annual means,17,27.967952240942903,20.700135823475854,33.428074168545194,23.649923530034254,32.48992375730598,3.5810469510896517
ssp126,paper_qm,B,2056,pvpot,W m-2,equal weight across model-level China annual means,17,203.53395914787225,197.2080345068248,210.0993800218495,200.0861739636288,207.0232363433188,3.1410962164818494
ssp126,paper_qm,B,2056,rsds,W m-2,equal weight across model-level China annual means,17,196.91582130622803,190.32816890483934,203.96241666242864,193.24627246189675,200.26575955282047,3.296639980005448
ssp126,paper_qm,B,2056,sfcWind_10m,m s-1,equal weight across model-level China annual means,17,1.2884308290481281,1.0573123960615443,1.4201916728597694,1.2224275541569802,1.3651035558698315,0.08078621099003508
ssp126,paper_qm,B,2056,tas_c,degree_Celsius,equal weight across model-level China annual means,17,8.776901417434688,8.177418536368018,9.750380224746289,8.234513781816013,9.526094722660416,0.47892531525044957
ssp126,paper_qm,B,2056,wpd,W m-2,equal weight across model-level China annual means,17,29.32981475801212,20.095439005006224,33.8921035524005,26.241822781162192,32.54157261132613,3.0378686346692203
ssp126,paper_qm,B,2057,pvpot,W m-2,equal weight across model-level China annual means,17,203.66063445116225,198.28133649641958,211.7947336401812,199.71811936037017,207.34145544524932,3.327459066365545
ssp126,paper_qm,B,2057,rsds,W m-2,equal weight across model-level China annual means,17,197.10985164837692,191.1575650768524,206.00621678615926,192.6886160942859,200.913229391472,3.6831584477991277
ssp126,paper_qm,B,2057,sfcWind_10m,m s-1,equal weight across model-level China annual means,17,1.2382801299998583,1.0350912836570534,1.3901874471472047,1.1479543796687075,1.3509120705650535,0.08711573139453754
ssp126,paper_qm,B,2057,tas_c,degree_Celsius,equal weight across model-level China annual means,17,8.785853230501976,7.567314447473318,9.831777696177594,7.984806210304505,9.614056238582524,0.6219107651239224
ssp126,paper_qm,B,2057,wpd,W m-2,equal weight across model-level China annual means,17,27.339392101153248,20.01505689028978,33.30216942194127,23.595042894366944,31.15145528989607,3.3396770469524353
ssp126,paper_qm,B,2058,pvpot,W m-2,equal weight across model-level China annual means,17,203.85494986633773,198.94332646724703,209.05824373469682,200.37026383865603,208.49184318262988,3.0807535910029777
ssp126,paper_qm,B,2058,rsds,W m-2,equal weight across model-level China annual means,17,197.28960014447654,191.6716634085614,202.98216505965948,193.9097136458837,201.97910915798,3.2522517821344072
ssp126,paper_qm,B,2058,sfcWind_10m,m s-1,equal weight across model-level China annual means,17,1.2560641728600959,0.9996611144000033,1.370386531187327,1.1644371134366387,1.3581818763642572,0.08883512375877634
ssp126,paper_qm,B,2058,tas_c,degree_Celsius,equal weight across model-level China annual means,17,8.741294069472387,7.9390501420766055,9.719270696763724,8.068965451060953,9.521088771199324,0.5646735842026174
ssp126,paper_qm,B,2058,wpd,W m-2,equal weight across model-level China annual means,17,28.26485067554813,18.942134372350953,34.77107545031904,24.264809067219392,32.446983711458806,3.673335821098589
ssp126,paper_qm,B,2059,pvpot,W m-2,equal weight across model-level China annual means,17,203.5453403928625,197.15363562498317,211.0377142965676,200.01327168517463,207.76174608536263,3.4576862818764984
ssp126,paper_qm,B,2059,rsds,W m-2,equal weight across model-level China annual means,17,197.05760264609006,189.0918196561805,205.2078034283379,192.8281657607152,201.5273342911155,3.8643371175988843
ssp126,paper_qm,B,2059,sfcWind_10m,m s-1,equal weight across model-level China annual means,17,1.2496210972284318,0.9958613142359406,1.3770545179191886,1.137244218792476,1.370199402347587,0.10118313011757157
ssp126,paper_qm,B,2059,tas_c,degree_Celsius,equal weight across model-level China annual means,17,8.841882227001914,7.27492647994828,9.865222434161412,8.153898432038181,9.542161189766626,0.6732615764386076
ssp126,paper_qm,B,2059,wpd,W m-2,equal weight across model-level China annual means,17,28.149652278834232,18.615708888943534,33.98251580326053,22.956633250002117,32.09184733355998,3.82450619114578
ssp126,paper_qm,B,2060,pvpot,W m-2,equal weight across model-level China annual means,17,203.2608753840213,196.04102735859644,210.8534136513961,199.6643108011609,207.87633205194763,3.656043448165043
ssp126,paper_qm,B,2060,rsds,W m-2,equal weight across model-level China annual means,17,196.81769979172762,188.07945161830193,204.63614539590787,192.92896917014468,201.59534893081945,4.016956574750322
ssp126,paper_qm,B,2060,sfcWind_10m,m s-1,equal weight across model-level China annual means,17,1.2464637326454413,0.9883819553986793,1.457281895101272,1.156320007648082,1.3622398328554153,0.10387269179915658
ssp126,paper_qm,B,2060,tas_c,degree_Celsius,equal weight across model-level China annual means,17,8.898521139193562,7.393836315627084,10.284681406803044,7.704534715639899,9.852625837297447,0.828266583522883
ssp126,paper_qm,B,2060,wpd,W m-2,equal weight across model-level China annual means,17,27.597903965115464,17.69689364989527,35.72520155890982,24.040012266310967,32.61223290072346,4.081084558128832
ssp126,paper_qm,B,2061,pvpot,W m-2,equal weight across model-level China annual means,17,203.30397298721337,198.7715114180354,210.15439121179756,200.51222283369682,207.6591896169125,3.0441094761026752
ssp126,paper_qm,B,2061,rsds,W m-2,equal weight across model-level China annual means,17,196.70186509712667,191.23213291174167,204.11195128984195,193.82306467805324,201.01104931664608,3.239378192747801
ssp126,paper_qm,B,2061,sfcWind_10m,m s-1,equal weight across model-level China annual means,17,1.2560734597752274,1.0052683164267517,1.41020374021379,1.1824246257374147,1.3898041022167542,0.09207785753613651
ssp126,paper_qm,B,2061,tas_c,degree_Celsius,equal weight across model-level China annual means,17,8.768633871829175,7.7241071658593805,9.632733432333465,8.009418628986232,9.538592364683403,0.5702403543288358
ssp126,paper_qm,B,2061,wpd,W m-2,equal weight across model-level China annual means,17,28.11483972083075,18.20876034268596,34.33376720327757,25.103907382023174,32.57486295895851,3.6293984179575225
ssp126,paper_qm,B,2062,pvpot,W m-2,equal weight across model-level China annual means,17,203.30950563186659,195.48040255568287,211.40912014268193,200.75670780251724,207.3129445416182,3.3852493623051965
ssp126,paper_qm,B,2062,rsds,W m-2,equal weight across model-level China annual means,17,196.65747249234803,188.12899375124152,205.96055847362052,194.06061612498974,200.82223483458395,3.7576944885415062
ssp126,paper_qm,B,2062,sfcWind_10m,m s-1,equal weight across model-level China annual means,17,1.2519191734241117,1.0431871331746037,1.434980195662483,1.1555845688619724,1.3447263513395553,0.08835805647074547
ssp126,paper_qm,B,2062,tas_c,degree_Celsius,equal weight across model-level China annual means,17,8.685821452578432,7.7259697701318055,9.598392428869879,7.958514756497283,9.467493496675297,0.5995884240661167
ssp126,paper_qm,B,2062,wpd,W m-2,equal weight across model-level China annual means,17,28.032465097461014,21.260819850972986,34.19872933945458,24.08355360515129,32.722705470238246,3.3362678218738377
ssp126,paper_qm,B,2063,pvpot,W m-2,equal weight across model-level China annual means,17,202.9859333006416,197.41856874489963,208.64450085916278,197.8152570174331,207.53584128479505,3.523120830807808
ssp126,paper_qm,B,2063,rsds,W m-2,equal weight across model-level China annual means,17,196.52962220701582,190.21015820348643,202.9745417391387,191.02282787925745,201.84219155700688,3.9141143235515408
ssp126,paper_qm,B,2063,sfcWind_10m,m s-1,equal weight across model-level China annual means,17,1.2401641549192537,1.030690884197088,1.4037115938614662,1.1449614834750854,1.3249891964080063,0.08621350475225277
ssp126,paper_qm,B,2063,tas_c,degree_Celsius,equal weight across model-level China annual means,17,8.902935890079906,8.046040494635612,10.367455365404123,8.236762484229532,9.496649921351782,0.5782650705848589
ssp126,paper_qm,B,2063,wpd,W m-2,equal weight across model-level China annual means,17,27.38460160305147,19.297630641510047,34.865581306501646,23.525070307413326,32.08797649368884,3.748468731679883
ssp126,paper_qm,B,2064,pvpot,W m-2,equal weight across model-level China annual means,17,203.02939081507563,198.23686939845402,210.72603428859736,199.48777829636066,207.79011548871546,3.476994885436279
ssp126,paper_qm,B,2064,rsds,W m-2,equal weight across model-level China annual means,17,196.5291153372316,192.1695943171629,204.56866904813504,192.88372552612913,201.40581029396571,3.6660180172754475
ssp126,paper_qm,B,2064,sfcWind_10m,m s-1,equal weight across model-level China annual means,17,1.265094671015566,1.0039956579172657,1.4027255223135733,1.1801646596485251,1.3784474802661764,0.09918867924741345
ssp126,paper_qm,B,2064,tas_c,degree_Celsius,equal weight across model-level China annual means,17,8.850136873600764,7.367053762626191,10.180925127851586,8.048094192766419,9.63848322059279,0.6870208219332739
ssp126,paper_qm,B,2064,wpd,W m-2,equal weight across model-level China annual means,17,28.810806979194542,19.175622666393227,34.89024062647594,25.47354370546207,33.202981472276235,3.95132415141204
ssp126,paper_qm,B,2065,pvpot,W m-2,equal weight across model-level China annual means,17,203.5596101965737,196.19820687240224,208.92662257744783,200.03366577434463,207.67854823895303,3.254579484282481
ssp126,paper_qm,B,2065,rsds,W m-2,equal weight across model-level China annual means,17,196.90772994617032,188.72818275180748,202.5110545061635,192.9556220598716,201.26499989730175,3.491388958987877
ssp126,paper_qm,B,2065,sfcWind_10m,m s-1,equal weight across model-level China annual means,17,1.2518241701728543,0.994691899929005,1.4417422698123195,1.156585334350178,1.3636512458611396,0.10047101405553999
ssp126,paper_qm,B,2065,tas_c,degree_Celsius,equal weight across model-level China annual means,17,8.706840206656937,7.386533576778745,9.755461668679612,7.799194230732476,9.484088826668936,0.6737699173133683
ssp126,paper_qm,B,2065,wpd,W m-2,equal weight across model-level China annual means,17,27.94577882413861,19.367472356307484,36.03729672479746,24.239704822413128,32.66552914617516,3.9029708870111337
ssp126,paper_qm,B,2066,pvpot,W m-2,equal weight across model-level China annual means,17,203.70220389950848,198.88159208914144,207.62455318049,200.3435797772408,207.0176859795447,2.627092444439287
ssp126,paper_qm,B,2066,rsds,W m-2,equal weight across model-level China annual means,17,197.2310973856717,191.84509740985084,201.43575170204295,194.1286696369054,200.8078892327906,2.7444071183298173
ssp126,paper_qm,B,2066,sfcWind_10m,m s-1,equal weight across model-level China annual means,17,1.2667275756097125,1.0305263868519332,1.3895607039218383,1.17568637696765,1.374607279540437,0.08877796496634639
ssp126,paper_qm,B,2066,tas_c,degree_Celsius,equal weight across model-level China annual means,17,8.880395978136642,8.128511485315984,10.026195157281926,8.249843154949879,9.417974437068127,0.5329367251918555
ssp126,paper_qm,B,2066,wpd,W m-2,equal weight across model-level China annual means,17,28.819951988228507,19.59468829520638,33.29045702877806,24.486493299780342,32.97544486406454,3.6238910043359627
ssp126,paper_qm,B,2067,pvpot,W m-2,equal weight across model-level China annual means,17,203.49853096068594,197.04099517312514,210.48095020169103,199.78833916781147,207.5908186513503,3.3623750515992215
ssp126,paper_qm,B,2067,rsds,W m-2,equal weight across model-level China annual means,17,196.99168152148604,189.14213688177722,204.60316559832472,193.40513882625717,201.9970719310816,3.7331321439821865
ssp126,paper_qm,B,2067,sfcWind_10m,m s-1,equal weight across model-level China annual means,17,1.2506336946286818,0.9753711869601679,1.4330350848486868,1.1198818929034717,1.3419618188981202,0.10333113773327442
ssp126,paper_qm,B,2067,tas_c,degree_Celsius,equal weight across model-level China annual means,17,8.816733701244319,7.40642189965014,9.691919043164892,7.9308072052214245,9.534619553878349,0.655213530826505
ssp126,paper_qm,B,2067,wpd,W m-2,equal weight across model-level China annual means,17,27.91645477404848,17.97653729080947,36.62301257056159,23.897509982264527,31.641716124932472,3.999096412597743
ssp126,paper_qm,B,2068,pvpot,W m-2,equal weight across model-level China annual means,17,203.70625157088597,197.74470586472356,209.93246576272853,199.9674468098377,207.5326980092245,3.05952464203069
ssp126,paper_qm,B,2068,rsds,W m-2,equal weight across model-level China annual means,17,197.31601433253277,190.38404137781416,203.87600913814617,193.32706525098465,200.86575611042917,3.3369870737293863
ssp126,paper_qm,B,2068,sfcWind_10m,m s-1,equal weight across model-level China annual means,17,1.2470621930882309,1.0621405229390286,1.4078178226991012,1.1211458324657084,1.3693770851246467,0.0963327771459634
ssp126,paper_qm,B,2068,tas_c,degree_Celsius,equal weight across model-level China annual means,17,8.929528563247054,7.902485257514958,10.156285564115263,8.0154180391059,9.912336350226651,0.740217088187718
ssp126,paper_qm,B,2068,wpd,W m-2,equal weight across model-level China annual means,17,27.91010736887744,20.640469679756347,34.4914590843373,21.481542724161788,34.25838889966062,4.193617173908795
ssp126,paper_qm,B,2069,pvpot,W m-2,equal weight across model-level China annual means,17,203.4274242720835,199.24063400586832,209.63297636255382,200.06127268344827,207.84322455759883,2.9961345972039655
ssp126,paper_qm,B,2069,rsds,W m-2,equal weight across model-level China annual means,17,196.96986643192517,192.13063515158322,203.78934662029283,193.1908166146892,201.64717132357967,3.289888960942494
ssp126,paper_qm,B,2069,sfcWind_10m,m s-1,equal weight across model-level China annual means,17,1.2391750817055203,1.0309875912780082,1.390437836888883,1.1503715573536752,1.335477528369452,0.0852996768757532
ssp126,paper_qm,B,2069,tas_c,degree_Celsius,equal weight across model-level China annual means,17,8.86743425517404,7.423446272645905,9.868080387978404,8.218420161531336,9.682604837586647,0.6529007192139067
ssp126,paper_qm,B,2069,wpd,W m-2,equal weight across model-level China annual means,17,27.385268496374056,19.68061075803916,31.872183349740794,24.081150680117883,30.764617610214593,2.9124079641837057
ssp126,paper_qm,B,2070,pvpot,W m-2,equal weight across model-level China annual means,17,204.43790251553634,198.90349182137788,209.77208528364702,200.90067168978888,208.53915183244226,3.040978530477104
ssp126,paper_qm,B,2070,rsds,W m-2,equal weight across model-level China annual means,17,197.8791624616979,191.5679159419503,203.60886822899036,194.0797358394771,202.25217387813498,3.2657770270400728
ssp126,paper_qm,B,2070,sfcWind_10m,m s-1,equal weight across model-level China annual means,17,1.2562643084658425,1.0315155214340141,1.4088561677627107,1.1487789137630897,1.3699658597531286,0.0943006470829076
ssp126,paper_qm,B,2070,tas_c,degree_Celsius,equal weight across model-level China annual means,17,8.79612944609328,7.511370532305166,9.680881179007649,8.00925963662087,9.468185118081873,0.5831560073144924
ssp126,paper_qm,B,2070,wpd,W m-2,equal weight across model-level China annual means,17,28.270983187435263,19.46926059483019,34.24894668605041,25.042609027451515,32.8757896538528,3.7220106156502992
ssp126,paper_qm,B,2071,pvpot,W m-2,equal weight across model-level China annual means,17,202.97083981358287,197.6063615956864,208.6551007183482,199.02493646018698,207.4929267237617,3.2958298607001835
ssp126,paper_qm,B,2071,rsds,W m-2,equal weight across model-level China annual means,17,196.40914079565985,190.3456882316738,202.50711918042157,191.66769909287228,201.1683733967098,3.5451434261431105
ssp126,paper_qm,B,2071,sfcWind_10m,m s-1,equal weight across model-level China annual means,17,1.2622682356431931,1.0496653723676408,1.4212869884541635,1.1545599579971177,1.3671600481106079,0.09563152781277529
ssp126,paper_qm,B,2071,tas_c,degree_Celsius,equal weight across model-level China annual means,17,8.76627187721979,7.988486694950297,9.501158742237273,8.01949251683463,9.451701976683088,0.5872890065256428
ssp126,paper_qm,B,2071,wpd,W m-2,equal weight across model-level China annual means,17,28.493254375355747,20.862454149529253,36.900816977080034,24.214947866244103,32.11184813221183,3.822399423287685
ssp126,paper_qm,B,2072,pvpot,W m-2,equal weight across model-level China annual means,17,203.48510927744647,197.42081482859498,208.37228658756757,200.3825125285337,207.50947170199984,2.9942664794454386
ssp126,paper_qm,B,2072,rsds,W m-2,equal weight across model-level China annual means,17,196.95846352306057,190.61523190157084,201.70476978137538,193.66327526317556,200.9250998847067,3.1720431097050397
ssp126,paper_qm,B,2072,sfcWind_10m,m s-1,equal weight across model-level China annual means,17,1.2534535922069527,1.0099091839513286,1.418122067717088,1.1560906392528048,1.3469468519140726,0.0965865757683334
ssp126,paper_qm,B,2072,tas_c,degree_Celsius,equal weight across model-level China annual means,17,8.7821134697917,7.6814767606596,9.737917922504142,7.953504993239401,9.519329969245312,0.6010680437984354
ssp126,paper_qm,B,2072,wpd,W m-2,equal weight across model-level China annual means,17,28.069150627306207,21.171768486817015,34.04105357521033,23.523719929567765,32.86723125638364,3.7645904904081986
ssp126,paper_qm,B,2073,pvpot,W m-2,equal weight across model-level China annual means,17,203.99361274392643,196.0805640462329,211.77613865974203,201.079940720797,207.60063816098506,3.436988529542083
ssp126,paper_qm,B,2073,rsds,W m-2,equal weight across model-level China annual means,17,197.57788313030724,188.69563418918506,205.73116905134495,194.29836324366204,201.2333920972318,3.630058023422911
ssp126,paper_qm,B,2073,sfcWind_10m,m s-1,equal weight across model-level China annual means,17,1.2611132736434576,1.012909667402963,1.433312851745316,1.1737406518080844,1.3730898409539185,0.09852546938788365
ssp126,paper_qm,B,2073,tas_c,degree_Celsius,equal weight across model-level China annual means,17,8.897382870923067,8.046305827531667,10.11453111393278,8.213601057677602,9.724364521687589,0.6179058811117991
ssp126,paper_qm,B,2073,wpd,W m-2,equal weight across model-level China annual means,17,28.16367564028786,20.333668068396424,33.3070985900855,24.59498720605184,32.6207613615875,3.373345274997997
ssp126,paper_qm,B,2074,pvpot,W m-2,equal weight across model-level China annual means,17,203.1408073668463,197.73894381944663,209.40310521709569,199.1217074353829,207.56603300383574,3.1748607251385885
ssp126,paper_qm,B,2074,rsds,W m-2,equal weight across model-level China annual means,17,196.59059174561747,191.04251564647305,203.74503678908687,192.10939642836345,201.17850607403452,3.454484599582196
ssp126,paper_qm,B,2074,sfcWind_10m,m s-1,equal weight across model-level China annual means,17,1.2738355546660052,1.0717180357441942,1.4266587697820263,1.1703510814153975,1.3920151141745225,0.09125442486138492
ssp126,paper_qm,B,2074,tas_c,degree_Celsius,equal weight across model-level China annual means,17,8.828138414584155,7.645341256563497,9.659157503300358,7.766482611549645,9.572162444242261,0.6734044276268292
ssp126,paper_qm,B,2074,wpd,W m-2,equal weight across model-level China annual means,17,29.100254451101108,23.318980718918723,35.42179787085539,25.425864712024854,33.4583863346728,3.1914067450294143
ssp126,paper_qm,B,2075,pvpot,W m-2,equal weight across model-level China annual means,17,203.61300497481335,197.6154443819224,210.24540448422078,198.7805126091545,207.96762485175037,3.718161374238708
ssp126,paper_qm,B,2075,rsds,W m-2,equal weight across model-level China annual means,17,197.11792048365228,190.23443980725622,204.14802600294897,191.5529501876958,202.5047170244113,4.170047629161046
ssp126,paper_qm,B,2075,sfcWind_10m,m s-1,equal weight across model-level China annual means,17,1.2513029425298687,1.056127215545506,1.347319794179706,1.183407475566934,1.3244300503473487,0.0675346832636292
ssp126,paper_qm,B,2075,tas_c,degree_Celsius,equal weight across model-level China annual means,17,8.86450797584135,7.312354828408073,10.150496793690493,7.856401649386226,9.86170400371565,0.8036087990961658
ssp126,paper_qm,B,2075,wpd,W m-2,equal weight across model-level China annual means,17,28.26448652758761,20.878449380245158,32.83777320837909,25.589470684203217,30.812092556377877,2.7413999089238485
ssp126,paper_qm,B,2076,pvpot,W m-2,equal weight across model-level China annual means,17,203.36421966240067,197.31186001380593,211.8341220446408,199.54590424900113,207.25725626841512,3.405537728763113
ssp126,paper_qm,B,2076,rsds,W m-2,equal weight across model-level China annual means,17,196.84777423643777,191.32525084149248,206.24103737842316,192.1981404765347,200.62294045020508,3.6783766912597566
ssp126,paper_qm,B,2076,sfcWind_10m,m s-1,equal weight across model-level China annual means,17,1.2733069906519028,1.0700942511411935,1.4167714690617716,1.1650594715780505,1.4053150042278988,0.09385385618320062
ssp126,paper_qm,B,2076,tas_c,degree_Celsius,equal weight across model-level China annual means,17,8.87571055176999,7.7108042494602,9.986293208322506,7.871939299534722,9.82280396222875,0.7588181197385406
ssp126,paper_qm,B,2076,wpd,W m-2,equal weight across model-level China annual means,17,28.877663461275038,20.956840942611635,34.68416372215104,24.77683298167986,33.58570419017794,3.6526625626558817
ssp126,paper_qm,B,2077,pvpot,W m-2,equal weight across model-level China annual means,17,203.5086552447981,198.74268297385925,210.755589063755,200.56199967128697,207.1831290842086,2.920298586344119
ssp126,paper_qm,B,2077,rsds,W m-2,equal weight across model-level China annual means,17,196.99865247714249,191.6343898499808,203.97070294298183,194.06731668901574,200.69749548742416,3.0206574731458997
ssp126,paper_qm,B,2077,sfcWind_10m,m s-1,equal weight across model-level China annual means,17,1.2554687608402675,1.0662682117998947,1.4076558896708187,1.160319399277638,1.3371515502900362,0.0816755992200612
ssp126,paper_qm,B,2077,tas_c,degree_Celsius,equal weight across model-level China annual means,17,8.834166124754002,7.736837372771809,9.779285626734874,8.098979467597593,9.460995842163742,0.5853230595652393
ssp126,paper_qm,B,2077,wpd,W m-2,equal weight across model-level China annual means,17,27.783410928173424,21.627667502960165,34.12025120074552,24.986212399093574,30.945742858704786,2.935266651932675
ssp126,paper_qm,B,2078,pvpot,W m-2,equal weight across model-level China annual means,17,204.31753023384624,199.11621156097908,210.30646214302317,200.36719734894652,208.41819983201708,2.9759428940940245
ssp126,paper_qm,B,2078,rsds,W m-2,equal weight across model-level China annual means,17,197.8096596145727,191.9781244682441,204.45843678833708,193.11325435759403,202.3108034676763,3.4338125470257053
ssp126,paper_qm,B,2078,sfcWind_10m,m s-1,equal weight across model-level China annual means,17,1.2487021066633024,1.0428993873177996,1.4387441620341974,1.1611316121513173,1.3309275767610969,0.08702220108430744
ssp126,paper_qm,B,2078,tas_c,degree_Celsius,equal weight across model-level China annual means,17,8.808126577660612,7.266209080950174,9.961560606032645,8.082621494934035,9.584059316171436,0.7068791639739016
ssp126,paper_qm,B,2078,wpd,W m-2,equal weight across model-level China annual means,17,27.609374722699847,20.344016303488427,34.51399023394081,24.376214843560717,30.383255831309484,3.0392389984556507
ssp126,paper_qm,B,2079,pvpot,W m-2,equal weight across model-level China annual means,17,203.77357748305022,197.83030647666115,212.89661292192645,200.07057959169083,208.88901625292104,3.8676496912866956
ssp126,paper_qm,B,2079,rsds,W m-2,equal weight across model-level China annual means,17,197.27942312477302,190.3488704653046,206.89923352783964,193.1605480279401,202.76539118989731,4.169918353739006
ssp126,paper_qm,B,2079,sfcWind_10m,m s-1,equal weight across model-level China annual means,17,1.2564440300403135,1.0607768192555296,1.3836268149238204,1.1715535233968712,1.3348704981063375,0.07359338438135618
ssp126,paper_qm,B,2079,tas_c,degree_Celsius,equal weight across model-level China annual means,17,8.829650868222833,7.699106709283608,9.824720574471554,7.994078851817354,9.71124785877173,0.6821129903542837
ssp126,paper_qm,B,2079,wpd,W m-2,equal weight across model-level China annual means,17,27.865834291130785,21.07031900769657,32.365519471007204,24.70272116526241,31.405391869757377,2.9277523351749957
ssp126,paper_qm,B,2080,pvpot,W m-2,equal weight across model-level China annual means,17,204.29829751623777,199.6842026364445,210.8110514878255,200.68575365913043,208.46195144082785,3.1596689180621413
ssp126,paper_qm,B,2080,rsds,W m-2,equal weight across model-level China annual means,17,197.70973106061527,192.48581429334388,204.77418600314,193.4281086887397,202.3029856173766,3.496195592566213
ssp126,paper_qm,B,2080,sfcWind_10m,m s-1,equal weight across model-level China annual means,17,1.2807280803278598,1.0354575184620238,1.426747570366128,1.1460270130346848,1.4003753368404015,0.10674149352482841
ssp126,paper_qm,B,2080,tas_c,degree_Celsius,equal weight across model-level China annual means,17,8.742470112339136,7.697328313322072,9.937029332737348,8.029201093014995,9.615973241057299,0.6731277892199368
ssp126,paper_qm,B,2080,wpd,W m-2,equal weight across model-level China annual means,17,29.744969463080682,20.460759039905337,34.94865011593631,24.343624856501606,34.182511281559165,4.103059319241395
ssp126,paper_qm,B,2081,pvpot,W m-2,equal weight across model-level China annual means,17,203.73091882829507,197.23381549540818,209.52020203526857,201.3188848487549,208.50065882020553,2.9478938399219605
ssp126,paper_qm,B,2081,rsds,W m-2,equal weight across model-level China annual means,17,197.17155973604477,189.8834779694497,204.04221769890535,194.23173381150167,202.12367859903085,3.3852232579446255
ssp126,paper_qm,B,2081,sfcWind_10m,m s-1,equal weight across model-level China annual means,17,1.266905964111875,0.9863485466367301,1.411407062494588,1.1706718513556222,1.3824826678856912,0.10390871655536721
ssp126,paper_qm,B,2081,tas_c,degree_Celsius,equal weight across model-level China annual means,17,8.779046090834564,7.8541304476753915,9.93318822092226,7.920825385456965,9.679350046625586,0.6690820862415089
ssp126,paper_qm,B,2081,wpd,W m-2,equal weight across model-level China annual means,17,28.73519817392978,18.446216259119584,34.49342208119189,24.73479970841667,34.00423951108181,3.92561375284187
ssp126,paper_qm,B,2082,pvpot,W m-2,equal weight across model-level China annual means,17,203.61651336347285,197.4859614279932,211.20273035688368,200.90715809408275,206.83750953978463,3.065995985159251
ssp126,paper_qm,B,2082,rsds,W m-2,equal weight across model-level China annual means,17,197.01276394000507,190.06511363052724,205.16958724756898,194.50934194998098,200.46606961357324,3.313062679254359
ssp126,paper_qm,B,2082,sfcWind_10m,m s-1,equal weight across model-level China annual means,17,1.2655427030931843,1.014878660159192,1.3810627146984171,1.1694701513114611,1.3682636357840043,0.08904242551035489
ssp126,paper_qm,B,2082,tas_c,degree_Celsius,equal weight across model-level China annual means,17,8.777518398096241,7.913570083000368,9.841486987673742,8.006484114007106,9.626334225578432,0.5994478954901723
ssp126,paper_qm,B,2082,wpd,W m-2,equal weight across model-level China annual means,17,28.580919634682605,18.6840782771213,31.960948616184655,25.257145347017097,31.775187721728134,3.2701673864186005
ssp126,paper_qm,B,2083,pvpot,W m-2,equal weight across model-level China annual means,17,203.61357889310995,199.48917232477825,212.89288963205038,200.34741680846358,207.5543566218591,3.524504607387521
ssp126,paper_qm,B,2083,rsds,W m-2,equal weight across model-level China annual means,17,197.13477810162792,192.22818195450898,207.38467445134083,194.13906434423578,201.2039898836126,3.7387561487456265
ssp126,paper_qm,B,2083,sfcWind_10m,m s-1,equal weight across model-level China annual means,17,1.260020735816072,1.03239373841399,1.3666000542648131,1.1726463586984197,1.3404896987256498,0.08214907641678564
ssp126,paper_qm,B,2083,tas_c,degree_Celsius,equal weight across model-level China annual means,17,8.880183171850334,7.729773221333129,9.680480659906394,8.145960538313219,9.535567222064095,0.5810778387073064
ssp126,paper_qm,B,2083,wpd,W m-2,equal weight across model-level China annual means,17,28.544612752296548,20.999469478669592,32.6729434784388,25.10727843835099,32.25540077880756,3.138472124128193
ssp126,paper_qm,B,2084,pvpot,W m-2,equal weight across model-level China annual means,17,203.6963845125431,197.14819144342337,210.21052438416078,199.5942669533117,208.36537427808724,3.5214070600884493
ssp126,paper_qm,B,2084,rsds,W m-2,equal weight across model-level China annual means,17,197.0886361647558,189.6656981236853,204.3558553560595,192.80222586164243,202.8778491820499,4.0555314804821085
ssp126,paper_qm,B,2084,sfcWind_10m,m s-1,equal weight across model-level China annual means,17,1.268651137149762,1.00831902488229,1.415305044325354,1.1647361889609311,1.3838835780791707,0.09845260099653941
ssp126,paper_qm,B,2084,tas_c,degree_Celsius,equal weight across model-level China annual means,17,8.759552395309388,6.998563614521518,9.888115491225811,7.784403544925686,9.792533487615508,0.8607500176725317
ssp126,paper_qm,B,2084,wpd,W m-2,equal weight across model-level China annual means,17,28.61607357192675,19.063628707371745,34.430377749163235,24.21521763933508,32.631843641130445,3.767795855705629
ssp126,paper_qm,B,2085,pvpot,W m-2,equal weight across model-level China annual means,17,204.23154563870358,197.36973754632496,211.18043651792678,198.55876782917588,208.25679271566628,3.6256009743358315
ssp126,paper_qm,B,2085,rsds,W m-2,equal weight across model-level China annual means,17,197.6585145647267,189.66971526994223,205.06616679300308,191.4382549082353,201.63450437014532,4.155469244339718
ssp126,paper_qm,B,2085,sfcWind_10m,m s-1,equal weight across model-level China annual means,17,1.2577985503685263,1.0777591188428695,1.3686564894536568,1.154239016927929,1.3589522879717029,0.08149550247337324
ssp126,paper_qm,B,2085,tas_c,degree_Celsius,equal weight across model-level China annual means,17,8.762119277782816,7.316507643280031,10.312505999843864,7.567746049718209,9.66653178945791,0.8448606914905179
ssp126,paper_qm,B,2085,wpd,W m-2,equal weight across model-level China annual means,17,28.216716322185995,22.5342676499281,33.33562282133612,24.361837486811986,32.0858090696798,2.963245101443524
ssp126,paper_qm,B,2086,pvpot,W m-2,equal weight across model-level China annual means,17,203.96519488713272,195.6611075245488,211.44562046022952,200.20305558291184,209.26314450201406,3.8900910187520252
ssp126,paper_qm,B,2086,rsds,W m-2,equal weight across model-level China annual means,17,197.50043685654282,188.14304141647702,205.77659143201757,193.41949936895625,203.3954854454781,4.288464014351496
ssp126,paper_qm,B,2086,sfcWind_10m,m s-1,equal weight across model-level China annual means,17,1.2761048339715637,1.0561352158085537,1.429106940089606,1.1534139858986094,1.3698432193985146,0.09327032874055945
ssp126,paper_qm,B,2086,tas_c,degree_Celsius,equal weight across model-level China annual means,17,8.86417204207834,7.554066890961741,9.99062240259875,7.76621969719102,9.889697473749488,0.8161827452940958
ssp126,paper_qm,B,2086,wpd,W m-2,equal weight across model-level China annual means,17,28.87810628683275,21.247506443003395,33.85434557719115,24.22169922478695,32.43867470403931,3.481709405601496
ssp126,paper_qm,B,2087,pvpot,W m-2,equal weight across model-level China annual means,17,203.8890896589057,197.8264160398437,212.40155107412554,199.4728825084136,209.3813978188476,3.9423976678486543
ssp126,paper_qm,B,2087,rsds,W m-2,equal weight across model-level China annual means,17,197.43412748345568,190.78765590301353,206.77587236675575,193.50624436915112,203.10403528396915,4.078866591446791
ssp126,paper_qm,B,2087,sfcWind_10m,m s-1,equal weight across model-level China annual means,17,1.2665795520533938,1.0628072850429435,1.4197406073394223,1.1557602612421056,1.3604132559692792,0.09022094232423421
ssp126,paper_qm,B,2087,tas_c,degree_Celsius,equal weight across model-level China annual means,17,8.89511040044253,7.796809529576383,10.121438096099062,7.993700505042885,9.962823098010311,0.726325181899423
ssp126,paper_qm,B,2087,wpd,W m-2,equal weight across model-level China annual means,17,28.248473280628076,20.818531662811896,34.195513729295534,23.02670655846426,32.565206991538055,3.6674919382093116
ssp126,paper_qm,B,2088,pvpot,W m-2,equal weight across model-level China annual means,17,203.8919560396969,198.53584582821023,211.16945657234945,199.70495452854792,208.84597843159264,3.6801651713309727
ssp126,paper_qm,B,2088,rsds,W m-2,equal weight across model-level China annual means,17,197.333627697057,191.4434760935999,205.05233033634872,193.13480577326447,202.6037633630979,3.8658176115546294
ssp126,paper_qm,B,2088,sfcWind_10m,m s-1,equal weight across model-level China annual means,17,1.2582941731064496,1.1016582771924905,1.4557749124299608,1.186665707935131,1.3228802917104945,0.0748653353721298
ssp126,paper_qm,B,2088,tas_c,degree_Celsius,equal weight across model-level China annual means,17,8.8371353243389,7.847555690159218,9.841682466805883,7.876095369141989,9.469339735506106,0.627225455875283
ssp126,paper_qm,B,2088,wpd,W m-2,equal weight across model-level China annual means,17,28.547344955544705,23.753504815454047,34.85867339961977,26.097687218540095,31.442825862744378,2.6127270273812284
ssp126,paper_qm,B,2089,pvpot,W m-2,equal weight across model-level China annual means,17,203.8676092241468,198.38085428785135,210.43556615103128,198.81597868105288,210.34047093762226,3.777086095279513
ssp126,paper_qm,B,2089,rsds,W m-2,equal weight across model-level China annual means,17,197.38793483196557,190.71084579402915,204.76294466872727,192.63795846243002,203.4702390644618,4.063484438180785
ssp126,paper_qm,B,2089,sfcWind_10m,m s-1,equal weight across model-level China annual means,17,1.2516356208573969,0.9911794468579861,1.3820856203448553,1.123023404907488,1.3594996222382199,0.09626138303503493
ssp126,paper_qm,B,2089,tas_c,degree_Celsius,equal weight across model-level China annual means,17,8.844906928534561,7.598459768135856,9.953826191880642,7.760209104280313,9.630279159823619,0.7833820055964804
ssp126,paper_qm,B,2089,wpd,W m-2,equal weight across model-level China annual means,17,27.693271091184307,17.985326877139624,31.83683927444646,23.48708123874422,31.19982257878881,3.482330407944093
ssp126,paper_qm,B,2090,pvpot,W m-2,equal weight across model-level China annual means,17,203.71758349508886,195.9604139185501,209.7090032099264,199.23749092553126,208.24855212768293,3.751291913945923
ssp126,paper_qm,B,2090,rsds,W m-2,equal weight across model-level China annual means,17,197.17881218059603,190.2625737904477,204.43001354915395,191.88518275928973,201.7129879278168,3.9294568564940606
ssp126,paper_qm,B,2090,sfcWind_10m,m s-1,equal weight across model-level China annual means,17,1.2796131728843174,1.036553255118747,1.4503275594671459,1.152920671383578,1.4010013899379024,0.10725530489048506
ssp126,paper_qm,B,2090,tas_c,degree_Celsius,equal weight across model-level China annual means,17,8.80588334577118,7.60000737197295,10.030262832264526,8.007750580066443,9.721611773983097,0.6973343817139833
ssp126,paper_qm,B,2090,wpd,W m-2,equal weight across model-level China annual means,17,29.31274101834972,21.87294218305968,36.70093694697389,24.194363804415175,33.46966071150221,3.9804002026444425
ssp126,paper_qm,B,2091,pvpot,W m-2,equal weight across model-level China annual means,17,203.42224643381928,198.02039572694966,210.78381839234314,199.04288678265115,209.06253049565126,3.705774468615409
ssp126,paper_qm,B,2091,rsds,W m-2,equal weight across model-level China annual means,17,196.74583601852794,190.6915027795366,204.79694910625383,192.59897626012557,202.40819141059427,3.90983282232444
ssp126,paper_qm,B,2091,sfcWind_10m,m s-1,equal weight across model-level China annual means,17,1.2833422316208298,1.0548663852487739,1.4405143128971556,1.2072068664044802,1.3931942125736438,0.09214808363610727
ssp126,paper_qm,B,2091,tas_c,degree_Celsius,equal weight across model-level China annual means,17,8.682270824420764,7.752145134692593,9.529467174641455,8.021933269797515,9.449127306502277,0.6037778620676739
ssp126,paper_qm,B,2091,wpd,W m-2,equal weight across model-level China annual means,17,29.434169268463528,20.142996113157086,35.92341740456831,25.567326304980654,32.94622932777878,3.4874521008529284
ssp126,paper_qm,B,2092,pvpot,W m-2,equal weight across model-level China annual means,17,203.7892651588405,196.52654175770985,208.2252219468402,200.35400287479592,206.97349159618577,2.8823031071485037
ssp126,paper_qm,B,2092,rsds,W m-2,equal weight across model-level China annual means,17,197.10618159321905,189.15062685314822,201.0937635511028,193.20822011048594,200.64279072478064,3.0726023969112672
ssp126,paper_qm,B,2092,sfcWind_10m,m s-1,equal weight across model-level China annual means,17,1.2743519372785646,0.9905456052966061,1.3584500894842388,1.1849416916608095,1.3496835067290232,0.08752214113762026
ssp126,paper_qm,B,2092,tas_c,degree_Celsius,equal weight across model-level China annual means,17,8.702209993722091,7.827924657334858,9.543096949572607,7.925803277567449,9.48132387333343,0.6497235365111634
ssp126,paper_qm,B,2092,wpd,W m-2,equal weight across model-level China annual means,17,28.71118745726355,18.270439816505945,32.346064187249894,24.493611862901847,32.14529531529035,3.6155255269297903
ssp126,paper_qm,B,2093,pvpot,W m-2,equal weight across model-level China annual means,17,204.2498836199776,196.82381885012424,210.1594079513129,200.57373428522638,209.26129343610387,3.3381391859792138
ssp126,paper_qm,B,2093,rsds,W m-2,equal weight across model-level China annual means,17,197.75023125188417,189.30578004327478,204.43204982261705,193.66653695886868,202.56877461987395,3.6680973745844208
ssp126,paper_qm,B,2093,sfcWind_10m,m s-1,equal weight across model-level China annual means,17,1.2553762294612785,1.032517089546967,1.4328236273085244,1.1307320021253637,1.378537913177821,0.10484734472659332
ssp126,paper_qm,B,2093,tas_c,degree_Celsius,equal weight across model-level China annual means,17,8.880107837673336,7.294071933607159,9.989196563151427,7.992131305556438,9.717060268919884,0.7597381079416753
ssp126,paper_qm,B,2093,wpd,W m-2,equal weight across model-level China annual means,17,28.22309418150517,18.96956091123928,36.79411365356059,23.293441612527506,33.95624130587355,4.36253164372273
ssp126,paper_qm,B,2094,pvpot,W m-2,equal weight across model-level China annual means,17,203.3970050168621,196.19318244286748,210.87011857439447,199.88126476357417,208.6429304841288,3.729206328447441
ssp126,paper_qm,B,2094,rsds,W m-2,equal weight across model-level China annual means,17,196.91057193881204,188.84354717126317,204.80879793231085,192.94426959873616,202.45900060597705,3.9752792364349596
ssp126,paper_qm,B,2094,sfcWind_10m,m s-1,equal weight across model-level China annual means,17,1.26957619149748,1.027366287902767,1.421237520718078,1.17543460959182,1.377491089597934,0.09399736467973722
ssp126,paper_qm,B,2094,tas_c,degree_Celsius,equal weight across model-level China annual means,17,8.893713507693862,7.760628236559292,10.01698262593406,7.963049505554359,9.82260574062498,0.7508862746249669
ssp126,paper_qm,B,2094,wpd,W m-2,equal weight across model-level China annual means,17,28.401290601480248,19.62526334146155,32.159815866168856,25.340804193540848,31.507010655800087,3.204581029031401
ssp126,paper_qm,B,2095,pvpot,W m-2,equal weight across model-level China annual means,17,203.9986462918107,198.013437218293,209.11960000508793,199.29467107482992,208.22687938186235,3.3963640263527175
ssp126,paper_qm,B,2095,rsds,W m-2,equal weight across model-level China annual means,17,197.4176991333843,190.3995210947128,203.68674496089412,192.43503380535768,201.677777937247,3.6816018815049087
ssp126,paper_qm,B,2095,sfcWind_10m,m s-1,equal weight across model-level China annual means,17,1.2676939561534657,1.0103780476479989,1.4092950714652128,1.1583482460094956,1.3658572817938437,0.09277155999111059
ssp126,paper_qm,B,2095,tas_c,degree_Celsius,equal weight across model-level China annual means,17,8.770614573273278,7.550802172236996,10.053027452737746,8.00915151416886,9.550846725956225,0.6875378636749676
ssp126,paper_qm,B,2095,wpd,W m-2,equal weight across model-level China annual means,17,28.89558725702523,20.936448447801002,33.90535184650964,24.38778332808394,32.481287318417614,3.423429462059767
ssp126,paper_qm,B,2096,pvpot,W m-2,equal weight across model-level China annual means,17,204.71965073989486,200.08130058374059,211.34580388186603,202.0468591272975,208.29770987673197,2.792372628503829
ssp126,paper_qm,B,2096,rsds,W m-2,equal weight across model-level China annual means,17,198.19495419466674,192.22925236475953,205.52851458624409,194.44975500013555,202.24110909470568,3.3446993838671335
ssp126,paper_qm,B,2096,sfcWind_10m,m s-1,equal weight across model-level China annual means,17,1.2657654496216661,1.0220445454431932,1.4144602681735943,1.1817138785252508,1.3767979064711862,0.09129523873720143
ssp126,paper_qm,B,2096,tas_c,degree_Celsius,equal weight across model-level China annual means,17,8.827873712168843,7.3023748736913126,9.972661028648968,7.696361274389687,9.79109471083461,0.8691329806037214
ssp126,paper_qm,B,2096,wpd,W m-2,equal weight across model-level China annual means,17,28.4744509695788,19.464058553351734,34.66290745215533,25.156565235447808,32.43389906333673,3.392411215519418
ssp126,paper_qm,B,2097,pvpot,W m-2,equal weight across model-level China annual means,17,203.80962081165148,198.96631700656914,210.49791164415117,200.34418936045637,208.70616315278662,3.314864408897943
ssp126,paper_qm,B,2097,rsds,W m-2,equal weight across model-level China annual means,17,197.1803855658457,191.52071547664025,204.32647851363285,193.76218602977434,202.6540033947871,3.4744930035909207
ssp126,paper_qm,B,2097,sfcWind_10m,m s-1,equal weight across model-level China annual means,17,1.2888064137624153,1.057667158752094,1.4687856440137386,1.1532607780789885,1.3986699393409219,0.10232479121966684
ssp126,paper_qm,B,2097,tas_c,degree_Celsius,equal weight across model-level China annual means,17,8.737042177936468,7.541061370800837,9.881488552237084,7.713285515750046,9.741963447897067,0.770635226954685
ssp126,paper_qm,B,2097,wpd,W m-2,equal weight across model-level China annual means,17,29.557788584846108,21.14697969414835,36.22041799669095,23.44473812955865,33.74759594648563,4.134174050126508
ssp126,paper_qm,B,2098,pvpot,W m-2,equal weight across model-level China annual means,17,203.62104299358157,196.21448609809053,210.0729297853492,198.38214041958702,209.166266840709,4.081109511891654
ssp126,paper_qm,B,2098,rsds,W m-2,equal weight across model-level China annual means,17,197.07410538311905,188.85286240811084,204.16112779642356,191.37969083464895,202.4589535944151,4.353094140289379
ssp126,paper_qm,B,2098,sfcWind_10m,m s-1,equal weight across model-level China annual means,17,1.2600093068726628,1.0570459787429993,1.372634185245366,1.1835957715107266,1.3198936419621061,0.07243120638347145
ssp126,paper_qm,B,2098,tas_c,degree_Celsius,equal weight across model-level China annual means,17,8.834497029613877,7.879023060613257,9.99678514978908,8.096617639896653,9.5708782864284,0.5925425703282605
ssp126,paper_qm,B,2098,wpd,W m-2,equal weight across model-level China annual means,17,28.345747157269074,20.122159372375492,34.790049136524836,24.968184027006643,31.782213460078605,3.2533062381022533
ssp126,paper_qm,B,2099,pvpot,W m-2,equal weight across model-level China annual means,17,204.16530758833034,198.94948589768273,211.73727174419983,199.73141866758652,209.56839354534065,3.6220500424169257
ssp126,paper_qm,B,2099,rsds,W m-2,equal weight across model-level China annual means,17,197.64677708551426,191.36756245019947,205.99627352775744,192.7187705151701,202.79816888553262,3.9324644722384803
ssp126,paper_qm,B,2099,sfcWind_10m,m s-1,equal weight across model-level China annual means,17,1.2554313237832895,1.0063273908846562,1.3991680718747335,1.139897296620372,1.3761435375918318,0.10297064933403251
ssp126,paper_qm,B,2099,tas_c,degree_Celsius,equal weight across model-level China annual means,17,8.831486627787982,7.698165432282138,10.081952878630343,7.940920067662215,9.744266807347133,0.789792912137056
ssp126,paper_qm,B,2099,wpd,W m-2,equal weight across model-level China annual means,17,28.14619161826218,18.81402549668996,34.061848691956115,23.500538210035916,31.71128343329865,3.8215876174851857
ssp126,paper_qm,B,2100,pvpot,W m-2,equal weight across model-level China annual means,17,204.55459541476526,199.35248122144856,210.7502457591877,201.81058249909464,209.3607922189857,2.9959756317580193
ssp126,paper_qm,B,2100,rsds,W m-2,equal weight across model-level China annual means,17,198.09097867043434,191.9033774364534,205.30629942390863,194.79859615715662,202.7612364947051,3.3694213849442467
ssp126,paper_qm,B,2100,sfcWind_10m,m s-1,equal weight across model-level China annual means,17,1.272322307431021,1.1041100172973788,1.4045844349322838,1.1766890374843946,1.3640597148418432,0.08078245230518198
ssp126,paper_qm,B,2100,tas_c,degree_Celsius,equal weight across model-level China annual means,17,8.849481808620899,7.5685941131994,10.029342493311207,7.9266574548233475,9.696226027729367,0.6840833433660332
ssp126,paper_qm,B,2100,wpd,W m-2,equal weight across model-level China annual means,17,29.233493950851354,23.754453629274536,36.595178083682065,24.574668516590723,33.65915548334541,3.5069330637061644
ssp245,optimized,D,2015,pvpot,W m-2,equal weight across model-level China annual means,17,199.26177289726618,193.24168105514832,203.95655367571547,196.2276808029784,202.265445429251,2.6681103213171613
ssp245,optimized,D,2015,rsds,W m-2,equal weight across model-level China annual means,17,191.2244446388003,186.3038959124281,195.84151079152102,188.006526023863,194.5640525435065,2.64825677818884
ssp245,optimized,D,2015,sfcWind_10m,m s-1,equal weight across model-level China annual means,17,1.3376090265836391,1.204306131732945,1.4387634768840858,1.276581517769534,1.4014422048401567,0.05466385432407461
ssp245,optimized,D,2015,tas_c,degree_Celsius,equal weight across model-level China annual means,17,7.480265796004503,7.045406306369261,8.62105061802648,7.072724026037794,7.926862341304678,0.4082575605745863
ssp245,optimized,D,2015,wpd,W m-2,equal weight across model-level China annual means,17,30.734813270971266,22.690842080171862,35.25119213273192,27.274180756681815,33.88405764477462,3.1233107720001505
ssp245,optimized,D,2016,pvpot,W m-2,equal weight across model-level China annual means,17,198.83904505183722,194.88906328874097,203.84754216334193,195.76498438830467,203.00308030171217,2.662748204242139
ssp245,optimized,D,2016,rsds,W m-2,equal weight across model-level China annual means,17,190.87658712369435,187.4839809015533,195.4017337873945,187.86251770844362,194.81170155020584,2.4893062754146036
ssp245,optimized,D,2016,sfcWind_10m,m s-1,equal weight across model-level China annual means,17,1.3249952247635504,1.2416069020689007,1.425920465416623,1.2762327784539795,1.3686150518829108,0.04386283848583738
ssp245,optimized,D,2016,tas_c,degree_Celsius,equal weight across model-level China annual means,17,7.564332567998108,6.764315114648736,8.483456314619145,7.0076716187410195,8.251631711707182,0.45838933499547707
ssp245,optimized,D,2016,wpd,W m-2,equal weight across model-level China annual means,17,29.565040377956176,24.1246324376273,35.49130944957145,26.68364997502722,32.43721149486393,2.666860424579579
ssp245,optimized,D,2017,pvpot,W m-2,equal weight across model-level China annual means,17,198.8409658227019,192.19854960986927,204.45412753346613,196.33384652119426,200.91038844326047,2.561925685570607
ssp245,optimized,D,2017,rsds,W m-2,equal weight across model-level China annual means,17,190.95669025342877,185.70921851766676,196.81909626475033,188.42412380647002,193.07408358037432,2.3993112130164174
ssp245,optimized,D,2017,sfcWind_10m,m s-1,equal weight across model-level China annual means,17,1.3488037417242915,1.2064351917243645,1.4058966908768566,1.2915916446386355,1.398893137265602,0.050720112202457035
ssp245,optimized,D,2017,tas_c,degree_Celsius,equal weight across model-level China annual means,17,7.673477710834824,6.985270852327986,8.629950439246523,7.159962570666574,8.132541294455057,0.434030694078447
ssp245,optimized,D,2017,wpd,W m-2,equal weight across model-level China annual means,17,30.55980791405713,24.066191879985563,34.33737679345152,27.86593611277914,33.70268936269912,2.621626209912196
ssp245,optimized,D,2018,pvpot,W m-2,equal weight across model-level China annual means,17,198.7303505912922,190.5048346354647,204.90614608815403,194.369465303438,202.21461346266997,3.491595785060518
ssp245,optimized,D,2018,rsds,W m-2,equal weight across model-level China annual means,17,190.8195568217859,183.0569783975645,196.80454893759762,186.12731397946015,194.51774880463748,3.4759851687125245
ssp245,optimized,D,2018,sfcWind_10m,m s-1,equal weight across model-level China annual means,17,1.3327942908127974,1.2294151284416373,1.46524183484346,1.270325568632462,1.3823139608312012,0.053380288256431686
ssp245,optimized,D,2018,tas_c,degree_Celsius,equal weight across model-level China annual means,17,7.609798329626814,6.73552067604345,8.831195142404315,7.112641444452532,8.044565769999803,0.4683375441938379
ssp245,optimized,D,2018,wpd,W m-2,equal weight across model-level China annual means,17,30.173408860628175,25.069775221622194,36.85231751781979,26.050824682771776,33.407325944999634,3.1287062043273592
ssp245,optimized,D,2019,pvpot,W m-2,equal weight across model-level China annual means,17,198.77842675271123,194.8065073816183,203.52925414280807,195.35206256127472,202.29253657962346,2.9270622130708768
ssp245,optimized,D,2019,rsds,W m-2,equal weight across model-level China annual means,17,190.9066807010915,186.52807949453776,195.43797077245964,187.59839910283085,194.58920584528644,2.903907952297486
ssp245,optimized,D,2019,sfcWind_10m,m s-1,equal weight across model-level China annual means,17,1.335810193580731,1.1473886176727888,1.442960870314269,1.243314870465154,1.4189069349772554,0.0747523350304043
ssp245,optimized,D,2019,tas_c,degree_Celsius,equal weight across model-level China annual means,17,7.584617643997254,7.014667300045503,8.626313438570731,7.0642821011854915,8.092478183773215,0.4252520125291166
ssp245,optimized,D,2019,wpd,W m-2,equal weight across model-level China annual means,17,30.607424705204977,21.655126668441017,37.0387763316086,25.3996130667995,35.92896568618269,4.144907802876331
ssp245,optimized,D,2020,pvpot,W m-2,equal weight across model-level China annual means,17,199.4267888599239,194.79254916681532,204.21197996583018,197.1717944891522,201.31785053414157,2.0233773848562295
ssp245,optimized,D,2020,rsds,W m-2,equal weight across model-level China annual means,17,191.42713791414073,186.11958480478822,196.89028836488706,189.27370069709696,193.3459761437039,2.262136856661396
ssp245,optimized,D,2020,sfcWind_10m,m s-1,equal weight across model-level China annual means,17,1.355963858235228,1.1851209039729702,1.4399140752575574,1.3112560068859294,1.417325224306473,0.05692469340798738
ssp245,optimized,D,2020,tas_c,degree_Celsius,equal weight across model-level China annual means,17,7.480637393157271,6.487452746909555,8.669476298602612,6.885618917485068,7.997250267999294,0.5040631355138299
ssp245,optimized,D,2020,wpd,W m-2,equal weight across model-level China annual means,17,31.40199088127772,22.71137400649788,36.46028029188011,29.042233879775168,35.46721449680652,3.177011701831352
ssp245,optimized,D,2021,pvpot,W m-2,equal weight across model-level China annual means,17,198.88670438197437,193.46326544493797,204.52845341475086,195.70203138170623,202.63208500308824,2.696605743478777
ssp245,optimized,D,2021,rsds,W m-2,equal weight across model-level China annual means,17,191.05412746432577,186.9274880434167,197.2932566577133,187.4710261848828,194.95164913674762,2.8032072318389165
ssp245,optimized,D,2021,sfcWind_10m,m s-1,equal weight across model-level China annual means,17,1.3287042414336352,1.2133941499588894,1.4714231857397042,1.2589042549035492,1.3810900193678646,0.06100280974476146
ssp245,optimized,D,2021,tas_c,degree_Celsius,equal weight across model-level China annual means,17,7.621333439936285,6.758951040801577,8.693818240959144,7.052151346196076,8.089183966062443,0.4562133845010651
ssp245,optimized,D,2021,wpd,W m-2,equal weight across model-level China annual means,17,30.103794479726727,23.629369207738307,36.48187586251392,26.55337714863032,33.92642611099744,3.195424856651633
ssp245,optimized,D,2022,pvpot,W m-2,equal weight across model-level China annual means,17,200.41829385692859,195.982590378934,204.65118708578132,198.7058412309099,202.54760886851417,1.985823295635149
ssp245,optimized,D,2022,rsds,W m-2,equal weight across model-level China annual means,17,192.71869639082485,189.69245720781768,197.0691779961193,190.91383749428738,194.71607083885223,1.8975260241560508
ssp245,optimized,D,2022,sfcWind_10m,m s-1,equal weight across model-level China annual means,17,1.354429909132263,1.2099921995811846,1.4957133730276888,1.2929201231022835,1.4263740237980913,0.06478625043951164
ssp245,optimized,D,2022,tas_c,degree_Celsius,equal weight across model-level China annual means,17,7.814474839958132,7.141949830215342,9.165648239324568,7.399173868749844,8.233192534900777,0.44275715217904327
ssp245,optimized,D,2022,wpd,W m-2,equal weight across model-level China annual means,17,30.99664028802941,24.457292980186548,39.3064980439135,27.382440180552813,34.43705318754883,3.421883606933284
ssp245,optimized,D,2023,pvpot,W m-2,equal weight across model-level China annual means,17,199.5649109988441,189.08352536052482,204.081577987228,197.1105313070158,202.03684459888942,3.236906459348496
ssp245,optimized,D,2023,rsds,W m-2,equal weight across model-level China annual means,17,191.87616809024726,182.65605274718678,196.35016698105778,189.13733358329998,194.5492617787642,3.0113093563184847
ssp245,optimized,D,2023,sfcWind_10m,m s-1,equal weight across model-level China annual means,17,1.3574138353392013,1.210922415283494,1.4594650430266107,1.2686585738974017,1.4454908141609013,0.06823514951959812
ssp245,optimized,D,2023,tas_c,degree_Celsius,equal weight across model-level China annual means,17,7.798081217395374,6.997595342494761,8.522251158090592,7.249902680211758,8.411836104842267,0.42503460598852283
ssp245,optimized,D,2023,wpd,W m-2,equal weight across model-level China annual means,17,31.432884133286038,24.359262607839298,36.386962738724876,28.2010442900323,34.52082718524921,2.852949674925116
ssp245,optimized,D,2024,pvpot,W m-2,equal weight across model-level China annual means,17,199.34041261244593,192.46225351451974,204.59163342874083,197.31037859194703,202.163203310775,2.600452443515926
ssp245,optimized,D,2024,rsds,W m-2,equal weight across model-level China annual means,17,191.57542356726714,185.81307820266352,197.18469246336747,189.03436065761818,194.66060004159067,2.623951482675264
ssp245,optimized,D,2024,sfcWind_10m,m s-1,equal weight across model-level China annual means,17,1.3351014880357033,1.1975163526697887,1.3839943067819498,1.3034779436580946,1.3768719052439302,0.04276681668924432
ssp245,optimized,D,2024,tas_c,degree_Celsius,equal weight across model-level China annual means,17,7.7464659187711336,6.631860863121642,8.694231128756089,7.215552045895482,8.204596215681565,0.46032722066900805
ssp245,optimized,D,2024,wpd,W m-2,equal weight across model-level China annual means,17,30.042287286579395,23.497025564003604,33.808848793122344,27.550011138920112,32.548081586545386,2.377456090393585
ssp245,optimized,D,2025,pvpot,W m-2,equal weight across model-level China annual means,17,200.26050736666696,196.8697855585207,202.58331703531599,198.15253876463586,202.1874983542785,1.5806579757199732
ssp245,optimized,D,2025,rsds,W m-2,equal weight across model-level China annual means,17,192.64453381313183,189.18459480222134,195.32088978076024,190.3036111378141,194.66944164855462,1.6681295944677845
ssp245,optimized,D,2025,sfcWind_10m,m s-1,equal weight across model-level China annual means,17,1.3373618063174952,1.1726480790537677,1.4407879584352365,1.2919595983840724,1.384177900437396,0.0563551590387743
ssp245,optimized,D,2025,tas_c,degree_Celsius,equal weight across model-level China annual means,17,7.908197952689365,7.072046790692302,9.562767409506534,7.34767022819107,8.331390924177136,0.5482185305714566
ssp245,optimized,D,2025,wpd,W m-2,equal weight across model-level China annual means,17,30.2827992791218,22.31073975944706,37.36716334044236,27.272856262876036,33.492445441220454,3.229944294407167
ssp245,optimized,D,2026,pvpot,W m-2,equal weight across model-level China annual means,17,199.54222762470258,196.65364298743023,207.59942179935217,197.24064144992806,201.5929189900748,2.4852992428119247
ssp245,optimized,D,2026,rsds,W m-2,equal weight across model-level China annual means,17,192.06396010716023,189.00839077042733,201.17254365095195,189.45974424775508,193.77474854206747,2.6888009578567504
ssp245,optimized,D,2026,sfcWind_10m,m s-1,equal weight across model-level China annual means,17,1.3561927542656305,1.1954695740698738,1.4638400825078381,1.2840252618090635,1.4192980981266679,0.06385829027196452
ssp245,optimized,D,2026,tas_c,degree_Celsius,equal weight across model-level China annual means,17,8.027496050462176,7.105028825846542,9.693365303681114,7.414469179962384,8.87247182740449,0.6522178986670666
ssp245,optimized,D,2026,wpd,W m-2,equal weight across model-level China annual means,17,31.306731145668824,23.649236338120655,36.86006216658624,27.622539460007253,35.54623286052916,3.2610888963059996
ssp245,optimized,D,2027,pvpot,W m-2,equal weight across model-level China annual means,17,199.82490173309998,196.84033962469564,203.3209694373968,197.1588286385816,202.60448494944484,2.1371698201064375
ssp245,optimized,D,2027,rsds,W m-2,equal weight across model-level China annual means,17,192.29665022602939,189.03904934489,196.02426491838548,189.39570231316256,195.31864452015202,2.263248933215326
ssp245,optimized,D,2027,sfcWind_10m,m s-1,equal weight across model-level China annual means,17,1.323035233571053,1.1752991598843974,1.3938808205517523,1.2526840291202426,1.373601343044795,0.05326643706124476
ssp245,optimized,D,2027,tas_c,degree_Celsius,equal weight across model-level China annual means,17,7.947022936133017,7.327103756596071,8.905687177373071,7.487920829953915,8.374984484607339,0.3728447387802177
ssp245,optimized,D,2027,wpd,W m-2,equal weight across model-level China annual means,17,29.487769134576805,22.98294832841448,34.52533937669053,25.74053619756766,32.417876847305564,2.759101948464941
ssp245,optimized,D,2028,pvpot,W m-2,equal weight across model-level China annual means,17,199.4491433567134,195.88911327193225,203.29271768133273,197.75765489412697,202.1455732253916,1.951392496181467
ssp245,optimized,D,2028,rsds,W m-2,equal weight across model-level China annual means,17,192.00605121045237,189.20229466039328,196.50342394145312,189.99859530501598,195.24180165801752,2.13546655261113
ssp245,optimized,D,2028,sfcWind_10m,m s-1,equal weight across model-level China annual means,17,1.330107069931334,1.2057877430088024,1.4108477911908397,1.259111457461317,1.3769246731202895,0.052403270774588374
ssp245,optimized,D,2028,tas_c,degree_Celsius,equal weight across model-level China annual means,17,8.059858666860372,7.261161931803574,9.533952656356654,7.440128498750375,8.7328478828254,0.5577063575068572
ssp245,optimized,D,2028,wpd,W m-2,equal weight across model-level China annual means,17,29.83226650893011,23.492732954189787,33.57514437939097,25.992089867040807,33.05386274479774,2.8967201984747812
ssp245,optimized,D,2029,pvpot,W m-2,equal weight across model-level China annual means,17,199.09221938351794,192.07744347849874,203.87640986214515,195.3123276899936,201.6350356075373,2.8720218175263055
ssp245,optimized,D,2029,rsds,W m-2,equal weight across model-level China annual means,17,191.59781391770352,185.6359245741282,197.22763043168231,187.6304298213448,194.37068194925178,2.955168012294209
ssp245,optimized,D,2029,sfcWind_10m,m s-1,equal weight across model-level China annual means,17,1.349075004363443,1.2173882118363337,1.4349915923529484,1.3062528960504274,1.4195489912523398,0.05110882888996179
ssp245,optimized,D,2029,tas_c,degree_Celsius,equal weight across model-level China annual means,17,8.072087760923775,7.223578670094873,9.121590093125947,7.407546613364557,8.893141012449714,0.6027189620007203
ssp245,optimized,D,2029,wpd,W m-2,equal weight across model-level China annual means,17,30.866139724394916,23.364938723679284,38.62879592119662,28.098218440156845,34.35382750320264,3.3118424904841874
ssp245,optimized,D,2030,pvpot,W m-2,equal weight across model-level China annual means,17,199.23214259012366,187.2598298769975,204.45925522687673,198.22930477450996,201.5523085582307,3.3601220455131484
ssp245,optimized,D,2030,rsds,W m-2,equal weight across model-level China annual means,17,191.78366530482455,181.01564731838195,197.57319125066817,190.58408372529956,194.6203752831077,3.211517711403569
ssp245,optimized,D,2030,sfcWind_10m,m s-1,equal weight across model-level China annual means,17,1.3465268665451924,1.2429432635683197,1.3995254177760417,1.280125616430475,1.3886870447226978,0.04436116703109787
ssp245,optimized,D,2030,tas_c,degree_Celsius,equal weight across model-level China annual means,17,8.072084221456846,7.027749796214585,9.063912567092506,7.4302828150522915,8.595950420478456,0.5085327395917656
ssp245,optimized,D,2030,wpd,W m-2,equal weight across model-level China annual means,17,30.878957507365907,25.174725720973417,36.19629030947672,26.62991031095144,34.58756392941623,2.9665460726160164
ssp245,optimized,D,2031,pvpot,W m-2,equal weight across model-level China annual means,17,198.82471310223264,188.59849190623206,206.93411087144887,194.99576382928004,202.755445724856,4.049683924306257
ssp245,optimized,D,2031,rsds,W m-2,equal weight across model-level China annual means,17,191.57215825001163,182.53013107125818,200.21915923535622,187.20965202212093,195.7122862226475,4.066317903434815
ssp245,optimized,D,2031,sfcWind_10m,m s-1,equal weight across model-level China annual means,17,1.3241658448140305,1.202260809538487,1.4103438586846024,1.261844300849439,1.380392749598053,0.0526673353186229
ssp245,optimized,D,2031,tas_c,degree_Celsius,equal weight across model-level China annual means,17,8.193100152296509,7.462915904282482,9.195905993663485,7.6461575256565375,8.64713951056485,0.43165246248563416
ssp245,optimized,D,2031,wpd,W m-2,equal weight across model-level China annual means,17,29.709809876953415,23.472601120266273,36.22694389631342,25.842742988701314,33.74332624842765,3.1390714105248607
ssp245,optimized,D,2032,pvpot,W m-2,equal weight across model-level China annual means,17,199.42480216199021,188.0641497923322,203.00346869073576,198.00458413342392,202.14078554207936,3.2545107378675966
ssp245,optimized,D,2032,rsds,W m-2,equal weight across model-level China annual means,17,192.1698960579926,181.56263976121156,196.28020706185916,190.48398343300147,195.2006697511992,3.2182164900176757
ssp245,optimized,D,2032,sfcWind_10m,m s-1,equal weight across model-level China annual means,17,1.3245843747509127,1.1726649637499942,1.4042736743523,1.2632823189291709,1.3856714508811485,0.05669987229173538
ssp245,optimized,D,2032,tas_c,degree_Celsius,equal weight across model-level China annual means,17,8.171093048807286,7.676138710928924,8.804050545682173,7.723748570108874,8.774707152686606,0.383503236046894
ssp245,optimized,D,2032,wpd,W m-2,equal weight across model-level China annual means,17,29.681960771150663,22.59379255390491,35.002402399622206,26.801825312250124,33.22150623899085,3.0729863980389434
ssp245,optimized,D,2033,pvpot,W m-2,equal weight across model-level China annual means,17,199.27118979207967,192.6721740981519,204.6327302218102,196.38139639662913,202.63235196442454,2.776020601539587
ssp245,optimized,D,2033,rsds,W m-2,equal weight across model-level China annual means,17,192.03214384654626,186.73422439590863,197.68374495363506,188.60018133339025,195.83940324224776,2.8078866991136877
ssp245,optimized,D,2033,sfcWind_10m,m s-1,equal weight across model-level China annual means,17,1.3309087918244407,1.181246029261487,1.4078811974306402,1.2510272602987156,1.393244579497043,0.06104507292381267
ssp245,optimized,D,2033,tas_c,degree_Celsius,equal weight across model-level China annual means,17,8.267974809867027,7.247190851573326,9.499363139250443,7.347649713784593,8.6501100137955,0.5688219749764332
ssp245,optimized,D,2033,wpd,W m-2,equal weight across model-level China annual means,17,30.240443674008443,23.587448174485388,33.63443685620813,26.808283247825077,33.50663947015053,2.8761767414302755
ssp245,optimized,D,2034,pvpot,W m-2,equal weight across model-level China annual means,17,198.5112835176919,194.71753503023956,204.50700773304564,195.9071006344791,200.91823985201083,2.3130853864902963
ssp245,optimized,D,2034,rsds,W m-2,equal weight across model-level China annual means,17,191.20028971513474,187.10495895978895,197.88564095683614,188.59838974461675,193.71192497903917,2.4977337469437977
ssp245,optimized,D,2034,sfcWind_10m,m s-1,equal weight across model-level China annual means,17,1.3362620599999597,1.239137091144523,1.4637827326326123,1.2971650999681545,1.3813487364479395,0.04683426209249695
ssp245,optimized,D,2034,tas_c,degree_Celsius,equal weight across model-level China annual means,17,8.241073141656148,7.452560066407684,9.925744621678707,7.555863057999647,8.750373065058932,0.616412226568015
ssp245,optimized,D,2034,wpd,W m-2,equal weight across model-level China annual means,17,30.499380722220135,25.991813022636645,37.51498912673491,27.51109825975138,33.503542774661526,2.7221299958840883
ssp245,optimized,D,2035,pvpot,W m-2,equal weight across model-level China annual means,17,199.6859253326072,197.17007021304047,203.2294286175589,197.5911561928457,202.7802786734707,1.9468630801506133
ssp245,optimized,D,2035,rsds,W m-2,equal weight across model-level China annual means,17,192.58628799259785,189.65178883680878,196.89071282775015,190.2087956620476,196.09481750227283,2.178692256466131
ssp245,optimized,D,2035,sfcWind_10m,m s-1,equal weight across model-level China annual means,17,1.3331168189045148,1.1647321463982525,1.3940205437719075,1.2664052335631732,1.3899641192394354,0.057735208999474104
ssp245,optimized,D,2035,tas_c,degree_Celsius,equal weight across model-level China annual means,17,8.358939994628118,7.523557118042866,9.746231966248017,7.658361505537069,9.078602558059387,0.5936152516405134
ssp245,optimized,D,2035,wpd,W m-2,equal weight across model-level China annual means,17,30.07517327383644,22.63434268100389,34.82228709495144,26.02635936404858,34.577230428761496,3.2470174212224747
ssp245,optimized,D,2036,pvpot,W m-2,equal weight across model-level China annual means,17,199.97466230114858,196.25371010951577,205.796541600967,197.80278622346864,202.08146354089797,2.1139840387304587
ssp245,optimized,D,2036,rsds,W m-2,equal weight across model-level China annual means,17,192.8250237874303,188.96209961271657,199.19827093765062,190.7069743138158,194.79685250770555,2.2055623109468896
ssp245,optimized,D,2036,sfcWind_10m,m s-1,equal weight across model-level China annual means,17,1.3205716573582489,1.196973973037905,1.3945069920790798,1.2684713239033618,1.3788839938936521,0.04755049394295802
ssp245,optimized,D,2036,tas_c,degree_Celsius,equal weight across model-level China annual means,17,8.308342861125205,7.555912185993602,9.498200720991036,7.818733987096024,8.84674650702481,0.45706241374003775
ssp245,optimized,D,2036,wpd,W m-2,equal weight across model-level China annual means,17,29.75256756937893,23.452398770375556,37.139038619080516,26.02020789234397,33.25979360541227,3.175484927111413
ssp245,optimized,D,2037,pvpot,W m-2,equal weight across model-level China annual means,17,199.7874487470451,195.82608002738246,204.42866550168597,196.24345006303835,202.00432408305636,2.2441827152182907
ssp245,optimized,D,2037,rsds,W m-2,equal weight across model-level China annual means,17,192.65989390255334,188.57556691414302,197.60700941596144,188.93004214762888,194.95956783971167,2.3973087197231195
ssp245,optimized,D,2037,sfcWind_10m,m s-1,equal weight across model-level China annual means,17,1.315787370979192,1.1676273571227347,1.375684066188431,1.265865927720802,1.3676172718984247,0.05260111569325093
ssp245,optimized,D,2037,tas_c,degree_Celsius,equal weight across model-level China annual means,17,8.39442985583959,7.823542710522865,9.66796026143752,7.949490590164353,8.869345335682386,0.44929178992961544
ssp245,optimized,D,2037,wpd,W m-2,equal weight across model-level China annual means,17,29.314349391164804,22.121369978041766,34.02895013937864,25.89156332037147,33.04995117427806,3.033857453077213
ssp245,optimized,D,2038,pvpot,W m-2,equal weight across model-level China annual means,17,199.48760320319712,195.7669925271059,202.73276950158004,195.97238386602217,202.3718554066613,2.412092989639335
ssp245,optimized,D,2038,rsds,W m-2,equal weight across model-level China annual means,17,192.385033254835,187.96225538169188,195.81877200421968,189.23798438574414,194.79016922026133,2.405944767672738
ssp245,optimized,D,2038,sfcWind_10m,m s-1,equal weight across model-level China annual means,17,1.3340910458889939,1.1622029106152798,1.437335939645488,1.2747237024845146,1.4083440898461805,0.06590199807850937
ssp245,optimized,D,2038,tas_c,degree_Celsius,equal weight across model-level China annual means,17,8.36990225628956,7.475340300260651,9.489324488695024,7.762369789420227,8.904939534898462,0.47451830023344976
ssp245,optimized,D,2038,wpd,W m-2,equal weight across model-level China annual means,17,30.345117448713,22.899974868301356,37.01992710958644,26.83921448758976,33.01939229106178,3.174400978626072
ssp245,optimized,D,2039,pvpot,W m-2,equal weight across model-level China annual means,17,199.2044098053057,193.66689435241332,206.93804246713117,196.35086463299385,201.81513875864678,2.8746548119762267
ssp245,optimized,D,2039,rsds,W m-2,equal weight across model-level China annual means,17,192.24681948713646,186.56229678159306,201.12958903466415,189.56497207379726,194.89077136566198,3.141497728989833
ssp245,optimized,D,2039,sfcWind_10m,m s-1,equal weight across model-level China annual means,17,1.3216709868448573,1.2121214914334562,1.4844533912832842,1.2582177262528218,1.386355304226214,0.06129539398052167
ssp245,optimized,D,2039,tas_c,degree_Celsius,equal weight across model-level China annual means,17,8.522048258813411,7.258215030951727,9.84185242024588,8.01482029865494,9.332628913355597,0.606077231736189
ssp245,optimized,D,2039,wpd,W m-2,equal weight across model-level China annual means,17,29.777200319224143,24.23228501564007,36.39991868712426,26.09343132441238,33.924839409088925,3.187754592748121
ssp245,optimized,D,2040,pvpot,W m-2,equal weight across model-level China annual means,17,199.1915161734239,194.39073662724923,204.52396795024126,196.26659869470984,203.72773517341187,2.806759472030958
ssp245,optimized,D,2040,rsds,W m-2,equal weight across model-level China annual means,17,192.17923210179,187.1002398607708,197.85866140361975,189.327335418671,197.09941264896034,2.9978473906925394
ssp245,optimized,D,2040,sfcWind_10m,m s-1,equal weight across model-level China annual means,17,1.316406076487045,1.2408750213368787,1.3893630043523604,1.2587969498841007,1.359238701645603,0.041807046126954364
ssp245,optimized,D,2040,tas_c,degree_Celsius,equal weight across model-level China annual means,17,8.480470720652816,7.48261994968344,9.87320958188067,7.775227449917364,9.001201973439874,0.5763978746904074
ssp245,optimized,D,2040,wpd,W m-2,equal weight across model-level China annual means,17,29.374475918893758,25.325947860549537,34.561203278786564,26.340745980922183,31.369628135364128,2.2650490786091235
ssp245,optimized,D,2041,pvpot,W m-2,equal weight across model-level China annual means,17,199.44351021337548,191.7354335723828,205.261860714542,194.32655063998402,203.5633600501299,3.652770474467738
ssp245,optimized,D,2041,rsds,W m-2,equal weight across model-level China annual means,17,192.3959675441968,185.21762203974404,199.02257517808025,187.21783679776917,196.62091940088936,3.7950886213929036
ssp245,optimized,D,2041,sfcWind_10m,m s-1,equal weight across model-level China annual means,17,1.3456537231137413,1.2062761859237772,1.4417045646052917,1.2600894616510179,1.4206553403908013,0.06399282431499656
ssp245,optimized,D,2041,tas_c,degree_Celsius,equal weight across model-level China annual means,17,8.46684429054514,7.362517539343521,9.87478099119352,7.60201236890587,9.233938857060929,0.7020139392315066
ssp245,optimized,D,2041,wpd,W m-2,equal weight across model-level China annual means,17,30.73671693380204,22.844126212395594,34.80465978724911,26.233865498228575,34.0638339843301,3.314083502273293
ssp245,optimized,D,2042,pvpot,W m-2,equal weight across model-level China annual means,17,199.61812395921308,196.61718157280646,204.75559492419794,197.51287682985958,202.38407077695635,2.0889097040217908
ssp245,optimized,D,2042,rsds,W m-2,equal weight across model-level China annual means,17,192.7377106274991,190.14144114990805,198.92906250395188,190.17233846753518,195.68452921190848,2.416991721507574
ssp245,optimized,D,2042,sfcWind_10m,m s-1,equal weight across model-level China annual means,17,1.333426588265202,1.1961079877251217,1.4198238363501037,1.2753614639377353,1.4066188321529298,0.053645754928826346
ssp245,optimized,D,2042,tas_c,degree_Celsius,equal weight across model-level China annual means,17,8.643704969512314,7.992800984001257,10.81652464909201,8.033451476018572,9.32871946516436,0.6871099160274987
ssp245,optimized,D,2042,wpd,W m-2,equal weight across model-level China annual means,17,30.217481928606308,22.061359159504025,37.08461124388442,26.898682189225816,33.348363527885525,3.208013502436978
ssp245,optimized,D,2043,pvpot,W m-2,equal weight across model-level China annual means,17,198.90730352310143,190.82268500782845,204.2105155473164,196.2119340167421,201.14852747020353,2.904410765146626
ssp245,optimized,D,2043,rsds,W m-2,equal weight across model-level China annual means,17,192.01808329747303,184.85220616273287,198.74225208713497,188.9089492412011,194.39146326036683,3.055599113693597
ssp245,optimized,D,2043,sfcWind_10m,m s-1,equal weight across model-level China annual means,17,1.3144237652616042,1.1974891391489295,1.4245933466442662,1.2704180615231024,1.3769587266042882,0.04996495167616566
ssp245,optimized,D,2043,tas_c,degree_Celsius,equal weight across model-level China annual means,17,8.60509879269539,7.622912300300396,9.846110334498322,7.856299902600312,9.413747996747269,0.6088256887258967
ssp245,optimized,D,2043,wpd,W m-2,equal weight across model-level China annual means,17,29.694096885162303,23.267312126872508,35.59308070410441,26.7508193067872,32.70794678215011,2.81173701466131
ssp245,optimized,D,2044,pvpot,W m-2,equal weight across model-level China annual means,17,199.7012285994552,194.915127421321,203.9425549348035,196.29241994850742,203.19392977716913,2.779781178762403
ssp245,optimized,D,2044,rsds,W m-2,equal weight across model-level China annual means,17,192.91532631258784,187.80807041150808,197.8484298421605,189.42595970682797,196.48001034476968,2.8738343293322752
ssp245,optimized,D,2044,sfcWind_10m,m s-1,equal weight across model-level China annual means,17,1.3324991068310774,1.1936565190956128,1.4230628567080057,1.2650959701135063,1.3871435204070095,0.05611270884744422
ssp245,optimized,D,2044,tas_c,degree_Celsius,equal weight across model-level China annual means,17,8.756254306411035,7.867874752132933,10.214051646260543,8.312334809871606,9.240110997223999,0.494061539454883
ssp245,optimized,D,2044,wpd,W m-2,equal weight across model-level China annual means,17,30.069917193673888,23.678410174111818,37.40251501400337,26.242039584960835,33.92419822764287,3.345540306514893
ssp245,optimized,D,2045,pvpot,W m-2,equal weight across model-level China annual means,17,199.85023595700483,194.78980699253881,208.62993546900069,196.78612449995464,201.65342766395338,2.9634254434528664
ssp245,optimized,D,2045,rsds,W m-2,equal weight across model-level China annual means,17,193.13257631697567,189.01593222627324,202.65648087759578,190.08680116961662,195.0271539002999,3.029796589686509
ssp245,optimized,D,2045,sfcWind_10m,m s-1,equal weight across model-level China annual means,17,1.3245384670194589,1.235823153682259,1.4174083538647497,1.2698210106191652,1.3935218644186629,0.047936681556239105
ssp245,optimized,D,2045,tas_c,degree_Celsius,equal weight across model-level China annual means,17,8.752217713613712,8.231085745126501,10.349715559243885,8.273338811228278,9.277130592428835,0.5197978228880981
ssp245,optimized,D,2045,wpd,W m-2,equal weight across model-level China annual means,17,29.93778848231321,26.0658262474731,35.3490002137748,27.025066071264238,34.12360785952567,2.651555742264606
ssp245,optimized,D,2046,pvpot,W m-2,equal weight across model-level China annual means,17,199.63041722454068,195.77000419562623,204.30096778853274,195.8352959440182,203.50759825354723,2.6209366570402874
ssp245,optimized,D,2046,rsds,W m-2,equal weight across model-level China annual means,17,192.85641748487637,188.5659122228952,197.7784699193056,189.31068896695473,197.33065835179082,2.8259230544187672
ssp245,optimized,D,2046,sfcWind_10m,m s-1,equal weight across model-level China annual means,17,1.3293237095465558,1.1837178406787061,1.4084402427315255,1.2808828976198374,1.3951866229936887,0.05376300327448291
ssp245,optimized,D,2046,tas_c,degree_Celsius,equal weight across model-level China annual means,17,8.79360820745357,7.888361863678322,10.020103744290802,7.999158075255464,9.489156344851494,0.6086714446987225
ssp245,optimized,D,2046,wpd,W m-2,equal weight across model-level China annual means,17,29.89819959843653,22.869538480898523,34.023097596278944,27.60520589290202,32.365268816453394,2.493331482003937
ssp245,optimized,D,2047,pvpot,W m-2,equal weight across model-level China annual means,17,199.60788844918784,192.24625090018097,206.23841354181138,196.6340159281571,202.80846740907387,3.0758417057319876
ssp245,optimized,D,2047,rsds,W m-2,equal weight across model-level China annual means,17,192.94262957563367,187.2063836192148,200.1502979248488,188.76413172011664,195.79780774896426,3.1086053752060376
ssp245,optimized,D,2047,sfcWind_10m,m s-1,equal weight across model-level China annual means,17,1.3052179065300278,1.1913022209745006,1.3803467678531502,1.2243805260989638,1.363681504438939,0.05722938774141704
ssp245,optimized,D,2047,tas_c,degree_Celsius,equal weight across model-level China annual means,17,8.813962122966444,7.422590225789833,10.052167234322502,8.147638430385985,9.483126476453675,0.6042625138010493
ssp245,optimized,D,2047,wpd,W m-2,equal weight across model-level China annual means,17,29.255387291158367,23.213932018164513,34.249332979144334,24.969137801627113,33.962735291498966,3.200312446878353
ssp245,optimized,D,2048,pvpot,W m-2,equal weight across model-level China annual means,17,200.0421049727983,196.71977949067755,206.54592395041723,197.0304219323913,203.7584854807488,2.843978080521063
ssp245,optimized,D,2048,rsds,W m-2,equal weight across model-level China annual means,17,193.5878105354089,190.2763527437794,200.86573033261766,190.328499619723,197.5853264140501,2.98719632530334
ssp245,optimized,D,2048,sfcWind_10m,m s-1,equal weight across model-level China annual means,17,1.3238311600915307,1.1870940436359316,1.4040683197216206,1.251849724008509,1.3892026835432996,0.055238940329981376
ssp245,optimized,D,2048,tas_c,degree_Celsius,equal weight across model-level China annual means,17,9.073114064703178,8.076871135442063,10.34311366583719,8.325497248930434,9.665686239070492,0.5496606101181728
ssp245,optimized,D,2048,wpd,W m-2,equal weight across model-level China annual means,17,29.517640244487925,24.49501708246632,32.682200892936585,26.15498751354498,32.41885201281598,2.4394344528610565
ssp245,optimized,D,2049,pvpot,W m-2,equal weight across model-level China annual means,17,200.0894623359524,194.55855332265762,205.6290602310065,196.23802302007368,204.10182016231676,3.101780670186577
ssp245,optimized,D,2049,rsds,W m-2,equal weight across model-level China annual means,17,193.54021412989192,188.93173716595393,199.46919373236628,189.92086298097655,197.34061831157348,3.0494451652481596
ssp245,optimized,D,2049,sfcWind_10m,m s-1,equal weight across model-level China annual means,17,1.3280449486358703,1.1990304455842107,1.4423338701932211,1.2631509612386562,1.3887739469174243,0.05776023790042557
ssp245,optimized,D,2049,tas_c,degree_Celsius,equal weight across model-level China annual means,17,8.950830392079354,7.866210336906775,10.711215893304894,8.333178511817636,9.451100090924408,0.637435926252937
ssp245,optimized,D,2049,wpd,W m-2,equal weight across model-level China annual means,17,29.946854378679337,23.392619602397374,34.3587859996114,27.209393969006193,32.20328630906864,2.4970007788230366
ssp245,optimized,D,2050,pvpot,W m-2,equal weight across model-level China annual means,17,199.89334346426324,194.51807478651506,206.0445399272978,195.80352702758478,202.2551429470433,2.7601514702512815
ssp245,optimized,D,2050,rsds,W m-2,equal weight across model-level China annual means,17,193.40480382137397,188.81441955057107,200.61436166526508,189.17880981359187,196.29806088396967,2.9221912326879678
ssp245,optimized,D,2050,sfcWind_10m,m s-1,equal weight across model-level China annual means,17,1.3198211187139552,1.1978145658042236,1.423524938393518,1.2579587054492711,1.388891694317895,0.05624435142618984
ssp245,optimized,D,2050,tas_c,degree_Celsius,equal weight across model-level China annual means,17,9.100300543443536,8.111049211357072,10.36955496474969,8.324657906377693,9.848842205523585,0.6116277183829071
ssp245,optimized,D,2050,wpd,W m-2,equal weight across model-level China annual means,17,30.030405383768024,23.11162181588873,37.54841336491617,27.787668449794932,33.48157716350656,3.1394050479709743
ssp245,optimized,D,2051,pvpot,W m-2,equal weight across model-level China annual means,17,199.75395767093494,189.85312877264167,203.72579732914656,196.96725892105007,202.77940570268782,3.1692098011896213
ssp245,optimized,D,2051,rsds,W m-2,equal weight across model-level China annual means,17,193.33087018594665,184.8762492128375,197.88610600638427,190.35150054927377,196.4491334356327,3.064369905136009
ssp245,optimized,D,2051,sfcWind_10m,m s-1,equal weight across model-level China annual means,17,1.321124594424016,1.191944062444464,1.4203420234624542,1.2599494578090131,1.3717701713044055,0.051777884675467394
ssp245,optimized,D,2051,tas_c,degree_Celsius,equal weight across model-level China annual means,17,9.077840970398144,8.088005739318795,10.307827190633445,8.528382129328847,9.805522365815856,0.6016278677232823
ssp245,optimized,D,2051,wpd,W m-2,equal weight across model-level China annual means,17,29.519453026493995,23.35446805164595,33.53151237139079,26.628238820542148,33.040566671066195,2.764295823117538
ssp245,optimized,D,2052,pvpot,W m-2,equal weight across model-level China annual means,17,199.63290201840638,196.49653400873117,207.83810763103247,197.12951014292128,203.2164134495508,2.9069917291242686
ssp245,optimized,D,2052,rsds,W m-2,equal weight across model-level China annual means,17,193.01658430486924,189.38084355191612,202.02206850976503,190.8639916329901,196.46506761263026,3.083223232315737
ssp245,optimized,D,2052,sfcWind_10m,m s-1,equal weight across model-level China annual means,17,1.3356183014889214,1.2413429650929886,1.4224367717385693,1.283961940706051,1.3936444206783691,0.04828009825027833
ssp245,optimized,D,2052,tas_c,degree_Celsius,equal weight across model-level China annual means,17,8.941215373553002,8.16187427140393,10.431054420111241,8.466550755746152,9.604643702863589,0.5528947256005137
ssp245,optimized,D,2052,wpd,W m-2,equal weight across model-level China annual means,17,30.164341481932556,25.85003020567602,34.43001449916676,27.328412882737812,33.141982272420215,2.370371146991014
ssp245,optimized,D,2053,pvpot,W m-2,equal weight across model-level China annual means,17,199.5249070648345,192.29066854787774,203.60332700408716,196.05286784887713,203.44048651811556,2.8781828822469544
ssp245,optimized,D,2053,rsds,W m-2,equal weight across model-level China annual means,17,193.04749913120918,187.46103361688768,197.5154238200429,189.17598798170374,197.078898606089,2.839550280576672
ssp245,optimized,D,2053,sfcWind_10m,m s-1,equal weight across model-level China annual means,17,1.3230903054948966,1.188684836402438,1.399578490615448,1.2913217712165042,1.3767140842092616,0.04506365977108547
ssp245,optimized,D,2053,tas_c,degree_Celsius,equal weight across model-level China annual means,17,9.043163042645528,8.221683046551671,10.867624975814643,8.425314738628295,9.527552911061262,0.6173259522849774
ssp245,optimized,D,2053,wpd,W m-2,equal weight across model-level China annual means,17,29.908360531883766,22.924300424328308,33.27100758221722,28.2901800683219,32.82586887009499,2.3563386113144182
ssp245,optimized,D,2054,pvpot,W m-2,equal weight across model-level China annual means,17,200.24706642601615,194.56915241274214,205.81331912241617,196.3934865980977,203.7272711775005,2.8975588435051036
ssp245,optimized,D,2054,rsds,W m-2,equal weight across model-level China annual means,17,193.86677610389745,188.0232989590752,200.12497661325244,190.16028519509405,197.11694902473732,2.957415843267799
ssp245,optimized,D,2054,sfcWind_10m,m s-1,equal weight across model-level China annual means,17,1.3266165232056841,1.1622309532298953,1.4334225504224447,1.2517804155881513,1.4033443384787336,0.06635062645047438
ssp245,optimized,D,2054,tas_c,degree_Celsius,equal weight across model-level China annual means,17,9.113899949290422,8.010175532783405,10.831710428574679,8.505894363472128,9.831289997216238,0.6610192911786787
ssp245,optimized,D,2054,wpd,W m-2,equal weight across model-level China annual means,17,29.80792512225993,22.35823385495959,34.42187153550379,26.58488508961854,33.69760977334374,3.044352954706611
ssp245,optimized,D,2055,pvpot,W m-2,equal weight across model-level China annual means,17,199.53364189315852,196.09271447677463,205.8599889193076,196.58903785905022,203.12778606855198,2.7105219063800363
ssp245,optimized,D,2055,rsds,W m-2,equal weight across model-level China annual means,17,193.0945696971299,189.26867839614758,200.38134678214396,189.8474140131224,196.71935268979146,2.9626259886070043
ssp245,optimized,D,2055,sfcWind_10m,m s-1,equal weight across model-level China annual means,17,1.3283146772497316,1.1867263486523265,1.4279824249901025,1.2891150746051718,1.413292248021552,0.057178439498830086
ssp245,optimized,D,2055,tas_c,degree_Celsius,equal weight across model-level China annual means,17,9.110650415879931,8.245615015592824,10.60892806266281,8.555895457758973,9.861606125460534,0.5797404453991432
ssp245,optimized,D,2055,wpd,W m-2,equal weight across model-level China annual means,17,30.287869524848716,24.196409594209502,38.54723491471287,27.21726554086659,33.96780757055952,3.302318925549437
ssp245,optimized,D,2056,pvpot,W m-2,equal weight across model-level China annual means,17,200.5946354596367,196.89756050260988,206.23217012723305,197.6820159953128,204.0494751631677,2.5713311829912713
ssp245,optimized,D,2056,rsds,W m-2,equal weight across model-level China annual means,17,194.27947550820494,190.40226419641442,200.57525844783322,191.2655140241975,198.23587895834996,2.819005114014505
ssp245,optimized,D,2056,sfcWind_10m,m s-1,equal weight across model-level China annual means,17,1.318872071690777,1.2306070168734662,1.4385759391881654,1.2602940638845832,1.3942187143860156,0.05588282771299633
ssp245,optimized,D,2056,tas_c,degree_Celsius,equal weight across model-level China annual means,17,9.224397874040344,8.105766311364883,10.96530524521261,8.319180090961261,10.201593404364298,0.7218640702720742
ssp245,optimized,D,2056,wpd,W m-2,equal weight across model-level China annual means,17,29.59861474074748,24.12134910750184,37.509818448686,26.78397595534296,34.215291328917424,3.2899006921158205
ssp245,optimized,D,2057,pvpot,W m-2,equal weight across model-level China annual means,17,200.67227738926124,196.49048874757526,207.9012931920255,197.69314259178677,203.04258906675545,2.5603192579749368
ssp245,optimized,D,2057,rsds,W m-2,equal weight across model-level China annual means,17,194.4496380233176,189.59866313597965,201.88398352691033,191.84306980043132,196.80668938870235,2.6639268359720174
ssp245,optimized,D,2057,sfcWind_10m,m s-1,equal weight across model-level China annual means,17,1.321875761213525,1.2726131602209965,1.399671988906946,1.2825490374551525,1.3573397101832436,0.031997069445253136
ssp245,optimized,D,2057,tas_c,degree_Celsius,equal weight across model-level China annual means,17,9.312686867950294,8.024881543465176,10.936986439022178,8.460156802591431,9.972819821645936,0.6821893415960718
ssp245,optimized,D,2057,wpd,W m-2,equal weight across model-level China annual means,17,29.94000143002205,26.505518032372862,33.51839693741878,28.120581487298598,32.41738805378777,1.8059981409750916
ssp245,optimized,D,2058,pvpot,W m-2,equal weight across model-level China annual means,17,200.62663545770798,195.66997360089445,205.4936184965458,197.93383067714888,203.6546526638605,2.5081984637157726
ssp245,optimized,D,2058,rsds,W m-2,equal weight across model-level China annual means,17,194.3125824037836,189.12444668398143,199.38540779719145,191.34310819645955,197.6753223047926,2.551791983073549
ssp245,optimized,D,2058,sfcWind_10m,m s-1,equal weight across model-level China annual means,17,1.3488236268161702,1.2368298216149174,1.4114567678038987,1.3079452132053637,1.386318905366284,0.04138910360981448
ssp245,optimized,D,2058,tas_c,degree_Celsius,equal weight across model-level China annual means,17,9.278416564852492,8.398985045057737,11.165810159149677,8.55779349986865,9.76612263967874,0.6603843580244773
ssp245,optimized,D,2058,wpd,W m-2,equal weight across model-level China annual means,17,30.469932848887357,25.52968257251211,34.122709003138155,28.43056405327298,33.942425890575215,2.268919802962933
ssp245,optimized,D,2059,pvpot,W m-2,equal weight across model-level China annual means,17,200.32809093104373,195.69723990221064,209.11309394791374,197.3669768295447,204.09525202554067,3.1615932551823374
ssp245,optimized,D,2059,rsds,W m-2,equal weight across model-level China annual means,17,194.1397211492922,189.67129527685566,203.53387993826502,190.4621227090565,198.11697214840956,3.4583662233025323
ssp245,optimized,D,2059,sfcWind_10m,m s-1,equal weight across model-level China annual means,17,1.3143077008902122,1.2177132490662868,1.4140420977511114,1.2478246779005777,1.3871211607091578,0.05669379368416931
ssp245,optimized,D,2059,tas_c,degree_Celsius,equal weight across model-level China annual means,17,9.339805198374176,8.062823314876121,11.41843967884626,8.533051054775337,10.186665750367048,0.7742109788432051
ssp245,optimized,D,2059,wpd,W m-2,equal weight across model-level China annual means,17,29.218667887493673,24.877811361052213,34.30474537655716,25.69450169505203,32.92801013104483,2.760744147817806
ssp245,optimized,D,2060,pvpot,W m-2,equal weight across model-level China annual means,17,199.58362438840666,195.45711220369193,204.8589543509864,196.88304719590997,203.11919599006808,2.4814073747916683
ssp245,optimized,D,2060,rsds,W m-2,equal weight across model-level China annual means,17,193.5080693141667,188.80072671981023,199.20474407749916,190.82682831927042,196.68622395099925,2.58406215630122
ssp245,optimized,D,2060,sfcWind_10m,m s-1,equal weight across model-level China annual means,17,1.3122990345900885,1.1844385372201007,1.4167433863895624,1.265266429137759,1.365945835950934,0.052325512280542635
ssp245,optimized,D,2060,tas_c,degree_Celsius,equal weight across model-level China annual means,17,9.413754700490133,8.305426861435729,11.254402991844094,8.553464731965736,10.135042467742421,0.7127907714463827
ssp245,optimized,D,2060,wpd,W m-2,equal weight across model-level China annual means,17,29.14991108618086,22.23399362916962,36.420647864827835,26.22914016445697,32.62304766251574,3.078345103818258
ssp245,optimized,D,2061,pvpot,W m-2,equal weight across model-level China annual means,17,200.5020872353024,195.69844253870315,207.77825773423967,196.98727774596813,204.34681642888992,3.178773051649003
ssp245,optimized,D,2061,rsds,W m-2,equal weight across model-level China annual means,17,194.19728723403549,190.29392348824013,202.36063229792,190.64592187272314,198.41447945035665,3.3220062607889194
ssp245,optimized,D,2061,sfcWind_10m,m s-1,equal weight across model-level China annual means,17,1.3457024720197748,1.2386261116107316,1.4129430184043184,1.2825648272280499,1.4047728717366441,0.050147498948269115
ssp245,optimized,D,2061,tas_c,degree_Celsius,equal weight across model-level China annual means,17,9.312652796382807,8.392418089878975,10.636967822792252,8.737601192216635,10.012213279185433,0.5696933370580073
ssp245,optimized,D,2061,wpd,W m-2,equal weight across model-level China annual means,17,31.167309194141726,25.285555600603647,36.427161681160975,27.3143658142882,35.718395126584134,3.1778138151331077
ssp245,optimized,D,2062,pvpot,W m-2,equal weight across model-level China annual means,17,201.1998891701405,196.17959534407274,206.45228070809947,197.8227260998281,205.51911006044742,3.0433979972089396
ssp245,optimized,D,2062,rsds,W m-2,equal weight across model-level China annual means,17,195.14616216134533,190.76494962012978,201.180064381765,191.88358049016415,199.7181142975239,3.144065131791333
ssp245,optimized,D,2062,sfcWind_10m,m s-1,equal weight across model-level China annual means,17,1.3333384157585517,1.2488466335229627,1.4082529593170385,1.2826978699973606,1.393665945705009,0.04266721696498227
ssp245,optimized,D,2062,tas_c,degree_Celsius,equal weight across model-level China annual means,17,9.506658350962573,8.631364475208203,11.081790294533965,8.902824109169222,10.273337399035858,0.591662658191129
ssp245,optimized,D,2062,wpd,W m-2,equal weight across model-level China annual means,17,30.08299276096065,24.53423849949684,33.37857375260987,28.49281936998886,32.42334158844815,2.016136071455939
ssp245,optimized,D,2063,pvpot,W m-2,equal weight across model-level China annual means,17,200.2482549469748,193.4946068580026,205.4598147586953,197.14095686268396,204.20701022988706,3.0409242167316677
ssp245,optimized,D,2063,rsds,W m-2,equal weight across model-level China annual means,17,194.24339877585012,189.24617755497863,199.84914547967983,190.42140114175038,198.8060740991214,3.1282957667734923
ssp245,optimized,D,2063,sfcWind_10m,m s-1,equal weight across model-level China annual means,17,1.317599561775847,1.2056374386851176,1.4061775242102013,1.2898845238114263,1.36614973863635,0.04324850997673832
ssp245,optimized,D,2063,tas_c,degree_Celsius,equal weight across model-level China annual means,17,9.493471582995241,8.211165142115147,11.171244062483296,8.909868916275345,10.225895234538084,0.6691030640444598
ssp245,optimized,D,2063,wpd,W m-2,equal weight across model-level China annual means,17,29.2630365047601,24.977041471124227,34.06578763749204,27.26641774067707,32.33352581214026,2.179453226737718
ssp245,optimized,D,2064,pvpot,W m-2,equal weight across model-level China annual means,17,199.5514439798726,192.10821609698579,207.0862315922741,196.1376305599664,204.19634593224532,3.739848963950023
ssp245,optimized,D,2064,rsds,W m-2,equal weight across model-level China annual means,17,193.412137872077,187.38582749350087,201.79946523610647,189.7406565871102,197.99307897230634,3.7549248239574493
ssp245,optimized,D,2064,sfcWind_10m,m s-1,equal weight across model-level China annual means,17,1.3114460670322086,1.213027735714905,1.4099345746966134,1.2504141810513676,1.3732329010472002,0.05131202379330105
ssp245,optimized,D,2064,tas_c,degree_Celsius,equal weight across model-level China annual means,17,9.340321355710893,7.975346368732075,11.104585077668114,8.693776324243562,9.753607570164124,0.6424014787973358
ssp245,optimized,D,2064,wpd,W m-2,equal weight across model-level China annual means,17,29.26331462177784,24.33099464723144,34.63992122896424,26.364146367802494,33.0647541813771,2.801962957153333
ssp245,optimized,D,2065,pvpot,W m-2,equal weight across model-level China annual means,17,200.60139245678624,196.96855529576638,206.12373009632208,197.8620811274756,203.30897308030842,2.4235286059283885
ssp245,optimized,D,2065,rsds,W m-2,equal weight across model-level China annual means,17,194.43845186593492,190.317016895129,200.80088887243997,191.56784368350168,197.31913479619897,2.560102262189893
ssp245,optimized,D,2065,sfcWind_10m,m s-1,equal weight across model-level China annual means,17,1.3240351291162231,1.1791635712309618,1.3959251027932955,1.2570017569970953,1.3764706564273672,0.05481922471361048
ssp245,optimized,D,2065,tas_c,degree_Celsius,equal weight across model-level China annual means,17,9.334880021597812,8.334104061346693,11.07042314942926,8.571777592030749,9.92651813369303,0.6625912133127849
ssp245,optimized,D,2065,wpd,W m-2,equal weight across model-level China annual means,17,29.960097992546217,22.836971057528533,33.794935551895946,26.087230707243446,32.81195280324588,2.8990647569200196
ssp245,optimized,D,2066,pvpot,W m-2,equal weight across model-level China annual means,17,200.56995305809843,194.81404393344621,207.3974597031553,197.6130523930631,203.4425100557406,2.8875714184873655
ssp245,optimized,D,2066,rsds,W m-2,equal weight across model-level China annual means,17,194.50439488608552,190.44629601957593,201.8620800961644,191.33186811932822,197.18304643597156,2.8208266897192087
ssp245,optimized,D,2066,sfcWind_10m,m s-1,equal weight across model-level China annual means,17,1.3226967077028557,1.1817219600582873,1.4147188821076906,1.268693699611327,1.3992104763736382,0.0577215517403807
ssp245,optimized,D,2066,tas_c,degree_Celsius,equal weight across model-level China annual means,17,9.470269095093002,8.596965231158878,11.332804243265125,8.896598316003168,10.18308816900144,0.6613882418257983
ssp245,optimized,D,2066,wpd,W m-2,equal weight across model-level China annual means,17,29.771228562722182,22.36365114990223,36.44526078242686,26.868669483711454,33.55852762943287,3.2438221564952916
ssp245,optimized,D,2067,pvpot,W m-2,equal weight across model-level China annual means,17,201.1378349707563,195.97169033569318,207.3936503959037,197.8871799829695,204.9701431860595,3.030409815699725
ssp245,optimized,D,2067,rsds,W m-2,equal weight across model-level China annual means,17,194.9979958928282,189.27492085350016,201.892748182765,192.28647200573556,199.1081710584443,3.1966158957813358
ssp245,optimized,D,2067,sfcWind_10m,m s-1,equal weight across model-level China annual means,17,1.3317320504758279,1.1687434825969139,1.464928151844256,1.2236695997712632,1.435692536599738,0.07877866317527765
ssp245,optimized,D,2067,tas_c,degree_Celsius,equal weight across model-level China annual means,17,9.402259213057944,8.658358603246416,11.101840648202204,8.864911461781722,9.86692056263184,0.5537529520336895
ssp245,optimized,D,2067,wpd,W m-2,equal weight across model-level China annual means,17,29.980583225805162,22.310496453210565,39.30236238516872,24.555498855084092,34.565849426803396,4.032552174378037
ssp245,optimized,D,2068,pvpot,W m-2,equal weight across model-level China annual means,17,199.5080236933843,193.86926971821936,204.73060775164183,195.0619215128447,203.65303537815535,3.2334603131996444
ssp245,optimized,D,2068,rsds,W m-2,equal weight across model-level China annual means,17,193.60114478428994,187.34821587316853,199.5452658315584,189.9179358995842,197.96050537458882,3.319492782770909
ssp245,optimized,D,2068,sfcWind_10m,m s-1,equal weight across model-level China annual means,17,1.3404310972351217,1.1883428160685867,1.401043607717509,1.3087953478732812,1.3916794522603348,0.046917607652886086
ssp245,optimized,D,2068,tas_c,degree_Celsius,equal weight across model-level China annual means,17,9.67816966684956,8.727143007001358,11.132087694494954,8.874737909259819,10.475511901908872,0.6565107535690056
ssp245,optimized,D,2068,wpd,W m-2,equal weight across model-level China annual means,17,30.33474018849365,21.952361684659035,33.802095690585105,27.994687293961384,32.828024014133256,2.6704757405544703
ssp245,optimized,D,2069,pvpot,W m-2,equal weight across model-level China annual means,17,200.39699951495814,194.68847812994636,207.21382349536074,195.1757364712776,204.82460407807406,3.812030612528687
ssp245,optimized,D,2069,rsds,W m-2,equal weight across model-level China annual means,17,194.58181758458682,187.81979984433917,201.57594904667255,189.229717439312,198.68296207381758,3.879338549519652
ssp245,optimized,D,2069,sfcWind_10m,m s-1,equal weight across model-level China annual means,17,1.3202926592616762,1.1681855194000665,1.431053255449983,1.2362137044265828,1.3960417872028692,0.06712291859068914
ssp245,optimized,D,2069,tas_c,degree_Celsius,equal weight across model-level China annual means,17,9.744500155002225,8.570570655524206,11.3352580923081,9.079674408242829,10.34271928714929,0.6141265749622634
ssp245,optimized,D,2069,wpd,W m-2,equal weight across model-level China annual means,17,29.330583624245406,22.33169142517896,33.76565819788329,25.972645414632368,33.003086792544714,2.8057533043987166
ssp245,optimized,D,2070,pvpot,W m-2,equal weight across model-level China annual means,17,200.94313046742968,194.8883751644735,205.66064589384484,196.34683000665862,204.9550373279846,3.1378921771888915
ssp245,optimized,D,2070,rsds,W m-2,equal weight across model-level China annual means,17,194.98392520678118,188.76185561392958,200.46015470181376,191.07217623033964,198.96741767552683,3.0986701014961824
ssp245,optimized,D,2070,sfcWind_10m,m s-1,equal weight across model-level China annual means,17,1.321729948439121,1.1883106580271339,1.4019340747491504,1.2214294712083917,1.3742669124967195,0.06402907674417307
ssp245,optimized,D,2070,tas_c,degree_Celsius,equal weight across model-level China annual means,17,9.527691312746853,8.54619692860665,11.550025076690309,8.630453069651164,10.073650249559053,0.7139808184879999
ssp245,optimized,D,2070,wpd,W m-2,equal weight across model-level China annual means,17,29.561561849200928,23.265572787754092,32.802348838161755,25.04445580671102,32.66050361720189,2.8136141004015616
ssp245,optimized,D,2071,pvpot,W m-2,equal weight across model-level China annual means,17,200.22439847145682,195.3195937993619,206.98014128035666,196.01076997075086,204.7721251889879,3.309086115692092
ssp245,optimized,D,2071,rsds,W m-2,equal weight across model-level China annual means,17,194.3004322979137,188.5209303060315,201.65638288584705,189.88801817351109,199.43569857626312,3.5660218846267386
ssp245,optimized,D,2071,sfcWind_10m,m s-1,equal weight across model-level China annual means,17,1.3297679574192727,1.2123253168899704,1.4731332373178405,1.2400355613468697,1.4204754054562614,0.07426667256718963
ssp245,optimized,D,2071,tas_c,degree_Celsius,equal weight across model-level China annual means,17,9.563645980461525,8.270992631265004,11.644331197155195,8.785443685293664,10.581418389503055,0.8264324562286203
ssp245,optimized,D,2071,wpd,W m-2,equal weight across model-level China annual means,17,29.833213657250923,24.92783567211501,37.96284983901784,25.12087286578326,34.44356385262202,3.8028746079337084
ssp245,optimized,D,2072,pvpot,W m-2,equal weight across model-level China annual means,17,200.54768038112914,196.396225336907,209.10738549743346,197.69987700454786,203.9024652650719,3.1244651109986075
ssp245,optimized,D,2072,rsds,W m-2,equal weight across model-level China annual means,17,194.6649532188816,190.49684985943645,204.21002167367627,191.32396173462274,198.31269223989534,3.3346912926831154
ssp245,optimized,D,2072,sfcWind_10m,m s-1,equal weight across model-level China annual means,17,1.3292710628753364,1.2325083040227067,1.4215415571959988,1.2493867718272156,1.4039261191842114,0.058417908634028064
ssp245,optimized,D,2072,tas_c,degree_Celsius,equal weight across model-level China annual means,17,9.601583561878346,8.332998954209733,11.443709743094205,8.980856872620944,10.349423014012283,0.6805873071011982
ssp245,optimized,D,2072,wpd,W m-2,equal weight across model-level China annual means,17,29.97193703865077,25.38492376459132,34.5139933596654,27.17307725779607,33.28501613174832,2.4197216615809065
ssp245,optimized,D,2073,pvpot,W m-2,equal weight across model-level China annual means,17,200.52370385382645,194.06326096437513,206.7727851949152,198.1036528348878,203.89318290130922,2.88867007014299
ssp245,optimized,D,2073,rsds,W m-2,equal weight across model-level China annual means,17,194.65554469947463,190.13531435989879,201.25112174950016,191.4826988838395,198.11294686997215,2.7653816162445173
ssp245,optimized,D,2073,sfcWind_10m,m s-1,equal weight across model-level China annual means,17,1.31189774890033,1.2054032213086527,1.458194842836825,1.2496651459333308,1.385794672877399,0.05799080389940297
ssp245,optimized,D,2073,tas_c,degree_Celsius,equal weight across model-level China annual means,17,9.648563131580467,8.389510136239096,11.445726452144589,8.830882901690075,10.356722377142466,0.7229358086893977
ssp245,optimized,D,2073,wpd,W m-2,equal weight across model-level China annual means,17,29.104927480430085,23.531638438427564,35.10872434770065,25.864592327196917,32.18719816969702,2.7133848383213377
ssp245,optimized,D,2074,pvpot,W m-2,equal weight across model-level China annual means,17,201.35484491973295,196.27527678123488,207.08256004226826,197.7022095197009,205.43960676720056,3.0110778380046854
ssp245,optimized,D,2074,rsds,W m-2,equal weight across model-level China annual means,17,195.62153273717672,190.9327565970767,201.91659587912935,192.44029009243397,199.8579010676999,2.966203678913879
ssp245,optimized,D,2074,sfcWind_10m,m s-1,equal weight across model-level China annual means,17,1.303830729116688,1.1804202183562988,1.4132491738309148,1.2244691161571917,1.3745788597312274,0.061359394796869256
ssp245,optimized,D,2074,tas_c,degree_Celsius,equal weight across model-level China annual means,17,9.766970493412645,8.800104203331207,11.779597677905477,9.116168700775702,10.452185902495103,0.6728432650788151
ssp245,optimized,D,2074,wpd,W m-2,equal weight across model-level China annual means,17,28.649163594201443,22.40087199449644,35.04733436737015,24.778889749235734,32.15609610836557,3.213729121331834
ssp245,optimized,D,2075,pvpot,W m-2,equal weight across model-level China annual means,17,200.73210329897825,194.03590143548797,207.59988009390952,197.9403756390279,204.93150056442096,3.2876102049733946
ssp245,optimized,D,2075,rsds,W m-2,equal weight across model-level China annual means,17,195.06558524570386,187.85882175164247,202.8112458168603,192.29862077822577,199.34435672151835,3.4141915428360994
ssp245,optimized,D,2075,sfcWind_10m,m s-1,equal weight across model-level China annual means,17,1.3207230648918467,1.1876345054204203,1.4316264031992378,1.248445916793814,1.3894994374303502,0.05861564536021164
ssp245,optimized,D,2075,tas_c,degree_Celsius,equal weight across model-level China annual means,17,9.8968794463852,8.9419106230232,11.693403074197365,9.107950158101133,10.814973822326118,0.7348758020639085
ssp245,optimized,D,2075,wpd,W m-2,equal weight across model-level China annual means,17,29.508814695873337,23.450808194015433,35.64443347714558,25.300223170349227,33.685666166047525,3.3714953364105495
ssp245,optimized,D,2076,pvpot,W m-2,equal weight across model-level China annual means,17,200.304449915002,196.46104707365794,206.53184701633953,197.43728964874788,202.90867320174183,2.559799484233831
ssp245,optimized,D,2076,rsds,W m-2,equal weight across model-level China annual means,17,194.53100060020932,189.8675302462361,201.10106753341122,191.05288780861443,197.6480674021614,2.8192650721348183
ssp245,optimized,D,2076,sfcWind_10m,m s-1,equal weight across model-level China annual means,17,1.3231786935500627,1.2219758488998271,1.4148346032895016,1.2517102710582186,1.384159681265896,0.05114741312525185
ssp245,optimized,D,2076,tas_c,degree_Celsius,equal weight across model-level China annual means,17,9.73489821193554,8.538306188082705,11.688064528566963,8.788900594699617,10.442890244025664,0.7764438849023179
ssp245,optimized,D,2076,wpd,W m-2,equal weight across model-level China annual means,17,29.77720202329036,24.962902853128494,34.42419237187264,26.398800712221465,33.26707252556556,2.6668977094914084
ssp245,optimized,D,2077,pvpot,W m-2,equal weight across model-level China annual means,17,200.7880992369699,196.14373420983338,206.9414702370333,197.12126012843294,205.60411267532845,3.2318883951421076
ssp245,optimized,D,2077,rsds,W m-2,equal weight across model-level China annual means,17,195.1402115040826,191.14321571735763,201.32739213144893,191.8586607145292,199.85616862224327,3.1759609023202957
ssp245,optimized,D,2077,sfcWind_10m,m s-1,equal weight across model-level China annual means,17,1.314550682544982,1.2004488187580635,1.4175435508705665,1.2390416795085941,1.3890683595732887,0.06279180331075099
ssp245,optimized,D,2077,tas_c,degree_Celsius,equal weight across model-level China annual means,17,9.875687706412405,9.042455403364267,11.653278585652911,9.235792631664726,10.560203424618376,0.6303558950300797
ssp245,optimized,D,2077,wpd,W m-2,equal weight across model-level China annual means,17,29.354721185338015,24.95532098523051,33.99268051846598,26.099346467673367,33.584192598803135,3.039031508078375
ssp245,optimized,D,2078,pvpot,W m-2,equal weight across model-level China annual means,17,201.25552323793323,196.64878828398471,206.73433518391266,198.03133916185257,204.4433438840497,2.681402813498977
ssp245,optimized,D,2078,rsds,W m-2,equal weight across model-level China annual means,17,195.54963788985657,190.73081692351698,201.7501212916486,192.2989743912516,199.30711066869017,2.8452306911726604
ssp245,optimized,D,2078,sfcWind_10m,m s-1,equal weight across model-level China annual means,17,1.323874122980107,1.224862283877895,1.3981872112385723,1.2451057263922691,1.3871518979034556,0.050635163376457515
ssp245,optimized,D,2078,tas_c,degree_Celsius,equal weight across model-level China annual means,17,9.812031234178162,9.076970000486362,11.639177913816518,9.262712577648816,10.305916507508137,0.5810861245117235
ssp245,optimized,D,2078,wpd,W m-2,equal weight across model-level China annual means,17,29.618765925515383,24.322536477688473,33.426995106293894,26.721142833441686,32.49316295422466,2.480771989563837
ssp245,optimized,D,2079,pvpot,W m-2,equal weight across model-level China annual means,17,200.94713163166296,194.4212825819827,205.83228991138927,197.95452510811376,205.18764799179414,3.0135265361183756
ssp245,optimized,D,2079,rsds,W m-2,equal weight across model-level China annual means,17,195.24278526318292,187.78239006631213,201.25508095617354,192.19628412052123,199.67515572106507,3.340788136963534
ssp245,optimized,D,2079,sfcWind_10m,m s-1,equal weight across model-level China annual means,17,1.3355287445357642,1.2107592335509076,1.463610680022289,1.258297633595472,1.4159017697158753,0.0661999328871083
ssp245,optimized,D,2079,tas_c,degree_Celsius,equal weight across model-level China annual means,17,9.834375062211326,8.625031037175757,11.909859056787326,8.877244266083261,10.78115883795124,0.8407133702362909
ssp245,optimized,D,2079,wpd,W m-2,equal weight across model-level China annual means,17,29.908836994900607,23.539963277796318,35.20629797654352,25.893669851641747,34.40433216257168,3.550530215234922
ssp245,optimized,D,2080,pvpot,W m-2,equal weight across model-level China annual means,17,200.1611894242826,193.9313369351968,205.40685250335358,196.4536411666061,204.85108225074993,3.351720557364845
ssp245,optimized,D,2080,rsds,W m-2,equal weight across model-level China annual means,17,194.59682816048993,187.39412095543585,200.59727865053569,191.17429792638902,199.24218420262443,3.4005795770606038
ssp245,optimized,D,2080,sfcWind_10m,m s-1,equal weight across model-level China annual means,17,1.2932160487827367,1.2166311177374336,1.4019577690704255,1.2354183096663958,1.3516279513647957,0.048644383160111354
ssp245,optimized,D,2080,tas_c,degree_Celsius,equal weight across model-level China annual means,17,9.947074313443867,8.898550582046617,11.673397149584991,9.082747175876534,10.815471409364623,0.7222588949872404
ssp245,optimized,D,2080,wpd,W m-2,equal weight across model-level China annual means,17,28.437867589139366,24.421166233071137,33.53148469606749,25.694316363678467,30.511001041615174,2.2762524082160516
ssp245,optimized,D,2081,pvpot,W m-2,equal weight across model-level China annual means,17,200.67525823931956,194.3482905751035,208.63134448055507,197.136377305791,205.86708092863918,3.8942406995704717
ssp245,optimized,D,2081,rsds,W m-2,equal weight across model-level China annual means,17,195.07581449741826,190.4183257650269,203.74542634088266,190.9997831335769,200.63716165553487,3.913031667098382
ssp245,optimized,D,2081,sfcWind_10m,m s-1,equal weight across model-level China annual means,17,1.324866488183799,1.227417386984664,1.4390939669074367,1.2442334579874794,1.3819867745283576,0.05372875340274858
ssp245,optimized,D,2081,tas_c,degree_Celsius,equal weight across model-level China annual means,17,9.950767741654314,8.64988644397134,11.689494994127111,9.1409476481902,11.006855623330914,0.7822769631087256
ssp245,optimized,D,2081,wpd,W m-2,equal weight across model-level China annual means,17,29.567154427911543,24.00482596968315,34.662757926167494,25.242492897269344,33.64518195745232,2.9827650077875663
ssp245,optimized,D,2082,pvpot,W m-2,equal weight across model-level China annual means,17,200.82636940142194,195.86624157662186,207.63205205878225,197.50897920336183,204.93483825325643,3.052844254804508
ssp245,optimized,D,2082,rsds,W m-2,equal weight across model-level China annual means,17,195.25391396120986,189.86233137257662,202.58670455532786,191.29096689538025,199.20103403633877,3.3057818634315437
ssp245,optimized,D,2082,sfcWind_10m,m s-1,equal weight across model-level China annual means,17,1.324483888100466,1.2051636165652688,1.4836728628634537,1.2497240739368176,1.374187322062465,0.0621732718233679
ssp245,optimized,D,2082,tas_c,degree_Celsius,equal weight across model-level China annual means,17,9.977649124346021,8.991055802445922,11.738971848327436,9.212333620654572,10.803593097767074,0.6916396310365955
ssp245,optimized,D,2082,wpd,W m-2,equal weight across model-level China annual means,17,29.64776020717125,23.731886979580725,38.49148067376154,26.834944871569213,31.917865058988625,3.0149857167350773
ssp245,optimized,D,2083,pvpot,W m-2,equal weight across model-level China annual means,17,200.62094261123406,195.04704712120204,206.3626309525982,196.91811171814987,204.7759206199562,3.2777620442482904
ssp245,optimized,D,2083,rsds,W m-2,equal weight across model-level China annual means,17,195.06843748323013,189.22911420679543,201.51674086225182,191.12652822914174,199.23906562944504,3.457766432977176
ssp245,optimized,D,2083,sfcWind_10m,m s-1,equal weight across model-level China annual means,17,1.3099638528165949,1.2319488687432594,1.3698022212435472,1.2712576124024269,1.3609589555586994,0.03505949567401872
ssp245,optimized,D,2083,tas_c,degree_Celsius,equal weight across model-level China annual means,17,9.985831348205275,8.950128590806488,11.502809064149309,9.184877121100781,10.7149363525934,0.6484331391175214
ssp245,optimized,D,2083,wpd,W m-2,equal weight across model-level China annual means,17,28.864693526528168,24.76738531739272,33.16826402627839,26.514284323179833,31.575552339650024,2.039780199761758
ssp245,optimized,D,2084,pvpot,W m-2,equal weight across model-level China annual means,17,200.98476983044287,196.73332756241498,208.18080946293193,197.04335865728794,206.3949000438903,3.462346684496323
ssp245,optimized,D,2084,rsds,W m-2,equal weight across model-level China annual means,17,195.42873547641125,190.8655480925153,203.1007896361726,192.15695520155955,200.95142979429517,3.5055468706964525
ssp245,optimized,D,2084,sfcWind_10m,m s-1,equal weight across model-level China annual means,17,1.3258231403033982,1.1734392775555966,1.4196900648110198,1.2318020302291308,1.4144558867135404,0.07032863638375203
ssp245,optimized,D,2084,tas_c,degree_Celsius,equal weight across model-level China annual means,17,9.950340653706151,8.523185994371923,11.577929197252836,8.915342905665467,10.726764502479389,0.7770114281139466
ssp245,optimized,D,2084,wpd,W m-2,equal weight across model-level China annual means,17,29.71307529934822,24.349920437118424,32.82478940085516,24.914207205399713,32.549163507099706,2.736331344303147
ssp245,optimized,D,2085,pvpot,W m-2,equal weight across model-level China annual means,17,201.6939293941312,197.55352324009607,207.63028225477652,198.26243427996525,205.82001199988068,3.0854068734252893
ssp245,optimized,D,2085,rsds,W m-2,equal weight across model-level China annual means,17,196.2260660491464,191.10692172197227,202.21439202755155,192.4483598310004,200.45392183841753,3.2025378869757866
ssp245,optimized,D,2085,sfcWind_10m,m s-1,equal weight across model-level China annual means,17,1.3001388581347264,1.1762780699215136,1.3808121647496812,1.2361566597163887,1.3633921827909636,0.0525454981067347
ssp245,optimized,D,2085,tas_c,degree_Celsius,equal weight across model-level China annual means,17,9.95553255264906,8.804773091543588,12.180872626995182,9.006230893764192,10.720446302957539,0.8171053074930222
ssp245,optimized,D,2085,wpd,W m-2,equal weight across model-level China annual means,17,28.876059313907405,22.647252221918322,32.31412579153207,25.94646333777392,32.173985158525895,2.744119827884891
ssp245,optimized,D,2086,pvpot,W m-2,equal weight across model-level China annual means,17,201.18519718146362,196.60849715638582,208.24299505315665,197.3138795068731,204.88405693577533,3.0987402790613854
ssp245,optimized,D,2086,rsds,W m-2,equal weight across model-level China annual means,17,195.60425299263687,190.1197263441146,203.3078716816095,192.39296048671324,199.5363157185814,3.2759673933989983
ssp245,optimized,D,2086,sfcWind_10m,m s-1,equal weight across model-level China annual means,17,1.3290017060021366,1.2566421885216645,1.4157915571263178,1.2590056600718564,1.3892055944527295,0.05016743889927495
ssp245,optimized,D,2086,tas_c,degree_Celsius,equal weight across model-level China annual means,17,9.998579002181863,8.964248870867605,11.747566914302773,9.316261000980345,10.728367539964065,0.674407990989128
ssp245,optimized,D,2086,wpd,W m-2,equal weight across model-level China annual means,17,29.65432294314121,25.59165617855896,35.013454346048526,25.930315872624526,32.91912788479172,2.6072908855806207
ssp245,optimized,D,2087,pvpot,W m-2,equal weight across model-level China annual means,17,200.64112803044802,195.31843768936815,208.3766280887019,195.76136526971985,206.07032573017906,3.819058070320001
ssp245,optimized,D,2087,rsds,W m-2,equal weight across model-level China annual means,17,195.09460834467086,189.85962332145291,203.49738849287644,191.1883931445479,200.57114316224383,3.815152480928774
ssp245,optimized,D,2087,sfcWind_10m,m s-1,equal weight across model-level China annual means,17,1.3062617770199387,1.2190097762559164,1.3900271515714657,1.2467242371192464,1.3370245710601278,0.04159570449368471
ssp245,optimized,D,2087,tas_c,degree_Celsius,equal weight across model-level China annual means,17,9.995982585394351,9.064531346184319,12.147653960310913,9.21364257317371,10.62675259412909,0.7601808300682666
ssp245,optimized,D,2087,wpd,W m-2,equal weight across model-level China annual means,17,28.61873976832647,24.54438366802599,33.399571536475044,24.846870706761614,32.03262164770833,2.6027867555010333
ssp245,optimized,D,2088,pvpot,W m-2,equal weight across model-level China annual means,17,200.6000036530603,195.0875966427183,207.57472874166868,196.92912533322965,204.80389920692969,3.322171289672516
ssp245,optimized,D,2088,rsds,W m-2,equal weight across model-level China annual means,17,195.20232433180684,189.30125072348912,202.43658517156803,191.42543402282897,200.05883473347214,3.5050455854346376
ssp245,optimized,D,2088,sfcWind_10m,m s-1,equal weight across model-level China annual means,17,1.3200991613617254,1.2573374900578485,1.4000809750186367,1.2624720046358373,1.369773299921998,0.041071872737536916
ssp245,optimized,D,2088,tas_c,degree_Celsius,equal weight across model-level China annual means,17,10.094378427900882,9.223801174558767,12.045154331701193,9.317756859387984,10.833612784502314,0.7054802503625883
ssp245,optimized,D,2088,wpd,W m-2,equal weight across model-level China annual means,17,29.565497033175806,25.444073697299945,32.63994190902907,26.915811316146037,32.00027458730238,1.9958217999772425
ssp245,optimized,D,2089,pvpot,W m-2,equal weight across model-level China annual means,17,200.9859999748743,192.41632091644635,210.9338323838132,196.28707652828723,206.38645634879464,4.326458210662331
ssp245,optimized,D,2089,rsds,W m-2,equal weight across model-level China annual means,17,195.46551902977183,186.17731487747838,206.15776231777957,191.97818089212433,201.22333129154094,4.409703247185215
ssp245,optimized,D,2089,sfcWind_10m,m s-1,equal weight across model-level China annual means,17,1.3117762544879261,1.2174220536931453,1.379447392697772,1.2395290695167331,1.3643500021480208,0.047582176973644655
ssp245,optimized,D,2089,tas_c,degree_Celsius,equal weight across model-level China annual means,17,9.959793525069776,8.600817815686634,12.058451364120685,9.082167593258578,10.719499633072443,0.7923541496139567
ssp245,optimized,D,2089,wpd,W m-2,equal weight across model-level China annual means,17,29.051774985063986,23.687225722825076,33.991394725941625,25.01009660207737,32.13030119726383,2.682407639668067
ssp245,optimized,D,2090,pvpot,W m-2,equal weight across model-level China annual means,17,201.70524931504718,197.01488291039712,206.22778306600458,198.3517177022519,205.57496930440922,2.8327094767466434
ssp245,optimized,D,2090,rsds,W m-2,equal weight across model-level China annual means,17,196.29843761512657,191.08014223007706,200.88898735111596,192.79909024046373,200.05303947971382,2.9180362937630178
ssp245,optimized,D,2090,sfcWind_10m,m s-1,equal weight across model-level China annual means,17,1.3184868895551882,1.2272934834074187,1.3953316096357415,1.2534182310630406,1.3642354012750617,0.046855549058391704
ssp245,optimized,D,2090,tas_c,degree_Celsius,equal weight across model-level China annual means,17,10.087665724091481,8.906273177207916,11.64362730712625,9.29196054682942,11.045157096020105,0.7209242908782578
ssp245,optimized,D,2090,wpd,W m-2,equal weight across model-level China annual means,17,29.47920628275207,25.088626689414667,32.889574287348154,27.018376325520837,32.16899839181812,1.9517186791699208
ssp245,optimized,D,2091,pvpot,W m-2,equal weight across model-level China annual means,17,200.886693086616,195.8600125279634,208.5591799529054,197.12233479995157,204.74071916314276,3.130684997568757
ssp245,optimized,D,2091,rsds,W m-2,equal weight across model-level China annual means,17,195.4955949591908,189.88638266275862,203.45077367377414,192.07704550773497,199.91625097059543,3.280481709253344
ssp245,optimized,D,2091,sfcWind_10m,m s-1,equal weight across model-level China annual means,17,1.3291141239528574,1.2166841655540106,1.4413091830124714,1.2786119121212136,1.3817982786325895,0.05291200542496575
ssp245,optimized,D,2091,tas_c,degree_Celsius,equal weight across model-level China annual means,17,10.104911773939008,8.850773328929419,11.65250045511295,9.199316526710163,11.010943580762373,0.7589861550899832
ssp245,optimized,D,2091,wpd,W m-2,equal weight across model-level China annual means,17,29.957706999520994,24.96301915609277,34.194696685975515,27.47019020559271,32.788276089689596,2.212606076543853
ssp245,optimized,D,2092,pvpot,W m-2,equal weight across model-level China annual means,17,202.10935759221618,196.44721247773032,209.90758672098232,197.8199500165654,205.2524643005354,3.1612372516501304
ssp245,optimized,D,2092,rsds,W m-2,equal weight across model-level China annual means,17,196.6467131447364,190.43115340750742,204.56442641486717,193.00633332844325,199.94764048190345,3.1735865860217882
ssp245,optimized,D,2092,sfcWind_10m,m s-1,equal weight across model-level China annual means,17,1.3169540383382647,1.236614283141536,1.418883057577049,1.2610517200499805,1.3764185018710635,0.04860188987748698
ssp245,optimized,D,2092,tas_c,degree_Celsius,equal weight across model-level China annual means,17,10.015113590465251,8.65474100656382,11.992222161604843,9.242820748926688,10.737810733098152,0.7532358707381529
ssp245,optimized,D,2092,wpd,W m-2,equal weight across model-level China annual means,17,29.27211895052999,23.986398935122182,33.73841151384194,25.87107316105865,32.746876906927746,2.677663452588985
ssp245,optimized,D,2093,pvpot,W m-2,equal weight across model-level China annual means,17,201.3570754381411,196.9433504128425,206.38587133471626,197.78740422020496,205.2614336204102,2.885237873774967
ssp245,optimized,D,2093,rsds,W m-2,equal weight across model-level China annual means,17,196.06910223532603,190.57141238679776,201.20992292973247,192.759474115514,200.23532121300116,2.824652650387553
ssp245,optimized,D,2093,sfcWind_10m,m s-1,equal weight across model-level China annual means,17,1.307540424634771,1.1996238815715043,1.3923323346469232,1.2744820757041333,1.3533519764828081,0.040624669075910794
ssp245,optimized,D,2093,tas_c,degree_Celsius,equal weight across model-level China annual means,17,10.252311692435509,9.071196145695707,11.557150519119688,9.467534752367781,11.197099083294871,0.7101994074680117
ssp245,optimized,D,2093,wpd,W m-2,equal weight across model-level China annual means,17,28.968045800563154,23.66545539655313,32.98539695585925,27.6273246120922,31.214442690135364,2.0889497414639644
ssp245,optimized,D,2094,pvpot,W m-2,equal weight across model-level China annual means,17,201.10498962395715,196.5618787798733,206.33367020917945,197.61431989767883,204.70557620259862,2.7037359803841103
ssp245,optimized,D,2094,rsds,W m-2,equal weight across model-level China annual means,17,195.75296203686605,191.54913553854365,201.88279576942386,191.9455574321213,199.26606576606426,2.825387954901739
ssp245,optimized,D,2094,sfcWind_10m,m s-1,equal weight across model-level China annual means,17,1.304983847550783,1.213638589771646,1.3960608634311742,1.2307303505985177,1.357566660748262,0.048132542054811225
ssp245,optimized,D,2094,tas_c,degree_Celsius,equal weight across model-level China annual means,17,10.132697889241605,9.154676092135206,11.765809708441417,9.260057513429715,10.806954596950849,0.6703634688683856
ssp245,optimized,D,2094,wpd,W m-2,equal weight across model-level China annual means,17,29.003057782818832,25.831859481233607,33.31170763312057,25.964096407495532,32.385354757501155,2.3315999700209353
ssp245,optimized,D,2095,pvpot,W m-2,equal weight across model-level China annual means,17,201.36504511920725,195.71937586349952,206.85794159335254,198.63552569522068,206.21896867921836,3.315846093296999
ssp245,optimized,D,2095,rsds,W m-2,equal weight across model-level China annual means,17,196.00397937502555,192.1102337030803,201.85190752874735,192.51485736887838,200.56971364940298,3.1737038872848204
ssp245,optimized,D,2095,sfcWind_10m,m s-1,equal weight across model-level China annual means,17,1.3122298061245128,1.250765985435377,1.4242485233647892,1.2612914689833805,1.385129328807761,0.05370697081899734
ssp245,optimized,D,2095,tas_c,degree_Celsius,equal weight across model-level China annual means,17,10.091299272744163,8.680847439549813,12.100430223854781,9.014961566503297,11.10361152669584,0.8349417855177697
ssp245,optimized,D,2095,wpd,W m-2,equal weight across model-level China annual means,17,29.47813047699962,25.866467169671477,35.22484036770994,26.500291759505657,33.40215294121478,2.867981745176491
ssp245,optimized,D,2096,pvpot,W m-2,equal weight across model-level China annual means,17,201.4219150093467,196.211894295112,206.70571938901676,196.79949939572913,206.03071127725923,3.3419865051401483
ssp245,optimized,D,2096,rsds,W m-2,equal weight across model-level China annual means,17,196.14085731487648,190.3759073921062,201.6791493000965,190.98935520063307,200.80726740469646,3.5081595671246624
ssp245,optimized,D,2096,sfcWind_10m,m s-1,equal weight across model-level China annual means,17,1.3174997827683839,1.1835853512537662,1.4739682247433576,1.201820681247557,1.4186121658552335,0.08128602205540848
ssp245,optimized,D,2096,tas_c,degree_Celsius,equal weight across model-level China annual means,17,10.247656276957148,8.360255625341164,12.048005439510876,9.510509342390785,11.167011504906688,0.822237046475386
ssp245,optimized,D,2096,wpd,W m-2,equal weight across model-level China annual means,17,29.59504677038995,23.860685686246807,38.85673644065699,24.93542725187272,33.791119507483394,3.961743971396542
ssp245,optimized,D,2097,pvpot,W m-2,equal weight across model-level China annual means,17,201.13641360231207,196.7692411884536,207.80825148078273,197.0158787432689,205.4674120105719,3.134191214280427
ssp245,optimized,D,2097,rsds,W m-2,equal weight across model-level China annual means,17,195.71325736146613,190.82826944251926,203.16826935027566,192.10038752843704,199.805952287547,3.239340055270907
ssp245,optimized,D,2097,sfcWind_10m,m s-1,equal weight across model-level China annual means,17,1.311362895104006,1.2278410375299822,1.409469445039659,1.259666141654579,1.3831096945348968,0.04822263731803679
ssp245,optimized,D,2097,tas_c,degree_Celsius,equal weight across model-level China annual means,17,10.137536347602788,8.762570071042719,12.07247584092569,9.071727017584571,11.008901894676095,0.8180809580457715
ssp245,optimized,D,2097,wpd,W m-2,equal weight across model-level China annual means,17,29.302181578674183,26.598194434025825,33.18004208018487,27.259275968498443,31.597159523779084,1.9246199244162039
ssp245,optimized,D,2098,pvpot,W m-2,equal weight across model-level China annual means,17,201.01891284894467,194.61083063637602,208.94566388527767,197.23932587749778,207.66738033223572,3.940789499395362
ssp245,optimized,D,2098,rsds,W m-2,equal weight across model-level China annual means,17,195.6447248241774,188.50421041314095,204.3738231721115,191.80772689588747,201.89724662272417,4.070480957760454
ssp245,optimized,D,2098,sfcWind_10m,m s-1,equal weight across model-level China annual means,17,1.3173750323118831,1.2009179405251234,1.4292687846632575,1.2750577360261364,1.3701878602421649,0.04928615583924457
ssp245,optimized,D,2098,tas_c,degree_Celsius,equal weight across model-level China annual means,17,10.160526864131787,9.330197287289861,12.222760228737975,9.440250039495604,10.657475927224803,0.6821125441893175
ssp245,optimized,D,2098,wpd,W m-2,equal weight across model-level China annual means,17,29.19813202475149,23.361803756058848,33.22419519019112,26.260595649239868,32.36133370614688,2.4630742713779097
ssp245,optimized,D,2099,pvpot,W m-2,equal weight across model-level China annual means,17,201.37485196048505,195.83758314329347,208.1398772440565,196.68913964627617,205.5675947697533,3.355803870135151
ssp245,optimized,D,2099,rsds,W m-2,equal weight across model-level China annual means,17,195.96419375324908,189.62879406988387,203.2823327724,192.09007188566557,200.3782764160885,3.409669028679623
ssp245,optimized,D,2099,sfcWind_10m,m s-1,equal weight across model-level China annual means,17,1.3143388670078546,1.1884948194227463,1.3995315017954508,1.2398434220937253,1.3853925345361653,0.05830257168166167
ssp245,optimized,D,2099,tas_c,degree_Celsius,equal weight across model-level China annual means,17,10.08467064951973,8.815886771525166,11.979313924474425,9.028169700154866,10.8909085305742,0.818469835732425
ssp245,optimized,D,2099,wpd,W m-2,equal weight across model-level China annual means,17,29.493147641019217,23.639682092957816,34.62230674545384,25.082225480522922,33.05566471134629,2.940522564402781
ssp245,optimized,D,2100,pvpot,W m-2,equal weight across model-level China annual means,17,201.8469675326747,196.1854102998758,206.79908605401212,197.58081088438234,205.8047418885544,3.0378717553356456
ssp245,optimized,D,2100,rsds,W m-2,equal weight across model-level China annual means,17,196.42545103011489,189.72809655598596,202.31700270163677,191.89726546626227,200.56262493157902,3.475650488152196
ssp245,optimized,D,2100,sfcWind_10m,m s-1,equal weight across model-level China annual means,17,1.3201827326492441,1.2229457186794166,1.4384592840961725,1.2462648101178848,1.3921576267541347,0.05718128499897608
ssp245,optimized,D,2100,tas_c,degree_Celsius,equal weight across model-level China annual means,17,10.11435273029554,8.965525212608586,11.872817915505797,9.337720349866428,11.058560405161456,0.7477814250881188
ssp245,optimized,D,2100,wpd,W m-2,equal weight across model-level China annual means,17,29.841987058945083,23.927243021687588,34.53370077132516,26.425160913450334,32.659318995600835,2.6359744607400706
ssp245,paper_qm,B,2015,pvpot,W m-2,equal weight across model-level China annual means,17,199.22345799387344,193.7137657222013,203.91256609578843,196.01618716171555,202.28010544711955,2.64471942876488
ssp245,paper_qm,B,2015,rsds,W m-2,equal weight across model-level China annual means,17,191.2244446388003,186.3038959124281,195.84151079152102,188.006526023863,194.5640525435065,2.64825677818884
ssp245,paper_qm,B,2015,sfcWind_10m,m s-1,equal weight across model-level China annual means,17,1.3046989095022783,1.0271677988534984,1.4395707475079227,1.2554434237542655,1.3943947638010117,0.08602900435862519
ssp245,paper_qm,B,2015,tas_c,degree_Celsius,equal weight across model-level China annual means,17,7.4545646736873,6.891187529936915,8.343821231520238,7.1098712225984295,7.823295754317537,0.35033606821500757
ssp245,paper_qm,B,2015,wpd,W m-2,equal weight across model-level China annual means,17,29.93887265067846,18.242541926375885,35.15558148446964,26.521315870712662,34.22477062294434,3.937591810329582
ssp245,paper_qm,B,2016,pvpot,W m-2,equal weight across model-level China annual means,17,198.81032662403783,195.25926067906212,203.87717190532032,195.63785208382265,203.0534121508799,2.6847147037304246
ssp245,paper_qm,B,2016,rsds,W m-2,equal weight across model-level China annual means,17,190.87658712369435,187.4839809015533,195.4017337873945,187.86251770844362,194.81170155020584,2.4893062754146036
ssp245,paper_qm,B,2016,sfcWind_10m,m s-1,equal weight across model-level China annual means,17,1.2928704316537682,1.1190134476671298,1.4211113844630667,1.2213185476492163,1.3562840628991033,0.06699667324726191
ssp245,paper_qm,B,2016,tas_c,degree_Celsius,equal weight across model-level China annual means,17,7.532012537276148,6.673513141896467,8.375130354934498,6.858621851855985,8.154103835233755,0.4729515656969525
ssp245,paper_qm,B,2016,wpd,W m-2,equal weight across model-level China annual means,17,28.861900797945644,23.129753300055558,35.68600165841935,25.361252519217327,32.60916483344377,3.062206112266986
ssp245,paper_qm,B,2017,pvpot,W m-2,equal weight across model-level China annual means,17,198.82440394910668,192.7559244232427,204.4188491549212,196.2414293542376,200.98195444895816,2.4836072677690133
ssp245,paper_qm,B,2017,rsds,W m-2,equal weight across model-level China annual means,17,190.95669025342877,185.70921851766676,196.81909626475033,188.42412380647002,193.07408358037432,2.3993112130164174
ssp245,paper_qm,B,2017,sfcWind_10m,m s-1,equal weight across model-level China annual means,17,1.3167150797159815,1.0320353313096702,1.3869717966980941,1.265380399288519,1.381296952116249,0.08305265344024705
ssp245,paper_qm,B,2017,tas_c,degree_Celsius,equal weight across model-level China annual means,17,7.628065786008872,6.902690566645345,8.317046057631131,7.176393220113528,8.151034770539727,0.40539469087843677
ssp245,paper_qm,B,2017,wpd,W m-2,equal weight across model-level China annual means,17,29.841406890548058,20.03396826172229,34.072299434353596,27.558266263254083,33.535841659135045,3.3371428625020054
ssp245,paper_qm,B,2018,pvpot,W m-2,equal weight across model-level China annual means,17,198.70464369347752,190.98163691995987,204.91432880402408,194.2783135476146,202.293138911186,3.4449661110359733
ssp245,paper_qm,B,2018,rsds,W m-2,equal weight across model-level China annual means,17,190.8195568217859,183.0569783975645,196.80454893759762,186.12731397946015,194.51774880463748,3.4759851687125245
ssp245,paper_qm,B,2018,sfcWind_10m,m s-1,equal weight across model-level China annual means,17,1.301456097079986,1.0625969164139135,1.4122134930464403,1.2681139610820253,1.3583475459220706,0.07036709296537037
ssp245,paper_qm,B,2018,tas_c,degree_Celsius,equal weight across model-level China annual means,17,7.570295689541101,6.709827925149409,8.367387209987827,7.023435960680233,8.190134036050932,0.4589471379960616
ssp245,paper_qm,B,2018,wpd,W m-2,equal weight across model-level China annual means,17,29.414582213137233,20.766933038471,35.54929951338029,26.055160617479107,33.09729887568699,3.4192606491622812
ssp245,paper_qm,B,2019,pvpot,W m-2,equal weight across model-level China annual means,17,198.753850050292,194.86594940221315,203.4189465593646,195.4289709960511,202.32051488430176,2.9171690824585177
ssp245,paper_qm,B,2019,rsds,W m-2,equal weight across model-level China annual means,17,190.9066807010915,186.52807949453776,195.43797077245964,187.59839910283085,194.58920584528644,2.903907952297486
ssp245,paper_qm,B,2019,sfcWind_10m,m s-1,equal weight across model-level China annual means,17,1.3040242557595452,0.9849722337675234,1.4374464251752406,1.2008183562755808,1.4033911383290631,0.10498348056536198
ssp245,paper_qm,B,2019,tas_c,degree_Celsius,equal weight across model-level China annual means,17,7.547479666026527,7.0068847735896895,8.09238531366757,7.030558784330368,8.052272354856079,0.3831540935472515
ssp245,paper_qm,B,2019,wpd,W m-2,equal weight across model-level China annual means,17,29.90651448099435,17.69544860873851,36.938791367954586,24.755790600777612,35.6204881877105,4.7972650403815456
ssp245,paper_qm,B,2020,pvpot,W m-2,equal weight across model-level China annual means,17,199.39250259342023,194.69955442442998,204.20293240052743,197.10564659354998,201.38940595117833,2.049236503031293
ssp245,paper_qm,B,2020,rsds,W m-2,equal weight across model-level China annual means,17,191.42713791414073,186.11958480478822,196.89028836488706,189.27370069709696,193.3459761437039,2.262136856661396
ssp245,paper_qm,B,2020,sfcWind_10m,m s-1,equal weight across model-level China annual means,17,1.3234920694575438,1.0173128498683053,1.4309873755765994,1.283194800187382,1.4020707514192683,0.08727544004502666
ssp245,paper_qm,B,2020,tas_c,degree_Celsius,equal weight across model-level China annual means,17,7.452691299074236,6.488779637363025,8.195635963009137,6.877727473111221,7.874242508828193,0.44853602447912594
ssp245,paper_qm,B,2020,wpd,W m-2,equal weight across model-level China annual means,17,30.658800883023172,18.807699441155282,36.276740145554975,28.24840683957936,34.86231607538734,3.8277077948885894
ssp245,paper_qm,B,2021,pvpot,W m-2,equal weight across model-level China annual means,17,198.86331811935358,193.92924049485057,204.50988647368322,195.53934983329296,202.51034363136927,2.650945928391312
ssp245,paper_qm,B,2021,rsds,W m-2,equal weight across model-level China annual means,17,191.05412746432577,186.9274880434167,197.2932566577133,187.4710261848828,194.95164913674762,2.8032072318389165
ssp245,paper_qm,B,2021,sfcWind_10m,m s-1,equal weight across model-level China annual means,17,1.2954244171873515,1.0391703752620283,1.4530022165938175,1.2091029553484176,1.3629679261312881,0.08744484294406848
ssp245,paper_qm,B,2021,tas_c,degree_Celsius,equal weight across model-level China annual means,17,7.576787696539374,6.732278827224044,8.178850680595614,7.0527280305773,7.9778950877881645,0.379162504967427
ssp245,paper_qm,B,2021,wpd,W m-2,equal weight across model-level China annual means,17,29.34043640175773,19.556171341560873,36.48109596388846,25.50057937004274,33.64928834453253,3.8060925642585586
ssp245,paper_qm,B,2022,pvpot,W m-2,equal weight across model-level China annual means,17,200.38937430279802,196.47037436808034,204.64839289813517,198.5991216526356,202.52849305519973,1.9250556964548675
ssp245,paper_qm,B,2022,rsds,W m-2,equal weight across model-level China annual means,17,192.71869639082485,189.69245720781768,197.0691779961193,190.91383749428738,194.71607083885223,1.8975260241560508
ssp245,paper_qm,B,2022,sfcWind_10m,m s-1,equal weight across model-level China annual means,17,1.3218776274705593,1.0375561025600344,1.4828840931375373,1.2754456540266514,1.4203045758470128,0.09017330784012695
ssp245,paper_qm,B,2022,tas_c,degree_Celsius,equal weight across model-level China annual means,17,7.778110041779712,7.132169026006495,8.660739148877708,7.363282053113241,8.30368246668961,0.38174080292694784
ssp245,paper_qm,B,2022,wpd,W m-2,equal weight across model-level China annual means,17,30.230023403941882,20.096732927282773,39.57839144319969,26.823229375628458,34.038776428833,4.0355122828601
ssp245,paper_qm,B,2023,pvpot,W m-2,equal weight across model-level China annual means,17,199.53667648917695,189.50979816535752,204.11050680270645,197.05165195453128,201.9116514385047,3.1532240176424406
ssp245,paper_qm,B,2023,rsds,W m-2,equal weight across model-level China annual means,17,191.87616809024726,182.65605274718678,196.35016698105778,189.13733358329998,194.5492617787642,3.0113093563184847
ssp245,paper_qm,B,2023,sfcWind_10m,m s-1,equal weight across model-level China annual means,17,1.325288693776658,1.0461666019024385,1.4379027238490245,1.247563836482338,1.407151927418779,0.08901347991303452
ssp245,paper_qm,B,2023,tas_c,degree_Celsius,equal weight across model-level China annual means,17,7.762153701494024,6.989786251529716,8.524633467664955,7.177789390438527,8.223439278548147,0.4215111243481329
ssp245,paper_qm,B,2023,wpd,W m-2,equal weight across model-level China annual means,17,30.58860817280093,20.13665370389889,36.2362743181645,28.364370884079307,33.91708487590649,3.4378724606853366
ssp245,paper_qm,B,2024,pvpot,W m-2,equal weight across model-level China annual means,17,199.30307185375514,192.81542889502225,204.54310045989095,197.15497599186114,202.19731407163368,2.5717533022217003
ssp245,paper_qm,B,2024,rsds,W m-2,equal weight across model-level China annual means,17,191.57542356726714,185.81307820266352,197.18469246336747,189.03436065761818,194.66060004159067,2.623951482675264
ssp245,paper_qm,B,2024,sfcWind_10m,m s-1,equal weight across model-level China annual means,17,1.302932399194018,1.0257353948423136,1.3827756227897037,1.2538550862271145,1.358204947638716,0.07790663790371649
ssp245,paper_qm,B,2024,tas_c,degree_Celsius,equal weight across model-level China annual means,17,7.723139800250575,6.616334204537195,8.492997823995822,7.241720755232255,8.181586450958084,0.4346971845991379
ssp245,paper_qm,B,2024,wpd,W m-2,equal weight across model-level China annual means,17,29.29004096334641,19.18469769685453,33.67311607944254,26.837036791293166,31.93449611672465,3.1111007680902203
ssp245,paper_qm,B,2025,pvpot,W m-2,equal weight across model-level China annual means,17,200.22844120437952,196.80553781701056,202.70088525228016,198.1000778729154,202.11348276966908,1.599987395537098
ssp245,paper_qm,B,2025,rsds,W m-2,equal weight across model-level China annual means,17,192.64453381313183,189.18459480222134,195.32088978076024,190.3036111378141,194.66944164855462,1.6681295944677845
ssp245,paper_qm,B,2025,sfcWind_10m,m s-1,equal weight across model-level China annual means,17,1.3047269558437598,0.9982337675636465,1.4333124857279873,1.2660826929594395,1.361790381712934,0.08820386221395976
ssp245,paper_qm,B,2025,tas_c,degree_Celsius,equal weight across model-level China annual means,17,7.872768994308683,7.065324299018954,9.139277558487409,7.30748770136532,8.4562241637237,0.49853381248492773
ssp245,paper_qm,B,2025,wpd,W m-2,equal weight across model-level China annual means,17,29.586375216615334,18.034138940815694,37.032774044704134,26.7502857976683,32.94328905427491,3.8888504492429212
ssp245,paper_qm,B,2026,pvpot,W m-2,equal weight across model-level China annual means,17,199.51862943110058,196.70748972807232,207.52815160022544,197.17125225175567,201.55638605825783,2.4630925713967913
ssp245,paper_qm,B,2026,rsds,W m-2,equal weight across model-level China annual means,17,192.06396010716023,189.00839077042733,201.17254365095195,189.45974424775508,193.77474854206747,2.6888009578567504
ssp245,paper_qm,B,2026,sfcWind_10m,m s-1,equal weight across model-level China annual means,17,1.32433319667831,1.0270185897036541,1.4452183454797278,1.245266691758774,1.4238894456958144,0.09438841391688274
ssp245,paper_qm,B,2026,tas_c,degree_Celsius,equal weight across model-level China annual means,17,7.989135000605294,7.142092760345823,9.161197428653066,7.3656804549527415,8.827576264034745,0.5716492659814975
ssp245,paper_qm,B,2026,wpd,W m-2,equal weight across model-level China annual means,17,30.614170418700187,19.325214241801888,37.11159037724514,27.06596801170932,35.441219741947705,4.05319963235173
ssp245,paper_qm,B,2027,pvpot,W m-2,equal weight across model-level China annual means,17,199.79895761166375,196.62709667790526,203.33934323045693,197.24935529846658,202.53437663520307,2.122597598643043
ssp245,paper_qm,B,2027,rsds,W m-2,equal weight across model-level China annual means,17,192.29665022602939,189.03904934489,196.02426491838548,189.39570231316256,195.31864452015202,2.263248933215326
ssp245,paper_qm,B,2027,sfcWind_10m,m s-1,equal weight across model-level China annual means,17,1.291855209383889,1.0133529423459824,1.377255289110314,1.1969803490360995,1.3477813226801212,0.08464095978077789
ssp245,paper_qm,B,2027,tas_c,degree_Celsius,equal weight across model-level China annual means,17,7.910459561356261,7.321345100061666,8.55533095836097,7.583366976327851,8.36158390863395,0.3193341619048747
ssp245,paper_qm,B,2027,wpd,W m-2,equal weight across model-level China annual means,17,28.768265757859286,18.87148544076374,33.078584292400244,24.351599823558047,32.28845072730447,3.4525262503558705
ssp245,paper_qm,B,2028,pvpot,W m-2,equal weight across model-level China annual means,17,199.42811030752546,196.37418802360037,203.27151010663627,197.7017081658553,202.18268768582783,1.9242787954609775
ssp245,paper_qm,B,2028,rsds,W m-2,equal weight across model-level China annual means,17,192.00605121045237,189.20229466039328,196.50342394145312,189.99859530501598,195.24180165801752,2.13546655261113
ssp245,paper_qm,B,2028,sfcWind_10m,m s-1,equal weight across model-level China annual means,17,1.2985992432420208,1.0401482798532558,1.3758958956590457,1.2044470662609363,1.3642779071442088,0.08316490174703074
ssp245,paper_qm,B,2028,tas_c,degree_Celsius,equal weight across model-level China annual means,17,8.019142947635892,7.25368244210748,9.121910288543397,7.53249474935814,8.723288529434583,0.4912881167800162
ssp245,paper_qm,B,2028,wpd,W m-2,equal weight across model-level China annual means,17,29.08831091957251,19.143450245457927,32.856729730278964,24.854577410750906,32.10125790630081,3.547144607545818
ssp245,paper_qm,B,2029,pvpot,W m-2,equal weight across model-level China annual means,17,199.05932076923506,192.35530701069965,203.80597163884036,195.2352621268091,201.6450820780206,2.830313371387438
ssp245,paper_qm,B,2029,rsds,W m-2,equal weight across model-level China annual means,17,191.59781391770352,185.6359245741282,197.22763043168231,187.6304298213448,194.37068194925178,2.955168012294209
ssp245,paper_qm,B,2029,sfcWind_10m,m s-1,equal weight across model-level China annual means,17,1.3159275602927334,1.044597865690813,1.4175805891942002,1.2736156649586448,1.379269716016553,0.0786079938137513
ssp245,paper_qm,B,2029,tas_c,degree_Celsius,equal weight across model-level China annual means,17,8.036575713893626,7.206939744322132,8.996673413851505,7.4049495240190275,8.83355309868399,0.5758549738119754
ssp245,paper_qm,B,2029,wpd,W m-2,equal weight across model-level China annual means,17,30.06991884491627,19.073037666185645,37.86069330682509,27.42513370720977,34.461390264767886,3.9508299555324826
ssp245,paper_qm,B,2030,pvpot,W m-2,equal weight across model-level China annual means,17,199.2027555439418,187.61686717776038,204.4395946337419,198.13139044423104,201.5109885103273,3.2855043450283787
ssp245,paper_qm,B,2030,rsds,W m-2,equal weight across model-level China annual means,17,191.78366530482455,181.01564731838195,197.57319125066817,190.58408372529956,194.6203752831077,3.211517711403569
ssp245,paper_qm,B,2030,sfcWind_10m,m s-1,equal weight across model-level China annual means,17,1.3137003156976705,1.0635613743161312,1.3824741245814078,1.2697621071995133,1.3718868052007032,0.07363590957327042
ssp245,paper_qm,B,2030,tas_c,degree_Celsius,equal weight across model-level China annual means,17,8.036248148485,7.012141053910002,8.697178128919758,7.433385073014113,8.578755935865328,0.4670619523628022
ssp245,paper_qm,B,2030,wpd,W m-2,equal weight across model-level China annual means,17,30.133837590455528,20.415852556869847,35.59179831296182,26.49421746525887,34.423873033529055,3.5684940322571372
ssp245,paper_qm,B,2031,pvpot,W m-2,equal weight across model-level China annual means,17,198.78823035305248,189.0886601204813,206.873113372346,194.98710108861363,202.72186723430622,3.978021506217319
ssp245,paper_qm,B,2031,rsds,W m-2,equal weight across model-level China annual means,17,191.57215825001163,182.53013107125818,200.21915923535622,187.20965202212093,195.7122862226475,4.066317903434815
ssp245,paper_qm,B,2031,sfcWind_10m,m s-1,equal weight across model-level China annual means,17,1.2899170816418832,1.097867497116875,1.4113738665678148,1.1637972039968598,1.3763227291265638,0.08196159855917182
ssp245,paper_qm,B,2031,tas_c,degree_Celsius,equal weight across model-level China annual means,17,8.160138618548917,7.370866486248663,8.799356408576882,7.679352026764563,8.659153125224819,0.3936090883198417
ssp245,paper_qm,B,2031,wpd,W m-2,equal weight across model-level China annual means,17,28.924549932292084,20.422029621101217,35.95202668289672,23.934723467551724,34.071718986215345,3.870083367735827
ssp245,paper_qm,B,2032,pvpot,W m-2,equal weight across model-level China annual means,17,199.3923573470519,188.5596869783656,202.85040922050186,197.84252181139604,202.11840389921997,3.145838315098551
ssp245,paper_qm,B,2032,rsds,W m-2,equal weight across model-level China annual means,17,192.1698960579926,181.56263976121156,196.28020706185916,190.48398343300147,195.2006697511992,3.2182164900176757
ssp245,paper_qm,B,2032,sfcWind_10m,m s-1,equal weight across model-level China annual means,17,1.2917163800367268,1.0103356245985373,1.3875635308637708,1.214929003865397,1.3598053782911383,0.08522526843102098
ssp245,paper_qm,B,2032,tas_c,degree_Celsius,equal weight across model-level China annual means,17,8.134177502714847,7.691892625769955,8.900983750608814,7.697918767074105,8.626543478022288,0.36662457768821466
ssp245,paper_qm,B,2032,wpd,W m-2,equal weight across model-level China annual means,17,28.91296741948224,18.735849088248923,35.07176683963693,25.63523733352441,32.58744625848234,3.6523292585922724
ssp245,paper_qm,B,2033,pvpot,W m-2,equal weight across model-level China annual means,17,199.2289313866988,193.09505070395588,204.5331946032413,196.2719871395925,202.5487477305162,2.7052618314813843
ssp245,paper_qm,B,2033,rsds,W m-2,equal weight across model-level China annual means,17,192.03214384654626,186.73422439590863,197.68374495363506,188.60018133339025,195.83940324224776,2.8078866991136877
ssp245,paper_qm,B,2033,sfcWind_10m,m s-1,equal weight across model-level China annual means,17,1.2977076977607727,1.0200062643266767,1.3960691925125308,1.2020678897765313,1.376220369889481,0.09101328912064535
ssp245,paper_qm,B,2033,tas_c,degree_Celsius,equal weight across model-level China annual means,17,8.24451894239642,7.243603306316096,9.02135838207231,7.491173485704203,8.76215622990417,0.49292996954919926
ssp245,paper_qm,B,2033,wpd,W m-2,equal weight across model-level China annual means,17,29.458548596910376,19.74306117773199,33.40710368335694,25.526728107325052,33.06470876559538,3.488993277074801
ssp245,paper_qm,B,2034,pvpot,W m-2,equal weight across model-level China annual means,17,198.4810376785162,194.62660946690198,204.49419002116255,195.80823381644643,200.72537355765644,2.316430160618049
ssp245,paper_qm,B,2034,rsds,W m-2,equal weight across model-level China annual means,17,191.20028971513474,187.10495895978895,197.88564095683614,188.59838974461675,193.71192497903917,2.4977337469437977
ssp245,paper_qm,B,2034,sfcWind_10m,m s-1,equal weight across model-level China annual means,17,1.3021557011956006,1.0642089095235265,1.4727365111980193,1.2403583169923627,1.3691178012148741,0.08194389783432911
ssp245,paper_qm,B,2034,tas_c,degree_Celsius,equal weight across model-level China annual means,17,8.200524532459049,7.377994034242089,9.393204658747857,7.609276096660698,8.75219321256223,0.5325917055642834
ssp245,paper_qm,B,2034,wpd,W m-2,equal weight across model-level China annual means,17,29.72060256587932,21.276951686252566,38.043736673148494,25.984567813403476,33.30552041067638,3.606342220510164
ssp245,paper_qm,B,2035,pvpot,W m-2,equal weight across model-level China annual means,17,199.64962009156872,197.28170714171537,203.22445302313818,197.47521352258144,202.72226392201958,1.9619531693520769
ssp245,paper_qm,B,2035,rsds,W m-2,equal weight across model-level China annual means,17,192.58628799259785,189.65178883680878,196.89071282775015,190.2087956620476,196.09481750227283,2.178692256466131
ssp245,paper_qm,B,2035,sfcWind_10m,m s-1,equal weight across model-level China annual means,17,1.2992641941882979,1.0039503014443618,1.3944621356105966,1.1982164296409306,1.3710396116346122,0.09125067073336018
ssp245,paper_qm,B,2035,tas_c,degree_Celsius,equal weight across model-level China annual means,17,8.326332743868258,7.532829671968687,9.375294623322771,7.737473699865808,9.085268742131829,0.5446944077835766
ssp245,paper_qm,B,2035,wpd,W m-2,equal weight across model-level China annual means,17,29.353686806386207,19.14591186242021,34.77219849303541,24.198257518686546,34.68665787558426,4.052492376946151
ssp245,paper_qm,B,2036,pvpot,W m-2,equal weight across model-level China annual means,17,199.95645688819945,196.73798747335715,205.82397537030832,197.8487622224008,202.00407123531105,2.0742515044515786
ssp245,paper_qm,B,2036,rsds,W m-2,equal weight across model-level China annual means,17,192.8250237874303,188.96209961271657,199.19827093765062,190.7069743138158,194.79685250770555,2.2055623109468896
ssp245,paper_qm,B,2036,sfcWind_10m,m s-1,equal weight across model-level China annual means,17,1.2857271662589824,1.0343537042526532,1.3785282561167442,1.2388132099454707,1.3696052680856712,0.07688285679083019
ssp245,paper_qm,B,2036,tas_c,degree_Celsius,equal weight across model-level China annual means,17,8.253790484289988,7.579665226048234,8.878580541947024,7.753898517854947,8.753363533657136,0.3763518939063882
ssp245,paper_qm,B,2036,wpd,W m-2,equal weight across model-level China annual means,17,28.971253854936396,19.73517850065858,37.10734051630278,25.697846084155138,33.167868148548706,3.7583994604811957
ssp245,paper_qm,B,2037,pvpot,W m-2,equal weight across model-level China annual means,17,199.7649461721744,195.7158525712082,204.50123501676603,196.15611429585368,202.01418202983817,2.2949896712277362
ssp245,paper_qm,B,2037,rsds,W m-2,equal weight across model-level China annual means,17,192.65989390255334,188.57556691414302,197.60700941596144,188.93004214762888,194.95956783971167,2.3973087197231195
ssp245,paper_qm,B,2037,sfcWind_10m,m s-1,equal weight across model-level China annual means,17,1.2808629574062154,1.004913249745477,1.3620775556557358,1.209684860596628,1.360986881244182,0.08753756341809026
ssp245,paper_qm,B,2037,tas_c,degree_Celsius,equal weight across model-level China annual means,17,8.347652239333616,7.885417083779838,9.185022337456878,8.007768345607392,8.78081972594606,0.35072271261701227
ssp245,paper_qm,B,2037,wpd,W m-2,equal weight across model-level China annual means,17,28.568130342154088,18.35680125440036,34.03844065341337,24.429428472746135,32.71915111709699,3.8558801004954684
ssp245,paper_qm,B,2038,pvpot,W m-2,equal weight across model-level China annual means,17,199.45861540577673,195.6370567599688,202.71991385546278,196.14935112969803,202.31199014677668,2.415856148954697
ssp245,paper_qm,B,2038,rsds,W m-2,equal weight across model-level China annual means,17,192.385033254835,187.96225538169188,195.81877200421968,189.23798438574414,194.79016922026133,2.405944767672738
ssp245,paper_qm,B,2038,sfcWind_10m,m s-1,equal weight across model-level China annual means,17,1.2988895687075666,1.0031577312868831,1.4329296592346796,1.2248255799619903,1.3836784094258479,0.09335077366503751
ssp245,paper_qm,B,2038,tas_c,degree_Celsius,equal weight across model-level China annual means,17,8.327365153521006,7.479868722634628,8.96404754741844,7.756637473864898,8.907492270476366,0.43175397021296574
ssp245,paper_qm,B,2038,wpd,W m-2,equal weight across model-level China annual means,17,29.541537874847524,19.142126917120738,36.355946490185765,25.638060624405803,32.52693944741004,3.722629468265279
ssp245,paper_qm,B,2039,pvpot,W m-2,equal weight across model-level China annual means,17,199.1705140539955,193.50685736703994,206.92594913609923,196.50842350904028,201.80423432336823,2.8839105410758923
ssp245,paper_qm,B,2039,rsds,W m-2,equal weight across model-level China annual means,17,192.24681948713646,186.56229678159306,201.12958903466415,189.56497207379726,194.89077136566198,3.141497728989833
ssp245,paper_qm,B,2039,sfcWind_10m,m s-1,equal weight across model-level China annual means,17,1.2846577831533457,1.0554903448556912,1.4866857759051022,1.1895016987506866,1.3692661120194791,0.0906613458564275
ssp245,paper_qm,B,2039,tas_c,degree_Celsius,equal weight across model-level China annual means,17,8.482588514428194,7.301003581994955,9.324377836729418,8.025823402067752,9.253946182826626,0.5095222910273615
ssp245,paper_qm,B,2039,wpd,W m-2,equal weight across model-level China annual means,17,28.912272802930126,19.84772545712308,36.71005914914775,25.28677048696047,33.05946845612888,3.7865283991419716
ssp245,paper_qm,B,2040,pvpot,W m-2,equal weight across model-level China annual means,17,199.14727715421452,194.23631989961862,204.5366596635614,196.36940317253917,203.55314380123875,2.7763479242118785
ssp245,paper_qm,B,2040,rsds,W m-2,equal weight across model-level China annual means,17,192.17923210179,187.1002398607708,197.85866140361975,189.327335418671,197.09941264896034,2.9978473906925394
ssp245,paper_qm,B,2040,sfcWind_10m,m s-1,equal weight across model-level China annual means,17,1.2788635150319483,1.0676972890199523,1.3706256381707045,1.2178408918416512,1.354896548951987,0.07089231074286587
ssp245,paper_qm,B,2040,tas_c,degree_Celsius,equal weight across model-level China annual means,17,8.449201778949572,7.508671737122235,9.335011759390452,7.7930226846447415,9.004202510244129,0.4974164748478184
ssp245,paper_qm,B,2040,wpd,W m-2,equal weight across model-level China annual means,17,28.49107585393179,20.91765575077086,34.55430427475956,26.004804260453085,31.266090144046302,2.8828876391325036
ssp245,paper_qm,B,2041,pvpot,W m-2,equal weight across model-level China annual means,17,199.40746736121463,192.24070863274162,205.19882853623417,194.1861189398913,203.5864877049811,3.610115097048159
ssp245,paper_qm,B,2041,rsds,W m-2,equal weight across model-level China annual means,17,192.3959675441968,185.21762203974404,199.02257517808025,187.21783679776917,196.62091940088936,3.7950886213929036
ssp245,paper_qm,B,2041,sfcWind_10m,m s-1,equal weight across model-level China annual means,17,1.3075890707590616,1.0353859008190693,1.4301250120105873,1.2013086703826892,1.4219884522781572,0.09987464524604771
ssp245,paper_qm,B,2041,tas_c,degree_Celsius,equal weight across model-level China annual means,17,8.42311000883789,7.398841681196107,9.377174320130484,7.562604120730531,9.170019562273414,0.6354504360524177
ssp245,paper_qm,B,2041,wpd,W m-2,equal weight across model-level China annual means,17,29.901305666375382,19.28354735873746,34.70046180240028,24.671369634148874,34.20972015446928,4.209317143032989
ssp245,paper_qm,B,2042,pvpot,W m-2,equal weight across model-level China annual means,17,199.57917852117785,196.49342251424102,204.74870720724752,197.36009086290346,202.2395151315461,2.110536505278525
ssp245,paper_qm,B,2042,rsds,W m-2,equal weight across model-level China annual means,17,192.7377106274991,190.14144114990805,198.92906250395188,190.17233846753518,195.68452921190848,2.416991721507574
ssp245,paper_qm,B,2042,sfcWind_10m,m s-1,equal weight across model-level China annual means,17,1.2940443594602262,1.0299860992209322,1.3824789459277114,1.2313670860814743,1.370589997330554,0.08085466620019331
ssp245,paper_qm,B,2042,tas_c,degree_Celsius,equal weight across model-level China annual means,17,8.597595896780637,7.989338132517234,10.272150395519049,8.045639577860737,9.240370813865717,0.5819919141265467
ssp245,paper_qm,B,2042,wpd,W m-2,equal weight across model-level China annual means,17,29.344583903688402,18.166563002462144,36.567625860307224,25.995721128242014,32.494230646862874,3.7598946632234886
ssp245,paper_qm,B,2043,pvpot,W m-2,equal weight across model-level China annual means,17,198.87946642060274,191.34566625887123,204.19857135748506,196.0180638760463,201.05897045533936,2.845132582868427
ssp245,paper_qm,B,2043,rsds,W m-2,equal weight across model-level China annual means,17,192.01808329747303,184.85220616273287,198.74225208713497,188.9089492412011,194.39146326036683,3.055599113693597
ssp245,paper_qm,B,2043,sfcWind_10m,m s-1,equal weight across model-level China annual means,17,1.27513382184084,1.0329667101147761,1.3601071419886968,1.237859390116255,1.3440989142988642,0.07087524742331776
ssp245,paper_qm,B,2043,tas_c,degree_Celsius,equal weight across model-level China annual means,17,8.553824973955136,7.574986802859278,9.559951237050706,7.8835901401458,9.289130426461327,0.5429020943977345
ssp245,paper_qm,B,2043,wpd,W m-2,equal weight across model-level China annual means,17,28.78850946005861,19.15611437195979,34.21107571702286,26.450361940624692,31.52254816526555,3.145921686765907
ssp245,paper_qm,B,2044,pvpot,W m-2,equal weight across model-level China annual means,17,199.65837432467242,194.73508725838715,203.95983730161797,196.07890106232273,203.10083353380503,2.792845190731416
ssp245,paper_qm,B,2044,rsds,W m-2,equal weight across model-level China annual means,17,192.91532631258784,187.80807041150808,197.8484298421605,189.42595970682797,196.48001034476968,2.8738343293322752
ssp245,paper_qm,B,2044,sfcWind_10m,m s-1,equal weight across model-level China annual means,17,1.2933980977838084,1.03063999463155,1.398263576156694,1.2085017120003323,1.3742647168950226,0.0850367556194849
ssp245,paper_qm,B,2044,tas_c,degree_Celsius,equal weight across model-level China annual means,17,8.719329538261002,7.8863568945047575,9.676388536271851,8.353976544027619,9.229205583794505,0.4109041575076417
ssp245,paper_qm,B,2044,wpd,W m-2,equal weight across model-level China annual means,17,29.18592743427184,19.848370022597305,36.567331823025604,25.43920850502951,33.428557496747,3.863094334023563
ssp245,paper_qm,B,2045,pvpot,W m-2,equal weight across model-level China annual means,17,199.81295034044516,195.290204335353,208.56968259471603,196.734400055755,201.57712997235913,2.9262318716323383
ssp245,paper_qm,B,2045,rsds,W m-2,equal weight across model-level China annual means,17,193.13257631697567,189.01593222627324,202.65648087759578,190.08680116961662,195.0271539002999,3.029796589686509
ssp245,paper_qm,B,2045,sfcWind_10m,m s-1,equal weight across model-level China annual means,17,1.284955949954282,1.1175700167803062,1.3923912102195912,1.184376953790724,1.3786436431575921,0.07557743460030551
ssp245,paper_qm,B,2045,tas_c,degree_Celsius,equal weight across model-level China annual means,17,8.70875451978199,8.06007107194928,9.768547168606705,8.195430793198543,9.253307536244586,0.4588154394430621
ssp245,paper_qm,B,2045,wpd,W m-2,equal weight across model-level China annual means,17,29.0304812357829,23.63858945978436,35.20514396709393,24.957982636440043,33.4815716370481,3.2644159191921456
ssp245,paper_qm,B,2046,pvpot,W m-2,equal weight across model-level China annual means,17,199.60121361991006,195.733936223958,204.31460787700303,196.07314578661368,203.39096794703966,2.604766622894574
ssp245,paper_qm,B,2046,rsds,W m-2,equal weight across model-level China annual means,17,192.85641748487637,188.5659122228952,197.7784699193056,189.31068896695473,197.33065835179082,2.8259230544187672
ssp245,paper_qm,B,2046,sfcWind_10m,m s-1,equal weight across model-level China annual means,17,1.289001985815154,1.0170045324861696,1.41877275706321,1.2301662240149789,1.3811513795162205,0.08767494403006221
ssp245,paper_qm,B,2046,tas_c,degree_Celsius,equal weight across model-level China annual means,17,8.744480596380827,7.83200824231006,9.988812103657677,7.979286658686322,9.348999471740347,0.577104076538878
ssp245,paper_qm,B,2046,wpd,W m-2,equal weight across model-level China annual means,17,28.92790869610141,18.958931777576456,33.746458330157076,25.939292480683957,32.445999860877286,3.3205481162691264
ssp245,paper_qm,B,2047,pvpot,W m-2,equal weight across model-level China annual means,17,199.5738866620916,192.62050786975274,206.24041344767775,196.52797310920815,202.66803552628346,3.032361274721832
ssp245,paper_qm,B,2047,rsds,W m-2,equal weight across model-level China annual means,17,192.94262957563367,187.2063836192148,200.1502979248488,188.76413172011664,195.79780774896426,3.1086053752060376
ssp245,paper_qm,B,2047,sfcWind_10m,m s-1,equal weight across model-level China annual means,17,1.2656158413117684,1.0255109039783206,1.3518652742989632,1.1590219268119903,1.3490267844176669,0.08894426565671194
ssp245,paper_qm,B,2047,tas_c,degree_Celsius,equal weight across model-level China annual means,17,8.760841749980392,7.368756730705081,9.685368642383237,8.149142729668506,9.499146899897488,0.5595130445113441
ssp245,paper_qm,B,2047,wpd,W m-2,equal weight across model-level China annual means,17,28.363064292300752,19.255980635577853,33.44833354701953,23.601420513375142,32.91307488381856,3.824736844515911
ssp245,paper_qm,B,2048,pvpot,W m-2,equal weight across model-level China annual means,17,200.0065180698701,196.55248784921045,206.3838125535135,196.9073453717766,203.70703227036722,2.8297521688777727
ssp245,paper_qm,B,2048,rsds,W m-2,equal weight across model-level China annual means,17,193.5878105354089,190.2763527437794,200.86573033261766,190.328499619723,197.5853264140501,2.98719632530334
ssp245,paper_qm,B,2048,sfcWind_10m,m s-1,equal weight across model-level China annual means,17,1.2824545436670236,1.0350686350570772,1.38478600430572,1.1950464738823654,1.3652854552615963,0.08313221702053782
ssp245,paper_qm,B,2048,tas_c,degree_Celsius,equal weight across model-level China annual means,17,9.02748440628325,8.09452418203941,9.87964898810152,8.29794359902888,9.651613244276735,0.516975448585745
ssp245,paper_qm,B,2048,wpd,W m-2,equal weight across model-level China annual means,17,28.564984331556914,21.094150017924267,31.912142688444522,24.866005829391582,31.590013710765188,2.9378458687451925
ssp245,paper_qm,B,2049,pvpot,W m-2,equal weight across model-level China annual means,17,200.07118436741004,195.1051651255259,205.45133901936546,196.23032041162986,204.23798970212889,3.055250707799988
ssp245,paper_qm,B,2049,rsds,W m-2,equal weight across model-level China annual means,17,193.54021412989192,188.93173716595393,199.46919373236628,189.92086298097655,197.34061831157348,3.0494451652481596
ssp245,paper_qm,B,2049,sfcWind_10m,m s-1,equal weight across model-level China annual means,17,1.287700158533383,1.034504297567609,1.4607571618216442,1.207429205980925,1.3812088894902734,0.09251099199068334
ssp245,paper_qm,B,2049,tas_c,degree_Celsius,equal weight across model-level China annual means,17,8.887812223148906,7.874427517691856,10.067313176314038,8.15662431222403,9.468135573959055,0.5697892209754506
ssp245,paper_qm,B,2049,wpd,W m-2,equal weight across model-level China annual means,17,29.035934376145587,19.36526100032008,35.49889595502799,25.72833863758783,32.16575480906062,3.435533579055107
ssp245,paper_qm,B,2050,pvpot,W m-2,equal weight across model-level China annual means,17,199.85237729354117,195.05237236648898,206.02923617317074,195.71662470170043,202.1385875067835,2.692479902495845
ssp245,paper_qm,B,2050,rsds,W m-2,equal weight across model-level China annual means,17,193.40480382137397,188.81441955057107,200.61436166526508,189.17880981359187,196.29806088396967,2.9221912326879678
ssp245,paper_qm,B,2050,sfcWind_10m,m s-1,equal weight across model-level China annual means,17,1.2754938552555422,1.0225318533152215,1.3856307569975337,1.2117660636659562,1.3748091121623198,0.08315685657827926
ssp245,paper_qm,B,2050,tas_c,degree_Celsius,equal weight across model-level China annual means,17,9.048651170845197,8.102053568917865,9.885465108357153,8.267252714111217,9.698674671775493,0.536593285384048
ssp245,paper_qm,B,2050,wpd,W m-2,equal weight across model-level China annual means,17,28.942344964349616,18.800406119725242,36.11881171522602,26.38546721901062,32.71795440817189,3.6516141167242426
ssp245,paper_qm,B,2051,pvpot,W m-2,equal weight across model-level China annual means,17,199.71822392538263,190.36926961372865,203.58494538352485,196.90983847745835,202.9033391678183,3.076170435370326
ssp245,paper_qm,B,2051,rsds,W m-2,equal weight across model-level China annual means,17,193.33087018594665,184.8762492128375,197.88610600638427,190.35150054927377,196.4491334356327,3.064369905136009
ssp245,paper_qm,B,2051,sfcWind_10m,m s-1,equal weight across model-level China annual means,17,1.2790423861224125,1.0271536396538035,1.4265195641786166,1.227597915683501,1.3532164477955169,0.07983865274370085
ssp245,paper_qm,B,2051,tas_c,degree_Celsius,equal weight across model-level China annual means,17,9.0261054744513,8.098135356637384,9.98837347552841,8.419341986474642,9.829355426472823,0.5767331597994484
ssp245,paper_qm,B,2051,wpd,W m-2,equal weight across model-level China annual means,17,28.552517073007394,19.287751935064303,33.057241016503625,25.578892727291105,31.957134475909264,3.303115508394323
ssp245,paper_qm,B,2052,pvpot,W m-2,equal weight across model-level China annual means,17,199.60825279063286,196.38126209869156,207.84335658257342,197.36226198875121,203.28173392942955,2.8868448258093076
ssp245,paper_qm,B,2052,rsds,W m-2,equal weight across model-level China annual means,17,193.01658430486924,189.38084355191612,202.02206850976503,190.8639916329901,196.46506761263026,3.083223232315737
ssp245,paper_qm,B,2052,sfcWind_10m,m s-1,equal weight across model-level China annual means,17,1.2919960793600425,1.0752743949157857,1.4176410552215355,1.2261573446689602,1.358685498388992,0.07651390207439628
ssp245,paper_qm,B,2052,tas_c,degree_Celsius,equal weight across model-level China annual means,17,8.874869088716723,8.151037240757596,9.752490293759726,8.334968655462621,9.502887491536214,0.48387422520571055
ssp245,paper_qm,B,2052,wpd,W m-2,equal weight across model-level China annual means,17,29.12375962623051,21.761657170322895,34.09384586075798,26.408343486130672,32.215890656276926,2.8708302946306787
ssp245,paper_qm,B,2053,pvpot,W m-2,equal weight across model-level China annual means,17,199.47862781922345,192.73975042827973,203.71779529267587,195.7555130988327,203.3965322759506,2.8696656334732933
ssp245,paper_qm,B,2053,rsds,W m-2,equal weight across model-level China annual means,17,193.04749913120918,187.46103361688768,197.5154238200429,189.17598798170374,197.078898606089,2.839550280576672
ssp245,paper_qm,B,2053,sfcWind_10m,m s-1,equal weight across model-level China annual means,17,1.2797063215661615,1.0271440268824426,1.400730334688104,1.234033104756456,1.351291698264699,0.07826958600491286
ssp245,paper_qm,B,2053,tas_c,degree_Celsius,equal weight across model-level China annual means,17,8.999588239667762,8.248509463980612,10.25754778237433,8.371776336884603,9.647427159833427,0.519347111937673
ssp245,paper_qm,B,2053,wpd,W m-2,equal weight across model-level China annual means,17,28.947860285928105,19.270694632716385,33.016745468063895,27.042917122707106,32.1108402316506,3.0003123924419035
ssp245,paper_qm,B,2054,pvpot,W m-2,equal weight across model-level China annual means,17,200.21863127439573,194.52010816538368,205.6755675507894,196.4422764042383,203.72824126381718,2.861473382377924
ssp245,paper_qm,B,2054,rsds,W m-2,equal weight across model-level China annual means,17,193.86677610389745,188.0232989590752,200.12497661325244,190.16028519509405,197.11694902473732,2.957415843267799
ssp245,paper_qm,B,2054,sfcWind_10m,m s-1,equal weight across model-level China annual means,17,1.285233911567018,1.0060950442272,1.4458587726264958,1.2008799254837665,1.3767492304655324,0.09469266367420905
ssp245,paper_qm,B,2054,tas_c,degree_Celsius,equal weight across model-level China annual means,17,9.05091441905246,7.986130951101601,10.235430622453707,8.423699680090067,9.673202837984043,0.5722563399546742
ssp245,paper_qm,B,2054,wpd,W m-2,equal weight across model-level China annual means,17,28.870278853097176,18.623034945605866,34.08058130411589,25.649462323247153,33.65275349105555,3.6708392199142583
ssp245,paper_qm,B,2055,pvpot,W m-2,equal weight across model-level China annual means,17,199.50362599104426,195.90727890052065,205.88005980851608,196.42066311138913,203.20253305005852,2.726265433262541
ssp245,paper_qm,B,2055,rsds,W m-2,equal weight across model-level China annual means,17,193.0945696971299,189.26867839614758,200.38134678214396,189.8474140131224,196.71935268979146,2.9626259886070043
ssp245,paper_qm,B,2055,sfcWind_10m,m s-1,equal weight across model-level China annual means,17,1.2868647292452924,1.0251769740888501,1.4381999438430404,1.2283130473429862,1.3901200166111822,0.08911972083923052
ssp245,paper_qm,B,2055,tas_c,degree_Celsius,equal weight across model-level China annual means,17,9.054982990023994,8.217797167170877,9.929646830127874,8.48264391473947,9.678159882373011,0.4878741044737114
ssp245,paper_qm,B,2055,wpd,W m-2,equal weight across model-level China annual means,17,29.394330571285792,20.27913920675175,38.428655001227035,26.552105630790145,33.899632747788054,3.894286217853859
ssp245,paper_qm,B,2056,pvpot,W m-2,equal weight across model-level China annual means,17,200.56545776840343,196.734697308049,206.24580455167873,197.8905698074375,204.02329049494782,2.5747546002879
ssp245,paper_qm,B,2056,rsds,W m-2,equal weight across model-level China annual means,17,194.27947550820494,190.40226419641442,200.57525844783322,191.2655140241975,198.23587895834996,2.819005114014505
ssp245,paper_qm,B,2056,sfcWind_10m,m s-1,equal weight across model-level China annual means,17,1.276643531643128,1.069188524836963,1.3834022427472796,1.1790743552859133,1.3576250146495445,0.07728423979828575
ssp245,paper_qm,B,2056,tas_c,degree_Celsius,equal weight across model-level China annual means,17,9.167170489844777,8.131800988921613,10.499985701351772,8.31118436174621,10.150753719349913,0.6502936960481757
ssp245,paper_qm,B,2056,wpd,W m-2,equal weight across model-level China annual means,17,28.593847068560635,19.951147493960743,36.34607437742243,25.674991021346695,33.514563634278225,3.6878373826111877
ssp245,paper_qm,B,2057,pvpot,W m-2,equal weight across model-level China annual means,17,200.6385759737761,196.38038027696712,207.99862092234991,197.98745295576808,202.9700655330986,2.546326218453082
ssp245,paper_qm,B,2057,rsds,W m-2,equal weight across model-level China annual means,17,194.4496380233176,189.59866313597965,201.88398352691033,191.84306980043132,196.80668938870235,2.6639268359720174
ssp245,paper_qm,B,2057,sfcWind_10m,m s-1,equal weight across model-level China annual means,17,1.278522933520189,1.1278350354279523,1.3684183894408373,1.2006638681012078,1.350213668809926,0.06094855794123476
ssp245,paper_qm,B,2057,tas_c,degree_Celsius,equal weight across model-level China annual means,17,9.259954006561177,8.018276740110062,10.32997008094048,8.434634469166058,10.080898769564515,0.6515478200531066
ssp245,paper_qm,B,2057,wpd,W m-2,equal weight across model-level China annual means,17,28.9637378485002,24.359933389465354,33.17244461536277,25.431257644195533,31.678892797258186,2.406821537883812
ssp245,paper_qm,B,2058,pvpot,W m-2,equal weight across model-level China annual means,17,200.58766185542711,195.51314500410206,205.5649243940811,197.84617554097508,203.5991374973139,2.539504918401602
ssp245,paper_qm,B,2058,rsds,W m-2,equal weight across model-level China annual means,17,194.3125824037836,189.12444668398143,199.38540779719145,191.34310819645955,197.6753223047926,2.551791983073549
ssp245,paper_qm,B,2058,sfcWind_10m,m s-1,equal weight across model-level China annual means,17,1.30490087092625,1.0662769791549966,1.4166162663215693,1.2403872458487284,1.3719274526612733,0.0764158012839269
ssp245,paper_qm,B,2058,tas_c,degree_Celsius,equal weight across model-level China annual means,17,9.226016526596975,8.316144557323648,10.568921852091483,8.546302227549099,9.93520011305836,0.6181205833765301
ssp245,paper_qm,B,2058,wpd,W m-2,equal weight across model-level China annual means,17,29.45132470822113,21.074022997293664,33.58502772731263,26.647247765727286,32.92588736010961,2.9727892873969495
ssp245,paper_qm,B,2059,pvpot,W m-2,equal weight across model-level China annual means,17,200.30389203895004,195.79846158204361,209.15735418628557,197.36003864278473,204.00996672667227,3.1755215312823255
ssp245,paper_qm,B,2059,rsds,W m-2,equal weight across model-level China annual means,17,194.1397211492922,189.67129527685566,203.53387993826502,190.4621227090565,198.11697214840956,3.4583662233025323
ssp245,paper_qm,B,2059,sfcWind_10m,m s-1,equal weight across model-level China annual means,17,1.2717144495078245,1.0807199434808143,1.4243808185872904,1.1922362228505168,1.3532414836416287,0.08128619885918126
ssp245,paper_qm,B,2059,tas_c,degree_Celsius,equal weight across model-level China annual means,17,9.272984862212402,8.054996307137042,10.855705639424308,8.491095250404811,10.260651883373455,0.7097628367891662
ssp245,paper_qm,B,2059,wpd,W m-2,equal weight across model-level China annual means,17,28.323642340760436,20.957308438876094,35.03560949667267,24.17935921130404,32.350265412111646,3.4720253659469127
ssp245,paper_qm,B,2060,pvpot,W m-2,equal weight across model-level China annual means,17,199.54808826517342,195.21450183692153,204.8857842404794,196.9519618361191,202.97941847682614,2.4678999499127046
ssp245,paper_qm,B,2060,rsds,W m-2,equal weight across model-level China annual means,17,193.5080693141667,188.80072671981023,199.20474407749916,190.82682831927042,196.68622395099925,2.58406215630122
ssp245,paper_qm,B,2060,sfcWind_10m,m s-1,equal weight across model-level China annual means,17,1.2690857703408391,1.013260955995602,1.392746601520846,1.165906363771152,1.3649691740073542,0.09034503706765651
ssp245,paper_qm,B,2060,tas_c,degree_Celsius,equal weight across model-level China annual means,17,9.359314786581391,8.132493869643275,10.547400031867035,8.575043163820583,10.144801809096789,0.6475801226630784
ssp245,paper_qm,B,2060,wpd,W m-2,equal weight across model-level China annual means,17,28.146208554389258,17.917911785147552,35.5483742601931,24.22247341671656,32.54214293146419,3.9244344159912594
ssp245,paper_qm,B,2061,pvpot,W m-2,equal weight across model-level China annual means,17,200.48675850199683,196.27040719147624,207.7753369715916,196.75077890378245,204.3351379548711,3.1743647346525137
ssp245,paper_qm,B,2061,rsds,W m-2,equal weight across model-level China annual means,17,194.19728723403549,190.29392348824013,202.36063229792,190.64592187272314,198.41447945035665,3.3220062607889194
ssp245,paper_qm,B,2061,sfcWind_10m,m s-1,equal weight across model-level China annual means,17,1.3013903614566824,1.0886413913478419,1.4114755584141463,1.1717308566562858,1.399371133730577,0.08857463313264889
ssp245,paper_qm,B,2061,tas_c,degree_Celsius,equal weight across model-level China annual means,17,9.231181090111747,8.218110386195953,9.94536819335892,8.707070418302784,9.91671248849127,0.5219008609386494
ssp245,paper_qm,B,2061,wpd,W m-2,equal weight across model-level China annual means,17,30.185960767743115,21.892936108109097,35.48756732132606,24.598863120586035,35.180077739601025,3.930880122907536
ssp245,paper_qm,B,2062,pvpot,W m-2,equal weight across model-level China annual means,17,201.169148042329,196.5400195244399,206.4497770879941,197.71045113369863,205.39609704068133,3.006975515293574
ssp245,paper_qm,B,2062,rsds,W m-2,equal weight across model-level China annual means,17,195.14616216134533,190.76494962012978,201.180064381765,191.88358049016415,199.7181142975239,3.144065131791333
ssp245,paper_qm,B,2062,sfcWind_10m,m s-1,equal weight across model-level China annual means,17,1.290267594072038,1.0756055079045328,1.405016770083212,1.2200942014357952,1.3633322291877408,0.07383128858215678
ssp245,paper_qm,B,2062,tas_c,degree_Celsius,equal weight across model-level China annual means,17,9.444653068216006,8.678759900303499,10.461293749270157,8.947030446384229,10.078045314984672,0.46351685200806
ssp245,paper_qm,B,2062,wpd,W m-2,equal weight across model-level China annual means,17,29.209074743996027,20.142067131433794,32.2475037698413,26.755729539364907,31.762621410298653,2.80242435224269
ssp245,paper_qm,B,2063,pvpot,W m-2,equal weight across model-level China annual means,17,200.2177479960187,194.1151286143996,205.65269435454982,197.14991527456462,204.133485730754,2.9835865998676456
ssp245,paper_qm,B,2063,rsds,W m-2,equal weight across model-level China annual means,17,194.24339877585012,189.24617755497863,199.84914547967983,190.42140114175038,198.8060740991214,3.1282957667734923
ssp245,paper_qm,B,2063,sfcWind_10m,m s-1,equal weight across model-level China annual means,17,1.2763720237215401,1.0460610624895434,1.4207075932725965,1.2159315098306904,1.3485064310670152,0.07748325317448938
ssp245,paper_qm,B,2063,tas_c,degree_Celsius,equal weight across model-level China annual means,17,9.437563170606891,8.212158453562488,10.460801853464867,8.934175269416059,10.232326560086237,0.5573985986351012
ssp245,paper_qm,B,2063,wpd,W m-2,equal weight across model-level China annual means,17,28.34241150874359,21.056713143602064,33.25314708797232,26.018351415030864,31.99796413067272,2.7807693658933936
ssp245,paper_qm,B,2064,pvpot,W m-2,equal weight across model-level China annual means,17,199.52912898024405,192.6075455854755,206.9498618066732,196.0434489251331,204.35669105051554,3.6939114159740973
ssp245,paper_qm,B,2064,rsds,W m-2,equal weight across model-level China annual means,17,193.412137872077,187.38582749350087,201.79946523610647,189.7406565871102,197.99307897230634,3.7549248239574493
ssp245,paper_qm,B,2064,sfcWind_10m,m s-1,equal weight across model-level China annual means,17,1.2684387870979863,1.057101012109234,1.3875364695996861,1.1915174848980128,1.3548132539313333,0.07725932005045347
ssp245,paper_qm,B,2064,tas_c,degree_Celsius,equal weight across model-level China annual means,17,9.265514656413636,7.853583366413388,10.436848107584408,8.674323854569005,9.869841921918857,0.5923963777566683
ssp245,paper_qm,B,2064,wpd,W m-2,equal weight across model-level China annual means,17,28.39863200173592,23.014553227004132,34.05931245390977,24.590326959235856,32.698800457113556,3.167326241228821
ssp245,paper_qm,B,2065,pvpot,W m-2,equal weight across model-level China annual means,17,200.58622879590735,197.03643079750955,206.06726640087967,198.07746091026814,203.260248717267,2.3825871449132334
ssp245,paper_qm,B,2065,rsds,W m-2,equal weight across model-level China annual means,17,194.43845186593492,190.317016895129,200.80088887243997,191.56784368350168,197.31913479619897,2.560102262189893
ssp245,paper_qm,B,2065,sfcWind_10m,m s-1,equal weight across model-level China annual means,17,1.279678960076713,1.015865498636872,1.3825680487038854,1.2374402694795186,1.3571552641182945,0.08134060123140034
ssp245,paper_qm,B,2065,tas_c,degree_Celsius,equal weight across model-level China annual means,17,9.249035241482181,8.331804127745167,10.339275465886859,8.533041802164952,9.995180530454348,0.5997732642278105
ssp245,paper_qm,B,2065,wpd,W m-2,equal weight across model-level China annual means,17,28.949386217927156,18.865458541377098,33.58489393386521,25.63354899954762,31.9625380765923,3.415031126482794
ssp245,paper_qm,B,2066,pvpot,W m-2,equal weight across model-level China annual means,17,200.56349067230315,195.36216511945096,207.46005344228726,197.42464256173773,203.51271591289984,2.8693032241201877
ssp245,paper_qm,B,2066,rsds,W m-2,equal weight across model-level China annual means,17,194.50439488608552,190.44629601957593,201.8620800961644,191.33186811932822,197.18304643597156,2.8208266897192087
ssp245,paper_qm,B,2066,sfcWind_10m,m s-1,equal weight across model-level China annual means,17,1.27878095256492,1.0215796280856002,1.403756772324081,1.1857407542708303,1.3687444392561787,0.0865173571172466
ssp245,paper_qm,B,2066,tas_c,degree_Celsius,equal weight across model-level China annual means,17,9.38163977295024,8.425402358328055,10.804959096414455,8.930829509802738,10.17676392188435,0.5881469554320002
ssp245,paper_qm,B,2066,wpd,W m-2,equal weight across model-level China annual means,17,28.82205135667737,18.618741076596812,36.261664403597116,25.417111357217415,32.86620080264962,3.7681090530673735
ssp245,paper_qm,B,2067,pvpot,W m-2,equal weight across model-level China annual means,17,201.109624946729,195.89959072735846,207.25155792399354,197.96520081809237,204.96083466842703,3.0121073404889755
ssp245,paper_qm,B,2067,rsds,W m-2,equal weight across model-level China annual means,17,194.9979958928282,189.27492085350016,201.892748182765,192.28647200573556,199.1081710584443,3.1966158957813358
ssp245,paper_qm,B,2067,sfcWind_10m,m s-1,equal weight across model-level China annual means,17,1.2865354162763671,1.0115430703596195,1.4368070999779592,1.1177124252370447,1.3991096722550191,0.11224999098728117
ssp245,paper_qm,B,2067,tas_c,degree_Celsius,equal weight across model-level China annual means,17,9.332574985689634,8.504721948891591,10.452997510836328,8.820499003879505,9.930883858073022,0.47675341667431004
ssp245,paper_qm,B,2067,wpd,W m-2,equal weight across model-level China annual means,17,28.94524274301731,18.40770313712086,38.342305771074614,22.16947331578378,34.148065886889064,4.711070136909043
ssp245,paper_qm,B,2068,pvpot,W m-2,equal weight across model-level China annual means,17,199.4953595242577,193.82225581489692,204.6099144307709,195.350290105861,203.70785435780257,3.2089624163284385
ssp245,paper_qm,B,2068,rsds,W m-2,equal weight across model-level China annual means,17,193.60114478428994,187.34821587316853,199.5452658315584,189.9179358995842,197.96050537458882,3.319492782770909
ssp245,paper_qm,B,2068,sfcWind_10m,m s-1,equal weight across model-level China annual means,17,1.2952856320001358,1.022429834387637,1.4053290999036232,1.241323960205508,1.3702177641631004,0.08273608311983974
ssp245,paper_qm,B,2068,tas_c,degree_Celsius,equal weight across model-level China annual means,17,9.594042115891302,8.656019351098191,10.473159660102846,8.801676859758215,10.334337254885527,0.5948101307515151
ssp245,paper_qm,B,2068,wpd,W m-2,equal weight across model-level China annual means,17,29.351033825669408,18.156379295243312,33.18414560306683,26.37881607250271,32.048996305738115,3.4292950779601314
ssp245,paper_qm,B,2069,pvpot,W m-2,equal weight across model-level China annual means,17,200.37924804435923,194.61740103248363,207.17332991780032,195.10590085110948,204.8195461172221,3.819642235507459
ssp245,paper_qm,B,2069,rsds,W m-2,equal weight across model-level China annual means,17,194.58181758458682,187.81979984433917,201.57594904667255,189.229717439312,198.68296207381758,3.879338549519652
ssp245,paper_qm,B,2069,sfcWind_10m,m s-1,equal weight across model-level China annual means,17,1.2744250904532195,1.004927425812729,1.413276325752417,1.1529412853774648,1.3814918115595705,0.10271586806227377
ssp245,paper_qm,B,2069,tas_c,degree_Celsius,equal weight across model-level China annual means,17,9.670777552170927,8.615832303884675,10.68066261997249,9.079803677468217,10.3959610425959,0.5516773573576633
ssp245,paper_qm,B,2069,wpd,W m-2,equal weight across model-level China annual means,17,28.369744537559704,18.48069764483485,33.506827482926184,23.704173954487903,32.56635201493607,3.727161725330928
ssp245,paper_qm,B,2070,pvpot,W m-2,equal weight across model-level China annual means,17,200.91802791197597,194.63637793996466,205.68598662416295,196.49004746574295,204.83941562941027,3.11266817612207
ssp245,paper_qm,B,2070,rsds,W m-2,equal weight across model-level China annual means,17,194.98392520678118,188.76185561392958,200.46015470181376,191.07217623033964,198.96741767552683,3.0986701014961824
ssp245,paper_qm,B,2070,sfcWind_10m,m s-1,equal weight across model-level China annual means,17,1.2774788089504678,1.031301565553098,1.3944625536145205,1.1408936759311203,1.3767575397708567,0.09773530987961142
ssp245,paper_qm,B,2070,tas_c,degree_Celsius,equal weight across model-level China annual means,17,9.455144414766092,8.450307464024723,10.830179764506815,8.55009423120639,10.053467370103295,0.6382761872792961
ssp245,paper_qm,B,2070,wpd,W m-2,equal weight across model-level China annual means,17,28.58377651645486,19.412915257649313,32.92713045526076,23.018242615326546,32.05950233622339,3.617388849562549
ssp245,paper_qm,B,2071,pvpot,W m-2,equal weight across model-level China annual means,17,200.1897982117484,195.26180026815481,206.94627013536453,195.81357120381168,204.69035398072668,3.2901354340665563
ssp245,paper_qm,B,2071,rsds,W m-2,equal weight across model-level China annual means,17,194.3004322979137,188.5209303060315,201.65638288584705,189.88801817351109,199.43569857626312,3.5660218846267386
ssp245,paper_qm,B,2071,sfcWind_10m,m s-1,equal weight across model-level China annual means,17,1.2837109249015652,1.0672426546072928,1.459647877281168,1.1274644452070532,1.3916310867873556,0.10547413706807589
ssp245,paper_qm,B,2071,tas_c,degree_Celsius,equal weight across model-level China annual means,17,9.498114903699287,8.223977687704766,11.038923161932615,8.545605750459197,10.619670472893516,0.7736300958522422
ssp245,paper_qm,B,2071,wpd,W m-2,equal weight across model-level China annual means,17,28.81581404585573,20.935094395669594,37.891625416414094,22.72595939256561,33.980660482654805,4.457203207149904
ssp245,paper_qm,B,2072,pvpot,W m-2,equal weight across model-level China annual means,17,200.5093600763682,196.28313170567594,209.1314428785001,197.6258606371215,203.82678917651356,3.12823444339456
ssp245,paper_qm,B,2072,rsds,W m-2,equal weight across model-level China annual means,17,194.6649532188816,190.49684985943645,204.21002167367627,191.32396173462274,198.31269223989534,3.3346912926831154
ssp245,paper_qm,B,2072,sfcWind_10m,m s-1,equal weight across model-level China annual means,17,1.2836484074104657,1.0648857643196303,1.4028498394460431,1.1712192726200397,1.3657625223521515,0.08360340415232283
ssp245,paper_qm,B,2072,tas_c,degree_Celsius,equal weight across model-level China annual means,17,9.54468439227007,8.351908893260772,10.87206356027089,8.934821327751687,10.268696959830296,0.607290871219762
ssp245,paper_qm,B,2072,wpd,W m-2,equal weight across model-level China annual means,17,28.88205321434811,20.863277714485154,34.38728490930729,25.605830463494367,32.055242257500886,2.9855697410283253
ssp245,paper_qm,B,2073,pvpot,W m-2,equal weight across model-level China annual means,17,200.500841308337,194.7438970585654,206.8201201095171,197.8748629830777,203.84215560506502,2.8345773698577936
ssp245,paper_qm,B,2073,rsds,W m-2,equal weight across model-level China annual means,17,194.65554469947463,190.13531435989879,201.25112174950016,191.4826988838395,198.11294686997215,2.7653816162445173
ssp245,paper_qm,B,2073,sfcWind_10m,m s-1,equal weight across model-level China annual means,17,1.2660333801863415,1.0410235561442636,1.470897625845739,1.1733036241536703,1.38103797167819,0.09667035837204596
ssp245,paper_qm,B,2073,tas_c,degree_Celsius,equal weight across model-level China annual means,17,9.566629905349648,8.363390487435892,10.616372585045804,8.616110546359323,10.383554131673256,0.6637139278892389
ssp245,paper_qm,B,2073,wpd,W m-2,equal weight across model-level China annual means,17,28.112753952224875,19.455582996375682,35.88940174898173,24.038946341435093,32.17188431028991,3.6719414944151643
ssp245,paper_qm,B,2074,pvpot,W m-2,equal weight across model-level China annual means,17,201.30972716466525,196.81395780124012,206.97943023635813,197.76866978439102,205.39538459914783,2.9447217777793178
ssp245,paper_qm,B,2074,rsds,W m-2,equal weight across model-level China annual means,17,195.62153273717672,190.9327565970767,201.91659587912935,192.44029009243397,199.8579010676999,2.966203678913879
ssp245,paper_qm,B,2074,sfcWind_10m,m s-1,equal weight across model-level China annual means,17,1.2561183959023376,1.0161503029863062,1.4166190843987108,1.1463144336649627,1.3512037636819496,0.09280733059720324
ssp245,paper_qm,B,2074,tas_c,degree_Celsius,equal weight across model-level China annual means,17,9.708436007104519,8.833423564284777,11.106119066379149,8.933967011118435,10.502394985360729,0.5982958137264323
ssp245,paper_qm,B,2074,wpd,W m-2,equal weight across model-level China annual means,17,27.602656806544875,18.48984905108388,33.866440946402534,22.958322782855113,31.8895935566401,3.8246622492605646
ssp245,paper_qm,B,2075,pvpot,W m-2,equal weight across model-level China annual means,17,200.6933971821711,194.16023815161918,207.4775622964763,198.0479626439022,204.81803266260945,3.2617599012119443
ssp245,paper_qm,B,2075,rsds,W m-2,equal weight across model-level China annual means,17,195.06558524570386,187.85882175164247,202.8112458168603,192.29862077822577,199.34435672151835,3.4141915428360994
ssp245,paper_qm,B,2075,sfcWind_10m,m s-1,equal weight across model-level China annual means,17,1.2731108003468508,1.0273312627030855,1.4131716369533567,1.2076064223529286,1.3652893133641224,0.08572134703523665
ssp245,paper_qm,B,2075,tas_c,degree_Celsius,equal weight across model-level China annual means,17,9.833982064211272,8.92849561316129,11.228596452836866,9.031202245070704,10.827140515179606,0.6699631828137822
ssp245,paper_qm,B,2075,wpd,W m-2,equal weight across model-level China annual means,17,28.458544970328038,19.817051992008345,35.07821636716901,25.035949915713726,32.85134181052978,3.746953705514397
ssp245,paper_qm,B,2076,pvpot,W m-2,equal weight across model-level China annual means,17,200.2800831020388,196.37465617020482,206.5877018750158,197.49284259625603,202.8849445987658,2.5618654110736436
ssp245,paper_qm,B,2076,rsds,W m-2,equal weight across model-level China annual means,17,194.53100060020932,189.8675302462361,201.10106753341122,191.05288780861443,197.6480674021614,2.8192650721348183
ssp245,paper_qm,B,2076,sfcWind_10m,m s-1,equal weight across model-level China annual means,17,1.2755586479560301,1.0621748439799223,1.4037878233369963,1.19945817485688,1.3724604318926845,0.07588606814749234
ssp245,paper_qm,B,2076,tas_c,degree_Celsius,equal weight across model-level China annual means,17,9.661529059608023,8.360364716392189,11.045499180615872,8.858362357890497,10.517321270859311,0.7338776415450905
ssp245,paper_qm,B,2076,wpd,W m-2,equal weight across model-level China annual means,17,28.624208410171967,21.915432326800815,33.657475430076225,25.256975711286028,32.34093897738269,2.998177762404039
ssp245,paper_qm,B,2077,pvpot,W m-2,equal weight across model-level China annual means,17,200.75452175886002,196.1915620426356,206.74899649344468,197.19470369908973,205.5601003686697,3.172755744937113
ssp245,paper_qm,B,2077,rsds,W m-2,equal weight across model-level China annual means,17,195.1402115040826,191.14321571735763,201.32739213144893,191.8586607145292,199.85616862224327,3.1759609023202957
ssp245,paper_qm,B,2077,sfcWind_10m,m s-1,equal weight across model-level China annual means,17,1.2664830961424391,1.0973225158517705,1.386183107368546,1.1380895323151863,1.3562393720855777,0.09244866260902414
ssp245,paper_qm,B,2077,tas_c,degree_Celsius,equal weight across model-level China annual means,17,9.803729605866454,8.910031866242376,10.979707950389747,9.071782210594534,10.530414562972982,0.5779591687705681
ssp245,paper_qm,B,2077,wpd,W m-2,equal weight across model-level China annual means,17,28.2438601227825,22.317652103998352,34.074514100164095,23.34440290602633,32.62906801666298,3.7779367986919348
ssp245,paper_qm,B,2078,pvpot,W m-2,equal weight across model-level China annual means,17,201.22256658302285,196.707846472764,206.62943490043696,197.93149300278768,204.39673387636591,2.6625504756478424
ssp245,paper_qm,B,2078,rsds,W m-2,equal weight across model-level China annual means,17,195.54963788985657,190.73081692351698,201.7501212916486,192.2989743912516,199.30711066869017,2.8452306911726604
ssp245,paper_qm,B,2078,sfcWind_10m,m s-1,equal weight across model-level China annual means,17,1.2750588531666813,1.0685801839197009,1.3660979499887569,1.1737998399105825,1.3498271525097247,0.07536902050301142
ssp245,paper_qm,B,2078,tas_c,degree_Celsius,equal weight across model-level China annual means,17,9.74462237552664,8.77221448507641,10.922480667737664,9.223024297308912,10.444421298156627,0.5031904123366917
ssp245,paper_qm,B,2078,wpd,W m-2,equal weight across model-level China annual means,17,28.50194367058526,21.19281695217328,32.93851494092701,24.970229852814647,31.678646328205822,2.9833259793204996
ssp245,paper_qm,B,2079,pvpot,W m-2,equal weight across model-level China annual means,17,200.9136319678019,194.34726477331864,205.75729524094504,198.0285849179618,205.04757107762774,2.9813300731164523
ssp245,paper_qm,B,2079,rsds,W m-2,equal weight across model-level China annual means,17,195.24278526318292,187.78239006631213,201.25508095617354,192.19628412052123,199.67515572106507,3.340788136963534
ssp245,paper_qm,B,2079,sfcWind_10m,m s-1,equal weight across model-level China annual means,17,1.2863792229794873,1.0434462754083291,1.4547111940580468,1.175151105567352,1.425176144285612,0.10279887833602941
ssp245,paper_qm,B,2079,tas_c,degree_Celsius,equal weight across model-level China annual means,17,9.766456178907765,8.49556075601215,11.245065976699058,8.865907635959685,10.843133956769822,0.7971933309384094
ssp245,paper_qm,B,2079,wpd,W m-2,equal weight across model-level China annual means,17,28.80968787793107,19.557054063481484,35.161336597917575,23.52068025345787,33.748930830158635,4.349213301757285
ssp245,paper_qm,B,2080,pvpot,W m-2,equal weight across model-level China annual means,17,200.1292294837443,193.8173337412799,205.4396560038338,196.44794035489159,204.80314855389486,3.355295939496136
ssp245,paper_qm,B,2080,rsds,W m-2,equal weight across model-level China annual means,17,194.59682816048993,187.39412095543585,200.59727865053569,191.17429792638902,199.24218420262443,3.4005795770606038
ssp245,paper_qm,B,2080,sfcWind_10m,m s-1,equal weight across model-level China annual means,17,1.245126569865528,1.0690945513092178,1.3941806743121508,1.161497188578124,1.2987575874956023,0.07366934781361147
ssp245,paper_qm,B,2080,tas_c,degree_Celsius,equal weight across model-level China annual means,17,9.874545938178168,8.751405720932505,11.284154237447133,9.011285424709033,10.797520881833526,0.7067856559318472
ssp245,paper_qm,B,2080,wpd,W m-2,equal weight across model-level China annual means,17,27.390371348790044,21.409523166680618,33.390345635131844,23.784828784941457,29.16521505893831,2.6331087224505136
ssp245,paper_qm,B,2081,pvpot,W m-2,equal weight across model-level China annual means,17,200.64823559785438,194.88933966015563,208.6223777449651,197.05285488098414,205.74635379536258,3.85455216111796
ssp245,paper_qm,B,2081,rsds,W m-2,equal weight across model-level China annual means,17,195.07581449741826,190.4183257650269,203.74542634088266,190.9997831335769,200.63716165553487,3.913031667098382
ssp245,paper_qm,B,2081,sfcWind_10m,m s-1,equal weight across model-level China annual means,17,1.2742336681697026,1.0656176878511832,1.4226098853639544,1.190705326856884,1.3724645096945245,0.08008056816988157
ssp245,paper_qm,B,2081,tas_c,degree_Celsius,equal weight across model-level China annual means,17,9.869595436028362,8.681840870180293,11.303333899817796,8.94427176226456,10.928055010123455,0.7406826702443532
ssp245,paper_qm,B,2081,wpd,W m-2,equal weight across model-level China annual means,17,28.408568234946614,20.775586685018418,34.97436325082426,24.022134475719014,31.83360304638069,3.5432713572740253
ssp245,paper_qm,B,2082,pvpot,W m-2,equal weight across model-level China annual means,17,200.81208345916315,195.61329087991044,207.53864185649186,197.46960086525388,204.914841850678,3.0822302411889515
ssp245,paper_qm,B,2082,rsds,W m-2,equal weight across model-level China annual means,17,195.25391396120986,189.86233137257662,202.58670455532786,191.29096689538025,199.20103403633877,3.3057818634315437
ssp245,paper_qm,B,2082,sfcWind_10m,m s-1,equal weight across model-level China annual means,17,1.2753308457131016,1.0443892952509626,1.4225747002191305,1.2013338436297654,1.3623014038807126,0.08368133781410371
ssp245,paper_qm,B,2082,tas_c,degree_Celsius,equal weight across model-level China annual means,17,9.890499903562405,8.637546871839742,11.01685292475613,9.180961143392354,10.88112681194663,0.648929456417845
ssp245,paper_qm,B,2082,wpd,W m-2,equal weight across model-level China annual means,17,28.554370310012118,19.893005156263207,37.313722314842074,26.10235879637482,31.83457431613737,3.506411958980678
ssp245,paper_qm,B,2083,pvpot,W m-2,equal weight across model-level China annual means,17,200.6056496809676,194.81300687611042,206.36156085499326,196.81117594416,204.81563526331155,3.3367846490920834
ssp245,paper_qm,B,2083,rsds,W m-2,equal weight across model-level China annual means,17,195.06843748323013,189.22911420679543,201.51674086225182,191.12652822914174,199.23906562944504,3.457766432977176
ssp245,paper_qm,B,2083,sfcWind_10m,m s-1,equal weight across model-level China annual means,17,1.2589092378861184,1.062552529944882,1.359468159796758,1.1914789792615603,1.3103056755705431,0.06663751567768728
ssp245,paper_qm,B,2083,tas_c,degree_Celsius,equal weight across model-level China annual means,17,9.892205030528944,8.797544716793022,10.900097439010013,9.20193259522625,10.589275559374453,0.580303817158666
ssp245,paper_qm,B,2083,wpd,W m-2,equal weight across model-level China annual means,17,27.689522201137805,20.557667416493207,32.365025429300864,25.19432606299993,30.13779563616862,2.586950067484043
ssp245,paper_qm,B,2084,pvpot,W m-2,equal weight across model-level China annual means,17,200.96440113282617,196.87957485907705,208.08178864947183,197.19830646115912,206.34854254825714,3.4389977474462072
ssp245,paper_qm,B,2084,rsds,W m-2,equal weight across model-level China annual means,17,195.42873547641125,190.8655480925153,203.1007896361726,192.15695520155955,200.95142979429517,3.5055468706964525
ssp245,paper_qm,B,2084,sfcWind_10m,m s-1,equal weight across model-level China annual means,17,1.2763788123463404,1.0262769273078256,1.41174884100777,1.126182264810781,1.386823984251004,0.10576240110519335
ssp245,paper_qm,B,2084,tas_c,degree_Celsius,equal weight across model-level China annual means,17,9.869186373111804,8.458857995518784,10.79115065682153,8.850746618169438,10.69904344767388,0.737387860773946
ssp245,paper_qm,B,2084,wpd,W m-2,equal weight across model-level China annual means,17,28.623864194860168,21.014419756948502,33.23752246110043,22.33632417743967,31.967266346511106,3.5550041235253484
ssp245,paper_qm,B,2085,pvpot,W m-2,equal weight across model-level China annual means,17,201.6776699368684,197.45090027472972,207.6701367460081,198.4213326447938,205.82221704758646,3.062319691264363
ssp245,paper_qm,B,2085,rsds,W m-2,equal weight across model-level China annual means,17,196.2260660491464,191.10692172197227,202.21439202755155,192.4483598310004,200.45392183841753,3.2025378869757866
ssp245,paper_qm,B,2085,sfcWind_10m,m s-1,equal weight across model-level China annual means,17,1.2501727169222785,1.0112321983774926,1.3646997104513787,1.1685809430350804,1.3588621080876198,0.08767156976297598
ssp245,paper_qm,B,2085,tas_c,degree_Celsius,equal weight across model-level China annual means,17,9.868471198397526,8.661752094862148,11.480245569484188,9.00737538149103,10.829918248319197,0.77186582698678
ssp245,paper_qm,B,2085,wpd,W m-2,equal weight across model-level China annual means,17,27.78358604946107,18.960092039285193,32.65475480375961,24.972805985108042,31.66401356351696,3.4015351908248554
ssp245,paper_qm,B,2086,pvpot,W m-2,equal weight across model-level China annual means,17,201.16417834985236,196.5415557997854,208.173565002311,197.66758189018125,204.94286195282547,3.0784655308786237
ssp245,paper_qm,B,2086,rsds,W m-2,equal weight across model-level China annual means,17,195.60425299263687,190.1197263441146,203.3078716816095,192.39296048671324,199.5363157185814,3.2759673933989983
ssp245,paper_qm,B,2086,sfcWind_10m,m s-1,equal weight across model-level China annual means,17,1.2789289100751067,1.095724294796933,1.3642361166353538,1.1752800616766763,1.3544105144240979,0.07624205926264047
ssp245,paper_qm,B,2086,tas_c,degree_Celsius,equal weight across model-level China annual means,17,9.915115187477786,8.840607255777213,11.04960823150595,9.270286417735097,10.783353800009827,0.6002989753031391
ssp245,paper_qm,B,2086,wpd,W m-2,equal weight across model-level China annual means,17,28.571594537486686,21.87765491896054,33.72084270987609,25.108321735433833,32.1159322084279,2.967297004329593
ssp245,paper_qm,B,2087,pvpot,W m-2,equal weight across model-level China annual means,17,200.6209007383071,195.41529703219075,208.42519638700006,196.04963609376898,206.06974591500824,3.7992098777856396
ssp245,paper_qm,B,2087,rsds,W m-2,equal weight across model-level China annual means,17,195.09460834467086,189.85962332145291,203.49738849287644,191.1883931445479,200.57114316224383,3.815152480928774
ssp245,paper_qm,B,2087,sfcWind_10m,m s-1,equal weight across model-level China annual means,17,1.2542147108346926,1.0694609468348537,1.364850751209844,1.1247208690580652,1.3246802694311368,0.0795273254626668
ssp245,paper_qm,B,2087,tas_c,degree_Celsius,equal weight across model-level China annual means,17,9.908917153142463,9.000816547541687,11.397308068889467,9.079955380156921,10.573881397543783,0.6846321736341269
ssp245,paper_qm,B,2087,wpd,W m-2,equal weight across model-level China annual means,17,27.426531457685726,20.85391528558164,32.90479694900583,21.976502398660713,31.352492238112028,3.388515488401082
ssp245,paper_qm,B,2088,pvpot,W m-2,equal weight across model-level China annual means,17,200.5733657004256,195.01821906463692,207.60283930829692,196.87484106265052,204.80152180744187,3.3757347777566964
ssp245,paper_qm,B,2088,rsds,W m-2,equal weight across model-level China annual means,17,195.20232433180684,189.30125072348912,202.43658517156803,191.42543402282897,200.05883473347214,3.5050455854346376
ssp245,paper_qm,B,2088,sfcWind_10m,m s-1,equal weight across model-level China annual means,17,1.2687722710541374,1.1010782610780308,1.3626922220199182,1.1971938764807604,1.350515409245661,0.06874315872964025
ssp245,paper_qm,B,2088,tas_c,degree_Celsius,equal weight across model-level China annual means,17,10.015187423235323,9.111489858301523,11.337601414649649,9.17507483430157,10.850077028975006,0.6460625046956525
ssp245,paper_qm,B,2088,wpd,W m-2,equal weight across model-level China annual means,17,28.420934466166873,22.45354028186704,31.926518709611457,25.016129469625238,31.123780566132233,2.551089671000978
ssp245,paper_qm,B,2089,pvpot,W m-2,equal weight across model-level China annual means,17,200.9584051546433,192.3384857110174,210.92267381046312,196.57683292020886,206.19941072959773,4.275957785798891
ssp245,paper_qm,B,2089,rsds,W m-2,equal weight across model-level China annual means,17,195.46551902977183,186.17731487747838,206.15776231777957,191.97818089212433,201.22333129154094,4.409703247185215
ssp245,paper_qm,B,2089,sfcWind_10m,m s-1,equal weight across model-level China annual means,17,1.2608488273278373,1.058395032605581,1.3677503610175696,1.1229019698017428,1.3520489367130826,0.0888980675083916
ssp245,paper_qm,B,2089,tas_c,degree_Celsius,equal weight across model-level China annual means,17,9.877940087514434,8.430509801605378,11.247935771825075,9.041838950749334,10.730316807390466,0.7222537617687763
ssp245,paper_qm,B,2089,wpd,W m-2,equal weight across model-level China annual means,17,27.8740856077689,20.057770010335517,33.53789378281666,21.941599983130942,30.976261250900137,3.6265539943754446
ssp245,paper_qm,B,2090,pvpot,W m-2,equal weight across model-level China annual means,17,201.67401759888577,197.0444420166023,206.24633268766004,198.1950281532725,205.664622661884,2.85625989754928
ssp245,paper_qm,B,2090,rsds,W m-2,equal weight across model-level China annual means,17,196.29843761512657,191.08014223007706,200.88898735111596,192.79909024046373,200.05303947971382,2.9180362937630178
ssp245,paper_qm,B,2090,sfcWind_10m,m s-1,equal weight across model-level China annual means,17,1.267105926388505,1.1071350766288497,1.3962472966315875,1.1634051156129792,1.3581787295518268,0.08108799191885585
ssp245,paper_qm,B,2090,tas_c,degree_Celsius,equal weight across model-level China annual means,17,10.010527722941204,8.750851245049454,11.448367036812286,9.263211234258275,10.759990345286278,0.6712236309258829
ssp245,paper_qm,B,2090,wpd,W m-2,equal weight across model-level China annual means,17,28.35717519528418,22.15698003089992,33.399811055825076,24.567590404154434,31.902454376309755,2.8872369480581876
ssp245,paper_qm,B,2091,pvpot,W m-2,equal weight across model-level China annual means,17,200.86675100678053,195.98492997846247,208.62468960811006,197.30276136807421,204.6330392075512,3.0750909223889304
ssp245,paper_qm,B,2091,rsds,W m-2,equal weight across model-level China annual means,17,195.4955949591908,189.88638266275862,203.45077367377414,192.07704550773497,199.91625097059543,3.280481709253344
ssp245,paper_qm,B,2091,sfcWind_10m,m s-1,equal weight across model-level China annual means,17,1.2771559601718252,1.0587746812734369,1.4418915994082233,1.2102209777543902,1.3765982199816316,0.08584771135392706
ssp245,paper_qm,B,2091,tas_c,degree_Celsius,equal weight across model-level China annual means,17,10.012473229525522,8.66438543826293,11.103938964426492,9.232062478477873,10.786255874027004,0.721381934221104
ssp245,paper_qm,B,2091,wpd,W m-2,equal weight across model-level China annual means,17,28.77349858747627,21.298226403567117,33.86710529073428,25.7062095692114,32.1522349978854,2.9325458052778504
ssp245,paper_qm,B,2092,pvpot,W m-2,equal weight across model-level China annual means,17,202.0833325750175,196.36604210031587,209.95543101589342,198.1089701469642,205.22815915527903,3.1475848496255296
ssp245,paper_qm,B,2092,rsds,W m-2,equal weight across model-level China annual means,17,196.6467131447364,190.43115340750742,204.56442641486717,193.00633332844325,199.94764048190345,3.1735865860217882
ssp245,paper_qm,B,2092,sfcWind_10m,m s-1,equal weight across model-level China annual means,17,1.2649353169610524,1.0713941313638935,1.4198107225072192,1.1521725700864918,1.378187125278061,0.08768926034909248
ssp245,paper_qm,B,2092,tas_c,degree_Celsius,equal weight across model-level China annual means,17,9.925762685187081,8.50304187719008,11.330826729230155,9.200297842848823,10.811785729946285,0.6995618655375154
ssp245,paper_qm,B,2092,wpd,W m-2,equal weight across model-level China annual means,17,28.096010463115196,19.79168344646966,34.04491539534735,23.562052401881274,32.70598501724867,3.695314311902692
ssp245,paper_qm,B,2093,pvpot,W m-2,equal weight across model-level China annual means,17,201.3416048863884,196.84672675853622,206.44270547308938,198.17256945018786,205.14965710854574,2.873508291737648
ssp245,paper_qm,B,2093,rsds,W m-2,equal weight across model-level China annual means,17,196.06910223532603,190.57141238679776,201.20992292973247,192.759474115514,200.23532121300116,2.824652650387553
ssp245,paper_qm,B,2093,sfcWind_10m,m s-1,equal weight across model-level China annual means,17,1.2558505475772588,1.0404037404361066,1.383489560579936,1.1671649265939512,1.3429996238091817,0.07913823999353091
ssp245,paper_qm,B,2093,tas_c,degree_Celsius,equal weight across model-level China annual means,17,10.156018838527437,8.913691869434485,11.546810827854097,9.345140980340988,10.82280021005079,0.6976672560009878
ssp245,paper_qm,B,2093,wpd,W m-2,equal weight across model-level China annual means,17,27.763502377188004,19.809280501477353,33.2399442071037,25.11672978389111,30.34146526620638,2.868819734954882
ssp245,paper_qm,B,2094,pvpot,W m-2,equal weight across model-level China annual means,17,201.07664186223408,196.61764162592638,206.25290977721866,197.59968007863276,204.7506957505208,2.7187608452854675
ssp245,paper_qm,B,2094,rsds,W m-2,equal weight across model-level China annual means,17,195.75296203686605,191.54913553854365,201.88279576942386,191.9455574321213,199.26606576606426,2.825387954901739
ssp245,paper_qm,B,2094,sfcWind_10m,m s-1,equal weight across model-level China annual means,17,1.253194565053679,1.0792010158253238,1.397458702192349,1.1472896802011725,1.32689588276068,0.07734259659749008
ssp245,paper_qm,B,2094,tas_c,degree_Celsius,equal weight across model-level China annual means,17,10.049074691535948,9.100430398764475,11.16207685052838,9.207837401445765,10.861204168121667,0.6444771139705088
ssp245,paper_qm,B,2094,wpd,W m-2,equal weight across model-level China annual means,17,27.82871981277904,21.920078428564207,32.52746895132503,24.547462812277782,31.96404300573394,2.9242179055548028
ssp245,paper_qm,B,2095,pvpot,W m-2,equal weight across model-level China annual means,17,201.34703650462313,196.18828026178588,206.97577558806427,198.55103170666303,206.18047050690922,3.311846770986416
ssp245,paper_qm,B,2095,rsds,W m-2,equal weight across model-level China annual means,17,196.00397937502555,192.1102337030803,201.85190752874735,192.51485736887838,200.56971364940298,3.1737038872848204
ssp245,paper_qm,B,2095,sfcWind_10m,m s-1,equal weight across model-level China annual means,17,1.2612322065014505,1.0889278130531543,1.412082042637542,1.1497618219942127,1.36882927248845,0.09020925725277502
ssp245,paper_qm,B,2095,tas_c,degree_Celsius,equal weight across model-level China annual means,17,10.005749879345336,8.691098489344313,11.506637391717488,8.914507783145336,11.115455046253622,0.7994307218039598
ssp245,paper_qm,B,2095,wpd,W m-2,equal weight across model-level China annual means,17,28.391112032647502,22.07777641622717,35.492155298806935,24.3805485487349,33.00068072857137,3.613013743318172
ssp245,paper_qm,B,2096,pvpot,W m-2,equal weight across model-level China annual means,17,201.39262147369783,196.05068522862743,206.76351007197908,196.8227773244756,206.13016349435043,3.372235822793653
ssp245,paper_qm,B,2096,rsds,W m-2,equal weight across model-level China annual means,17,196.14085731487648,190.3759073921062,201.6791493000965,190.98935520063307,200.80726740469646,3.5081595671246624
ssp245,paper_qm,B,2096,sfcWind_10m,m s-1,equal weight across model-level China annual means,17,1.2671787912859138,1.0698278597950817,1.4658743277110353,1.1070078284057947,1.3655334005850506,0.10732475554628394
ssp245,paper_qm,B,2096,tas_c,degree_Celsius,equal weight across model-level China annual means,17,10.173821785951208,8.270974680152337,11.480832761125468,9.450480087882926,11.017911796732523,0.7655305808717556
ssp245,paper_qm,B,2096,wpd,W m-2,equal weight across model-level China annual means,17,28.46393165041188,21.402746002214283,39.18487745609745,22.339465030538843,32.34600850274208,4.505164723500297
ssp245,paper_qm,B,2097,pvpot,W m-2,equal weight across model-level China annual means,17,201.11821975156641,196.73623498397356,207.6948809924653,197.3247458077579,205.55069780510834,3.1170399455133424
ssp245,paper_qm,B,2097,rsds,W m-2,equal weight across model-level China annual means,17,195.71325736146613,190.82826944251926,203.16826935027566,192.10038752843704,199.805952287547,3.239340055270907
ssp245,paper_qm,B,2097,sfcWind_10m,m s-1,equal weight across model-level China annual means,17,1.2613107089174012,1.0711660315547766,1.4088990426963675,1.2025019414388285,1.3576506089466633,0.07785571135245119
ssp245,paper_qm,B,2097,tas_c,degree_Celsius,equal weight across model-level China annual means,17,10.044896276611947,8.70724764718658,11.44113911961054,9.02149953714749,10.977112650060882,0.7804628543007267
ssp245,paper_qm,B,2097,wpd,W m-2,equal weight across model-level China annual means,17,28.160213221762376,23.41756138673293,33.24632741380721,25.757488537316632,31.27356360739151,2.4488638241058447
ssp245,paper_qm,B,2098,pvpot,W m-2,equal weight across model-level China annual means,17,201.0054815374762,194.5370573104477,208.8198397097386,197.25914292713549,207.72756483507166,3.9635119073658727
ssp245,paper_qm,B,2098,rsds,W m-2,equal weight across model-level China annual means,17,195.6447248241774,188.50421041314095,204.3738231721115,191.80772689588747,201.89724662272417,4.070480957760454
ssp245,paper_qm,B,2098,sfcWind_10m,m s-1,equal weight across model-level China annual means,17,1.265952448684496,1.0445897170685448,1.3888107352574106,1.1817654668602842,1.3683058225595752,0.08320724904967486
ssp245,paper_qm,B,2098,tas_c,degree_Celsius,equal weight across model-level China annual means,17,10.069411509854353,9.256534227404298,11.439619039204572,9.410931135034474,10.745895574625585,0.6042520309026618
ssp245,paper_qm,B,2098,wpd,W m-2,equal weight across model-level China annual means,17,28.077757366277744,19.67015236345208,32.91096909442452,25.26297311191915,31.746868539290894,3.1257933942100697
ssp245,paper_qm,B,2099,pvpot,W m-2,equal weight across model-level China annual means,17,201.36705271816183,196.3356818251699,208.1303394136812,196.8041475322001,205.55262075731144,3.315683332480657
ssp245,paper_qm,B,2099,rsds,W m-2,equal weight across model-level China annual means,17,195.96419375324908,189.62879406988387,203.2823327724,192.09007188566557,200.3782764160885,3.409669028679623
ssp245,paper_qm,B,2099,sfcWind_10m,m s-1,equal weight across model-level China annual means,17,1.2637331292039333,1.0357268638154797,1.3946332559295405,1.1334737588385255,1.3808698662465337,0.09741176738736287
ssp245,paper_qm,B,2099,tas_c,degree_Celsius,equal weight across model-level China annual means,17,9.984543174073686,8.72190079752787,11.29751659212249,8.901818898188735,10.986797525796433,0.7900786733583177
ssp245,paper_qm,B,2099,wpd,W m-2,equal weight across model-level China annual means,17,28.432554349308077,20.512996827621567,35.16551056970136,22.256452420264807,33.10611324337269,3.8976871991540842
ssp245,paper_qm,B,2100,pvpot,W m-2,equal weight across model-level China annual means,17,201.82768448506766,196.31504365051475,206.84398519649014,197.417431039039,205.74494984815513,3.0645627576596035
ssp245,paper_qm,B,2100,rsds,W m-2,equal weight across model-level China annual means,17,196.42545103011489,189.72809655598596,202.31700270163677,191.89726546626227,200.56262493157902,3.475650488152196
ssp245,paper_qm,B,2100,sfcWind_10m,m s-1,equal weight across model-level China annual means,17,1.2692296611238727,1.0567689424827742,1.4237370100219338,1.1826156307568971,1.3926628100234746,0.08793460055941706
ssp245,paper_qm,B,2100,tas_c,degree_Celsius,equal weight across model-level China annual means,17,10.030310331013014,8.930680464204704,11.178000459775966,9.244741225511694,11.114980641627985,0.7094829864810311
ssp245,paper_qm,B,2100,wpd,W m-2,equal weight across model-level China annual means,17,28.69245356045576,19.749308987597114,34.533022023166005,26.17085820819103,32.03911810646186,3.2833175459856156
ssp585,optimized,D,2015,pvpot,W m-2,equal weight across model-level China annual means,17,199.22731077628984,191.97027503985615,203.12006200265773,196.35627734693426,201.57016488303668,2.6080581798455973
ssp585,optimized,D,2015,rsds,W m-2,equal weight across model-level China annual means,17,191.2240097303742,185.40027819104276,195.01962655184252,187.8053101347048,193.45981894106663,2.486151480913189
ssp585,optimized,D,2015,sfcWind_10m,m s-1,equal weight across model-level China annual means,17,1.3282154062303615,1.139153482664106,1.4456128329453877,1.2550137144541174,1.3999126786724125,0.07058016366627992
ssp585,optimized,D,2015,tas_c,degree_Celsius,equal weight across model-level China annual means,17,7.488260827389326,6.542033987108955,8.7884164944076,7.022469778955708,7.939208289431237,0.4859774400415711
ssp585,optimized,D,2015,wpd,W m-2,equal weight across model-level China annual means,17,30.268828941604557,20.4502866345106,36.33963469940162,26.037550616466415,34.74431675814637,3.910738091940433
ssp585,optimized,D,2016,pvpot,W m-2,equal weight across model-level China annual means,17,198.99939013879347,190.8499620118067,203.1980200095604,196.86915468346547,202.79224063266548,2.9544527276712693
ssp585,optimized,D,2016,rsds,W m-2,equal weight across model-level China annual means,17,191.06272627795133,183.81761986535437,195.33806044112114,188.3173355892195,194.98395207420432,2.9376870807601447
ssp585,optimized,D,2016,sfcWind_10m,m s-1,equal weight across model-level China annual means,17,1.3344799023634224,1.2529759989467248,1.4190366079133476,1.2788018619086559,1.37629126295784,0.041307551616107906
ssp585,optimized,D,2016,tas_c,degree_Celsius,equal weight across model-level China annual means,17,7.560710209561874,6.8128779370600485,8.442969817091681,6.984773285226146,8.160822842050653,0.4613230347225413
ssp585,optimized,D,2016,wpd,W m-2,equal weight across model-level China annual means,17,30.087619522146632,26.1749323470207,34.2751999682675,27.536364933760442,32.481632565371314,2.045514717746116
ssp585,optimized,D,2017,pvpot,W m-2,equal weight across model-level China annual means,17,198.71494518414917,191.83120294119647,202.8102216462148,196.64474576843833,201.6381626270506,2.491703461250623
ssp585,optimized,D,2017,rsds,W m-2,equal weight across model-level China annual means,17,190.79594272949035,184.80629742366133,195.16407129422313,188.30156784019195,193.83970842078,2.5526917075640236
ssp585,optimized,D,2017,sfcWind_10m,m s-1,equal weight across model-level China annual means,17,1.3419606460073403,1.1777585113834252,1.4717200100933983,1.2798873968533264,1.4277090387899827,0.070215642580784
ssp585,optimized,D,2017,tas_c,degree_Celsius,equal weight across model-level China annual means,17,7.6166460447013815,6.713323061934987,8.432864334306563,6.97358195359809,8.227107228622584,0.4753908150514116
ssp585,optimized,D,2017,wpd,W m-2,equal weight across model-level China annual means,17,30.409522488508696,23.11355617958262,36.476915828990684,27.16158701537751,35.10209847142037,3.370819195050349
ssp585,optimized,D,2018,pvpot,W m-2,equal weight across model-level China annual means,17,199.04837002023064,188.90038840818386,203.41028091158114,196.86741291534378,201.78139684171194,3.1225216276791974
ssp585,optimized,D,2018,rsds,W m-2,equal weight across model-level China annual means,17,191.10093654648216,182.24108794227584,195.15096560623996,188.24445819461417,194.0726182038051,2.934331607905584
ssp585,optimized,D,2018,sfcWind_10m,m s-1,equal weight across model-level China annual means,17,1.3428028679054382,1.2300205826024373,1.4165255940791048,1.3005422553052475,1.3923416584090138,0.0432231107686909
ssp585,optimized,D,2018,tas_c,degree_Celsius,equal weight across model-level China annual means,17,7.639815401286347,6.727533164979678,8.90629949456685,7.109920281062749,7.953812351071909,0.4499467691752174
ssp585,optimized,D,2018,wpd,W m-2,equal weight across model-level China annual means,17,30.075732524324103,23.76420366084469,34.337525339112354,27.64658213873001,32.71942403504108,2.433503714408833
ssp585,optimized,D,2019,pvpot,W m-2,equal weight across model-level China annual means,17,199.89921618138828,195.47440003482834,203.40721558452807,197.2033374709916,202.43036602696537,1.999600771688818
ssp585,optimized,D,2019,rsds,W m-2,equal weight across model-level China annual means,17,192.10241906824308,188.80330282313298,195.51749663249447,189.28454209488532,194.5844642042113,1.9020281136936767
ssp585,optimized,D,2019,sfcWind_10m,m s-1,equal weight across model-level China annual means,17,1.3544513093934891,1.20653409554352,1.4582603522359843,1.2982855771795492,1.4215590200579538,0.05785078587294698
ssp585,optimized,D,2019,tas_c,degree_Celsius,equal weight across model-level China annual means,17,7.68884769645219,7.0465344561821555,8.767851767585972,7.186088478199682,8.03802027384789,0.4119743657218921
ssp585,optimized,D,2019,wpd,W m-2,equal weight across model-level China annual means,17,31.393179137130126,24.641683369412146,36.678336710341554,27.56319861448799,35.013192019691914,3.2185840221436015
ssp585,optimized,D,2020,pvpot,W m-2,equal weight across model-level China annual means,17,200.20926766297788,195.83508742698146,205.65817372625352,196.36404732963385,202.22818752094466,2.403208531324136
ssp585,optimized,D,2020,rsds,W m-2,equal weight across model-level China annual means,17,192.447244105412,187.52409582630636,197.7301925087786,189.01836127611654,194.73695855868436,2.449653207912634
ssp585,optimized,D,2020,sfcWind_10m,m s-1,equal weight across model-level China annual means,17,1.3700597885403059,1.2839599127283194,1.437386098773333,1.307866695240146,1.4056290281101418,0.04366385051915825
ssp585,optimized,D,2020,tas_c,degree_Celsius,equal weight across model-level China annual means,17,7.777838764847407,6.907126311874784,8.804574275419268,7.156893968659983,8.276647282271243,0.47045950792376434
ssp585,optimized,D,2020,wpd,W m-2,equal weight across model-level China annual means,17,31.84218809945362,27.783266788523644,34.25458596241928,28.519434121445382,34.01350365022616,2.2521398501738603
ssp585,optimized,D,2021,pvpot,W m-2,equal weight across model-level China annual means,17,198.962179960313,187.74463007095468,202.25200027833202,196.5460697492818,201.20350163026612,3.242581298918874
ssp585,optimized,D,2021,rsds,W m-2,equal weight across model-level China annual means,17,191.17290485682565,181.64930997930608,195.17065679033612,188.25573677059967,193.55581795341644,3.0349490170442106
ssp585,optimized,D,2021,sfcWind_10m,m s-1,equal weight across model-level China annual means,17,1.356209887714298,1.2006934403820158,1.4400575865929355,1.3061813724809563,1.4185242694400644,0.05756839660947065
ssp585,optimized,D,2021,tas_c,degree_Celsius,equal weight across model-level China annual means,17,7.7207305236576795,6.825226545299484,9.222851084877602,7.085188174420467,8.285033228986114,0.5749760545019283
ssp585,optimized,D,2021,wpd,W m-2,equal weight across model-level China annual means,17,31.233974246429337,23.574020966513654,38.86586870347197,29.206293028999273,33.48218403283232,2.9363427588094373
ssp585,optimized,D,2022,pvpot,W m-2,equal weight across model-level China annual means,17,199.51321444553994,190.77316607568324,202.787338518896,197.52147214377712,201.38369600036214,2.6308349428665037
ssp585,optimized,D,2022,rsds,W m-2,equal weight across model-level China annual means,17,191.895080117585,184.35408312063143,195.17593225126745,189.96110434937495,194.18566547870174,2.4682909053981423
ssp585,optimized,D,2022,sfcWind_10m,m s-1,equal weight across model-level China annual means,17,1.339362731542123,1.2016577985564298,1.4572205417234443,1.2729393110457974,1.406290785941414,0.06050807519082953
ssp585,optimized,D,2022,tas_c,degree_Celsius,equal weight across model-level China annual means,17,7.85587301885033,6.603704463973261,8.817074490542975,7.208678197232699,8.327885892564852,0.5143025117078313
ssp585,optimized,D,2022,wpd,W m-2,equal weight across model-level China annual means,17,30.43380252838459,23.17747304453755,38.48760974329141,26.653792649539668,34.38204814510355,3.5648817969601874
ssp585,optimized,D,2023,pvpot,W m-2,equal weight across model-level China annual means,17,198.72514367368385,192.68730176478496,204.24740497755798,196.5243709972007,202.27549214445418,2.7497093439611224
ssp585,optimized,D,2023,rsds,W m-2,equal weight across model-level China annual means,17,190.96560283214302,186.7475016006505,196.51575018247456,187.84816602955607,194.497117878099,2.644200127686979
ssp585,optimized,D,2023,sfcWind_10m,m s-1,equal weight across model-level China annual means,17,1.3380091700012782,1.1961693720112014,1.4100748120005668,1.2627728094088984,1.4029804745528505,0.058466305373364474
ssp585,optimized,D,2023,tas_c,degree_Celsius,equal weight across model-level China annual means,17,7.76408909539313,6.6189515352631325,9.43792963690654,7.060930905362178,8.349356728732019,0.640704008972394
ssp585,optimized,D,2023,wpd,W m-2,equal weight across model-level China annual means,17,30.44637068797489,23.804751396256993,34.88212056589028,26.962616104104015,33.767001806324544,2.9890114237306107
ssp585,optimized,D,2024,pvpot,W m-2,equal weight across model-level China annual means,17,199.6662604496212,192.52947071126172,204.32327219503512,198.50477505872016,201.9444720211798,2.3225919861590287
ssp585,optimized,D,2024,rsds,W m-2,equal weight across model-level China annual means,17,192.1030142186521,186.82238756520448,196.7367598741541,190.65677448975973,194.8892123667076,2.162729854564962
ssp585,optimized,D,2024,sfcWind_10m,m s-1,equal weight across model-level China annual means,17,1.3371704041038324,1.182517547400364,1.4961022929802417,1.2642136186476198,1.3759349714741478,0.06293790016844605
ssp585,optimized,D,2024,tas_c,degree_Celsius,equal weight across model-level China annual means,17,7.896632192832701,6.963647702911181,9.544474330100508,7.094933678271895,8.528499687590232,0.6402850720350521
ssp585,optimized,D,2024,wpd,W m-2,equal weight across model-level China annual means,17,30.75431123688881,23.053655398178453,38.917213905989136,26.760249494423412,34.757229668833766,3.6371283699351618
ssp585,optimized,D,2025,pvpot,W m-2,equal weight across model-level China annual means,17,199.38146456854534,193.85193373402046,201.9567153845719,197.43650955501957,201.49584590224794,2.01075966559943
ssp585,optimized,D,2025,rsds,W m-2,equal weight across model-level China annual means,17,191.9202652342215,187.6540667424794,194.76509608251266,189.1974516487099,194.37507314923735,1.978901387155698
ssp585,optimized,D,2025,sfcWind_10m,m s-1,equal weight across model-level China annual means,17,1.3344901095925277,1.176642998133236,1.464044423021022,1.2672439831773623,1.407885372776115,0.06711853755419782
ssp585,optimized,D,2025,tas_c,degree_Celsius,equal weight across model-level China annual means,17,8.01717628863567,6.977454045858967,9.189086692977886,7.330236020521468,8.728894602542189,0.6051814226524689
ssp585,optimized,D,2025,wpd,W m-2,equal weight across model-level China annual means,17,30.16949438498781,22.770427701334796,38.970212947921645,25.882107256307062,34.390851007949294,3.9253466171759626
ssp585,optimized,D,2026,pvpot,W m-2,equal weight across model-level China annual means,17,199.4949182249408,196.13758285636368,203.32493336940163,196.98909315783084,202.35965393373618,2.045954642058172
ssp585,optimized,D,2026,rsds,W m-2,equal weight across model-level China annual means,17,192.04367538320105,188.41184943115877,196.3766763764406,189.58945887878616,195.0391383423227,2.16250116672393
ssp585,optimized,D,2026,sfcWind_10m,m s-1,equal weight across model-level China annual means,17,1.3303594950144941,1.1716959086562084,1.4219210462039829,1.2303295957323228,1.4097156965833868,0.07226790235496823
ssp585,optimized,D,2026,tas_c,degree_Celsius,equal weight across model-level China annual means,17,8.022409592812599,6.918517909478543,8.99349998448797,7.311587143554404,8.757744970444922,0.5580136170681151
ssp585,optimized,D,2026,wpd,W m-2,equal weight across model-level China annual means,17,30.319249949088697,23.426939008002844,38.1372503198543,25.39580410578796,35.128597052828404,4.102166912967106
ssp585,optimized,D,2027,pvpot,W m-2,equal weight across model-level China annual means,17,199.85989419098314,193.79653871923404,204.95770647505233,198.4416269739552,202.40974026131892,2.2678636427600987
ssp585,optimized,D,2027,rsds,W m-2,equal weight across model-level China annual means,17,192.47506147818274,187.48618703887925,197.74825849208648,190.56333986339033,195.40959147708753,2.286752222745366
ssp585,optimized,D,2027,sfcWind_10m,m s-1,equal weight across model-level China annual means,17,1.3382399804668685,1.225817446251292,1.4226788958429841,1.2769952445233215,1.404954630725995,0.051763770028857396
ssp585,optimized,D,2027,tas_c,degree_Celsius,equal weight across model-level China annual means,17,8.117305786027,7.342903012583754,9.093304967310845,7.485698476363343,8.649436676442498,0.4732648455838068
ssp585,optimized,D,2027,wpd,W m-2,equal weight across model-level China annual means,17,30.02182535117356,25.372477585446802,35.69651629381844,26.640465435274447,33.266565321721124,2.7675242599609158
ssp585,optimized,D,2028,pvpot,W m-2,equal weight across model-level China annual means,17,199.61415943150644,196.14791427979432,203.86550363315197,196.5072742237312,202.43217646447027,2.230838990248821
ssp585,optimized,D,2028,rsds,W m-2,equal weight across model-level China annual means,17,192.21131068242727,188.16619509777038,196.80560225151382,188.94461478706378,195.21450626501488,2.4386508463083105
ssp585,optimized,D,2028,sfcWind_10m,m s-1,equal weight across model-level China annual means,17,1.349855482117148,1.236840336396736,1.44810966759485,1.298802721313343,1.3910436955370484,0.04535754412711117
ssp585,optimized,D,2028,tas_c,degree_Celsius,equal weight across model-level China annual means,17,8.132516782287578,7.353901591079526,9.270704739757281,7.451358038578087,8.696335827120556,0.5206767650143997
ssp585,optimized,D,2028,wpd,W m-2,equal weight across model-level China annual means,17,30.838774276956496,25.2365140714026,39.57121013664428,28.102072132303487,32.81772459806159,2.916607716299664
ssp585,optimized,D,2029,pvpot,W m-2,equal weight across model-level China annual means,17,200.8156661663474,194.65027661692014,206.07181878927847,197.01165662410523,204.44347703428122,2.9863323313827346
ssp585,optimized,D,2029,rsds,W m-2,equal weight across model-level China annual means,17,193.56149852387603,188.37569080190005,198.4497284665323,189.55882852010302,197.20790368467837,2.968256221599928
ssp585,optimized,D,2029,sfcWind_10m,m s-1,equal weight across model-level China annual means,17,1.351241372646785,1.2339262264977031,1.4275068901883323,1.3134630971866652,1.391672281809481,0.042318242991840366
ssp585,optimized,D,2029,tas_c,degree_Celsius,equal weight across model-level China annual means,17,8.251817868448635,7.249320515881759,9.67569085719491,7.620032416652032,8.893729635735449,0.5824681563208959
ssp585,optimized,D,2029,wpd,W m-2,equal weight across model-level China annual means,17,30.84127191091505,24.2783198409404,36.14112467820329,28.430660070407516,33.708064529773495,2.599346393285193
ssp585,optimized,D,2030,pvpot,W m-2,equal weight across model-level China annual means,17,199.7437145390488,195.13333233319975,205.32618115239768,196.59300056285758,203.8822515379913,2.6939757814030987
ssp585,optimized,D,2030,rsds,W m-2,equal weight across model-level China annual means,17,192.3814598214271,187.99477450854252,197.9532867133536,189.47354690858435,196.87854121565388,2.743849115332288
ssp585,optimized,D,2030,sfcWind_10m,m s-1,equal weight across model-level China annual means,17,1.354397941416179,1.1811085761055757,1.4691942935892213,1.2829089659546642,1.434419583969575,0.07119729161229951
ssp585,optimized,D,2030,tas_c,degree_Celsius,equal weight across model-level China annual means,17,8.192752252058332,7.340129293325108,9.243021727417121,7.5422175549029165,8.871900097269878,0.5942857396453777
ssp585,optimized,D,2030,wpd,W m-2,equal weight across model-level China annual means,17,31.1058912609818,23.373923600440364,38.1836172363795,27.27257522217144,36.999390416262685,3.9219544639474133
ssp585,optimized,D,2031,pvpot,W m-2,equal weight across model-level China annual means,17,200.36850769193302,196.86751715418805,204.96045336614546,197.62147669314436,203.7588756090696,2.374896782908369
ssp585,optimized,D,2031,rsds,W m-2,equal weight across model-level China annual means,17,193.18934159560268,189.44328043025203,197.67305043342807,190.35458205999643,196.6142193884956,2.3144588741837118
ssp585,optimized,D,2031,sfcWind_10m,m s-1,equal weight across model-level China annual means,17,1.3226484426471838,1.1786835340311683,1.4280302701748473,1.274577053992807,1.3790467076982658,0.05365766478857687
ssp585,optimized,D,2031,tas_c,degree_Celsius,equal weight across model-level China annual means,17,8.348255666126814,7.511581259694964,10.340733795445447,7.747485085174998,8.813931173164688,0.6195507585363682
ssp585,optimized,D,2031,wpd,W m-2,equal weight across model-level China annual means,17,29.44775040934641,22.46638246934013,36.65126105428603,26.335072165105487,32.23106773198189,2.943097408281497
ssp585,optimized,D,2032,pvpot,W m-2,equal weight across model-level China annual means,17,200.317757585844,196.21142238307712,203.5931735961759,197.47416133447425,203.23836915759748,2.127184041955174
ssp585,optimized,D,2032,rsds,W m-2,equal weight across model-level China annual means,17,193.22882557398003,190.00843643097105,197.31951151913788,190.30800160782073,196.14153483217734,2.1626227146264054
ssp585,optimized,D,2032,sfcWind_10m,m s-1,equal weight across model-level China annual means,17,1.312053464023044,1.1611221607561675,1.3938996722167225,1.2396778390740357,1.3816164368285997,0.061343575923463664
ssp585,optimized,D,2032,tas_c,degree_Celsius,equal weight across model-level China annual means,17,8.384094203382645,7.469493146062359,9.973054027346784,7.887630715449414,9.249282320384943,0.6293769511853595
ssp585,optimized,D,2032,wpd,W m-2,equal weight across model-level China annual means,17,29.21357793387824,22.05733181063252,34.37506051141345,26.24559607741901,32.95225191270559,2.847447339716205
ssp585,optimized,D,2033,pvpot,W m-2,equal weight across model-level China annual means,17,200.2673993954435,196.3511834980886,205.77610703850746,197.23329704544025,202.82912172639615,2.3081080391712394
ssp585,optimized,D,2033,rsds,W m-2,equal weight across model-level China annual means,17,193.18726749125574,188.6533108977601,198.6830413994912,190.4027424873618,195.76373306200463,2.406901036145915
ssp585,optimized,D,2033,sfcWind_10m,m s-1,equal weight across model-level China annual means,17,1.337407525389498,1.2493172876172995,1.415259025546442,1.2649501155167462,1.3982123834291478,0.04838819906679624
ssp585,optimized,D,2033,tas_c,degree_Celsius,equal weight across model-level China annual means,17,8.443524338897745,7.718714791018985,9.813734057604579,7.794204269104033,9.183935517807555,0.5775802706263485
ssp585,optimized,D,2033,wpd,W m-2,equal weight across model-level China annual means,17,30.277837601223958,26.07259108044848,35.29052862692521,27.242954740096575,32.65303637706322,2.4635259026777225
ssp585,optimized,D,2034,pvpot,W m-2,equal weight across model-level China annual means,17,199.48937647890583,191.06158994058532,203.23883980907047,197.2103328473252,202.0067872681194,2.7298562257760794
ssp585,optimized,D,2034,rsds,W m-2,equal weight across model-level China annual means,17,192.30441071649463,185.16834337200137,196.37443949693798,189.77082618822513,194.9380262316062,2.5496607513227785
ssp585,optimized,D,2034,sfcWind_10m,m s-1,equal weight across model-level China annual means,17,1.3497827247067753,1.2519857000197858,1.4174144137209774,1.296111806650468,1.405186503853576,0.04255213078370766
ssp585,optimized,D,2034,tas_c,degree_Celsius,equal weight across model-level China annual means,17,8.335789548032928,7.201262649983671,9.895118145912223,7.760411134938234,9.141356347636602,0.637294857090101
ssp585,optimized,D,2034,wpd,W m-2,equal weight across model-level China annual means,17,30.999004333026885,25.70419053575735,34.92224789322959,27.43338026682075,33.857212682578435,2.4078696829292516
ssp585,optimized,D,2035,pvpot,W m-2,equal weight across model-level China annual means,17,199.6801831761952,195.7178949511534,202.9051609378843,197.0166312456349,201.76269928166886,2.117862797249638
ssp585,optimized,D,2035,rsds,W m-2,equal weight across model-level China annual means,17,192.58543742727687,188.2888523087904,196.1091233029282,189.56586012984909,195.02540029921548,2.1492223619886315
ssp585,optimized,D,2035,sfcWind_10m,m s-1,equal weight across model-level China annual means,17,1.317603010985969,1.1593615916040398,1.404807137118949,1.2631693517624283,1.3736677350782456,0.0545901954588054
ssp585,optimized,D,2035,tas_c,degree_Celsius,equal weight across model-level China annual means,17,8.412170658958932,7.5819395238587175,9.654523105950888,7.673566470477591,9.273297088795312,0.6111473457612764
ssp585,optimized,D,2035,wpd,W m-2,equal weight across model-level China annual means,17,29.685591257856373,22.103786073825358,34.18201876416763,27.05421058007893,33.22404892677011,2.8220097419323484
ssp585,optimized,D,2036,pvpot,W m-2,equal weight across model-level China annual means,17,200.2967454734728,196.81925371046364,204.38340965852657,197.6985672441731,203.50191420232127,2.172446946541685
ssp585,optimized,D,2036,rsds,W m-2,equal weight across model-level China annual means,17,193.33237839978597,189.11821642028318,197.41142322068222,190.5023092711479,196.69662361784938,2.3471525415751664
ssp585,optimized,D,2036,sfcWind_10m,m s-1,equal weight across model-level China annual means,17,1.307708209647539,1.2278943058853995,1.3773401897520257,1.2559479086966547,1.361425808813882,0.03946559011227541
ssp585,optimized,D,2036,tas_c,degree_Celsius,equal weight across model-level China annual means,17,8.486974858708036,7.661348370020803,10.00696989368239,7.693095551893284,9.033367786926336,0.5942648805645149
ssp585,optimized,D,2036,wpd,W m-2,equal weight across model-level China annual means,17,28.971813664322863,24.52700446201341,32.377568984805855,27.321343638617805,31.94893036762998,1.8798894324952802
ssp585,optimized,D,2037,pvpot,W m-2,equal weight across model-level China annual means,17,200.14895313758947,194.77801165919433,208.1002677975996,197.05033507859414,202.32274010270322,2.808040701900566
ssp585,optimized,D,2037,rsds,W m-2,equal weight across model-level China annual means,17,193.4906021957784,189.57479163170396,201.86282389582655,190.04312814464333,196.1702862045569,2.8990540744234368
ssp585,optimized,D,2037,sfcWind_10m,m s-1,equal weight across model-level China annual means,17,1.3329821194405536,1.233932039487426,1.3861118530691756,1.287738010795668,1.3723910848740402,0.03961723836244429
ssp585,optimized,D,2037,tas_c,degree_Celsius,equal weight across model-level China annual means,17,8.811936270654508,7.778738162737228,10.39879400416565,7.932923383544317,9.582103422409856,0.7071908569881049
ssp585,optimized,D,2037,wpd,W m-2,equal weight across model-level China annual means,17,29.96231490156728,24.924095039499377,34.36164778849773,26.56520961446839,33.342880133660515,2.596079649981938
ssp585,optimized,D,2038,pvpot,W m-2,equal weight across model-level China annual means,17,199.01806929618823,189.03123179100217,205.8855207350131,196.94485867213962,202.09639846026928,3.4539680014949075
ssp585,optimized,D,2038,rsds,W m-2,equal weight across model-level China annual means,17,192.3104516089508,184.01228222602234,200.0776211521188,189.57129534472998,195.65301179345002,3.4305630126283906
ssp585,optimized,D,2038,sfcWind_10m,m s-1,equal weight across model-level China annual means,17,1.332298625928682,1.2447480638008965,1.4493089281029834,1.2683563788244743,1.4349210293019277,0.059746539174556426
ssp585,optimized,D,2038,tas_c,degree_Celsius,equal weight across model-level China annual means,17,8.802035354451576,8.245890891383814,10.407645004771231,8.28513782385305,9.429881862263876,0.5658306980502726
ssp585,optimized,D,2038,wpd,W m-2,equal weight across model-level China annual means,17,30.237680774610755,26.038875285578143,33.5316581839347,26.577913406387363,33.06128498272826,2.2404822367175448
ssp585,optimized,D,2039,pvpot,W m-2,equal weight across model-level China annual means,17,199.7177575157191,196.424980482049,203.76300122014655,197.91614949766404,201.8883869787556,1.8008140154000878
ssp585,optimized,D,2039,rsds,W m-2,equal weight across model-level China annual means,17,192.95854432288002,190.21679554959792,196.99697479762574,191.49365783177174,195.4831980186941,1.7210290000571298
ssp585,optimized,D,2039,sfcWind_10m,m s-1,equal weight across model-level China annual means,17,1.325041593775729,1.2005775266412433,1.4243208632967532,1.2711454509147186,1.379911036127604,0.05377668089262343
ssp585,optimized,D,2039,tas_c,degree_Celsius,equal weight across model-level China annual means,17,8.75006111332102,7.68770298142953,10.357109465888842,8.131608546160217,9.354114751261141,0.5995388079266449
ssp585,optimized,D,2039,wpd,W m-2,equal weight across model-level China annual means,17,29.6198631849153,24.416263819615068,33.36304868636876,26.851468009013754,32.899178162793326,2.57156427170262
ssp585,optimized,D,2040,pvpot,W m-2,equal weight across model-level China annual means,17,199.75893344614772,194.58685918950982,203.7792303576292,196.9680286337643,202.94147311177213,2.539627989953168
ssp585,optimized,D,2040,rsds,W m-2,equal weight across model-level China annual means,17,193.15964259028672,188.18056023426777,197.75924872735789,189.35973917799024,196.59345187961523,2.728817521571188
ssp585,optimized,D,2040,sfcWind_10m,m s-1,equal weight across model-level China annual means,17,1.318644468974713,1.266471571695746,1.4500787090444305,1.2714242320621512,1.3720268237400415,0.04628843815584513
ssp585,optimized,D,2040,tas_c,degree_Celsius,equal weight across model-level China annual means,17,8.883932419034192,7.537975935396928,10.41518744900565,8.1908127101705,9.522924954790545,0.6324045205043485
ssp585,optimized,D,2040,wpd,W m-2,equal weight across model-level China annual means,17,29.594761173348285,26.571752559218364,34.66512469223273,26.763077215457812,33.56644519384661,2.706242793130077
ssp585,optimized,D,2041,pvpot,W m-2,equal weight across model-level China annual means,17,199.51071143902965,195.72418187295656,204.29607123578873,196.7514311958835,201.73145375332317,2.1804285970780732
ssp585,optimized,D,2041,rsds,W m-2,equal weight across model-level China annual means,17,192.80794098217686,189.00798607543973,198.22355937477838,190.2767942820068,195.62070679078096,2.341894708261294
ssp585,optimized,D,2041,sfcWind_10m,m s-1,equal weight across model-level China annual means,17,1.3251291822146363,1.2157167846434243,1.4150657733159822,1.2692480686592593,1.4025443986815525,0.05455535473954048
ssp585,optimized,D,2041,tas_c,degree_Celsius,equal weight across model-level China annual means,17,8.850824580660555,7.810098253633586,10.819365460195627,8.09318777670466,9.518209565728746,0.7242440518864132
ssp585,optimized,D,2041,wpd,W m-2,equal weight across model-level China annual means,17,29.945030396177085,24.331951992937068,36.11518732060554,26.710016832647323,34.79176958899293,3.219399854153641
ssp585,optimized,D,2042,pvpot,W m-2,equal weight across model-level China annual means,17,199.17153016299068,193.52492365674254,202.62738924424752,196.25690509494612,201.40727850840136,2.4519654887671862
ssp585,optimized,D,2042,rsds,W m-2,equal weight across model-level China annual means,17,192.495691813251,188.10565942660298,195.4552344114562,189.31214749657337,195.08109438281278,2.386489194317443
ssp585,optimized,D,2042,sfcWind_10m,m s-1,equal weight across model-level China annual means,17,1.3292967908134066,1.1425495607824734,1.4417016348007188,1.2536655245996167,1.4150293255635857,0.07343048249510646
ssp585,optimized,D,2042,tas_c,degree_Celsius,equal weight across model-level China annual means,17,8.878141876400445,8.089250284139633,10.411113510081,8.18478128456885,9.528048235019353,0.5920077554137472
ssp585,optimized,D,2042,wpd,W m-2,equal weight across model-level China annual means,17,29.976429979257592,21.27166099780664,35.91691432148233,26.07170703483878,33.747191631075395,3.472494503850185
ssp585,optimized,D,2043,pvpot,W m-2,equal weight across model-level China annual means,17,200.36386233534515,196.40490466828078,207.13277707488882,197.68264119574698,203.61357329619088,2.7000346631092573
ssp585,optimized,D,2043,rsds,W m-2,equal weight across model-level China annual means,17,193.85750902432966,188.92782405345704,200.89149816985778,190.79863005198877,197.54211162299475,3.036538693137755
ssp585,optimized,D,2043,sfcWind_10m,m s-1,equal weight across model-level China annual means,17,1.3315126585300952,1.2042348570217107,1.4419228293946171,1.2512840034882406,1.3821264766598804,0.057801310911996404
ssp585,optimized,D,2043,tas_c,degree_Celsius,equal weight across model-level China annual means,17,9.031167895811004,7.77977577342483,10.995857556291432,8.055072164572623,9.721283525425534,0.7834529666688013
ssp585,optimized,D,2043,wpd,W m-2,equal weight across model-level China annual means,17,29.58924914372178,22.777475713652866,35.975046693542915,25.502758944645134,32.92835459887211,3.2529692471495797
ssp585,optimized,D,2044,pvpot,W m-2,equal weight across model-level China annual means,17,199.42598376074724,196.82117115292843,204.1020710916164,197.1160172727925,202.59662279943228,2.204536498638324
ssp585,optimized,D,2044,rsds,W m-2,equal weight across model-level China annual means,17,193.04202703772523,189.725819385097,198.35785191080458,190.02878983659923,196.65449512139602,2.556874909193244
ssp585,optimized,D,2044,sfcWind_10m,m s-1,equal weight across model-level China annual means,17,1.3295363844852417,1.1746292435766723,1.4093693906123683,1.2667695337875278,1.3838942569696213,0.057456161630007205
ssp585,optimized,D,2044,tas_c,degree_Celsius,equal weight across model-level China annual means,17,9.189225339179677,8.017764040779346,11.19515773722076,8.528195448719806,9.842615308344923,0.7108850351007504
ssp585,optimized,D,2044,wpd,W m-2,equal weight across model-level China annual means,17,30.051162344617094,23.84179245292738,34.42731447988862,26.09312687532434,33.456583478019816,2.7878807756890267
ssp585,optimized,D,2045,pvpot,W m-2,equal weight across model-level China annual means,17,199.40139500482667,194.32203181289526,205.24461986866913,196.62692968977788,203.05204657776724,2.7098410893892293
ssp585,optimized,D,2045,rsds,W m-2,equal weight across model-level China annual means,17,193.10896490823112,187.5387983067893,199.301843531505,190.6247419386652,196.7088743723223,2.7948895974887438
ssp585,optimized,D,2045,sfcWind_10m,m s-1,equal weight across model-level China annual means,17,1.3161103135303922,1.203052710746917,1.382339508834577,1.2594568752736022,1.3688944749590841,0.04701594222419991
ssp585,optimized,D,2045,tas_c,degree_Celsius,equal weight across model-level China annual means,17,9.27231148280998,8.061851046322579,11.263617451432218,8.70197882797864,9.771260569061855,0.6601993945094431
ssp585,optimized,D,2045,wpd,W m-2,equal weight across model-level China annual means,17,29.614777374665515,24.048764335170485,32.6860800807417,27.060643063546813,31.956475095307386,2.2769431451737927
ssp585,optimized,D,2046,pvpot,W m-2,equal weight across model-level China annual means,17,198.83941774590497,194.51490279393389,205.382582751616,195.89799666075479,201.71049772460654,2.700143909205015
ssp585,optimized,D,2046,rsds,W m-2,equal weight across model-level China annual means,17,192.50647679454116,188.35140331794696,199.59159331977608,189.463983432889,195.57840107963258,2.9235245228574067
ssp585,optimized,D,2046,sfcWind_10m,m s-1,equal weight across model-level China annual means,17,1.3318830154790626,1.2317968740431544,1.432020502828106,1.257267931892337,1.3685348819919998,0.04829329948148914
ssp585,optimized,D,2046,tas_c,degree_Celsius,equal weight across model-level China annual means,17,9.182382289314102,8.356659452740427,10.96432584882802,8.4755086171883,9.869476952275333,0.6575239264525334
ssp585,optimized,D,2046,wpd,W m-2,equal weight across model-level China annual means,17,30.481876547887925,25.22500405777481,34.554413694711506,27.50202151027989,33.928196848633846,2.5310410439435547
ssp585,optimized,D,2047,pvpot,W m-2,equal weight across model-level China annual means,17,199.79149054458668,195.69987854078946,205.0433936762366,196.10493541701135,202.3745707696318,2.4652672202804546
ssp585,optimized,D,2047,rsds,W m-2,equal weight across model-level China annual means,17,193.41639152941468,189.13730264682832,199.10559996717726,190.4958506439751,196.0701621098728,2.477180267804338
ssp585,optimized,D,2047,sfcWind_10m,m s-1,equal weight across model-level China annual means,17,1.3433147979905011,1.1885821273826636,1.4438893570737934,1.283798630616246,1.4006918020924726,0.059515267206189514
ssp585,optimized,D,2047,tas_c,degree_Celsius,equal weight across model-level China annual means,17,9.107357380372807,7.864861692219147,11.6529920210218,8.045850509386808,9.653513025623356,0.8313033010941375
ssp585,optimized,D,2047,wpd,W m-2,equal weight across model-level China annual means,17,30.81258664171885,23.09757528113614,35.86940480909548,27.51160377135099,34.624547312022436,3.1963178467802793
ssp585,optimized,D,2048,pvpot,W m-2,equal weight across model-level China annual means,17,199.4723540034689,189.93793462557244,202.38453672450586,196.7415980555517,202.21650390661654,2.9222068360444666
ssp585,optimized,D,2048,rsds,W m-2,equal weight across model-level China annual means,17,193.31247256623982,186.07930542641392,196.5402824875174,190.71158990271095,195.67905821161523,2.4936323465561268
ssp585,optimized,D,2048,sfcWind_10m,m s-1,equal weight across model-level China annual means,17,1.3437418686722538,1.1624092694896881,1.458976327535031,1.2537729361591128,1.4447652855505497,0.07554450817045148
ssp585,optimized,D,2048,tas_c,degree_Celsius,equal weight across model-level China annual means,17,9.404959158711414,8.099709419589107,11.847901521880182,8.549101592251354,9.85232541965251,0.7971046748821419
ssp585,optimized,D,2048,wpd,W m-2,equal weight across model-level China annual means,17,30.219948605961985,22.1888365295866,36.98212211473299,26.271149363623852,34.24969526993968,3.4804939070102394
ssp585,optimized,D,2049,pvpot,W m-2,equal weight across model-level China annual means,17,199.47362270187026,195.3119451564518,206.45582638334528,195.8499488713226,202.2474670780058,2.825584811666752
ssp585,optimized,D,2049,rsds,W m-2,equal weight across model-level China annual means,17,193.52269500960637,188.80690722269193,200.9596472905324,189.5384743426796,196.26583281668516,3.057206623054127
ssp585,optimized,D,2049,sfcWind_10m,m s-1,equal weight across model-level China annual means,17,1.3201791492508281,1.1753571402983003,1.4141734281197689,1.2437950938033302,1.3857048366823574,0.06327154012383919
ssp585,optimized,D,2049,tas_c,degree_Celsius,equal weight across model-level China annual means,17,9.527779254173323,8.320202167604934,10.711723445829596,8.731731728380629,10.31650740001804,0.6313106859848756
ssp585,optimized,D,2049,wpd,W m-2,equal weight across model-level China annual means,17,29.342994733273194,22.450584243092276,33.84598671367838,25.37554530373457,33.30196845002216,3.2820899663666276
ssp585,optimized,D,2050,pvpot,W m-2,equal weight across model-level China annual means,17,199.74781942070834,195.11930627823014,204.92708893925388,196.9772271665389,204.23227551533077,2.6637631245768816
ssp585,optimized,D,2050,rsds,W m-2,equal weight across model-level China annual means,17,193.7748650193951,188.89168023460584,199.2894897342907,190.54746130264712,198.75721198224076,2.8605246980178145
ssp585,optimized,D,2050,sfcWind_10m,m s-1,equal weight across model-level China annual means,17,1.3235664105681928,1.2319591715544265,1.4031877015409453,1.265288227606863,1.3744985198063013,0.04503701702699756
ssp585,optimized,D,2050,tas_c,degree_Celsius,equal weight across model-level China annual means,17,9.555984219581816,8.263232872829695,11.59514861582008,8.823461316142378,10.25173801049152,0.7450497868475958
ssp585,optimized,D,2050,wpd,W m-2,equal weight across model-level China annual means,17,29.851119716343305,26.704505924682085,34.283393998368574,27.057598392683644,32.71384158600689,2.2960117560184052
ssp585,optimized,D,2051,pvpot,W m-2,equal weight across model-level China annual means,17,200.01710115706828,196.3558346259446,207.71092692459987,197.15587332711934,203.69721542263073,3.0073659333107416
ssp585,optimized,D,2051,rsds,W m-2,equal weight across model-level China annual means,17,193.9336051404691,190.12524192147683,202.76355152687643,190.44639970619872,197.88327990127775,3.2807931487703255
ssp585,optimized,D,2051,sfcWind_10m,m s-1,equal weight across model-level China annual means,17,1.3393678820363812,1.2549232985838594,1.4326120639775193,1.279078319059917,1.4080769992028717,0.04911313022758854
ssp585,optimized,D,2051,tas_c,degree_Celsius,equal weight across model-level China annual means,17,9.444647375978102,7.968515435086139,11.101113784618073,8.663424646143978,10.196686006838972,0.7179873416829801
ssp585,optimized,D,2051,wpd,W m-2,equal weight across model-level China annual means,17,30.75079397702704,24.993393661169197,35.0935379924434,26.498765816601843,34.68050367950455,3.00578964345147
ssp585,optimized,D,2052,pvpot,W m-2,equal weight across model-level China annual means,17,199.33541563925743,193.48286659063896,204.18334205858162,195.63886795945015,203.14202410317017,3.099833042742088
ssp585,optimized,D,2052,rsds,W m-2,equal weight across model-level China annual means,17,193.48234794736678,187.97564937383572,198.92425745326025,189.25418451074952,196.97154924261127,3.121020211484263
ssp585,optimized,D,2052,sfcWind_10m,m s-1,equal weight across model-level China annual means,17,1.3139255486157482,1.2013844918094634,1.3847218822344318,1.2824779122855616,1.3728958499474895,0.04190204953813905
ssp585,optimized,D,2052,tas_c,degree_Celsius,equal weight across model-level China annual means,17,9.672550964162989,8.8451848870391,12.06054964727455,8.945585176547073,10.310903691196513,0.7653485737783792
ssp585,optimized,D,2052,wpd,W m-2,equal weight across model-level China annual means,17,29.599527673621918,22.878471732573633,33.465193068654955,27.58896265060378,31.695026707417213,2.2359841231480777
ssp585,optimized,D,2053,pvpot,W m-2,equal weight across model-level China annual means,17,199.04598774530896,192.13434933007844,204.4971927290584,194.94057778728276,203.24007691827725,3.28526750214963
ssp585,optimized,D,2053,rsds,W m-2,equal weight across model-level China annual means,17,193.0178710200214,188.12965957595384,198.8830328669161,188.75066323712758,197.72225024939706,3.366279393318117
ssp585,optimized,D,2053,sfcWind_10m,m s-1,equal weight across model-level China annual means,17,1.3273752362055151,1.2454009433228004,1.4069393818332632,1.275689073525822,1.3810655294572587,0.04174844378972058
ssp585,optimized,D,2053,tas_c,degree_Celsius,equal weight across model-level China annual means,17,9.55830309455946,8.732205094288021,11.844256591152863,8.760635428779969,10.26985741189435,0.7662757088503844
ssp585,optimized,D,2053,wpd,W m-2,equal weight across model-level China annual means,17,30.028755953017733,24.76859957392178,35.393441834281525,26.395402649634633,32.72006581382855,2.633119076968709
ssp585,optimized,D,2054,pvpot,W m-2,equal weight across model-level China annual means,17,199.25262992332597,193.6611019036391,203.7957650528583,196.00938705863132,202.52522221188343,2.657632679768472
ssp585,optimized,D,2054,rsds,W m-2,equal weight across model-level China annual means,17,193.39500821675824,186.42746408810532,197.93833874702364,190.10796733780435,197.2297473462972,2.9057526596323076
ssp585,optimized,D,2054,sfcWind_10m,m s-1,equal weight across model-level China annual means,17,1.3255251863777682,1.1823549616504383,1.4273616621038494,1.2675564650853586,1.421327028594022,0.06316997377796307
ssp585,optimized,D,2054,tas_c,degree_Celsius,equal weight across model-level China annual means,17,9.705326237715092,8.416243080008975,11.85462855822739,8.862212065396687,10.294014106056359,0.7507392724408409
ssp585,optimized,D,2054,wpd,W m-2,equal weight across model-level China annual means,17,30.07391065369899,22.458587462520168,37.61056742823518,26.80126658190672,33.60297719611323,3.2122070996046066
ssp585,optimized,D,2055,pvpot,W m-2,equal weight across model-level China annual means,17,198.84890144965698,195.24327917866913,203.8209499811979,195.91340142295047,202.90746381691287,2.55209674083586
ssp585,optimized,D,2055,rsds,W m-2,equal weight across model-level China annual means,17,193.1767005119798,189.09714310582316,198.80829618663674,189.95504832942484,197.52721316766142,2.9500965583701118
ssp585,optimized,D,2055,sfcWind_10m,m s-1,equal weight across model-level China annual means,17,1.323345530551997,1.2118247451854232,1.3985751813657992,1.2466979340854958,1.3889214262588148,0.058072865381714814
ssp585,optimized,D,2055,tas_c,degree_Celsius,equal weight across model-level China annual means,17,9.890324914173497,8.630539372436198,12.40322092594986,9.21214471329458,10.48345439929927,0.7978630927992747
ssp585,optimized,D,2055,wpd,W m-2,equal weight across model-level China annual means,17,30.10305175472587,24.387300775275577,36.567904080216216,26.214691207415076,33.98834439083759,3.072117717783669
ssp585,optimized,D,2056,pvpot,W m-2,equal weight across model-level China annual means,17,199.7477221246482,195.62001330382046,204.604693098196,197.127957470407,202.53402601030004,2.279837021277146
ssp585,optimized,D,2056,rsds,W m-2,equal weight across model-level China annual means,17,194.0809337513622,189.47546722349662,199.0381590599361,191.19448539175562,196.99021822448728,2.3897341566726356
ssp585,optimized,D,2056,sfcWind_10m,m s-1,equal weight across model-level China annual means,17,1.3226730299131744,1.2066397327217764,1.4101738982398986,1.2853516468430461,1.3705096726406099,0.04533974316041189
ssp585,optimized,D,2056,tas_c,degree_Celsius,equal weight across model-level China annual means,17,9.880628883481684,8.641602744804102,12.14964026465641,9.139172233442958,10.698920593044543,0.7989389390276451
ssp585,optimized,D,2056,wpd,W m-2,equal weight across model-level China annual means,17,29.77184606027137,24.66071084051327,35.81878232242415,27.141968184287865,31.647872049048683,2.3239786128714415
ssp585,optimized,D,2057,pvpot,W m-2,equal weight across model-level China annual means,17,199.15925206743628,193.84576973064654,203.60835630694302,195.44337974035267,202.9444451935498,2.770845697485276
ssp585,optimized,D,2057,rsds,W m-2,equal weight across model-level China annual means,17,193.52233391908408,187.65881223950885,198.1140842519128,190.63922765553755,197.75510873246398,2.8439571372405807
ssp585,optimized,D,2057,sfcWind_10m,m s-1,equal weight across model-level China annual means,17,1.3081395506526952,1.2067474727187266,1.4061691500015234,1.258084561424175,1.3826895681906828,0.04964853846317368
ssp585,optimized,D,2057,tas_c,degree_Celsius,equal weight across model-level China annual means,17,9.939354154238051,9.232439032209104,12.559186824067934,9.29591548009848,10.559767449584399,0.7954628975334878
ssp585,optimized,D,2057,wpd,W m-2,equal weight across model-level China annual means,17,28.961149364495235,23.93247912932438,33.63791610853429,25.47160725995922,31.981774897708597,2.635770019613238
ssp585,optimized,D,2058,pvpot,W m-2,equal weight across model-level China annual means,17,199.42006472006884,195.67369445922702,205.2042937311766,196.00373317974453,203.13758025002306,3.131181242168945
ssp585,optimized,D,2058,rsds,W m-2,equal weight across model-level China annual means,17,194.0849356066931,190.27504934476792,200.41199759433007,190.74993016197587,198.19844114707948,3.2067353405752534
ssp585,optimized,D,2058,sfcWind_10m,m s-1,equal weight across model-level China annual means,17,1.3127377533254487,1.238065450474519,1.398236538649181,1.2493970724259555,1.363945601788976,0.04408506275960361
ssp585,optimized,D,2058,tas_c,degree_Celsius,equal weight across model-level China annual means,17,10.228933008998645,9.13162224545111,12.420118319557586,9.51218032444239,10.789891410969041,0.7094893176590189
ssp585,optimized,D,2058,wpd,W m-2,equal weight across model-level China annual means,17,29.533010110275306,24.61833335487731,35.82273877169916,26.255202619805,32.883603155614196,2.806578593240982
ssp585,optimized,D,2059,pvpot,W m-2,equal weight across model-level China annual means,17,198.9932238982979,193.60361720079493,203.4128235451965,195.73325286489327,202.43795258931107,2.616729349418953
ssp585,optimized,D,2059,rsds,W m-2,equal weight across model-level China annual means,17,193.56603788230294,190.11615847173462,198.69786947551083,190.2340856806023,196.38317090371083,2.50616102005692
ssp585,optimized,D,2059,sfcWind_10m,m s-1,equal weight across model-level China annual means,17,1.3214489678166044,1.2498794545033098,1.4026278075740322,1.2645984711612848,1.390142689514959,0.048390351255794606
ssp585,optimized,D,2059,tas_c,degree_Celsius,equal weight across model-level China annual means,17,10.1647791743134,8.906757820717749,12.493393189524694,9.025439437686593,11.194405245928499,0.9189328050861382
ssp585,optimized,D,2059,wpd,W m-2,equal weight across model-level China annual means,17,29.22022655502751,24.94246283375873,33.559983862569005,27.271222623001474,32.14698884913764,2.2313952142141473
ssp585,optimized,D,2060,pvpot,W m-2,equal weight across model-level China annual means,17,199.68986083769585,196.00935342136805,205.06949237703668,196.87246830759543,202.88802067675923,2.4402027360695104
ssp585,optimized,D,2060,rsds,W m-2,equal weight across model-level China annual means,17,194.3901255625453,189.95269844871157,199.96601655632836,191.06134889649866,198.08706163841504,2.884803576015942
ssp585,optimized,D,2060,sfcWind_10m,m s-1,equal weight across model-level China annual means,17,1.3201938831195872,1.2066978074623638,1.421310366561667,1.2607619472181997,1.3883142003092144,0.05336171831191714
ssp585,optimized,D,2060,tas_c,degree_Celsius,equal weight across model-level China annual means,17,10.241844707420487,9.091498483719727,12.792258204778536,9.319221053489752,11.197691936040552,0.9237962277197314
ssp585,optimized,D,2060,wpd,W m-2,equal weight across model-level China annual means,17,29.56537198078478,24.000628631849654,34.41204134889674,26.70247973091359,32.91640738721801,2.5795948972828597
ssp585,optimized,D,2061,pvpot,W m-2,equal weight across model-level China annual means,17,199.33989536060224,194.85870596091445,205.5586807732875,196.42643564441354,201.7763624836146,2.4809826740716963
ssp585,optimized,D,2061,rsds,W m-2,equal weight across model-level China annual means,17,193.93450846805231,190.89076159433708,200.55089769095574,191.61429163495563,196.9581305431819,2.5046239334326343
ssp585,optimized,D,2061,sfcWind_10m,m s-1,equal weight across model-level China annual means,17,1.3258675064575867,1.2336398690754107,1.3807597805900969,1.2727992132981334,1.3637097556757902,0.04247614873380944
ssp585,optimized,D,2061,tas_c,degree_Celsius,equal weight across model-level China annual means,17,10.15555875034892,9.314443593123706,12.505436059282777,9.472249697865438,10.992875225291845,0.7781933420581044
ssp585,optimized,D,2061,wpd,W m-2,equal weight across model-level China annual means,17,29.826957050180766,25.545305441343974,33.404420039926194,26.010690844486003,32.655876041955516,2.4987982061948633
ssp585,optimized,D,2062,pvpot,W m-2,equal weight across model-level China annual means,17,198.7380290753596,194.67909681638568,204.528822525763,195.4970889705398,201.80452072113556,2.531264085001384
ssp585,optimized,D,2062,rsds,W m-2,equal weight across model-level China annual means,17,193.4477399912408,188.49218018548308,199.05223398929994,191.03116194332347,196.58828477045546,2.436637691849693
ssp585,optimized,D,2062,sfcWind_10m,m s-1,equal weight across model-level China annual means,17,1.3312904926959568,1.2031263814107813,1.4297267612427385,1.25973228303381,1.393673272477925,0.057102206176210875
ssp585,optimized,D,2062,tas_c,degree_Celsius,equal weight across model-level China annual means,17,10.328348089156835,9.328266763238632,12.731541001595337,9.545025392776896,10.894585605120755,0.7530756025607214
ssp585,optimized,D,2062,wpd,W m-2,equal weight across model-level China annual means,17,29.781628258621662,25.236766363275667,34.52571428777724,26.771257254715486,33.83079040992292,2.6561598686182
ssp585,optimized,D,2063,pvpot,W m-2,equal weight across model-level China annual means,17,199.6979561734336,193.4684695592018,206.52068371950395,197.02144085842895,203.35441374385744,2.9584570471023195
ssp585,optimized,D,2063,rsds,W m-2,equal weight across model-level China annual means,17,194.55967294920117,190.24786717220832,202.00847538823768,191.070880925125,198.42298236810979,2.976229394306643
ssp585,optimized,D,2063,sfcWind_10m,m s-1,equal weight across model-level China annual means,17,1.3271305375615108,1.2128563591001547,1.4311251519680586,1.26350267306439,1.405360106985266,0.055188406417463386
ssp585,optimized,D,2063,tas_c,degree_Celsius,equal weight across model-level China annual means,17,10.420114657665987,9.18114553462151,12.640623779749832,9.34174184844215,11.286255847090647,0.8294300069990708
ssp585,optimized,D,2063,wpd,W m-2,equal weight across model-level China annual means,17,29.869820231061745,23.533335678871182,34.703462641924936,27.174534136159078,32.636733879458454,2.6201339532835415
ssp585,optimized,D,2064,pvpot,W m-2,equal weight across model-level China annual means,17,199.295895537617,191.07644907955137,205.41506996371848,194.9640671322236,202.7347758688222,3.5197900857167945
ssp585,optimized,D,2064,rsds,W m-2,equal weight across model-level China annual means,17,194.29479613100096,188.3968727392893,200.8870133993197,189.09724571412858,198.04695945763743,3.5207240504355206
ssp585,optimized,D,2064,sfcWind_10m,m s-1,equal weight across model-level China annual means,17,1.3180647011318645,1.2122317798860356,1.377006694874592,1.2610494487010568,1.360699925884062,0.04167195738230248
ssp585,optimized,D,2064,tas_c,degree_Celsius,equal weight across model-level China annual means,17,10.6061073485378,9.21788306065499,13.1122410646109,9.758562553469428,11.225681807891503,0.8395940132050045
ssp585,optimized,D,2064,wpd,W m-2,equal weight across model-level China annual means,17,29.37522495990341,24.51500529713567,32.588049231052004,27.195890134374554,32.23305209427039,2.021005384444996
ssp585,optimized,D,2065,pvpot,W m-2,equal weight across model-level China annual means,17,198.24234408533448,187.8380471028083,204.8642328211025,195.71363972842437,201.61522465704468,3.57995747740101
ssp585,optimized,D,2065,rsds,W m-2,equal weight across model-level China annual means,17,193.28960425141312,184.7354942090034,200.40963120151784,190.41442657886822,197.22093442787232,3.4892190829144636
ssp585,optimized,D,2065,sfcWind_10m,m s-1,equal weight across model-level China annual means,17,1.319816130587496,1.1913645842666034,1.3982705455477273,1.2740266572158339,1.3701644586718165,0.04620810538973329
ssp585,optimized,D,2065,tas_c,degree_Celsius,equal weight across model-level China annual means,17,10.598000070148924,9.377615750601684,12.652252393805126,9.706450076966595,11.263798713694747,0.7518275753640585
ssp585,optimized,D,2065,wpd,W m-2,equal weight across model-level China annual means,17,29.613143445960354,23.431419308532885,35.06607731510773,26.601262854055584,31.932994508896545,2.6409733378832914
ssp585,optimized,D,2066,pvpot,W m-2,equal weight across model-level China annual means,17,198.9347588049627,193.57451951248206,204.26419717444105,195.19179517938355,202.68571157622657,2.9225443095446373
ssp585,optimized,D,2066,rsds,W m-2,equal weight across model-level China annual means,17,194.1105370792346,188.6938389313623,199.9864204535758,189.9750105438184,198.61762904108556,3.3664311979932924
ssp585,optimized,D,2066,sfcWind_10m,m s-1,equal weight across model-level China annual means,17,1.3311221740413286,1.1966199751462119,1.4134117828911237,1.2597620719721623,1.4020909463245221,0.061312453691124744
ssp585,optimized,D,2066,tas_c,degree_Celsius,equal weight across model-level China annual means,17,10.753553588047502,9.702028055301213,13.666925727251487,9.927982169636456,11.586535902717774,0.9176014386513794
ssp585,optimized,D,2066,wpd,W m-2,equal weight across model-level China annual means,17,29.90476411352499,23.174481312351734,36.17052841077808,26.61256450983313,35.05017651543287,3.4074694476748477
ssp585,optimized,D,2067,pvpot,W m-2,equal weight across model-level China annual means,17,199.2953354550489,193.6622244464173,206.29863630842303,195.324776326235,203.80163434564514,3.5057470288497115
ssp585,optimized,D,2067,rsds,W m-2,equal weight across model-level China annual means,17,194.73158913656184,189.0003245732569,201.92980452002132,190.56921918434367,200.29281883418184,3.698556725309723
ssp585,optimized,D,2067,sfcWind_10m,m s-1,equal weight across model-level China annual means,17,1.3157635666441714,1.248876455228847,1.4530564624289368,1.2594836464871448,1.3700098500470272,0.049425077722000305
ssp585,optimized,D,2067,tas_c,degree_Celsius,equal weight across model-level China annual means,17,11.014981995400742,9.667276573876014,14.14348781753794,9.937022568893788,11.986300020306729,1.0634440304227377
ssp585,optimized,D,2067,wpd,W m-2,equal weight across model-level China annual means,17,29.298807556376605,24.61569372267326,37.229667421441285,26.114590905474024,33.17513077702808,3.167905077193516
ssp585,optimized,D,2068,pvpot,W m-2,equal weight across model-level China annual means,17,198.43610123185354,192.94883779296572,203.4961226466494,194.53924839095603,202.1571934738728,2.958046536593952
ssp585,optimized,D,2068,rsds,W m-2,equal weight across model-level China annual means,17,193.6899721142104,188.4374113327975,198.88010079915412,190.30802804273816,197.5736581812588,2.9300395109511483
ssp585,optimized,D,2068,sfcWind_10m,m s-1,equal weight across model-level China annual means,17,1.3145958224707275,1.2490827532025055,1.4547067562866713,1.2540868714283688,1.378710961462092,0.05440560829718327
ssp585,optimized,D,2068,tas_c,degree_Celsius,equal weight across model-level China annual means,17,10.906301816182669,9.499812668006127,13.195183689437284,10.274570991171133,11.62078732634518,0.7860037982161772
ssp585,optimized,D,2068,wpd,W m-2,equal weight across model-level China annual means,17,29.229523688921777,25.96904464134695,34.443803406431364,26.481695351120806,32.24143853628837,2.3421321555244163
ssp585,optimized,D,2069,pvpot,W m-2,equal weight across model-level China annual means,17,198.62434932668893,193.58830857111823,203.50023970097084,194.29577607602369,202.7425425694471,3.323444622685793
ssp585,optimized,D,2069,rsds,W m-2,equal weight across model-level China annual means,17,194.03812507427975,188.52415586724885,199.53355175469991,190.10044839599792,198.80187517995603,3.5173815277611076
ssp585,optimized,D,2069,sfcWind_10m,m s-1,equal weight across model-level China annual means,17,1.3205464790584494,1.2180047257731743,1.441360037955566,1.2612137741739162,1.388818744874972,0.05578815638774582
ssp585,optimized,D,2069,tas_c,degree_Celsius,equal weight across model-level China annual means,17,11.042557502054104,9.226757202895127,13.413127674095222,10.082087436793934,11.608365708753935,0.8586745225152668
ssp585,optimized,D,2069,wpd,W m-2,equal weight across model-level China annual means,17,29.77408358763937,24.341866493546814,34.49537471100837,26.11048098327897,33.35960150868314,3.0213352341556154
ssp585,optimized,D,2070,pvpot,W m-2,equal weight across model-level China annual means,17,199.05967498708222,194.8323677226599,206.30680138466144,196.07073243610927,203.75097967830658,3.362984115771637
ssp585,optimized,D,2070,rsds,W m-2,equal weight across model-level China annual means,17,194.446591830957,190.349856614319,201.92395404816025,190.96016835267957,199.5383542219635,3.616096601098188
ssp585,optimized,D,2070,sfcWind_10m,m s-1,equal weight across model-level China annual means,17,1.3063834867369368,1.1837843633574805,1.4171944602436637,1.24661796271892,1.3628201682733616,0.056899422703076984
ssp585,optimized,D,2070,tas_c,degree_Celsius,equal weight across model-level China annual means,17,11.012402575682165,9.218040967824683,14.28525241829864,10.057257203096324,11.715591391395815,1.0495831695875149
ssp585,optimized,D,2070,wpd,W m-2,equal weight across model-level China annual means,17,28.63304752589068,22.588671311651993,34.476069349017045,25.18827628787282,32.58570312155671,3.0381738285780573
ssp585,optimized,D,2071,pvpot,W m-2,equal weight across model-level China annual means,17,198.31396478536746,193.11660913819534,203.90313638316158,194.70921610229527,202.61974051694042,2.9514706122509975
ssp585,optimized,D,2071,rsds,W m-2,equal weight across model-level China annual means,17,193.94371089069165,188.95801448702366,200.04493235372055,190.10973239421614,198.81907028824324,3.0287950966196235
ssp585,optimized,D,2071,sfcWind_10m,m s-1,equal weight across model-level China annual means,17,1.3018341648226994,1.157036992217184,1.3907044514127846,1.2376278891077779,1.371441300745577,0.057564864824192014
ssp585,optimized,D,2071,tas_c,degree_Celsius,equal weight across model-level China annual means,17,11.252552531330014,9.65003667045683,14.017639682275783,10.267752890765106,12.379594380181823,1.0206180062626329
ssp585,optimized,D,2071,wpd,W m-2,equal weight across model-level China annual means,17,28.69312203061974,21.548222919416816,32.94584461250444,24.622402536738694,32.50083777834682,3.1890701687213263
ssp585,optimized,D,2072,pvpot,W m-2,equal weight across model-level China annual means,17,197.82868882074933,189.16906562409318,206.22471115762517,192.79239407063324,203.1151892551026,4.212066408944079
ssp585,optimized,D,2072,rsds,W m-2,equal weight across model-level China annual means,17,193.48634689133354,186.8276660002766,203.16025531032787,188.34969492730727,199.42134406108303,4.275393563120024
ssp585,optimized,D,2072,sfcWind_10m,m s-1,equal weight across model-level China annual means,17,1.30545706356869,1.241957152598629,1.3636153389263903,1.2586871465600726,1.345530512778591,0.034166967244992415
ssp585,optimized,D,2072,tas_c,degree_Celsius,equal weight across model-level China annual means,17,11.25223668350577,9.641309253452539,14.168674244962654,10.3166877467463,11.93001034290043,0.9636760486163722
ssp585,optimized,D,2072,wpd,W m-2,equal weight across model-level China annual means,17,29.213237424113046,25.424913945797517,34.01967389131047,25.97586210700692,33.09510204044996,2.6227974656859065
ssp585,optimized,D,2073,pvpot,W m-2,equal weight across model-level China annual means,17,198.91901132569689,193.03237274732442,207.7553327029327,194.23713735319564,204.31860320786433,3.851259154199949
ssp585,optimized,D,2073,rsds,W m-2,equal weight across model-level China annual means,17,194.55697968710368,188.7298718742974,204.36091301735897,189.42167836855984,200.71792876541093,4.238369286332732
ssp585,optimized,D,2073,sfcWind_10m,m s-1,equal weight across model-level China annual means,17,1.3291355478376123,1.1978400782076377,1.425018325645061,1.2773757525919325,1.385399602104227,0.05097410568689271
ssp585,optimized,D,2073,tas_c,degree_Celsius,equal weight across model-level China annual means,17,11.297073699473081,9.76376887235274,14.253608416805188,10.07564976673039,12.080888408292173,1.0304540525719226
ssp585,optimized,D,2073,wpd,W m-2,equal weight across model-level China annual means,17,29.771165610789655,25.63678822064728,36.13020638074652,26.692652641549444,32.992214113374324,2.6159092056586246
ssp585,optimized,D,2074,pvpot,W m-2,equal weight across model-level China annual means,17,199.02601248962677,192.80018549651814,203.36829875738815,195.9063426380807,202.16873421813042,2.6788276961263104
ssp585,optimized,D,2074,rsds,W m-2,equal weight across model-level China annual means,17,194.85439534183192,191.51750121571533,199.8196897326949,191.757096768129,198.59821775107446,2.632087266436428
ssp585,optimized,D,2074,sfcWind_10m,m s-1,equal weight across model-level China annual means,17,1.3250422195844518,1.1950773774653725,1.3827596470565604,1.2582857125368914,1.379921608965797,0.05289909195306903
ssp585,optimized,D,2074,tas_c,degree_Celsius,equal weight across model-level China annual means,17,11.415945018880013,10.139832980447222,14.633957544279928,10.528712781153455,12.01642293888424,0.9742155395479054
ssp585,optimized,D,2074,wpd,W m-2,equal weight across model-level China annual means,17,29.75506516716971,23.299501440559457,35.96951207780395,25.37626715144979,33.03886339867891,3.142563062712
ssp585,optimized,D,2075,pvpot,W m-2,equal weight across model-level China annual means,17,198.48891563042886,191.9524954856456,204.4177042132969,194.54756522602477,202.12194097455546,3.2762320207256552
ssp585,optimized,D,2075,rsds,W m-2,equal weight across model-level China annual means,17,194.47474514477042,188.70710702582372,201.14577577132061,190.73546377865352,197.63359135493243,3.239911739071796
ssp585,optimized,D,2075,sfcWind_10m,m s-1,equal weight across model-level China annual means,17,1.3040246950009866,1.1730416638246364,1.4088795602619857,1.2423982633100839,1.3690620621611862,0.05625407288484436
ssp585,optimized,D,2075,tas_c,degree_Celsius,equal weight across model-level China annual means,17,11.55028726206987,10.260482988717596,14.629633975372291,10.556744504547623,12.39676529111644,1.0212960049168185
ssp585,optimized,D,2075,wpd,W m-2,equal weight across model-level China annual means,17,28.97193510908841,22.94287255561785,33.43319364293363,25.940883518650757,31.713362142990167,2.480836512698632
ssp585,optimized,D,2076,pvpot,W m-2,equal weight across model-level China annual means,17,198.79640036821445,192.55094976110357,204.47408399576554,194.8106893532323,202.44728659186907,3.1974603887401116
ssp585,optimized,D,2076,rsds,W m-2,equal weight across model-level China annual means,17,194.70744780774115,190.45732759489877,200.89923750616583,191.01805284171675,199.30918701418386,3.1288634614382227
ssp585,optimized,D,2076,sfcWind_10m,m s-1,equal weight across model-level China annual means,17,1.327922623104152,1.241348884874035,1.443713976556678,1.2635398906951372,1.3946204135970526,0.05544716634973217
ssp585,optimized,D,2076,tas_c,degree_Celsius,equal weight across model-level China annual means,17,11.512160412151882,9.993191548547204,14.772572212988438,10.319198560264615,12.476260009472613,1.1092657853275523
ssp585,optimized,D,2076,wpd,W m-2,equal weight across model-level China annual means,17,30.12039405101561,26.01450774373174,35.09700046981111,26.973718490423458,34.32242480204518,2.5895177076539038
ssp585,optimized,D,2077,pvpot,W m-2,equal weight across model-level China annual means,17,198.28213657947686,192.8843636086609,204.49960790376656,194.90664175942948,201.57532383398112,3.0228323036295093
ssp585,optimized,D,2077,rsds,W m-2,equal weight across model-level China annual means,17,194.23101046150487,191.24981703586403,200.9356004249896,191.36175666938215,198.0288206941647,2.8530539137823707
ssp585,optimized,D,2077,sfcWind_10m,m s-1,equal weight across model-level China annual means,17,1.3083933207479024,1.1674830296900305,1.3927779036673351,1.2585968804519603,1.3697892588012344,0.05273139672272319
ssp585,optimized,D,2077,tas_c,degree_Celsius,equal weight across model-level China annual means,17,11.504044461372155,10.119013144827607,14.872513781960151,10.524565192032238,12.278956991243554,1.0397593993469618
ssp585,optimized,D,2077,wpd,W m-2,equal weight across model-level China annual means,17,29.42777504461209,22.503248629748374,34.22716858159702,26.533349595259892,33.49050067751512,3.083842748355186
ssp585,optimized,D,2078,pvpot,W m-2,equal weight across model-level China annual means,17,197.97233710914742,193.77537345275866,202.61484683311505,194.48684068642896,201.43078063417002,2.588361939943271
ssp585,optimized,D,2078,rsds,W m-2,equal weight across model-level China annual means,17,193.98570333701906,189.89852804961785,198.96411557500423,191.6697741747068,197.64548359938465,2.4622816672505716
ssp585,optimized,D,2078,sfcWind_10m,m s-1,equal weight across model-level China annual means,17,1.309020382057973,1.2226058844511296,1.3986300410836068,1.2336040556272128,1.363212761006254,0.05116477825045274
ssp585,optimized,D,2078,tas_c,degree_Celsius,equal weight across model-level China annual means,17,11.649165565126019,10.727325339524791,15.161347599827847,10.768300903417845,12.652488130515618,1.0753709081000307
ssp585,optimized,D,2078,wpd,W m-2,equal weight across model-level China annual means,17,28.853617054201862,24.668895775169347,36.507284624848616,24.91170826489942,32.23789823378407,3.008172047787124
ssp585,optimized,D,2079,pvpot,W m-2,equal weight across model-level China annual means,17,198.52748101267773,192.08765090299133,205.1753193189618,193.7655424009877,202.9904509429839,3.3881748378898977
ssp585,optimized,D,2079,rsds,W m-2,equal weight across model-level China annual means,17,194.62761582373028,189.65155094063311,202.15972133431856,191.08407922530137,198.93304027941923,3.2066422569692548
ssp585,optimized,D,2079,sfcWind_10m,m s-1,equal weight across model-level China annual means,17,1.3171402735112954,1.2037551603160617,1.3816723340349097,1.25743179102081,1.3762633767227712,0.05168537863430772
ssp585,optimized,D,2079,tas_c,degree_Celsius,equal weight across model-level China annual means,17,11.707853482005595,10.622071555640723,14.640576419161851,10.76950547982029,12.635251398819612,1.0031407562840837
ssp585,optimized,D,2079,wpd,W m-2,equal weight across model-level China annual means,17,29.22012836373746,24.14639832066,33.6400199726456,26.9162601546119,32.07929607119171,2.296592610120269
ssp585,optimized,D,2080,pvpot,W m-2,equal weight across model-level China annual means,17,198.46724913581593,191.70654588931177,203.99339233319336,194.2265840290244,203.04015315104863,3.5658775878836977
ssp585,optimized,D,2080,rsds,W m-2,equal weight across model-level China annual means,17,194.8835061731604,189.37219114520767,201.31427272492593,191.31324828747233,199.82216546044623,3.4997544814845907
ssp585,optimized,D,2080,sfcWind_10m,m s-1,equal weight across model-level China annual means,17,1.315059631841599,1.1913284061996257,1.3779650628182327,1.2557725918101392,1.3750527990675732,0.05108183639805762
ssp585,optimized,D,2080,tas_c,degree_Celsius,equal weight across model-level China annual means,17,11.979262399258152,10.446618376218362,15.195231046783967,10.873642744697067,12.846891631791706,1.0343524391414551
ssp585,optimized,D,2080,wpd,W m-2,equal weight across model-level China annual means,17,29.489965386682087,23.0512646619124,35.165684603656025,26.70981702069692,31.74874383035692,2.6362532618555283
ssp585,optimized,D,2081,pvpot,W m-2,equal weight across model-level China annual means,17,198.23881813270478,193.59893247397216,205.50578497321646,194.3863360643896,202.44304416773028,3.40920504756828
ssp585,optimized,D,2081,rsds,W m-2,equal weight across model-level China annual means,17,194.66367989542306,189.2796494087204,202.42222686208274,190.8891533159685,198.87063784945065,3.4810682025567035
ssp585,optimized,D,2081,sfcWind_10m,m s-1,equal weight across model-level China annual means,17,1.2995168989453725,1.2093389791898206,1.396878099069613,1.2475309513984194,1.3532843561000343,0.04573336977523236
ssp585,optimized,D,2081,tas_c,degree_Celsius,equal weight across model-level China annual means,17,12.043236296391365,10.200594130103662,15.652685530457623,10.848170616399125,13.466046552222803,1.2615011900197015
ssp585,optimized,D,2081,wpd,W m-2,equal weight across model-level China annual means,17,28.517534850778148,23.192540427202783,31.58062401438151,26.170888722645532,30.886001708176437,2.105604958988959
ssp585,optimized,D,2082,pvpot,W m-2,equal weight across model-level China annual means,17,198.1179524024074,192.90483361351244,206.28318053430382,193.62176919422296,203.70585830104233,3.8678269365570483
ssp585,optimized,D,2082,rsds,W m-2,equal weight across model-level China annual means,17,194.6535583461703,189.73959243392449,203.8956617242387,190.92665129901428,200.20700315604753,4.019569160524263
ssp585,optimized,D,2082,sfcWind_10m,m s-1,equal weight across model-level China annual means,17,1.3031313317568218,1.1766827986327926,1.389433239999405,1.26691980573171,1.3412274462318883,0.04545868294328141
ssp585,optimized,D,2082,tas_c,degree_Celsius,equal weight across model-level China annual means,17,12.15241355608785,10.445502351266105,15.692512327854748,10.675731559677017,13.624720509396132,1.259170219931026
ssp585,optimized,D,2082,wpd,W m-2,equal weight across model-level China annual means,17,29.041534814396947,23.010357832287124,33.70662577280351,26.11039938653719,32.545319912883855,2.8235240502964847
ssp585,optimized,D,2083,pvpot,W m-2,equal weight across model-level China annual means,17,197.78073964919372,189.18134543538042,205.0152174342334,192.74055559536322,201.893312042011,4.062081456191802
ssp585,optimized,D,2083,rsds,W m-2,equal weight across model-level China annual means,17,194.33048709843928,186.9864871343506,202.10578802599787,190.30828853297305,199.25100186603285,3.8139374164125774
ssp585,optimized,D,2083,sfcWind_10m,m s-1,equal weight across model-level China annual means,17,1.3169408951031567,1.2454903369073325,1.39890277613969,1.2510415292636703,1.3647948806616987,0.04396821867165801
ssp585,optimized,D,2083,tas_c,degree_Celsius,equal weight across model-level China annual means,17,12.205001013405592,10.718813013533406,15.885705048342539,11.214750921237465,13.297791413314238,1.1618488868241053
ssp585,optimized,D,2083,wpd,W m-2,equal weight across model-level China annual means,17,29.48379376294395,25.49263599396131,34.36704351578185,27.443689900136285,31.655366348075656,2.0378302717896615
ssp585,optimized,D,2084,pvpot,W m-2,equal weight across model-level China annual means,17,197.71209197798842,191.27551354155068,202.58258355949798,191.99189564111214,201.67808033187015,3.4394428865419093
ssp585,optimized,D,2084,rsds,W m-2,equal weight across model-level China annual means,17,194.34962208295877,186.38968251163223,200.2208794844023,189.17047783424886,198.57679739180352,3.729666612172313
ssp585,optimized,D,2084,sfcWind_10m,m s-1,equal weight across model-level China annual means,17,1.3108572184240315,1.1914210302157104,1.4369425762216126,1.2404150622734298,1.388109129165372,0.05967448927678162
ssp585,optimized,D,2084,tas_c,degree_Celsius,equal weight across model-level China annual means,17,12.28753534345169,10.726742767373572,15.84170687129901,11.091679395598504,13.405939892464126,1.1958837431000344
ssp585,optimized,D,2084,wpd,W m-2,equal weight across model-level China annual means,17,29.069224955444877,22.99483339503965,33.60736623729972,25.90002579424635,32.83073322128811,3.016676057143456
ssp585,optimized,D,2085,pvpot,W m-2,equal weight across model-level China annual means,17,198.2871375872156,191.04741160616007,206.69041087897088,194.81540670894486,201.39730161216798,3.4958262786257324
ssp585,optimized,D,2085,rsds,W m-2,equal weight across model-level China annual means,17,195.06597136201808,189.2935579364552,204.25243267087077,190.99403407941674,198.8240866032153,3.554436095874295
ssp585,optimized,D,2085,sfcWind_10m,m s-1,equal weight across model-level China annual means,17,1.3009817815618252,1.1632360972284992,1.418159708677055,1.2017246090966678,1.3630995708438203,0.06586239104828179
ssp585,optimized,D,2085,tas_c,degree_Celsius,equal weight across model-level China annual means,17,12.416679037205284,10.843052651510918,15.621682993694073,11.121464131057152,13.680145715518501,1.19606824003682
ssp585,optimized,D,2085,wpd,W m-2,equal weight across model-level China annual means,17,28.70113523051079,21.12175722761324,32.99034925353982,25.225493731497465,31.728845201502047,2.85539263273376
ssp585,optimized,D,2086,pvpot,W m-2,equal weight across model-level China annual means,17,198.25545824546103,192.02987670953655,204.87465106612765,192.31422641646932,201.78904780727868,3.6422056197018056
ssp585,optimized,D,2086,rsds,W m-2,equal weight across model-level China annual means,17,195.0190518660681,187.82961401332355,202.92460688718992,190.42837727219154,198.87869193493776,3.6308117546065746
ssp585,optimized,D,2086,sfcWind_10m,m s-1,equal weight across model-level China annual means,17,1.3093440952680295,1.2252257690593276,1.407318887027694,1.2554460481773617,1.3858253147276238,0.051162589742720255
ssp585,optimized,D,2086,tas_c,degree_Celsius,equal weight across model-level China annual means,17,12.434793461519709,10.871924710339345,15.792756462599362,11.102985859615648,14.015136887673922,1.2613974439271476
ssp585,optimized,D,2086,wpd,W m-2,equal weight across model-level China annual means,17,28.902358123008835,24.704318576788268,34.41774690384136,25.816429690695102,31.65952596760041,2.4957394365745653
ssp585,optimized,D,2087,pvpot,W m-2,equal weight across model-level China annual means,17,198.18812736915672,189.6821138191799,204.33691188474498,194.7018427401898,201.6089647356786,3.42291975567782
ssp585,optimized,D,2087,rsds,W m-2,equal weight across model-level China annual means,17,195.02587023279222,188.51489266029117,202.01748063193983,190.95848759664608,198.83056980083003,3.377736358657547
ssp585,optimized,D,2087,sfcWind_10m,m s-1,equal weight across model-level China annual means,17,1.3074071428216434,1.189492824200115,1.4244979761415104,1.2493631407141492,1.3889739629227924,0.058647491798370754
ssp585,optimized,D,2087,tas_c,degree_Celsius,equal weight across model-level China annual means,17,12.518356362655354,10.881032456508157,15.732305694720422,11.168480129771515,13.85109744901411,1.217005333841778
ssp585,optimized,D,2087,wpd,W m-2,equal weight across model-level China annual means,17,28.751639199464055,23.46645197023871,34.96804385292915,25.424405127256396,32.4453414033295,3.0694340556698063
ssp585,optimized,D,2088,pvpot,W m-2,equal weight across model-level China annual means,17,198.02077054810638,191.2986649445282,203.4017497544875,194.44189107863488,201.1548716625177,2.9931983005252754
ssp585,optimized,D,2088,rsds,W m-2,equal weight across model-level China annual means,17,194.97713958094386,190.0243430461273,201.38808381509747,190.92276894402167,197.9126505062612,2.904126749437038
ssp585,optimized,D,2088,sfcWind_10m,m s-1,equal weight across model-level China annual means,17,1.3043942147818002,1.2082731389309682,1.412571262045879,1.223800434462317,1.3860140723804417,0.060591987439783404
ssp585,optimized,D,2088,tas_c,degree_Celsius,equal weight across model-level China annual means,17,12.609650628525024,11.257417828991004,15.948481525433612,11.642750892992217,13.761047066846531,1.1106781336886355
ssp585,optimized,D,2088,wpd,W m-2,equal weight across model-level China annual means,17,29.03984457895113,23.78231698572773,34.84419021775434,25.600988724458023,32.69947663963237,2.904867849228825
ssp585,optimized,D,2089,pvpot,W m-2,equal weight across model-level China annual means,17,197.53118946007808,192.18715924724748,203.55092634967855,193.12073831179774,201.56834322174717,3.33375025889606
ssp585,optimized,D,2089,rsds,W m-2,equal weight across model-level China annual means,17,194.62885095250397,188.4054349952299,201.05890818634057,190.56822687190578,199.25912659327332,3.233492825882457
ssp585,optimized,D,2089,sfcWind_10m,m s-1,equal weight across model-level China annual means,17,1.2888055252402195,1.1668003538702447,1.3821611839980033,1.2046110943372572,1.3568953452338428,0.05839592313902527
ssp585,optimized,D,2089,tas_c,degree_Celsius,equal weight across model-level China annual means,17,12.782000801490002,10.9941098622657,16.63131724724487,11.620760830741895,14.321346633128421,1.3139964056846176
ssp585,optimized,D,2089,wpd,W m-2,equal weight across model-level China annual means,17,27.96239274592194,23.146964268170382,33.37420174540838,24.94346469035806,30.73632403420831,2.500460020709273
ssp585,optimized,D,2090,pvpot,W m-2,equal weight across model-level China annual means,17,198.63474345826907,192.11434639786793,204.2367579344208,193.61323584702794,202.4376176895443,3.431808241829181
ssp585,optimized,D,2090,rsds,W m-2,equal weight across model-level China annual means,17,195.69102106610217,190.38433740917242,201.84787327739093,191.45855136403776,199.7703702853888,3.256215688519519
ssp585,optimized,D,2090,sfcWind_10m,m s-1,equal weight across model-level China annual means,17,1.3019488649228084,1.2006632302560027,1.446620843570441,1.2383099315809858,1.3474135913735328,0.05587236337976057
ssp585,optimized,D,2090,tas_c,degree_Celsius,equal weight across model-level China annual means,17,12.712473359393863,10.911048275801386,16.021668843119723,11.435287314791951,14.242095808807447,1.213393077980232
ssp585,optimized,D,2090,wpd,W m-2,equal weight across model-level China annual means,17,28.733717284504266,23.535517273241254,35.26785148887099,25.462570592325164,31.01436000669068,2.644840794223526
ssp585,optimized,D,2091,pvpot,W m-2,equal weight across model-level China annual means,17,198.59431318914562,191.91174656841383,207.43227906059326,194.63115120748185,203.09544064554578,4.038073296075904
ssp585,optimized,D,2091,rsds,W m-2,equal weight across model-level China annual means,17,195.78673674306475,189.65468925845082,205.89463300698583,191.1698650473115,200.86211377554824,4.321604951405804
ssp585,optimized,D,2091,sfcWind_10m,m s-1,equal weight across model-level China annual means,17,1.2982537259975437,1.1573294582766902,1.3873420605761388,1.242111020986024,1.3432115089989922,0.05187706196147135
ssp585,optimized,D,2091,tas_c,degree_Celsius,equal weight across model-level China annual means,17,12.754267232105635,11.409627905293144,16.991423565437632,11.508775525654556,14.144681823328732,1.4306050086107125
ssp585,optimized,D,2091,wpd,W m-2,equal weight across model-level China annual means,17,28.759858664684334,21.318354953195307,33.34256663273191,26.475041763885702,31.345370902947867,2.68513492955003
ssp585,optimized,D,2092,pvpot,W m-2,equal weight across model-level China annual means,17,198.44934481230416,191.16460163113652,205.0257219700239,193.1364050474104,204.26413651514875,4.076476927859883
ssp585,optimized,D,2092,rsds,W m-2,equal weight across model-level China annual means,17,195.77841814702617,190.1500846169628,203.4372683418229,190.665752416526,202.15064442577324,4.03635029614044
ssp585,optimized,D,2092,sfcWind_10m,m s-1,equal weight across model-level China annual means,17,1.3146823345079668,1.1836060328803935,1.3840463623442325,1.2524078036194521,1.3674304561132902,0.04996126378246055
ssp585,optimized,D,2092,tas_c,degree_Celsius,equal weight across model-level China annual means,17,12.980680086276326,11.495074062124615,16.215805100452314,11.707529016634473,14.176069352209607,1.1681718790228546
ssp585,optimized,D,2092,wpd,W m-2,equal weight across model-level China annual means,17,29.324478141756092,23.608304346020276,33.005683283242064,26.395274128544745,32.396227222143246,2.544761648191861
ssp585,optimized,D,2093,pvpot,W m-2,equal weight across model-level China annual means,17,197.69207338553483,187.97806924591362,204.62850947560074,193.38855203252155,204.21944981585168,4.4009208798177735
ssp585,optimized,D,2093,rsds,W m-2,equal weight across model-level China annual means,17,194.99963348395954,187.02244020424962,202.67887470164771,191.8134435720899,201.04231959087616,4.2260472649037855
ssp585,optimized,D,2093,sfcWind_10m,m s-1,equal weight across model-level China annual means,17,1.2991984464883863,1.199177013213584,1.4365471620996646,1.2223284260242044,1.3913715802379245,0.06873437056365692
ssp585,optimized,D,2093,tas_c,degree_Celsius,equal weight across model-level China annual means,17,12.985508557255848,11.44752753770731,16.34941517625624,11.790764041602694,14.269285231711875,1.169955396790122
ssp585,optimized,D,2093,wpd,W m-2,equal weight across model-level China annual means,17,28.495055691181257,23.103563476631646,33.89054621116151,24.729873707471018,32.97204070307105,3.146135091561559
ssp585,optimized,D,2094,pvpot,W m-2,equal weight across model-level China annual means,17,197.1886380140701,188.761474936057,204.3317303224884,192.0944505575723,201.14734329222966,3.9362934578249322
ssp585,optimized,D,2094,rsds,W m-2,equal weight across model-level China annual means,17,194.63561477737872,187.79169613506744,202.29764857077691,190.39670340593437,199.31512691005108,3.7626678186291542
ssp585,optimized,D,2094,sfcWind_10m,m s-1,equal weight across model-level China annual means,17,1.2887951890763663,1.1783121799142044,1.3768184961613466,1.2171867001100007,1.3458482929268114,0.05241480977792094
ssp585,optimized,D,2094,tas_c,degree_Celsius,equal weight across model-level China annual means,17,13.091673513684201,11.581325279345025,16.675927120310238,11.804815162606424,14.249962093075743,1.218438760314363
ssp585,optimized,D,2094,wpd,W m-2,equal weight across model-level China annual means,17,28.16358163934098,24.3426032087518,32.17444295884493,25.344418609140526,30.802637505883133,2.0888163549669456
ssp585,optimized,D,2095,pvpot,W m-2,equal weight across model-level China annual means,17,198.74886529263495,189.60603052935775,204.30426418280797,193.76288993255858,203.9052671581178,4.02396913336511
ssp585,optimized,D,2095,rsds,W m-2,equal weight across model-level China annual means,17,196.23026509361623,188.39000893122127,202.98154278295397,192.17598076186928,201.73609792160275,3.9083457241448696
ssp585,optimized,D,2095,sfcWind_10m,m s-1,equal weight across model-level China annual means,17,1.2994610877468886,1.2034420089329088,1.3659634300372607,1.243267210813409,1.3640931041691589,0.05012581898579561
ssp585,optimized,D,2095,tas_c,degree_Celsius,equal weight across model-level China annual means,17,13.104137304072394,11.135233839265615,17.075972455708833,11.45078029445104,14.431989887951291,1.3755657366229908
ssp585,optimized,D,2095,wpd,W m-2,equal weight across model-level China annual means,17,28.420829134149606,23.54453131970386,34.17587511933146,25.89591809333802,31.908112615078537,2.801714732813809
ssp585,optimized,D,2096,pvpot,W m-2,equal weight across model-level China annual means,17,197.78085124157474,188.8694217484931,203.52431569597925,193.57711961954703,202.12818555950045,3.897814254192055
ssp585,optimized,D,2096,rsds,W m-2,equal weight across model-level China annual means,17,195.3795741833368,188.09971643709162,200.67558963011842,190.82109120275646,200.31379197781058,3.765441989126599
ssp585,optimized,D,2096,sfcWind_10m,m s-1,equal weight across model-level China annual means,17,1.2972906126573713,1.1675481587210896,1.4014367726847166,1.2363215596708699,1.3595622796073699,0.05545736021963242
ssp585,optimized,D,2096,tas_c,degree_Celsius,equal weight across model-level China annual means,17,13.240757035191278,11.747841300800276,17.059511644201866,11.896181312246421,14.453956752512584,1.3287144302827936
ssp585,optimized,D,2096,wpd,W m-2,equal weight across model-level China annual means,17,28.75187595152303,24.183257340786948,32.73168549630096,25.84273610319344,32.306067735829366,2.670779969786727
ssp585,optimized,D,2097,pvpot,W m-2,equal weight across model-level China annual means,17,198.43277915734245,191.8266948713151,203.58812875714966,192.59074356548385,202.89637465274834,3.7062248635883313
ssp585,optimized,D,2097,rsds,W m-2,equal weight across model-level China annual means,17,196.11349327036035,188.80523142727827,201.46364018931146,191.86874922533977,200.34233586011806,3.603018841515428
ssp585,optimized,D,2097,sfcWind_10m,m s-1,equal weight across model-level China annual means,17,1.313556488731938,1.2010699276412011,1.4156264441291941,1.2396646400731572,1.3994324484716048,0.06485378496477466
ssp585,optimized,D,2097,tas_c,degree_Celsius,equal weight across model-level China annual means,17,13.32903275446749,11.572344640409897,17.0343520256678,12.065589711436155,14.599367977222977,1.2504401810365688
ssp585,optimized,D,2097,wpd,W m-2,equal weight across model-level China annual means,17,29.30964252717414,23.225052998346413,35.08170898542988,25.249828584129997,33.74412771128153,3.1628672728858382
ssp585,optimized,D,2098,pvpot,W m-2,equal weight across model-level China annual means,17,197.87098053329325,187.18807878217726,205.66325014738018,192.15763703909377,204.8547662909071,5.111592384594857
ssp585,optimized,D,2098,rsds,W m-2,equal weight across model-level China annual means,17,195.5311004563994,187.6244759856194,203.94992018081157,190.20628201957334,202.91281178795444,4.968818346128053
ssp585,optimized,D,2098,sfcWind_10m,m s-1,equal weight across model-level China annual means,17,1.3036143062645176,1.1747417428614055,1.4001483001666368,1.2076963238617933,1.3900189510198966,0.07005581068061127
ssp585,optimized,D,2098,tas_c,degree_Celsius,equal weight across model-level China annual means,17,13.354737333770142,11.764687354353208,16.515095336442972,12.136648056928406,14.743348759980433,1.2183951680861165
ssp585,optimized,D,2098,wpd,W m-2,equal weight across model-level China annual means,17,28.81876692414364,23.804221630250485,33.429233882122375,25.37033585074725,33.130598188363535,3.1520257974224943
ssp585,optimized,D,2099,pvpot,W m-2,equal weight across model-level China annual means,17,198.090648753482,190.5716905903101,205.85365869647043,193.2055073678563,202.75963945312907,4.329662296819152
ssp585,optimized,D,2099,rsds,W m-2,equal weight across model-level China annual means,17,195.81862214228673,188.93209436276086,204.80828346628093,190.5121619483048,200.9246190029193,4.497379569210622
ssp585,optimized,D,2099,sfcWind_10m,m s-1,equal weight across model-level China annual means,17,1.2901301080646685,1.1936185111836946,1.400778479249957,1.20386445312752,1.3530814431066671,0.057986893377748025
ssp585,optimized,D,2099,tas_c,degree_Celsius,equal weight across model-level China annual means,17,13.402337670282563,11.413600183361035,17.13838799375825,11.913379549572289,14.855310279111327,1.422052168803668
ssp585,optimized,D,2099,wpd,W m-2,equal weight across model-level China annual means,17,28.60694561602983,23.968926818003013,32.71300335768029,25.279086297584815,31.943295536440004,2.5791049569788878
ssp585,optimized,D,2100,pvpot,W m-2,equal weight across model-level China annual means,17,197.9608017762358,190.71681256198053,203.49714802359787,192.768118483899,202.51582706858147,3.722086294166049
ssp585,optimized,D,2100,rsds,W m-2,equal weight across model-level China annual means,17,195.81351899828752,191.07474730894782,202.3047900575907,191.3631714604402,200.82158544361937,3.531363034334645
ssp585,optimized,D,2100,sfcWind_10m,m s-1,equal weight across model-level China annual means,17,1.2979003350565987,1.1825005970661198,1.3716430078440391,1.251707791837462,1.3592909874460641,0.04798912214425801
ssp585,optimized,D,2100,tas_c,degree_Celsius,equal weight across model-level China annual means,17,13.511641648960898,11.682490386642606,17.09661609562274,12.14299359594308,14.785610230972443,1.272711682904806
ssp585,optimized,D,2100,wpd,W m-2,equal weight across model-level China annual means,17,28.771279359372272,26.030933951077497,32.87524966900066,26.768989250625122,31.60081123266217,1.9747652042028727
ssp585,paper_qm,B,2015,pvpot,W m-2,equal weight across model-level China annual means,17,199.2030878024288,192.49300921075914,203.11553177527665,196.30542461809117,201.55335229458325,2.5230671103175855
ssp585,paper_qm,B,2015,rsds,W m-2,equal weight across model-level China annual means,17,191.2240097303742,185.40027819104276,195.01962655184252,187.8053101347048,193.45981894106663,2.486151480913189
ssp585,paper_qm,B,2015,sfcWind_10m,m s-1,equal weight across model-level China annual means,17,1.299833053258577,0.9763686331687081,1.4668120824504272,1.2260487629536954,1.3990974018469355,0.10330057197250846
ssp585,paper_qm,B,2015,tas_c,degree_Celsius,equal weight across model-level China annual means,17,7.452015665530273,6.520081359878517,8.21441984727456,7.068669083586199,8.023489632370039,0.426844508867201
ssp585,paper_qm,B,2015,wpd,W m-2,equal weight across model-level China annual means,17,29.703304198404446,16.78488863880469,36.68707711663614,25.366243738176372,34.71631973243674,4.659285867389434
ssp585,paper_qm,B,2016,pvpot,W m-2,equal weight across model-level China annual means,17,198.97345572723637,191.30415526486863,203.28444088096774,196.82898968029758,202.78944887433073,2.9089363587113968
ssp585,paper_qm,B,2016,rsds,W m-2,equal weight across model-level China annual means,17,191.06272627795133,183.81761986535437,195.33806044112114,188.3173355892195,194.98395207420432,2.9376870807601447
ssp585,paper_qm,B,2016,sfcWind_10m,m s-1,equal weight across model-level China annual means,17,1.3062890863620111,1.1139548216484574,1.429308908079564,1.2539993721616425,1.3502950881857725,0.06287130756573696
ssp585,paper_qm,B,2016,tas_c,degree_Celsius,equal weight across model-level China annual means,17,7.527718062678678,6.815712214761678,8.233357628882906,7.001477373156898,7.984767253700581,0.4004140536588194
ssp585,paper_qm,B,2016,wpd,W m-2,equal weight across model-level China annual means,17,29.460933701242805,22.864741867920145,33.80823001025514,26.11538213303634,32.542884663728394,2.712753780840815
ssp585,paper_qm,B,2017,pvpot,W m-2,equal weight across model-level China annual means,17,198.69534081904968,192.37778814431954,202.80761839383592,196.5996985894145,201.41586609630522,2.3829313055986034
ssp585,paper_qm,B,2017,rsds,W m-2,equal weight across model-level China annual means,17,190.79594272949035,184.80629742366133,195.16407129422313,188.30156784019195,193.83970842078,2.5526917075640236
ssp585,paper_qm,B,2017,sfcWind_10m,m s-1,equal weight across model-level China annual means,17,1.313507503432705,1.0192012399729669,1.4473958697243325,1.247382207619178,1.408341739266734,0.09264030505887902
ssp585,paper_qm,B,2017,tas_c,degree_Celsius,equal weight across model-level China annual means,17,7.57644480225385,6.685625419367056,8.276698114150046,7.001896919117512,8.032519545643847,0.4191525877171599
ssp585,paper_qm,B,2017,wpd,W m-2,equal weight across model-level China annual means,17,29.82125770198342,19.281972476634603,35.97393478371183,26.24040997566216,34.61463236818944,3.901220655897981
ssp585,paper_qm,B,2018,pvpot,W m-2,equal weight across model-level China annual means,17,199.02610499976564,189.4356009934307,203.42704573059146,196.7945950604963,201.85429495655944,3.0400339795366182
ssp585,paper_qm,B,2018,rsds,W m-2,equal weight across model-level China annual means,17,191.10093654648216,182.24108794227584,195.15096560623996,188.24445819461417,194.0726182038051,2.934331607905584
ssp585,paper_qm,B,2018,sfcWind_10m,m s-1,equal weight across model-level China annual means,17,1.313540756321622,1.060189689232849,1.4345409730705345,1.2685643474306818,1.3814392244285318,0.07726906944055992
ssp585,paper_qm,B,2018,tas_c,degree_Celsius,equal weight across model-level China annual means,17,7.597858517464006,6.6982127636541895,8.293024656632298,7.064370585437452,7.976629682729653,0.3917725103261384
ssp585,paper_qm,B,2018,wpd,W m-2,equal weight across model-level China annual means,17,29.45018200312917,19.53565478212333,33.769202285624814,26.473936544575864,32.78709490536347,3.281877809873547
ssp585,paper_qm,B,2019,pvpot,W m-2,equal weight across model-level China annual means,17,199.88246955810177,196.0890797985069,203.25886821909708,197.10442188654545,202.38584591240166,1.9183649456577587
ssp585,paper_qm,B,2019,rsds,W m-2,equal weight across model-level China annual means,17,192.10241906824308,188.80330282313298,195.51749663249447,189.28454209488532,194.5844642042113,1.9020281136936767
ssp585,paper_qm,B,2019,sfcWind_10m,m s-1,equal weight across model-level China annual means,17,1.3266378105355385,1.0404689214115959,1.4402941907255993,1.2562879068889006,1.3964913499416327,0.08644150299430793
ssp585,paper_qm,B,2019,tas_c,degree_Celsius,equal weight across model-level China annual means,17,7.6464607951323575,7.0553357829898005,8.206421935356131,7.08669081454118,8.097243365874878,0.37036018488768124
ssp585,paper_qm,B,2019,wpd,W m-2,equal weight across model-level China annual means,17,30.799217060641997,20.594791880374842,36.56365702494689,26.694515366266526,34.60755498858554,3.7888526283856527
ssp585,paper_qm,B,2020,pvpot,W m-2,equal weight across model-level China annual means,17,200.19214259816405,195.75300273360827,205.6700132426748,196.67966064128692,202.22785832072765,2.363012155785715
ssp585,paper_qm,B,2020,rsds,W m-2,equal weight across model-level China annual means,17,192.447244105412,187.52409582630636,197.7301925087786,189.01836127611654,194.73695855868436,2.449653207912634
ssp585,paper_qm,B,2020,sfcWind_10m,m s-1,equal weight across model-level China annual means,17,1.3419502884652637,1.124123650775541,1.4472831431169666,1.2536135014758265,1.401892373037345,0.07453577895842124
ssp585,paper_qm,B,2020,tas_c,degree_Celsius,equal weight across model-level China annual means,17,7.734773952403191,6.9265720037770855,8.415852639600589,7.117211662807761,8.272458785737781,0.4439228334320984
ssp585,paper_qm,B,2020,wpd,W m-2,equal weight across model-level China annual means,17,31.24814313332319,23.222584869083292,34.58751921179681,26.915022361003537,34.04919667917076,3.091875356452706
ssp585,paper_qm,B,2021,pvpot,W m-2,equal weight across model-level China annual means,17,198.94598080282992,188.2425393098872,202.24175802928525,196.39426891728667,201.15862660808642,3.1402762066433683
ssp585,paper_qm,B,2021,rsds,W m-2,equal weight across model-level China annual means,17,191.17290485682565,181.64930997930608,195.17065679033612,188.25573677059967,193.55581795341644,3.0349490170442106
ssp585,paper_qm,B,2021,sfcWind_10m,m s-1,equal weight across model-level China annual means,17,1.3288526531746587,1.0397067042386756,1.4482101544496524,1.2855321020889485,1.4248280185285092,0.08736576801833275
ssp585,paper_qm,B,2021,tas_c,degree_Celsius,equal weight across model-level China annual means,17,7.67985107584498,6.81710759804043,8.667300669221719,7.074013162866484,8.175778490916752,0.4891637609314201
ssp585,paper_qm,B,2021,wpd,W m-2,equal weight across model-level China annual means,17,30.710070572384666,19.836707003978425,39.3415886483969,28.885019391134872,34.344647345655815,3.733204705266122
ssp585,paper_qm,B,2022,pvpot,W m-2,equal weight across model-level China annual means,17,199.48798295651378,191.19829302247226,202.7588901633965,197.59044099191274,201.30549530529245,2.5201814286112887
ssp585,paper_qm,B,2022,rsds,W m-2,equal weight across model-level China annual means,17,191.895080117585,184.35408312063143,195.17593225126745,189.96110434937495,194.18566547870174,2.4682909053981423
ssp585,paper_qm,B,2022,sfcWind_10m,m s-1,equal weight across model-level China annual means,17,1.3101716651618809,1.1093213836315334,1.4453119018031257,1.211959472506486,1.3971985268291964,0.07981847405471976
ssp585,paper_qm,B,2022,tas_c,degree_Celsius,equal weight across model-level China annual means,17,7.817993932263253,6.550668949878097,8.458047588905146,7.2665678487612455,8.3845195895411,0.5092685085877485
ssp585,paper_qm,B,2022,wpd,W m-2,equal weight across model-level China annual means,17,29.810262535664943,22.60258302355426,38.641038498840594,24.61028078590151,33.789511100509756,3.9926504906144324
ssp585,paper_qm,B,2023,pvpot,W m-2,equal weight across model-level China annual means,17,198.69991777747651,193.1689682671422,204.11917568077885,196.43449724109055,202.21058093892546,2.6926322853401286
ssp585,paper_qm,B,2023,rsds,W m-2,equal weight across model-level China annual means,17,190.96560283214302,186.7475016006505,196.51575018247456,187.84816602955607,194.497117878099,2.644200127686979
ssp585,paper_qm,B,2023,sfcWind_10m,m s-1,equal weight across model-level China annual means,17,1.3089760659868972,1.0306658501016335,1.4181402419833946,1.2452583230764998,1.3791681934194566,0.0837289279448294
ssp585,paper_qm,B,2023,tas_c,degree_Celsius,equal weight across model-level China annual means,17,7.724060816739873,6.630605194593024,8.861427203652928,7.04832114735182,8.325435652734365,0.5729357058950622
ssp585,paper_qm,B,2023,wpd,W m-2,equal weight across model-level China annual means,17,29.85852699694604,19.95186416031867,34.46848107658966,26.897729329580052,33.72126266263517,3.534284664344063
ssp585,paper_qm,B,2024,pvpot,W m-2,equal weight across model-level China annual means,17,199.64428363893074,193.04326813324562,204.32688082097334,198.4304454666292,201.8277454342388,2.2248832850295264
ssp585,paper_qm,B,2024,rsds,W m-2,equal weight across model-level China annual means,17,192.1030142186521,186.82238756520448,196.7367598741541,190.65677448975973,194.8892123667076,2.162729854564962
ssp585,paper_qm,B,2024,sfcWind_10m,m s-1,equal weight across model-level China annual means,17,1.3086887041841178,1.0161402309370613,1.4775841399502505,1.240312995586324,1.375894527720919,0.09217816036126181
ssp585,paper_qm,B,2024,tas_c,degree_Celsius,equal weight across model-level China annual means,17,7.859328725439911,6.884279109101583,8.969234264408591,7.093931542298048,8.648509799202605,0.6081682285538427
ssp585,paper_qm,B,2024,wpd,W m-2,equal weight across model-level China annual means,17,30.191985804712203,19.134466320506363,38.88439231888909,26.405175105337353,33.99255440661167,4.249035296190437
ssp585,paper_qm,B,2025,pvpot,W m-2,equal weight across model-level China annual means,17,199.3653385948858,194.3176959006851,201.79016707558242,197.33643419866604,201.43815301972154,1.944384876459673
ssp585,paper_qm,B,2025,rsds,W m-2,equal weight across model-level China annual means,17,191.9202652342215,187.6540667424794,194.76509608251266,189.1974516487099,194.37507314923735,1.978901387155698
ssp585,paper_qm,B,2025,sfcWind_10m,m s-1,equal weight across model-level China annual means,17,1.3068899529582079,1.0217555413445323,1.4478098784557496,1.2391436333851376,1.3979914814779435,0.09306402662356651
ssp585,paper_qm,B,2025,tas_c,degree_Celsius,equal weight across model-level China annual means,17,7.9736304234873865,6.966975285499451,8.90382221463029,7.344021972870663,8.721198100300118,0.5767630813286027
ssp585,paper_qm,B,2025,wpd,W m-2,equal weight across model-level China annual means,17,29.638481917097295,19.10021891233796,38.83423762902589,25.55524541836275,34.59617259812126,4.540162242859909
ssp585,paper_qm,B,2026,pvpot,W m-2,equal weight across model-level China annual means,17,199.46560234761995,196.04852956402502,203.24423136285554,197.11977791471026,202.30480886941513,2.0157432754224396
ssp585,paper_qm,B,2026,rsds,W m-2,equal weight across model-level China annual means,17,192.04367538320105,188.41184943115877,196.3766763764406,189.58945887878616,195.0391383423227,2.16250116672393
ssp585,paper_qm,B,2026,sfcWind_10m,m s-1,equal weight across model-level China annual means,17,1.301973727115167,1.0138583829629033,1.407133270621552,1.213520318081545,1.4045790279579082,0.09651017684476959
ssp585,paper_qm,B,2026,tas_c,degree_Celsius,equal weight across model-level China annual means,17,7.991390300171677,6.912778759227062,8.937022433598457,7.333956859483732,8.668901793151857,0.552780484797707
ssp585,paper_qm,B,2026,wpd,W m-2,equal weight across model-level China annual means,17,29.731756691306355,19.6697806154395,38.38882622321433,25.14833565684307,35.09756444294803,4.566982926278407
ssp585,paper_qm,B,2027,pvpot,W m-2,equal weight across model-level China annual means,17,199.83353019763024,194.30698891878316,204.937864378012,198.44802259128406,202.35995600900822,2.1776765137002205
ssp585,paper_qm,B,2027,rsds,W m-2,equal weight across model-level China annual means,17,192.47506147818274,187.48618703887925,197.74825849208648,190.56333986339033,195.40959147708753,2.286752222745366
ssp585,paper_qm,B,2027,sfcWind_10m,m s-1,equal weight across model-level China annual means,17,1.3106085763727038,1.0626865202822406,1.4209334670710039,1.2553970686882214,1.4019376214585992,0.08034915102327869
ssp585,paper_qm,B,2027,tas_c,degree_Celsius,equal weight across model-level China annual means,17,8.08655021817274,7.367578844673129,8.824481408164607,7.493633174192154,8.644622147200561,0.44600472150906534
ssp585,paper_qm,B,2027,wpd,W m-2,equal weight across model-level China annual means,17,29.49189144029454,21.462162478185093,35.88840374174908,26.081209749870162,33.118435911315494,3.3845150668701254
ssp585,paper_qm,B,2028,pvpot,W m-2,equal weight across model-level China annual means,17,199.6005315073884,196.0702677776302,203.76034858893073,196.45967158059838,202.48500127308878,2.2668663911861944
ssp585,paper_qm,B,2028,rsds,W m-2,equal weight across model-level China annual means,17,192.21131068242727,188.16619509777038,196.80560225151382,188.94461478706378,195.21450626501488,2.4386508463083105
ssp585,paper_qm,B,2028,sfcWind_10m,m s-1,equal weight across model-level China annual means,17,1.3207332018439093,1.0696525541750919,1.4382522486943419,1.2603095540716645,1.382282147019794,0.0767317675033218
ssp585,paper_qm,B,2028,tas_c,degree_Celsius,equal weight across model-level China annual means,17,8.084863601279972,7.285728965676451,8.80722671971912,7.352488944615183,8.710360005061524,0.5038882673228561
ssp585,paper_qm,B,2028,wpd,W m-2,equal weight across model-level China annual means,17,30.225081953855078,21.268117307041013,39.79845107181344,27.256299164056497,32.077692804273305,3.5299576422727816
ssp585,paper_qm,B,2029,pvpot,W m-2,equal weight across model-level China annual means,17,200.7756862880793,195.00034749357178,206.16019647274388,196.8581480682945,204.3468570746308,2.9655800988932968
ssp585,paper_qm,B,2029,rsds,W m-2,equal weight across model-level China annual means,17,193.56149852387603,188.37569080190005,198.4497284665323,189.55882852010302,197.20790368467837,2.968256221599928
ssp585,paper_qm,B,2029,sfcWind_10m,m s-1,equal weight across model-level China annual means,17,1.3235711871324853,1.0713658009352145,1.413969600118716,1.2870553723453968,1.37737161363139,0.07169538329365881
ssp585,paper_qm,B,2029,tas_c,degree_Celsius,equal weight across model-level China annual means,17,8.231640244435706,7.285621743316618,9.259201294465816,7.60354559250981,8.791362808513563,0.5222146943346986
ssp585,paper_qm,B,2029,wpd,W m-2,equal weight across model-level China annual means,17,30.27176379277968,20.31070995096498,35.80682581273637,28.110767398125187,32.95134008308791,3.1990467633001507
ssp585,paper_qm,B,2030,pvpot,W m-2,equal weight across model-level China annual means,17,199.72166912934688,195.56531260258302,205.31998522300194,196.46403665125018,203.78603246812617,2.65380882257263
ssp585,paper_qm,B,2030,rsds,W m-2,equal weight across model-level China annual means,17,192.3814598214271,187.99477450854252,197.9532867133536,189.47354690858435,196.87854121565388,2.743849115332288
ssp585,paper_qm,B,2030,sfcWind_10m,m s-1,equal weight across model-level China annual means,17,1.3262807178948781,1.0203124216545454,1.4530390540653035,1.2551902303861233,1.4295843689982959,0.09622096138647043
ssp585,paper_qm,B,2030,tas_c,degree_Celsius,equal weight across model-level China annual means,17,8.152782034628888,7.321456556976332,9.080374601284252,7.503253719608187,8.83761608299745,0.6006468694282903
ssp585,paper_qm,B,2030,wpd,W m-2,equal weight across model-level China annual means,17,30.58636553427663,19.4668483780932,37.95417926369019,26.640063869256622,36.90918706500174,4.475755943895298
ssp585,paper_qm,B,2031,pvpot,W m-2,equal weight across model-level China annual means,17,200.35302253989755,196.77563409756127,204.9778636464016,197.5861660372428,203.67090109554513,2.3607152688570827
ssp585,paper_qm,B,2031,rsds,W m-2,equal weight across model-level China annual means,17,193.18934159560268,189.44328043025203,197.67305043342807,190.35458205999643,196.6142193884956,2.3144588741837118
ssp585,paper_qm,B,2031,sfcWind_10m,m s-1,equal weight across model-level China annual means,17,1.2935251464860382,1.0089137761636144,1.419055965226234,1.2304758259119664,1.3773887939099942,0.08796502575177886
ssp585,paper_qm,B,2031,tas_c,degree_Celsius,equal weight across model-level China annual means,17,8.301383282558438,7.402131992986778,9.84868309956583,7.736090431511942,8.890865553181651,0.5708041172484993
ssp585,paper_qm,B,2031,wpd,W m-2,equal weight across model-level China annual means,17,28.851464431191392,18.357786200440096,37.007717907243986,25.405131333174705,32.30068449068608,3.793083430780935
ssp585,paper_qm,B,2032,pvpot,W m-2,equal weight across model-level China annual means,17,200.2835949053376,196.66698064084108,203.43970108307465,197.3386426825243,203.16558540216644,2.0672303641971133
ssp585,paper_qm,B,2032,rsds,W m-2,equal weight across model-level China annual means,17,193.22882557398003,190.00843643097105,197.31951151913788,190.30800160782073,196.14153483217734,2.1626227146264054
ssp585,paper_qm,B,2032,sfcWind_10m,m s-1,equal weight across model-level China annual means,17,1.283574395816846,0.9995143694405807,1.3812674639658338,1.2069189719439861,1.357114535455139,0.08867599436417971
ssp585,paper_qm,B,2032,tas_c,degree_Celsius,equal weight across model-level China annual means,17,8.357033756785858,7.353563163555433,9.575459538156336,7.8605866002752265,9.315570967520765,0.5755220208597304
ssp585,paper_qm,B,2032,wpd,W m-2,equal weight across model-level China annual means,17,28.666337278303345,18.50333583659695,34.46120358504027,25.5484428484218,32.58651718770904,3.5056107930043003
ssp585,paper_qm,B,2033,pvpot,W m-2,equal weight across model-level China annual means,17,200.24953730830177,196.46288380295132,205.74040347630583,197.50513466327732,202.8617897737264,2.2785200533217767
ssp585,paper_qm,B,2033,rsds,W m-2,equal weight across model-level China annual means,17,193.18726749125574,188.6533108977601,198.6830413994912,190.4027424873618,195.76373306200463,2.406901036145915
ssp585,paper_qm,B,2033,sfcWind_10m,m s-1,equal weight across model-level China annual means,17,1.309454076819361,1.0814449101922625,1.4062037583989937,1.2236392957870728,1.3795533402246467,0.07621939883588023
ssp585,paper_qm,B,2033,tas_c,degree_Celsius,equal weight across model-level China annual means,17,8.393921261430284,7.5795482515738755,9.221021561588925,7.765532552849072,9.192960280991743,0.5481397817201301
ssp585,paper_qm,B,2033,wpd,W m-2,equal weight across model-level China annual means,17,29.77516102400344,22.019086771326755,35.43962522131158,26.83702341754812,31.995667881672798,2.987005054704739
ssp585,paper_qm,B,2034,pvpot,W m-2,equal weight across model-level China annual means,17,199.45008103061457,191.41725843340518,203.1812602320241,197.06243178331394,201.9276636412714,2.680700839715059
ssp585,paper_qm,B,2034,rsds,W m-2,equal weight across model-level China annual means,17,192.30441071649463,185.16834337200137,196.37443949693798,189.77082618822513,194.9380262316062,2.5496607513227785
ssp585,paper_qm,B,2034,sfcWind_10m,m s-1,equal weight across model-level China annual means,17,1.3203387399973565,1.078019300662177,1.4120960205134514,1.2723870338014736,1.3991788461698718,0.07472492875444746
ssp585,paper_qm,B,2034,tas_c,degree_Celsius,equal weight across model-level China annual means,17,8.30511183034561,7.42018995931366,9.409969696398376,7.723485937199303,9.23895261773172,0.5869569201042052
ssp585,paper_qm,B,2034,wpd,W m-2,equal weight across model-level China annual means,17,30.449960984920033,21.422204413440294,34.942791015791165,27.289220509173813,33.515301954795554,3.058189719460108
ssp585,paper_qm,B,2035,pvpot,W m-2,equal weight across model-level China annual means,17,199.66316732889155,195.41002047647964,202.82988646892557,196.89211442780618,201.80892860102836,2.14745379540663
ssp585,paper_qm,B,2035,rsds,W m-2,equal weight across model-level China annual means,17,192.58543742727687,188.2888523087904,196.1091233029282,189.56586012984909,195.02540029921548,2.1492223619886315
ssp585,paper_qm,B,2035,sfcWind_10m,m s-1,equal weight across model-level China annual means,17,1.2881886781302203,0.9966292865562468,1.4162121116775055,1.2329347280255187,1.3585199682798297,0.08726972408594322
ssp585,paper_qm,B,2035,tas_c,degree_Celsius,equal weight across model-level China annual means,17,8.364805826296724,7.374236734731311,9.31644014469942,7.693889902420366,9.12868144274321,0.5759513465697691
ssp585,paper_qm,B,2035,wpd,W m-2,equal weight across model-level China annual means,17,29.128303090107504,18.405920950540747,34.62948804474774,26.49324499101472,33.17233498484495,3.501654078996615
ssp585,paper_qm,B,2036,pvpot,W m-2,equal weight across model-level China annual means,17,200.27191365201097,196.76369368697945,204.2679070446071,197.54106504199265,203.5899864731292,2.218110486562185
ssp585,paper_qm,B,2036,rsds,W m-2,equal weight across model-level China annual means,17,193.33237839978597,189.11821642028318,197.41142322068222,190.5023092711479,196.69662361784938,2.3471525415751664
ssp585,paper_qm,B,2036,sfcWind_10m,m s-1,equal weight across model-level China annual means,17,1.278168600038101,1.073063069459399,1.3888138247121464,1.2098901626642335,1.338480824223342,0.06846036977138395
ssp585,paper_qm,B,2036,tas_c,degree_Celsius,equal weight across model-level China annual means,17,8.447730868784916,7.554803565024954,9.432565175140951,7.701851271136635,9.1906543921336,0.5569151602001248
ssp585,paper_qm,B,2036,wpd,W m-2,equal weight across model-level China annual means,17,28.427956403634933,23.242607917065627,32.98856055202682,25.388038181053826,31.6186392447267,2.4573588325532856
ssp585,paper_qm,B,2037,pvpot,W m-2,equal weight across model-level China annual means,17,200.1162210407839,195.36194204747144,208.051733961624,196.94706812340854,202.22718815521065,2.7398501486765676
ssp585,paper_qm,B,2037,rsds,W m-2,equal weight across model-level China annual means,17,193.4906021957784,189.57479163170396,201.86282389582655,190.04312814464333,196.1702862045569,2.8990540744234368
ssp585,paper_qm,B,2037,sfcWind_10m,m s-1,equal weight across model-level China annual means,17,1.3009375419381521,1.107986731634448,1.3844809480607914,1.2340310117732611,1.3633091514296587,0.06570532250920406
ssp585,paper_qm,B,2037,tas_c,degree_Celsius,equal weight across model-level China annual means,17,8.775482142375665,7.778773803059331,9.759130025392857,7.961832508034106,9.678053294194386,0.6350259396002601
ssp585,paper_qm,B,2037,wpd,W m-2,equal weight across model-level China annual means,17,29.326955949164308,21.148989309719184,34.668077957169125,25.789434484776883,32.8531148388068,3.2621089199849616
ssp585,paper_qm,B,2038,pvpot,W m-2,equal weight across model-level China annual means,17,198.99095508910034,189.50880411256128,205.80926290944794,196.9047729912044,201.99402538419673,3.365272533652661
ssp585,paper_qm,B,2038,rsds,W m-2,equal weight across model-level China annual means,17,192.3104516089508,184.01228222602234,200.0776211521188,189.57129534472998,195.65301179345002,3.4305630126283906
ssp585,paper_qm,B,2038,sfcWind_10m,m s-1,equal weight across model-level China annual means,17,1.300102601158606,1.0957799187977297,1.456007637852781,1.204518541430917,1.4089142948400648,0.08752043948594601
ssp585,paper_qm,B,2038,tas_c,degree_Celsius,equal weight across model-level China annual means,17,8.758698442526507,8.251478427571309,9.784195454745143,8.265409417689854,9.327514450512798,0.44018409067936504
ssp585,paper_qm,B,2038,wpd,W m-2,equal weight across model-level China annual means,17,29.64023476244359,21.860459589406116,34.42696211708861,25.336042680003573,32.86516922167519,3.0733820140763313
ssp585,paper_qm,B,2039,pvpot,W m-2,equal weight across model-level China annual means,17,199.7023661833691,197.0482432839822,203.7928838441368,197.88678721874857,201.78992835212725,1.7492427705694882
ssp585,paper_qm,B,2039,rsds,W m-2,equal weight across model-level China annual means,17,192.95854432288002,190.21679554959792,196.99697479762574,191.49365783177174,195.4831980186941,1.7210290000571298
ssp585,paper_qm,B,2039,sfcWind_10m,m s-1,equal weight across model-level China annual means,17,1.2916924885097825,1.0489009671458551,1.4330077884478494,1.2416401949985487,1.3633989818784833,0.07870877525782828
ssp585,paper_qm,B,2039,tas_c,degree_Celsius,equal weight across model-level China annual means,17,8.694975769787135,7.679862451013167,9.647082512552194,8.111656128360968,9.311118825093775,0.5041268359209474
ssp585,paper_qm,B,2039,wpd,W m-2,equal weight across model-level China annual means,17,28.91711735453081,21.221268884798217,33.855505259861935,25.9521903730026,32.45440534767805,3.1257124183038734
ssp585,paper_qm,B,2040,pvpot,W m-2,equal weight across model-level China annual means,17,199.72432173504347,194.32267087896696,203.72619612427627,196.98480903792912,202.82622138409545,2.530048439782147
ssp585,paper_qm,B,2040,rsds,W m-2,equal weight across model-level China annual means,17,193.15964259028672,188.18056023426777,197.75924872735789,189.35973917799024,196.59345187961523,2.728817521571188
ssp585,paper_qm,B,2040,sfcWind_10m,m s-1,equal weight across model-level China annual means,17,1.2864156131778273,1.1043876347504482,1.3923230055650695,1.2219489272835224,1.3389176825564602,0.06277074435744376
ssp585,paper_qm,B,2040,tas_c,degree_Celsius,equal weight across model-level China annual means,17,8.845919538711428,7.547702645941645,9.873270022184768,8.123200729477507,9.552259314326378,0.581610920543847
ssp585,paper_qm,B,2040,wpd,W m-2,equal weight across model-level China annual means,17,28.90711640857323,22.692670744303737,34.890815368018174,25.645859790217976,32.345791030734134,3.0121218011289077
ssp585,paper_qm,B,2041,pvpot,W m-2,equal weight across model-level China annual means,17,199.4928733712611,195.45060093652853,204.31660484910518,196.96159008016716,201.70126140571475,2.179527114092939
ssp585,paper_qm,B,2041,rsds,W m-2,equal weight across model-level China annual means,17,192.80794098217686,189.00798607543973,198.22355937477838,190.2767942820068,195.62070679078096,2.341894708261294
ssp585,paper_qm,B,2041,sfcWind_10m,m s-1,equal weight across model-level China annual means,17,1.2910828704343957,1.054916350189003,1.394343087600423,1.2251489789133785,1.3840083432350958,0.0804212885911876
ssp585,paper_qm,B,2041,tas_c,degree_Celsius,equal weight across model-level China annual means,17,8.790172322963965,7.836563983366692,10.10533780983978,8.038621242511267,9.47647356537169,0.637676479413531
ssp585,paper_qm,B,2041,wpd,W m-2,equal weight across model-level China annual means,17,29.244599747237118,20.258085823953003,35.932866247949484,25.76136609255923,34.46581002469086,3.813772665248876
ssp585,paper_qm,B,2042,pvpot,W m-2,equal weight across model-level China annual means,17,199.15042133751928,194.07891043016593,202.7838077842409,196.20600118516998,201.3747500970488,2.3916142272206056
ssp585,paper_qm,B,2042,rsds,W m-2,equal weight across model-level China annual means,17,192.495691813251,188.10565942660298,195.4552344114562,189.31214749657337,195.08109438281278,2.386489194317443
ssp585,paper_qm,B,2042,sfcWind_10m,m s-1,equal weight across model-level China annual means,17,1.2970434387645149,0.9946162737156103,1.4375395375563322,1.1976677331288923,1.3953234161944763,0.10264614105202977
ssp585,paper_qm,B,2042,tas_c,degree_Celsius,equal weight across model-level China annual means,17,8.827136861743007,7.950605690179089,9.74830486985543,8.16931443202699,9.535138629073918,0.5139653416350647
ssp585,paper_qm,B,2042,wpd,W m-2,equal weight across model-level China annual means,17,29.41753456750714,18.09093260491594,35.79297597162266,25.05965293411221,33.40521791121821,4.143063842390188
ssp585,paper_qm,B,2043,pvpot,W m-2,equal weight across model-level China annual means,17,200.33563086688108,196.28518049204118,207.0228168391702,197.94258350879696,203.67886376350936,2.6854229223240953
ssp585,paper_qm,B,2043,rsds,W m-2,equal weight across model-level China annual means,17,193.85750902432966,188.92782405345704,200.89149816985778,190.79863005198877,197.54211162299475,3.036538693137755
ssp585,paper_qm,B,2043,sfcWind_10m,m s-1,equal weight across model-level China annual means,17,1.2976334670581129,1.040622601175241,1.4353110056180964,1.215313847958094,1.3727022597374237,0.08784868182353613
ssp585,paper_qm,B,2043,tas_c,degree_Celsius,equal weight across model-level China annual means,17,8.983104820076422,7.794905160905728,10.406429040828986,8.0179644628558,9.605002663379532,0.7051996506435477
ssp585,paper_qm,B,2043,wpd,W m-2,equal weight across model-level China annual means,17,28.952176908461922,18.70904635208649,36.380030037883856,24.616601265635676,32.66036663255315,4.011912095400057
ssp585,paper_qm,B,2044,pvpot,W m-2,equal weight across model-level China annual means,17,199.41426035454256,196.66662450237527,204.02485908910953,197.08677602287918,202.55093563527225,2.181312660619999
ssp585,paper_qm,B,2044,rsds,W m-2,equal weight across model-level China annual means,17,193.04202703772523,189.725819385097,198.35785191080458,190.02878983659923,196.65449512139602,2.556874909193244
ssp585,paper_qm,B,2044,sfcWind_10m,m s-1,equal weight across model-level China annual means,17,1.2938894658919275,1.016224944853856,1.3640559657900395,1.2012035492544957,1.3601424414401755,0.08501978016087841
ssp585,paper_qm,B,2044,tas_c,degree_Celsius,equal weight across model-level China annual means,17,9.121157519744594,8.023611422900835,10.505414232834218,8.483486794231808,9.922833891610646,0.6170907838325274
ssp585,paper_qm,B,2044,wpd,W m-2,equal weight across model-level China annual means,17,29.336242706947388,20.14868988090009,33.61340070365377,24.643769267381543,32.95308304269288,3.358662503060118
ssp585,paper_qm,B,2045,pvpot,W m-2,equal weight across model-level China annual means,17,199.38629337285496,194.1352894893705,205.1487471215073,196.91493364574373,203.18671024765757,2.6917869518779294
ssp585,paper_qm,B,2045,rsds,W m-2,equal weight across model-level China annual means,17,193.10896490823112,187.5387983067893,199.301843531505,190.6247419386652,196.7088743723223,2.7948895974887438
ssp585,paper_qm,B,2045,sfcWind_10m,m s-1,equal weight across model-level China annual means,17,1.2791796118393617,1.0449518706283476,1.381515882642378,1.2007741568278105,1.3583750926645848,0.07559492623767751
ssp585,paper_qm,B,2045,tas_c,degree_Celsius,equal weight across model-level China annual means,17,9.2124774293461,8.07901835858321,10.566286810953125,8.577471972651386,9.811280952035178,0.5791998057889228
ssp585,paper_qm,B,2045,wpd,W m-2,equal weight across model-level China annual means,17,28.896899810611714,20.20687781465152,32.41974498981782,25.677125525365497,31.880944280813047,3.0013410938231484
ssp585,paper_qm,B,2046,pvpot,W m-2,equal weight across model-level China annual means,17,198.81484926183785,195.01396047430262,205.41968862217502,195.83713595689156,201.62669219930427,2.6653756556714034
ssp585,paper_qm,B,2046,rsds,W m-2,equal weight across model-level China annual means,17,192.50647679454116,188.35140331794696,199.59159331977608,189.463983432889,195.57840107963258,2.9235245228574067
ssp585,paper_qm,B,2046,sfcWind_10m,m s-1,equal weight across model-level China annual means,17,1.2935828333140935,1.0773675060847359,1.432929919805816,1.2414291065122216,1.3520915826393656,0.07230788637874147
ssp585,paper_qm,B,2046,tas_c,degree_Celsius,equal weight across model-level China annual means,17,9.116681208305597,8.19622974060312,10.323422025113976,8.486574814474423,9.967996472936472,0.5969120844706783
ssp585,paper_qm,B,2046,wpd,W m-2,equal weight across model-level China annual means,17,29.658095924781712,21.174957354263107,34.6699716877899,26.614779770890017,33.13080603967192,3.0401320012430184
ssp585,paper_qm,B,2047,pvpot,W m-2,equal weight across model-level China annual means,17,199.77096348681192,195.82896813243096,205.1186394992878,196.17287841975687,202.4071010197041,2.44616004651969
ssp585,paper_qm,B,2047,rsds,W m-2,equal weight across model-level China annual means,17,193.41639152941468,189.13730264682832,199.10559996717726,190.4958506439751,196.0701621098728,2.477180267804338
ssp585,paper_qm,B,2047,sfcWind_10m,m s-1,equal weight across model-level China annual means,17,1.3045934317782706,1.0309960257818187,1.436409004234669,1.218973616713279,1.3826289820955369,0.09151803325569227
ssp585,paper_qm,B,2047,tas_c,degree_Celsius,equal weight across model-level China annual means,17,9.042409305052415,7.8534343050266004,10.946674263533218,7.940196689314226,9.58208538106082,0.7098294722666579
ssp585,paper_qm,B,2047,wpd,W m-2,equal weight across model-level China annual means,17,30.041649598039136,19.287677537741615,35.85189512866232,26.54446841493255,34.26133261703639,3.8816347707216865
ssp585,paper_qm,B,2048,pvpot,W m-2,equal weight across model-level China annual means,17,199.4536142116644,190.49031997767284,202.4272159906989,196.7383618516099,202.35488412019487,2.819142460988193
ssp585,paper_qm,B,2048,rsds,W m-2,equal weight across model-level China annual means,17,193.31247256623982,186.07930542641392,196.5402824875174,190.71158990271095,195.67905821161523,2.4936323465561268
ssp585,paper_qm,B,2048,sfcWind_10m,m s-1,equal weight across model-level China annual means,17,1.3051715546282998,1.0096455453647724,1.4547936745909869,1.1860510416632255,1.4224269379581247,0.10415883935130471
ssp585,paper_qm,B,2048,tas_c,degree_Celsius,equal weight across model-level China annual means,17,9.336044164790973,8.109932435231437,11.171662709218717,8.404628435439442,9.834063179842651,0.6977700645237366
ssp585,paper_qm,B,2048,wpd,W m-2,equal weight across model-level China annual means,17,29.415755960757103,18.677766230551814,36.40387024036893,25.242623726879277,33.55707570382739,4.027426046522718
ssp585,paper_qm,B,2049,pvpot,W m-2,equal weight across model-level China annual means,17,199.46299187452928,195.15229598236036,206.3233471838273,195.64965278594104,202.39009033018806,2.856680470563995
ssp585,paper_qm,B,2049,rsds,W m-2,equal weight across model-level China annual means,17,193.52269500960637,188.80690722269193,200.9596472905324,189.5384743426796,196.26583281668516,3.057206623054127
ssp585,paper_qm,B,2049,sfcWind_10m,m s-1,equal weight across model-level China annual means,17,1.2818364010155794,1.0202106999576739,1.3815294831254885,1.2447447964976193,1.361435216286237,0.08017811916694093
ssp585,paper_qm,B,2049,tas_c,degree_Celsius,equal weight across model-level China annual means,17,9.455512475538297,8.336123337682492,10.387102060453635,8.756154136190942,10.075728716236123,0.5673790009523348
ssp585,paper_qm,B,2049,wpd,W m-2,equal weight across model-level China annual means,17,28.61057652198843,18.859833756755023,33.28276598668791,25.433200964869553,32.38059317714898,3.571968686404059
ssp585,paper_qm,B,2050,pvpot,W m-2,equal weight across model-level China annual means,17,199.727930252854,194.94360499822292,204.9706366593896,196.88039457544934,204.11107316954,2.6691533902084683
ssp585,paper_qm,B,2050,rsds,W m-2,equal weight across model-level China annual means,17,193.7748650193951,188.89168023460584,199.2894897342907,190.54746130264712,198.75721198224076,2.8605246980178145
ssp585,paper_qm,B,2050,sfcWind_10m,m s-1,equal weight across model-level China annual means,17,1.284199476269958,1.0987272233942635,1.3755997873519827,1.1929950349626752,1.3426960993218608,0.07173344392301582
ssp585,paper_qm,B,2050,tas_c,degree_Celsius,equal weight across model-level China annual means,17,9.487487413599899,8.288572725821988,10.950320766778239,8.817434425690388,10.336850000238892,0.675120465893733
ssp585,paper_qm,B,2050,wpd,W m-2,equal weight across model-level China annual means,17,29.016929021664858,22.13963673749218,33.524490424621554,26.051568957960242,32.012394682173536,2.814921033822179
ssp585,paper_qm,B,2051,pvpot,W m-2,equal weight across model-level China annual means,17,199.99950034823914,196.06559769007038,207.70234140607803,197.1135955991411,203.5923775486838,2.994431569033606
ssp585,paper_qm,B,2051,rsds,W m-2,equal weight across model-level China annual means,17,193.9336051404691,190.12524192147683,202.76355152687643,190.44639970619872,197.88327990127775,3.2807931487703255
ssp585,paper_qm,B,2051,sfcWind_10m,m s-1,equal weight across model-level China annual means,17,1.2985236647276168,1.0896819163610239,1.4179243926046334,1.200953495048709,1.3924379223457768,0.08247939077036058
ssp585,paper_qm,B,2051,tas_c,degree_Celsius,equal weight across model-level China annual means,17,9.368864211511376,7.93899389576283,10.342790373379675,8.64399722782338,10.141416033727639,0.6417733797653026
ssp585,paper_qm,B,2051,wpd,W m-2,equal weight across model-level China annual means,17,29.915790543631374,21.428881433347954,34.45808283552079,24.507526620198487,33.93597995546332,3.7240425341896297
ssp585,paper_qm,B,2052,pvpot,W m-2,equal weight across model-level China annual means,17,199.32864680292883,193.28683741251106,204.20432876322832,195.9445931754247,203.05474376579932,3.0453831528790785
ssp585,paper_qm,B,2052,rsds,W m-2,equal weight across model-level China annual means,17,193.48234794736678,187.97564937383572,198.92425745326025,189.25418451074952,196.97154924261127,3.121020211484263
ssp585,paper_qm,B,2052,sfcWind_10m,m s-1,equal weight across model-level China annual means,17,1.2745036438929074,1.0391997637883785,1.3852589824321433,1.2239670875166564,1.3439611654516277,0.07298629296926953
ssp585,paper_qm,B,2052,tas_c,degree_Celsius,equal weight across model-level China annual means,17,9.58842172158508,8.604264792356444,11.33105575632179,8.83145848308902,10.263871023311395,0.6696838172283792
ssp585,paper_qm,B,2052,wpd,W m-2,equal weight across model-level China annual means,17,28.843676679117962,18.999695310764825,33.53458968076901,27.279496496913747,31.33548662734418,2.9364440071676543
ssp585,paper_qm,B,2053,pvpot,W m-2,equal weight across model-level China annual means,17,199.03561395046904,192.74709875946914,204.5808974877983,194.8119335058744,203.13478057431453,3.249014138785843
ssp585,paper_qm,B,2053,rsds,W m-2,equal weight across model-level China annual means,17,193.0178710200214,188.12965957595384,198.8830328669161,188.75066323712758,197.72225024939706,3.366279393318117
ssp585,paper_qm,B,2053,sfcWind_10m,m s-1,equal weight across model-level China annual means,17,1.2862575950821613,1.1586091699674406,1.3811760328369587,1.1864635086534598,1.3590112310377556,0.06910987626707751
ssp585,paper_qm,B,2053,tas_c,degree_Celsius,equal weight across model-level China annual means,17,9.472301616102436,8.62614442338986,11.04366621516494,8.80674875883601,10.162555827166997,0.6133013138570064
ssp585,paper_qm,B,2053,wpd,W m-2,equal weight across model-level China annual means,17,29.18885399853099,22.71712473926118,35.673277746639826,25.16219058499286,31.75048762100369,3.100448312450406
ssp585,paper_qm,B,2054,pvpot,W m-2,equal weight across model-level China annual means,17,199.23349468519118,193.56234968092443,203.68149675426787,196.1695816487345,202.49738379162508,2.6581083316198555
ssp585,paper_qm,B,2054,rsds,W m-2,equal weight across model-level China annual means,17,193.39500821675824,186.42746408810532,197.93833874702364,190.10796733780435,197.2297473462972,2.9057526596323076
ssp585,paper_qm,B,2054,sfcWind_10m,m s-1,equal weight across model-level China annual means,17,1.284912386438156,1.0256937734328675,1.4194944729677381,1.189233526909894,1.4091535233367622,0.09595994079120267
ssp585,paper_qm,B,2054,tas_c,degree_Celsius,equal weight across model-level China annual means,17,9.627490784207302,8.410417148816578,11.143310774225112,8.941824964039267,10.179163307113233,0.621905585608802
ssp585,paper_qm,B,2054,wpd,W m-2,equal weight across model-level China annual means,17,29.331901878417913,19.023612547176192,37.34884474290671,25.898783306216316,33.448662625991105,3.8708320377855374
ssp585,paper_qm,B,2055,pvpot,W m-2,equal weight across model-level China annual means,17,198.8321547313267,195.00087931115237,203.86956681088125,196.00331529804524,202.81595634128232,2.58430984889255
ssp585,paper_qm,B,2055,rsds,W m-2,equal weight across model-level China annual means,17,193.1767005119798,189.09714310582316,198.80829618663674,189.95504832942484,197.52721316766142,2.9500965583701118
ssp585,paper_qm,B,2055,sfcWind_10m,m s-1,equal weight across model-level China annual means,17,1.2822392710170758,1.0666103054396026,1.3898832550699087,1.1712004232696631,1.3630554769323882,0.08800257731019909
ssp585,paper_qm,B,2055,tas_c,degree_Celsius,equal weight across model-level China annual means,17,9.809574982596816,8.625133200706255,11.80171429583641,9.143725307987683,10.528423807727743,0.7136359511254055
ssp585,paper_qm,B,2055,wpd,W m-2,equal weight across model-level China annual means,17,29.311569272893326,21.260725559717326,36.4598422423546,24.335768461444516,33.49471468620467,3.714341954544374
ssp585,paper_qm,B,2056,pvpot,W m-2,equal weight across model-level China annual means,17,199.73216253953373,195.39502761360947,204.70169440704476,196.96697283646225,202.43783852669185,2.3221726012328583
ssp585,paper_qm,B,2056,rsds,W m-2,equal weight across model-level China annual means,17,194.0809337513622,189.47546722349662,199.0381590599361,191.19448539175562,196.99021822448728,2.3897341566726356
ssp585,paper_qm,B,2056,sfcWind_10m,m s-1,equal weight across model-level China annual means,17,1.2806780454694695,1.0457455358277532,1.4152607945125641,1.2216269953091898,1.3633615266274484,0.07977797956602681
ssp585,paper_qm,B,2056,tas_c,degree_Celsius,equal weight across model-level China annual means,17,9.797790077054575,8.705367910352487,11.385960646982122,9.064246140666173,10.62406238111817,0.6963265514339778
ssp585,paper_qm,B,2056,wpd,W m-2,equal weight across model-level China annual means,17,28.929619224855458,20.899401376408566,35.95052290632977,26.305529767540957,31.228201020701647,3.045782821476095
ssp585,paper_qm,B,2057,pvpot,W m-2,equal weight across model-level China annual means,17,199.14592919956092,193.78549660270053,203.42329130228913,195.76997062980314,202.86286061984447,2.7354392542694557
ssp585,paper_qm,B,2057,rsds,W m-2,equal weight across model-level China annual means,17,193.52233391908408,187.65881223950885,198.1140842519128,190.63922765553755,197.75510873246398,2.8439571372405807
ssp585,paper_qm,B,2057,sfcWind_10m,m s-1,equal weight across model-level China annual means,17,1.2654014777364462,1.0646462818373574,1.3794853546935038,1.2068236967390678,1.3477609242319843,0.07057574169388711
ssp585,paper_qm,B,2057,tas_c,degree_Celsius,equal weight across model-level China annual means,17,9.852857359047928,9.02938981807667,11.771527819245422,9.260413258154367,10.57509219766868,0.6700984884026902
ssp585,paper_qm,B,2057,wpd,W m-2,equal weight across model-level China annual means,17,28.202964892804545,21.165493117404633,33.09114188235183,24.625803244114227,32.11653524720272,3.1488368707867904
ssp585,paper_qm,B,2058,pvpot,W m-2,equal weight across model-level China annual means,17,199.4026841116197,195.89793309344657,205.10734272572844,196.06415012072605,203.11777117003683,3.086567563488116
ssp585,paper_qm,B,2058,rsds,W m-2,equal weight across model-level China annual means,17,194.0849356066931,190.27504934476792,200.41199759433007,190.74993016197587,198.19844114707948,3.2067353405752534
ssp585,paper_qm,B,2058,sfcWind_10m,m s-1,equal weight across model-level China annual means,17,1.2688635308085952,1.118268403318541,1.3680055900271675,1.1837124908284986,1.3404198817132689,0.06693999224059934
ssp585,paper_qm,B,2058,tas_c,degree_Celsius,equal weight across model-level China annual means,17,10.14403842650237,9.051141876749012,11.77479461492045,9.533561675114447,10.797036050155176,0.6242380546634705
ssp585,paper_qm,B,2058,wpd,W m-2,equal weight across model-level China annual means,17,28.66670487146991,23.68454484703413,34.62587766009898,24.410255032470626,32.556712344132045,3.016533662456222
ssp585,paper_qm,B,2059,pvpot,W m-2,equal weight across model-level China annual means,17,198.98131542657552,194.16925356106,203.49090101326377,195.58342738900177,202.3036224630469,2.582864860383389
ssp585,paper_qm,B,2059,rsds,W m-2,equal weight across model-level China annual means,17,193.56603788230294,190.11615847173462,198.69786947551083,190.2340856806023,196.38317090371083,2.50616102005692
ssp585,paper_qm,B,2059,sfcWind_10m,m s-1,equal weight across model-level China annual means,17,1.276664587530718,1.111717204699054,1.3904930616343865,1.1994760121364396,1.3652034249645701,0.0722490901978978
ssp585,paper_qm,B,2059,tas_c,degree_Celsius,equal weight across model-level China annual means,17,10.075275161163143,8.648701887458783,11.744483245913855,9.009504251414057,11.172359890378447,0.8302818962597363
ssp585,paper_qm,B,2059,wpd,W m-2,equal weight across model-level China annual means,17,28.285346606078726,23.519752819676516,32.84225126929632,24.88494832403367,31.914704075399133,2.6620446925217216
ssp585,paper_qm,B,2060,pvpot,W m-2,equal weight across model-level China annual means,17,199.66642866583672,195.94735900234016,204.85919217870446,196.6838291133465,202.91691039900797,2.449511789581351
ssp585,paper_qm,B,2060,rsds,W m-2,equal weight across model-level China annual means,17,194.3901255625453,189.95269844871157,199.96601655632836,191.06134889649866,198.08706163841504,2.884803576015942
ssp585,paper_qm,B,2060,sfcWind_10m,m s-1,equal weight across model-level China annual means,17,1.274342919982689,1.0516672827485494,1.3894713840217776,1.1946198196361226,1.353130303983583,0.0784630375234615
ssp585,paper_qm,B,2060,tas_c,degree_Celsius,equal weight across model-level China annual means,17,10.15965133670669,9.077551662343998,12.047824082242059,9.188500811893203,11.212977727330257,0.8286716921677746
ssp585,paper_qm,B,2060,wpd,W m-2,equal weight across model-level China annual means,17,28.657621733271554,20.35083034006946,33.7626577645563,25.96580813992522,32.136363951021366,3.0688073769325337
ssp585,paper_qm,B,2061,pvpot,W m-2,equal weight across model-level China annual means,17,199.34405944860617,195.48527659197282,205.60298760358737,196.54987580182205,201.75919429031552,2.409671050289424
ssp585,paper_qm,B,2061,rsds,W m-2,equal weight across model-level China annual means,17,193.93450846805231,190.89076159433708,200.55089769095574,191.61429163495563,196.9581305431819,2.5046239334326343
ssp585,paper_qm,B,2061,sfcWind_10m,m s-1,equal weight across model-level China annual means,17,1.2797567561369487,1.0743530802298917,1.3818995447973041,1.191301898182191,1.3548285036320808,0.07438831624667326
ssp585,paper_qm,B,2061,tas_c,degree_Celsius,equal weight across model-level China annual means,17,10.044759753446332,9.2867832519406,11.67384009812178,9.380547521241645,11.023497615250935,0.6857646243428418
ssp585,paper_qm,B,2061,wpd,W m-2,equal weight across model-level China annual means,17,28.875815729371304,21.67834981381752,33.95830338454952,25.521326972630035,32.04055319162594,3.0824257498759007
ssp585,paper_qm,B,2062,pvpot,W m-2,equal weight across model-level China annual means,17,198.74748067442667,194.68898642837397,204.43393364490552,195.65283944687692,201.75876066592795,2.4650778206469437
ssp585,paper_qm,B,2062,rsds,W m-2,equal weight across model-level China annual means,17,193.4477399912408,188.49218018548308,199.05223398929994,191.03116194332347,196.58828477045546,2.436637691849693
ssp585,paper_qm,B,2062,sfcWind_10m,m s-1,equal weight across model-level China annual means,17,1.2861389287539922,1.0518802942995746,1.4329388228419864,1.202989986215113,1.3827970079051222,0.08849060656077634
ssp585,paper_qm,B,2062,tas_c,degree_Celsius,equal weight across model-level China annual means,17,10.212426159887302,9.27540139268057,11.842253582942027,9.429440819158515,10.885128433076739,0.6504106255414444
ssp585,paper_qm,B,2062,wpd,W m-2,equal weight across model-level China annual means,17,28.9090549924034,21.90331753420671,34.86608453884834,25.59150015923367,33.6539947817489,3.317015400546014
ssp585,paper_qm,B,2063,pvpot,W m-2,equal weight across model-level China annual means,17,199.67529385242537,194.10698286631745,206.5858913504472,197.03823772562035,203.18628256593448,2.879072135872749
ssp585,paper_qm,B,2063,rsds,W m-2,equal weight across model-level China annual means,17,194.55967294920117,190.24786717220832,202.00847538823768,191.070880925125,198.42298236810979,2.976229394306643
ssp585,paper_qm,B,2063,sfcWind_10m,m s-1,equal weight across model-level China annual means,17,1.281007389292871,1.05942593753211,1.3965851283911164,1.2039560331646733,1.3803953258410235,0.08420181537879108
ssp585,paper_qm,B,2063,tas_c,degree_Celsius,equal weight across model-level China annual means,17,10.342342868477022,9.159701621774142,11.808376443075767,9.346369550315034,11.21244191143975,0.6975484563267557
ssp585,paper_qm,B,2063,wpd,W m-2,equal weight across model-level China annual means,17,28.93067490976614,19.707813259762393,33.936390180543704,26.064570828935697,32.142266734342265,3.239484537454329
ssp585,paper_qm,B,2064,pvpot,W m-2,equal weight across model-level China annual means,17,199.2739338964159,191.69575563966453,205.30032989708388,194.994552629975,202.70541493983532,3.4136650680191565
ssp585,paper_qm,B,2064,rsds,W m-2,equal weight across model-level China annual means,17,194.29479613100096,188.3968727392893,200.8870133993197,189.09724571412858,198.04695945763743,3.5207240504355206
ssp585,paper_qm,B,2064,sfcWind_10m,m s-1,equal weight across model-level China annual means,17,1.2687133773953332,1.0494148354963273,1.3718269832408312,1.184799702865958,1.348601072945353,0.0800336516349548
ssp585,paper_qm,B,2064,tas_c,degree_Celsius,equal weight across model-level China annual means,17,10.517455872324952,9.269770202351804,12.31999625322178,9.67197001270197,11.129796098487137,0.7171494597751166
ssp585,paper_qm,B,2064,wpd,W m-2,equal weight across model-level China annual means,17,28.322364666677167,20.36470753308052,33.09586837951293,25.359063154381037,31.659670961039808,2.9870972236343656
ssp585,paper_qm,B,2065,pvpot,W m-2,equal weight across model-level China annual means,17,198.2492287760994,188.4152403562066,204.96484610029373,195.5890678464233,201.51157828080176,3.4923346106369726
ssp585,paper_qm,B,2065,rsds,W m-2,equal weight across model-level China annual means,17,193.28960425141312,184.7354942090034,200.40963120151784,190.41442657886822,197.22093442787232,3.4892190829144636
ssp585,paper_qm,B,2065,sfcWind_10m,m s-1,equal weight across model-level China annual means,17,1.2733016784856825,1.0378499709326896,1.3592890754393634,1.229506018253076,1.3301393898826976,0.06929950271131098
ssp585,paper_qm,B,2065,tas_c,degree_Celsius,equal weight across model-level China annual means,17,10.48285374206257,9.332682781406339,11.87155621559443,9.641067673486253,11.297688343910952,0.6783601364404187
ssp585,paper_qm,B,2065,wpd,W m-2,equal weight across model-level China annual means,17,28.76041951298751,19.859761165151028,33.487380023040664,25.44423831882971,30.97161263942536,3.006899933994542
ssp585,paper_qm,B,2066,pvpot,W m-2,equal weight across model-level China annual means,17,198.93853862202786,193.40100222196568,204.34994152359377,194.98481002647569,202.5793282552388,2.9819148365762156
ssp585,paper_qm,B,2066,rsds,W m-2,equal weight across model-level China annual means,17,194.1105370792346,188.6938389313623,199.9864204535758,189.9750105438184,198.61762904108556,3.3664311979932924
ssp585,paper_qm,B,2066,sfcWind_10m,m s-1,equal weight across model-level China annual means,17,1.2806664916580104,1.0350089078689453,1.4044634374207725,1.2023576523629238,1.3873317277029136,0.08795255671026393
ssp585,paper_qm,B,2066,tas_c,degree_Celsius,equal weight across model-level China annual means,17,10.638204824673304,9.658282983793491,12.874681318426376,9.771947088861817,11.430795523380223,0.8069544671244492
ssp585,paper_qm,B,2066,wpd,W m-2,equal weight across model-level China annual means,17,28.854475302798647,19.41239160720565,36.054393407571574,25.664167211486763,34.38208738686169,4.019022605967097
ssp585,paper_qm,B,2067,pvpot,W m-2,equal weight across model-level China annual means,17,199.26787688825655,193.35749124947736,206.34964279087387,195.24585172686304,203.67482464991414,3.5100049784605303
ssp585,paper_qm,B,2067,rsds,W m-2,equal weight across model-level China annual means,17,194.73158913656184,189.0003245732569,201.92980452002132,190.56921918434367,200.29281883418184,3.698556725309723
ssp585,paper_qm,B,2067,sfcWind_10m,m s-1,equal weight across model-level China annual means,17,1.2649576596480598,1.0859738440182634,1.39957839450019,1.1772596065772742,1.3661097707840626,0.07674142265439722
ssp585,paper_qm,B,2067,tas_c,degree_Celsius,equal weight across model-level China annual means,17,10.935029655800554,9.653125600107051,13.492971424294,9.746656963726537,12.031277373572781,0.9844188799842232
ssp585,paper_qm,B,2067,wpd,W m-2,equal weight across model-level China annual means,17,28.272856150252323,20.335657884446398,36.46718618037404,24.218092161231816,33.165608161449725,3.770071784960685
ssp585,paper_qm,B,2068,pvpot,W m-2,equal weight across model-level China annual means,17,198.43777289956947,193.29202173416627,203.56240552769145,194.5191731885179,202.2579397980729,2.925634333104302
ssp585,paper_qm,B,2068,rsds,W m-2,equal weight across model-level China annual means,17,193.6899721142104,188.4374113327975,198.88010079915412,190.30802804273816,197.5736581812588,2.9300395109511483
ssp585,paper_qm,B,2068,sfcWind_10m,m s-1,equal weight across model-level China annual means,17,1.2651325712908612,1.0977856581160468,1.4158480316373232,1.1567857139559405,1.3369730470046848,0.07688822403576177
ssp585,paper_qm,B,2068,tas_c,degree_Celsius,equal weight across model-level China annual means,17,10.792320299004167,9.449715175653239,12.403828807289871,10.168027684657037,11.602421835453393,0.6896015833079678
ssp585,paper_qm,B,2068,wpd,W m-2,equal weight across model-level China annual means,17,28.227310773657383,22.5149850957104,33.086560635186096,25.137143050394002,31.707826127566534,2.7566503908887525
ssp585,paper_qm,B,2069,pvpot,W m-2,equal weight across model-level China annual means,17,198.63117192419156,193.5129785608128,203.3647999839127,194.47010466003286,202.717355489474,3.270334562727104
ssp585,paper_qm,B,2069,rsds,W m-2,equal weight across model-level China annual means,17,194.03812507427975,188.52415586724885,199.53355175469991,190.10044839599792,198.80187517995603,3.5173815277611076
ssp585,paper_qm,B,2069,sfcWind_10m,m s-1,equal weight across model-level China annual means,17,1.2718046753469099,1.0611578775702126,1.4429998893530238,1.183930894050476,1.3602116533999447,0.08885006384002826
ssp585,paper_qm,B,2069,tas_c,degree_Celsius,equal weight across model-level China annual means,17,10.921899421211995,9.145752153256533,12.533564351215945,9.949585799072874,11.552109120957688,0.7590720692308396
ssp585,paper_qm,B,2069,wpd,W m-2,equal weight across model-level China annual means,17,28.89935184083359,20.70085514728354,33.99555082000955,24.789727634533946,33.56732014440704,3.7934207638078967
ssp585,paper_qm,B,2070,pvpot,W m-2,equal weight across model-level China annual means,17,199.0618782398377,195.39720301685043,206.42362857280213,195.8740373951694,203.57624997236312,3.3268307722450077
ssp585,paper_qm,B,2070,rsds,W m-2,equal weight across model-level China annual means,17,194.446591830957,190.349856614319,201.92395404816025,190.96016835267957,199.5383542219635,3.616096601098188
ssp585,paper_qm,B,2070,sfcWind_10m,m s-1,equal weight across model-level China annual means,17,1.257809881551154,1.028382546027083,1.4248632383404107,1.1474437598151415,1.358534791739315,0.09499145238028418
ssp585,paper_qm,B,2070,tas_c,degree_Celsius,equal weight across model-level China annual means,17,10.893060423477715,9.145864301757282,13.539893701201075,9.90505102171125,11.737353471847815,0.9762165716795149
ssp585,paper_qm,B,2070,wpd,W m-2,equal weight across model-level China annual means,17,27.72544244698362,18.70598573837321,33.93733792418263,23.801893987282224,32.71102414794589,3.8524973970855405
ssp585,paper_qm,B,2071,pvpot,W m-2,equal weight across model-level China annual means,17,198.32362562566183,193.23774902895164,203.98980493533566,194.65514205673958,202.51301985777823,2.9337226127142806
ssp585,paper_qm,B,2071,rsds,W m-2,equal weight across model-level China annual means,17,193.94371089069165,188.95801448702366,200.04493235372055,190.10973239421614,198.81907028824324,3.0287950966196235
ssp585,paper_qm,B,2071,sfcWind_10m,m s-1,equal weight across model-level China annual means,17,1.2495211569394553,1.0001207872855782,1.3705407542074035,1.1622101872405746,1.3598276992909322,0.09153852887149727
ssp585,paper_qm,B,2071,tas_c,degree_Celsius,equal weight across model-level China annual means,17,11.12861067212995,9.440661854099071,13.220734106200764,10.014865528715616,12.216526646358911,0.9669422517600903
ssp585,paper_qm,B,2071,wpd,W m-2,equal weight across model-level China annual means,17,27.62440044946904,17.805290661122893,33.583676349272814,22.935082140013158,31.882254816108897,3.9431038111581693
ssp585,paper_qm,B,2072,pvpot,W m-2,equal weight across model-level China annual means,17,197.81098229078202,189.66610232992835,206.22261874615356,192.94736435163603,202.99193176854766,4.132554446290903
ssp585,paper_qm,B,2072,rsds,W m-2,equal weight across model-level China annual means,17,193.48634689133354,186.8276660002766,203.16025531032787,188.34969492730727,199.42134406108303,4.275393563120024
ssp585,paper_qm,B,2072,sfcWind_10m,m s-1,equal weight across model-level China annual means,17,1.2516598273018078,1.090179065360871,1.350932976665163,1.1986737022462586,1.3022717911520827,0.05591114440982697
ssp585,paper_qm,B,2072,tas_c,degree_Celsius,equal weight across model-level China annual means,17,11.147640323799848,9.60114181125477,13.386538221014279,10.187129090373375,11.79472612495763,0.8473461633468843
ssp585,paper_qm,B,2072,wpd,W m-2,equal weight across model-level China annual means,17,28.106522785537315,21.750654801269917,32.80398989588638,24.738790221278695,32.524065688657025,3.021555898457823
ssp585,paper_qm,B,2073,pvpot,W m-2,equal weight across model-level China annual means,17,198.93420942933088,193.18166804195144,207.8309013481427,194.05323869616805,204.26665827255778,3.847827545650706
ssp585,paper_qm,B,2073,rsds,W m-2,equal weight across model-level China annual means,17,194.55697968710368,188.7298718742974,204.36091301735897,189.42167836855984,200.71792876541093,4.238369286332732
ssp585,paper_qm,B,2073,sfcWind_10m,m s-1,equal weight across model-level China annual means,17,1.2781533671113239,1.1049768882542141,1.4251273798829296,1.163650251751115,1.3861874908737615,0.0850445969359673
ssp585,paper_qm,B,2073,tas_c,degree_Celsius,equal weight across model-level China annual means,17,11.164921363455356,9.715453126142165,13.436205263896047,9.98428835865451,12.10724437439195,0.9379518315872264
ssp585,paper_qm,B,2073,wpd,W m-2,equal weight across model-level China annual means,17,28.73178249938843,22.261971561856882,34.92942935121055,24.735646982027536,33.30909927911275,3.4314172645929504
ssp585,paper_qm,B,2074,pvpot,W m-2,equal weight across model-level China annual means,17,199.01582804032475,193.16857628150186,203.27670319054357,195.92974308384996,202.14410795462817,2.620261449171188
ssp585,paper_qm,B,2074,rsds,W m-2,equal weight across model-level China annual means,17,194.85439534183192,191.51750121571533,199.8196897326949,191.757096768129,198.59821775107446,2.632087266436428
ssp585,paper_qm,B,2074,sfcWind_10m,m s-1,equal weight across model-level China annual means,17,1.2723999001947761,1.040735485327591,1.3886012967239196,1.1931161229110954,1.3572116294899697,0.08003962234678637
ssp585,paper_qm,B,2074,tas_c,degree_Celsius,equal weight across model-level China annual means,17,11.30450988338184,10.116750450102936,14.035419131749096,10.275748636753343,11.945172423598756,0.897081221755282
ssp585,paper_qm,B,2074,wpd,W m-2,equal weight across model-level China annual means,17,28.75509006172532,19.863177222606566,35.898641033610424,24.02170095987534,33.41201737888027,3.7905299635880763
ssp585,paper_qm,B,2075,pvpot,W m-2,equal weight across model-level China annual means,17,198.50043573304694,192.49012366636956,204.3127927447207,194.3756604646458,202.30448695689424,3.245754351748216
ssp585,paper_qm,B,2075,rsds,W m-2,equal weight across model-level China annual means,17,194.47474514477042,188.70710702582372,201.14577577132061,190.73546377865352,197.63359135493243,3.239911739071796
ssp585,paper_qm,B,2075,sfcWind_10m,m s-1,equal weight across model-level China annual means,17,1.252279328153883,1.0178869639616523,1.371274491925279,1.1425593779208527,1.3596083289652683,0.09238065891756028
ssp585,paper_qm,B,2075,tas_c,degree_Celsius,equal weight across model-level China annual means,17,11.416327202938492,10.214035714693194,13.856664805396635,10.374543622818234,12.34142333469805,0.9165334227415168
ssp585,paper_qm,B,2075,wpd,W m-2,equal weight across model-level China annual means,17,27.97615477877295,19.150254248961726,32.021697648107654,24.584947300107842,31.760368150888635,3.2756909878088982
ssp585,paper_qm,B,2076,pvpot,W m-2,equal weight across model-level China annual means,17,198.793996832996,192.95147608386813,204.5585997568394,194.84363689929114,202.35444889978143,3.1567992914819296
ssp585,paper_qm,B,2076,rsds,W m-2,equal weight across model-level China annual means,17,194.70744780774115,190.45732759489877,200.89923750616583,191.01805284171675,199.30918701418386,3.1288634614382227
ssp585,paper_qm,B,2076,sfcWind_10m,m s-1,equal weight across model-level China annual means,17,1.2757757757779185,1.0866860389043496,1.460518060291296,1.1718698320772347,1.3695205892899278,0.09151558991301667
ssp585,paper_qm,B,2076,tas_c,degree_Celsius,equal weight across model-level China annual means,17,11.395561042528678,9.961032118195249,14.133787962115717,10.123038139420595,12.420556631046452,1.0389404627085042
ssp585,paper_qm,B,2076,wpd,W m-2,equal weight across model-level China annual means,17,29.09912834028701,22.37518824372687,35.338635443075106,24.995699548687245,34.28127823101462,3.4630716121180325
ssp585,paper_qm,B,2077,pvpot,W m-2,equal weight across model-level China annual means,17,198.28997448707105,193.3952806066685,204.37093747064225,194.84407045857077,201.59848793178543,2.9681264281877837
ssp585,paper_qm,B,2077,rsds,W m-2,equal weight across model-level China annual means,17,194.23101046150487,191.24981703586403,200.9356004249896,191.36175666938215,198.0288206941647,2.8530539137823707
ssp585,paper_qm,B,2077,sfcWind_10m,m s-1,equal weight across model-level China annual means,17,1.2536724075113481,1.0059047747180954,1.4117624296796751,1.1912729252548728,1.3642993531983296,0.08664638294919529
ssp585,paper_qm,B,2077,tas_c,degree_Celsius,equal weight across model-level China annual means,17,11.370758264961053,9.996669111871025,14.133189729249588,10.294213721085411,12.11555227714504,0.9455143556216328
ssp585,paper_qm,B,2077,wpd,W m-2,equal weight across model-level China annual means,17,28.38020498731871,18.93266027767272,34.962681214876,25.601080383302772,33.14638513955303,3.892699303651115
ssp585,paper_qm,B,2078,pvpot,W m-2,equal weight across model-level China annual means,17,197.95816819392772,193.88196075202538,202.47555699537233,194.8453350243093,201.35808602943987,2.5293985956480203
ssp585,paper_qm,B,2078,rsds,W m-2,equal weight across model-level China annual means,17,193.98570333701906,189.89852804961785,198.96411557500423,191.6697741747068,197.64548359938465,2.4622816672505716
ssp585,paper_qm,B,2078,sfcWind_10m,m s-1,equal weight across model-level China annual means,17,1.252142535285809,1.0715380277409141,1.3929882701014007,1.1266630606553365,1.3305892881771273,0.08731142492871681
ssp585,paper_qm,B,2078,tas_c,degree_Celsius,equal weight across model-level China annual means,17,11.537161565132495,10.29426695298845,14.441197733535589,10.717030335049019,12.545737812321727,0.966601224691923
ssp585,paper_qm,B,2078,wpd,W m-2,equal weight across model-level China annual means,17,27.674682194844088,21.47730231524802,36.7573102813586,22.2637348854337,30.993797986953968,3.668564974529335
ssp585,paper_qm,B,2079,pvpot,W m-2,equal weight across model-level China annual means,17,198.53622502010649,192.74965735286642,205.03602647418788,193.9199409234284,202.9479432968725,3.299183657976089
ssp585,paper_qm,B,2079,rsds,W m-2,equal weight across model-level China annual means,17,194.62761582373028,189.65155094063311,202.15972133431856,191.08407922530137,198.93304027941923,3.2066422569692548
ssp585,paper_qm,B,2079,sfcWind_10m,m s-1,equal weight across model-level China annual means,17,1.2602442480895049,1.0390004125768366,1.3779358147335632,1.1554150738127873,1.349325361917125,0.08648833787607645
ssp585,paper_qm,B,2079,tas_c,degree_Celsius,equal weight across model-level China annual means,17,11.569702689847638,10.591902523178279,13.7550442247352,10.723530510645292,12.537372968435474,0.8483398572550238
ssp585,paper_qm,B,2079,wpd,W m-2,equal weight across model-level China annual means,17,28.074853757572352,20.096738341817495,33.971800752842306,25.571092551785245,31.293186964285233,3.020146874381126
ssp585,paper_qm,B,2080,pvpot,W m-2,equal weight across model-level China annual means,17,198.46819179578364,192.40609970499682,203.96016164447227,194.23134749366872,202.94139078946932,3.5222722668524886
ssp585,paper_qm,B,2080,rsds,W m-2,equal weight across model-level China annual means,17,194.8835061731604,189.37219114520767,201.31427272492593,191.31324828747233,199.82216546044623,3.4997544814845907
ssp585,paper_qm,B,2080,sfcWind_10m,m s-1,equal weight across model-level China annual means,17,1.2598493381947455,1.036587889091683,1.3651553876836842,1.1698263306330259,1.3259254900548696,0.07977474854799675
ssp585,paper_qm,B,2080,tas_c,degree_Celsius,equal weight across model-level China annual means,17,11.858606078281772,10.415814462202581,14.279146121060238,10.78022540954071,12.613488084316248,0.8767022859441859
ssp585,paper_qm,B,2080,wpd,W m-2,equal weight across model-level China annual means,17,28.40806358009601,19.478368282760737,34.56460003191084,25.136663442202973,31.854750498948473,3.3703203897605802
ssp585,paper_qm,B,2081,pvpot,W m-2,equal weight across model-level China annual means,17,198.23420956616974,194.08267730308035,205.6033997836469,194.43284970639152,202.44497168598298,3.3933191078356018
ssp585,paper_qm,B,2081,rsds,W m-2,equal weight across model-level China annual means,17,194.66367989542306,189.2796494087204,202.42222686208274,190.8891533159685,198.87063784945065,3.4810682025567035
ssp585,paper_qm,B,2081,sfcWind_10m,m s-1,equal weight across model-level China annual means,17,1.2424740026143164,1.0475517391810862,1.4171758336247846,1.1419172738453194,1.3315039789968677,0.08197292840139374
ssp585,paper_qm,B,2081,tas_c,degree_Celsius,equal weight across model-level China annual means,17,11.93269892095968,9.931926573122073,14.89382496707317,10.747428945912667,13.404561226940217,1.174304940163991
ssp585,paper_qm,B,2081,wpd,W m-2,equal weight across model-level China annual means,17,27.425972908418316,19.1437169243866,32.40489984456143,25.238935045669475,30.63082611428809,2.974595179147106
ssp585,paper_qm,B,2082,pvpot,W m-2,equal weight across model-level China annual means,17,198.11260070646088,193.2511079948953,206.2007344763748,193.7755491958785,203.7407829018104,3.84427134147542
ssp585,paper_qm,B,2082,rsds,W m-2,equal weight across model-level China annual means,17,194.6535583461703,189.73959243392449,203.8956617242387,190.92665129901428,200.20700315604753,4.019569160524263
ssp585,paper_qm,B,2082,sfcWind_10m,m s-1,equal weight across model-level China annual means,17,1.2465817206342953,1.032899760713666,1.358228247840905,1.1566881347363536,1.328223201642334,0.08259347089610682
ssp585,paper_qm,B,2082,tas_c,degree_Celsius,equal weight across model-level China annual means,17,12.034213101392663,10.352177452191192,14.934595036791615,10.61582361434737,13.540954716736497,1.16046609735586
ssp585,paper_qm,B,2082,wpd,W m-2,equal weight across model-level China annual means,17,27.977738171643104,19.836835010801853,33.157928289941786,24.19639057845679,32.7756943607,3.441588983746157
ssp585,paper_qm,B,2083,pvpot,W m-2,equal weight across model-level China annual means,17,197.783080047843,189.29099116683287,204.78330510555165,192.7945060656267,201.94588302539447,4.016987072318627
ssp585,paper_qm,B,2083,rsds,W m-2,equal weight across model-level China annual means,17,194.33048709843928,186.9864871343506,202.10578802599787,190.30828853297305,199.25100186603285,3.8139374164125774
ssp585,paper_qm,B,2083,sfcWind_10m,m s-1,equal weight across model-level China annual means,17,1.2603936511067557,1.089702215856818,1.3771667754893377,1.164822543527227,1.3644252695837595,0.08023439503590955
ssp585,paper_qm,B,2083,tas_c,degree_Celsius,equal weight across model-level China annual means,17,12.070695961203812,10.667517828226439,15.147576149323656,10.90946838980427,13.181483274043359,1.0678116368696295
ssp585,paper_qm,B,2083,wpd,W m-2,equal weight across model-level China annual means,17,28.376307127263136,21.784139067579634,33.615692080014846,25.820788308822067,32.05381483899522,2.936213841422826
ssp585,paper_qm,B,2084,pvpot,W m-2,equal weight across model-level China annual means,17,197.72783929702416,191.24577630832368,202.44997198123724,192.12891635921915,201.84522588132972,3.427972204489292
ssp585,paper_qm,B,2084,rsds,W m-2,equal weight across model-level China annual means,17,194.34962208295877,186.38968251163223,200.2208794844023,189.17047783424886,198.57679739180352,3.729666612172313
ssp585,paper_qm,B,2084,sfcWind_10m,m s-1,equal weight across model-level China annual means,17,1.2545683644023475,1.031460868605749,1.4640722518297922,1.1419785034204624,1.3672799658348773,0.09957966603674447
ssp585,paper_qm,B,2084,tas_c,degree_Celsius,equal weight across model-level China annual means,17,12.143970482427672,10.694595485777313,14.950505865065324,10.840789244063378,13.261675766760227,1.0862640479550658
ssp585,paper_qm,B,2084,wpd,W m-2,equal weight across model-level China annual means,17,28.103056517327424,19.302378964249467,34.054401324374936,23.84230671551787,32.994757710219126,3.95106928369452
ssp585,paper_qm,B,2085,pvpot,W m-2,equal weight across model-level China annual means,17,198.29508512948584,191.1666513485992,206.573897249854,194.74653981943118,201.38488448852772,3.461429681508245
ssp585,paper_qm,B,2085,rsds,W m-2,equal weight across model-level China annual means,17,195.06597136201808,189.2935579364552,204.25243267087077,190.99403407941674,198.8240866032153,3.554436095874295
ssp585,paper_qm,B,2085,sfcWind_10m,m s-1,equal weight across model-level China annual means,17,1.243542111589289,1.0083159826456483,1.3998082166755967,1.111009732368816,1.3447107107218985,0.10262051227307199
ssp585,paper_qm,B,2085,tas_c,degree_Celsius,equal weight across model-level China annual means,17,12.278077621462995,10.701961818827648,14.797141578282245,10.910171318648665,13.474080177362739,1.1152656451610896
ssp585,paper_qm,B,2085,wpd,W m-2,equal weight across model-level China annual means,17,27.6508241786925,17.426223411963836,32.892220026183104,23.969589729636894,31.650998085569142,3.794490996221366
ssp585,paper_qm,B,2086,pvpot,W m-2,equal weight across model-level China annual means,17,198.25249121055057,192.19236268494717,204.8861706877074,192.68712934840852,201.81970489741371,3.5683282988927467
ssp585,paper_qm,B,2086,rsds,W m-2,equal weight across model-level China annual means,17,195.0190518660681,187.82961401332355,202.92460688718992,190.42837727219154,198.87869193493776,3.6308117546065746
ssp585,paper_qm,B,2086,sfcWind_10m,m s-1,equal weight across model-level China annual means,17,1.2498036851259737,1.0819686906381893,1.3930534893958892,1.1395993839677718,1.3881340172848853,0.09161577399780364
ssp585,paper_qm,B,2086,tas_c,degree_Celsius,equal weight across model-level China annual means,17,12.307930414897973,10.760995366679227,14.887153955352732,10.866639105898825,13.81937432985706,1.1475507765563173
ssp585,paper_qm,B,2086,wpd,W m-2,equal weight across model-level China annual means,17,27.781709558226016,20.549810953102117,34.3623578941126,24.21914464008879,32.11371570469103,3.5011833631811844
ssp585,paper_qm,B,2087,pvpot,W m-2,equal weight across model-level China annual means,17,198.20495720274525,189.70863832454756,204.23191752758044,194.54382302719029,201.7219661832319,3.4309794008113834
ssp585,paper_qm,B,2087,rsds,W m-2,equal weight across model-level China annual means,17,195.02587023279222,188.51489266029117,202.01748063193983,190.95848759664608,198.83056980083003,3.377736358657547
ssp585,paper_qm,B,2087,sfcWind_10m,m s-1,equal weight across model-level China annual means,17,1.250825012586241,1.0381730672276168,1.454528868302272,1.137644804629421,1.3267206064178518,0.09403202077317786
ssp585,paper_qm,B,2087,tas_c,degree_Celsius,equal weight across model-level China annual means,17,12.377008204328469,10.441035036728197,14.917908234192796,11.060806603100854,13.791312717376279,1.1490415703579988
ssp585,paper_qm,B,2087,wpd,W m-2,equal weight across model-level China annual means,17,27.665882745964932,19.926090136568167,34.79132574607613,23.346280912106636,32.59572568274735,3.7960677016360993
ssp585,paper_qm,B,2088,pvpot,W m-2,equal weight across model-level China annual means,17,198.03210274086632,191.3482679695088,203.2705742761707,194.26223733679404,201.2771995588871,2.992436762323941
ssp585,paper_qm,B,2088,rsds,W m-2,equal weight across model-level China annual means,17,194.97713958094386,190.0243430461273,201.38808381509747,190.92276894402167,197.9126505062612,2.904126749437038
ssp585,paper_qm,B,2088,sfcWind_10m,m s-1,equal weight across model-level China annual means,17,1.2477309358883804,1.0768928423575337,1.414657497088933,1.121505421545078,1.3741304305987894,0.09779602585957267
ssp585,paper_qm,B,2088,tas_c,degree_Celsius,equal weight across model-level China annual means,17,12.477321426985299,11.142090701400543,15.17729347202578,11.396256321351915,13.696473499328937,1.0123734624442287
ssp585,paper_qm,B,2088,wpd,W m-2,equal weight across model-level China annual means,17,28.06995749711655,21.523369411486257,35.54310534515167,23.353693716282393,32.32162495126633,3.7625092835843827
ssp585,paper_qm,B,2089,pvpot,W m-2,equal weight across model-level China annual means,17,197.51511178609775,192.16800675688322,203.4327579727094,193.24792195631792,201.5264722986761,3.319896909913919
ssp585,paper_qm,B,2089,rsds,W m-2,equal weight across model-level China annual means,17,194.62885095250397,188.4054349952299,201.05890818634057,190.56822687190578,199.25912659327332,3.233492825882457
ssp585,paper_qm,B,2089,sfcWind_10m,m s-1,equal weight across model-level China annual means,17,1.2323432124871512,1.0229383227033317,1.3703308455195364,1.1145489595073028,1.3552233706242687,0.09421743340794457
ssp585,paper_qm,B,2089,tas_c,degree_Celsius,equal weight across model-level China annual means,17,12.67494186529954,10.886137895867735,16.04834995869995,11.512474641932155,14.293749407600343,1.2544765756139
ssp585,paper_qm,B,2089,wpd,W m-2,equal weight across model-level China annual means,17,27.020276921097434,19.997104031609823,33.250300036863656,23.253991808342253,31.14040857600727,3.314193671908802
ssp585,paper_qm,B,2090,pvpot,W m-2,equal weight across model-level China annual means,17,198.63920244933627,192.20953672153905,204.3711598755082,193.90225619340382,202.30517419770626,3.3850029759318807
ssp585,paper_qm,B,2090,rsds,W m-2,equal weight across model-level China annual means,17,195.69102106610217,190.38433740917242,201.84787327739093,191.45855136403776,199.7703702853888,3.256215688519519
ssp585,paper_qm,B,2090,sfcWind_10m,m s-1,equal weight across model-level China annual means,17,1.245456194996659,1.0866551907952118,1.4776684204448205,1.1198235475543459,1.3247610963317833,0.09302098500716333
ssp585,paper_qm,B,2090,tas_c,degree_Celsius,equal weight across model-level China annual means,17,12.577682606427631,10.91067377271129,15.195968636548999,11.174669386329965,14.04542081452611,1.117085840117412
ssp585,paper_qm,B,2090,wpd,W m-2,equal weight across model-level China annual means,17,27.697394612822677,20.991424699432645,36.77133149916684,22.658490535856835,30.338299751672455,3.523742821703571
ssp585,paper_qm,B,2091,pvpot,W m-2,equal weight across model-level China annual means,17,198.58349886365752,191.94199620861548,207.2625556719772,194.64702840651125,203.3057187126856,4.011164524522719
ssp585,paper_qm,B,2091,rsds,W m-2,equal weight across model-level China annual means,17,195.78673674306475,189.65468925845082,205.89463300698583,191.1698650473115,200.86211377554824,4.321604951405804
ssp585,paper_qm,B,2091,sfcWind_10m,m s-1,equal weight across model-level China annual means,17,1.2409790413090627,1.0098232067851303,1.4092454493597397,1.1530733188258113,1.313804555218891,0.0879618900122649
ssp585,paper_qm,B,2091,tas_c,degree_Celsius,equal weight across model-level China annual means,17,12.638784324021978,11.113610471391473,16.4672886029116,11.241484925423814,14.072458963460438,1.3834327297190345
ssp585,paper_qm,B,2091,wpd,W m-2,equal weight across model-level China annual means,17,27.728597458290515,18.14875781857474,34.510574413123884,23.90727975376081,31.061149204868293,3.5643816707223213
ssp585,paper_qm,B,2092,pvpot,W m-2,equal weight across model-level China annual means,17,198.45755615149483,191.22892361969903,205.04455932716564,193.27310041340277,204.23330558623738,4.039785930455355
ssp585,paper_qm,B,2092,rsds,W m-2,equal weight across model-level China annual means,17,195.77841814702617,190.1500846169628,203.4372683418229,190.665752416526,202.15064442577324,4.03635029614044
ssp585,paper_qm,B,2092,sfcWind_10m,m s-1,equal weight across model-level China annual means,17,1.25467451276089,1.0750985688109105,1.3727356341086632,1.1107037035007477,1.350963017145282,0.0868004075228716
ssp585,paper_qm,B,2092,tas_c,degree_Celsius,equal weight across model-level China annual means,17,12.837798072715207,11.104618174016842,15.575811165279376,11.521901750632727,14.056612584906503,1.1226356727498183
ssp585,paper_qm,B,2092,wpd,W m-2,equal weight across model-level China annual means,17,28.126002838443398,21.39068766896945,32.629825506303945,23.32229477838539,31.597277921718742,3.349743199043682
ssp585,paper_qm,B,2093,pvpot,W m-2,equal weight across model-level China annual means,17,197.6922580375826,188.07123513873958,204.67380494389087,193.48719139675333,204.2921428306213,4.390789530168136
ssp585,paper_qm,B,2093,rsds,W m-2,equal weight across model-level China annual means,17,194.99963348395954,187.02244020424962,202.67887470164771,191.8134435720899,201.04231959087616,4.2260472649037855
ssp585,paper_qm,B,2093,sfcWind_10m,m s-1,equal weight across model-level China annual means,17,1.2415831593708564,1.0417092190705748,1.4242058095945807,1.123243971000927,1.3854995470072062,0.10392278750227443
ssp585,paper_qm,B,2093,tas_c,degree_Celsius,equal weight across model-level China annual means,17,12.857772944114911,11.069787703815882,15.789933685455189,11.65438050188625,14.138063870046313,1.1257061687430039
ssp585,paper_qm,B,2093,wpd,W m-2,equal weight across model-level China annual means,17,27.44583067085724,19.159137090488905,33.82640497307274,23.5000346399193,33.02200041653731,3.9332213417162194
ssp585,paper_qm,B,2094,pvpot,W m-2,equal weight across model-level China annual means,17,197.19023197351623,188.80999100773303,204.2722419205369,192.337095183108,201.12622804374976,3.9051681595617045
ssp585,paper_qm,B,2094,rsds,W m-2,equal weight across model-level China annual means,17,194.63561477737872,187.79169613506744,202.29764857077691,190.39670340593437,199.31512691005108,3.7626678186291542
ssp585,paper_qm,B,2094,sfcWind_10m,m s-1,equal weight across model-level China annual means,17,1.2323433743622392,1.0658636576538145,1.3650586334624428,1.0845821948460534,1.321410504472006,0.09062400484659887
ssp585,paper_qm,B,2094,tas_c,degree_Celsius,equal weight across model-level China annual means,17,12.968391575733426,11.477332043454076,16.114729594230734,11.672584060265018,14.176824074532389,1.1602302255027301
ssp585,paper_qm,B,2094,wpd,W m-2,equal weight across model-level China annual means,17,27.121556492101735,20.78700531245322,32.74499012904867,22.842480193210903,29.631941389502973,3.043116165577934
ssp585,paper_qm,B,2095,pvpot,W m-2,equal weight across model-level China annual means,17,198.72269250699586,189.6133917114104,204.33632344844685,193.93739103626982,203.9455395598632,4.007553574620618
ssp585,paper_qm,B,2095,rsds,W m-2,equal weight across model-level China annual means,17,196.23026509361623,188.39000893122127,202.98154278295397,192.17598076186928,201.73609792160275,3.9083457241448696
ssp585,paper_qm,B,2095,sfcWind_10m,m s-1,equal weight across model-level China annual means,17,1.2412782313098583,1.0965006412073148,1.3887403306125765,1.1194172852203255,1.3432614587994538,0.08694161102290604
ssp585,paper_qm,B,2095,tas_c,degree_Celsius,equal weight across model-level China annual means,17,13.001917549211825,11.043764366768173,16.69266323461214,11.26312093039009,14.317149368826547,1.348361233318716
ssp585,paper_qm,B,2095,wpd,W m-2,equal weight across model-level China annual means,17,27.348263641745802,21.28558928433054,32.811062208965815,23.122303140047745,32.03638508164366,3.5198608662932087
ssp585,paper_qm,B,2096,pvpot,W m-2,equal weight across model-level China annual means,17,197.77378345607244,188.91775201917042,203.4134713505703,193.77620122956841,202.08281471677037,3.866220043972046
ssp585,paper_qm,B,2096,rsds,W m-2,equal weight across model-level China annual means,17,195.3795741833368,188.09971643709162,200.67558963011842,190.82109120275646,200.31379197781058,3.765441989126599
ssp585,paper_qm,B,2096,sfcWind_10m,m s-1,equal weight across model-level China annual means,17,1.24304321555237,1.0602506846272766,1.4297565363898599,1.109346601093096,1.3362038129854439,0.09456684991759824
ssp585,paper_qm,B,2096,tas_c,degree_Celsius,equal weight across model-level China annual means,17,13.127200367167664,11.685243974114334,16.521628364397724,11.769060051325882,14.350095071353305,1.2762357308540768
ssp585,paper_qm,B,2096,wpd,W m-2,equal weight across model-level China annual means,17,27.81207602411947,21.920171512535774,32.84591839764888,22.818462593857912,32.26167514774508,3.559081114326948
ssp585,paper_qm,B,2097,pvpot,W m-2,equal weight across model-level China annual means,17,198.41641817773996,191.9360784400344,203.89241763666826,192.68564309306413,202.8452262306064,3.6889767994571674
ssp585,paper_qm,B,2097,rsds,W m-2,equal weight across model-level China annual means,17,196.11349327036035,188.80523142727827,201.46364018931146,191.86874922533977,200.34233586011806,3.603018841515428
ssp585,paper_qm,B,2097,sfcWind_10m,m s-1,equal weight across model-level China annual means,17,1.2578538307969862,1.0463041451579864,1.4315846246857398,1.142708250414512,1.3933552382614183,0.10412644897329607
ssp585,paper_qm,B,2097,tas_c,degree_Celsius,equal weight across model-level China annual means,17,13.228518748189405,11.256842071706942,16.683589547006942,11.982631423792274,14.48168579847961,1.217487994540859
ssp585,paper_qm,B,2097,wpd,W m-2,equal weight across model-level China annual means,17,28.393133926362793,19.594129978011864,35.69004213353486,23.256281488896793,34.40830835515513,4.119191208193092
ssp585,paper_qm,B,2098,pvpot,W m-2,equal weight across model-level China annual means,17,197.8402298076896,187.4361017510249,205.67054146194414,192.11584428506754,204.7161639116214,5.0820904138647744
ssp585,paper_qm,B,2098,rsds,W m-2,equal weight across model-level China annual means,17,195.5311004563994,187.6244759856194,203.94992018081157,190.20628201957334,202.91281178795444,4.968818346128053
ssp585,paper_qm,B,2098,sfcWind_10m,m s-1,equal weight across model-level China annual means,17,1.2482445708477692,1.089387038440858,1.4243760331969808,1.0994059893368973,1.378077155931887,0.10631588060623717
ssp585,paper_qm,B,2098,tas_c,degree_Celsius,equal weight across model-level China annual means,17,13.26872198945442,11.590603298081747,15.955440377539892,12.020182599834595,14.70006891234259,1.1573700857438431
ssp585,paper_qm,B,2098,wpd,W m-2,equal weight across model-level China annual means,17,27.825584130286654,21.210016959079073,33.91990332777472,22.79204194748917,33.33606796449844,4.123580672175146
ssp585,paper_qm,B,2099,pvpot,W m-2,equal weight across model-level China annual means,17,198.06552996118106,190.49945881122252,205.7769590686803,193.19244442003162,202.6131560071963,4.3063880837771675
ssp585,paper_qm,B,2099,rsds,W m-2,equal weight across model-level China annual means,17,195.81862214228673,188.93209436276086,204.80828346628093,190.5121619483048,200.9246190029193,4.497379569210622
ssp585,paper_qm,B,2099,sfcWind_10m,m s-1,equal weight across model-level China annual means,17,1.2362119377164082,1.053294794044869,1.3670543388440237,1.1176743333506003,1.353431938898286,0.09114432837612857
ssp585,paper_qm,B,2099,tas_c,degree_Celsius,equal weight across model-level China annual means,17,13.3158155706364,11.165846523446703,16.767522167171844,11.692739709044446,14.862649467672222,1.4188315090521857
ssp585,paper_qm,B,2099,wpd,W m-2,equal weight across model-level China annual means,17,27.7499563483555,20.60079571560377,33.28314199034866,23.973583279382336,32.194346023483284,3.4660651508243627
ssp585,paper_qm,B,2100,pvpot,W m-2,equal weight across model-level China annual means,17,197.9392283164569,190.8143718079991,203.42048319003425,192.64860230485218,202.50037446361614,3.7390386858817077
ssp585,paper_qm,B,2100,rsds,W m-2,equal weight across model-level China annual means,17,195.81351899828752,191.07474730894782,202.3047900575907,191.3631714604402,200.82158544361937,3.531363034334645
ssp585,paper_qm,B,2100,sfcWind_10m,m s-1,equal weight across model-level China annual means,17,1.2413294039667828,1.069963254055702,1.391131411775427,1.1454572892169195,1.3378224882812244,0.07689539939016256
ssp585,paper_qm,B,2100,tas_c,degree_Celsius,equal weight across model-level China annual means,17,13.414264086094002,11.56749441843727,16.754356362219006,11.991315786698552,14.73603828430972,1.251783564848958
ssp585,paper_qm,B,2100,wpd,W m-2,equal weight across model-level China annual means,17,27.73648170392511,23.43075237479403,32.62392437311262,24.665996598315377,30.63283123189721,2.5185101389028666
