model,experiment,variable,filename,file_size_mb,status,variable_found,time_found,lat_found,lon_found,time_count,time_start,time_end,lat_name,lon_name,shape,error_type,error_message
ACCESS-CM2,historical,rsds,rsds_Amon_ACCESS-CM2_historical_r1i1p1f1_gn_185001-201412.nc,170.19066333770752,OK,True,True,True,True,1980,1850-01-16T12:00:00.000000000,2014-12-16T12:00:00.000000000,lat,lon,"(1980, 144, 192)",,
ACCESS-CM2,historical,sfcWind,sfcWind_Amon_ACCESS-CM2_historical_r1i1p1f1_gn_185001-201412.nc,169.50006198883057,OK,True,True,True,True,1980,1850-01-16T12:00:00.000000000,2014-12-16T12:00:00.000000000,lat,lon,"(1980, 144, 192)",,
ACCESS-CM2,historical,tas,tas_Amon_ACCESS-CM2_historical_r1i1p1f1_gn_185001-201412.nc,141.32565116882324,OK,True,True,True,True,1980,1850-01-16T12:00:00.000000000,2014-12-16T12:00:00.000000000,lat,lon,"(1980, 144, 192)",,
ACCESS-CM2,ssp126,rsds,rsds_Amon_ACCESS-CM2_ssp126_r1i1p1f1_gn_201501-210012.nc,88.71011066436768,OK,True,True,True,True,1032,2015-01-16T12:00:00.000000000,2100-12-16T12:00:00.000000000,lat,lon,"(1032, 144, 192)",,
ACCESS-CM2,ssp126,sfcWind,sfcWind_Amon_ACCESS-CM2_ssp126_r1i1p1f1_gn_201501-210012.nc,88.37550354003906,OK,True,True,True,True,1032,2015-01-16T12:00:00.000000000,2100-12-16T12:00:00.000000000,lat,lon,"(1032, 144, 192)",,
ACCESS-CM2,ssp126,tas,tas_Amon_ACCESS-CM2_ssp126_r1i1p1f1_gn_201501-210012.nc,73.56644058227539,OK,True,True,True,True,1032,2015-01-16T12:00:00.000000000,2100-12-16T12:00:00.000000000,lat,lon,"(1032, 144, 192)",,
ACCESS-CM2,ssp245,rsds,rsds_Amon_ACCESS-CM2_ssp245_r1i1p1f1_gn_201501-210012.nc,88.72512912750244,OK,True,True,True,True,1032,2015-01-16T12:00:00.000000000,2100-12-16T12:00:00.000000000,lat,lon,"(1032, 144, 192)",,
ACCESS-CM2,ssp245,sfcWind,sfcWind_Amon_ACCESS-CM2_ssp245_r1i1p1f1_gn_201501-210012.nc,88.36381435394287,OK,True,True,True,True,1032,2015-01-16T12:00:00.000000000,2100-12-16T12:00:00.000000000,lat,lon,"(1032, 144, 192)",,
ACCESS-CM2,ssp245,tas,tas_Amon_ACCESS-CM2_ssp245_r1i1p1f1_gn_201501-210012.nc,73.5572509765625,OK,True,True,True,True,1032,2015-01-16T12:00:00.000000000,2100-12-16T12:00:00.000000000,lat,lon,"(1032, 144, 192)",,
ACCESS-CM2,ssp585,rsds,rsds_Amon_ACCESS-CM2_ssp585_r1i1p1f1_gn_201501-210012.nc,88.73056316375732,OK,True,True,True,True,1032,2015-01-16T12:00:00.000000000,2100-12-16T12:00:00.000000000,lat,lon,"(1032, 144, 192)",,
ACCESS-CM2,ssp585,sfcWind,sfcWind_Amon_ACCESS-CM2_ssp585_r1i1p1f1_gn_201501-210012.nc,88.35454559326172,OK,True,True,True,True,1032,2015-01-16T12:00:00.000000000,2100-12-16T12:00:00.000000000,lat,lon,"(1032, 144, 192)",,
ACCESS-CM2,ssp585,tas,tas_Amon_ACCESS-CM2_ssp585_r1i1p1f1_gn_201501-210012.nc,73.56363868713379,OK,True,True,True,True,1032,2015-01-16T12:00:00.000000000,2100-12-16T12:00:00.000000000,lat,lon,"(1032, 144, 192)",,
ACCESS-ESM1-5,historical,rsds,rsds_Amon_ACCESS-ESM1-5_historical_r1i1p1f1_gn_185001-201412.nc,169.74216747283936,OK,True,True,True,True,1980,1850-01-16T12:00:00.000000000,2014-12-16T12:00:00.000000000,lat,lon,"(1980, 145, 192)",,
ACCESS-ESM1-5,historical,sfcWind,sfcWind_Amon_ACCESS-ESM1-5_historical_r1i1p1f1_gn_185001-201412.nc,183.35519409179688,OK,True,True,True,True,1980,1850-01-16T12:00:00.000000000,2014-12-16T12:00:00.000000000,lat,lon,"(1980, 145, 192)",,
ACCESS-ESM1-5,historical,tas,tas_Amon_ACCESS-ESM1-5_historical_r1i1p1f1_gn_185001-201412.nc,160.21274089813232,OK,True,True,True,True,1980,1850-01-16T12:00:00.000000000,2014-12-16T12:00:00.000000000,lat,lon,"(1980, 145, 192)",,
ACCESS-ESM1-5,ssp126,rsds,rsds_Amon_ACCESS-ESM1-5_ssp126_r1i1p1f1_gn_201501-210012.nc,88.50060844421387,OK,True,True,True,True,1032,2015-01-16T12:00:00.000000000,2100-12-16T12:00:00.000000000,lat,lon,"(1032, 145, 192)",,
ACCESS-ESM1-5,ssp126,sfcWind,sfcWind_Amon_ACCESS-ESM1-5_ssp126_r1i1p1f1_gn_201501-210012.nc,95.56999015808105,OK,True,True,True,True,1032,2015-01-16T12:00:00.000000000,2100-12-16T12:00:00.000000000,lat,lon,"(1032, 145, 192)",,
ACCESS-ESM1-5,ssp126,tas,tas_Amon_ACCESS-ESM1-5_ssp126_r1i1p1f1_gn_201501-210012.nc,83.3704776763916,OK,True,True,True,True,1032,2015-01-16T12:00:00.000000000,2100-12-16T12:00:00.000000000,lat,lon,"(1032, 145, 192)",,
ACCESS-ESM1-5,ssp245,rsds,rsds_Amon_ACCESS-ESM1-5_ssp245_r1i1p1f1_gn_201501-210012.nc,88.5107307434082,OK,True,True,True,True,1032,2015-01-16T12:00:00.000000000,2100-12-16T12:00:00.000000000,lat,lon,"(1032, 145, 192)",,
ACCESS-ESM1-5,ssp245,sfcWind,sfcWind_Amon_ACCESS-ESM1-5_ssp245_r1i1p1f1_gn_201501-210012.nc,95.56315422058105,OK,True,True,True,True,1032,2015-01-16T12:00:00.000000000,2100-12-16T12:00:00.000000000,lat,lon,"(1032, 145, 192)",,
ACCESS-ESM1-5,ssp245,tas,tas_Amon_ACCESS-ESM1-5_ssp245_r1i1p1f1_gn_201501-210012.nc,83.32798099517822,OK,True,True,True,True,1032,2015-01-16T12:00:00.000000000,2100-12-16T12:00:00.000000000,lat,lon,"(1032, 145, 192)",,
ACCESS-ESM1-5,ssp585,rsds,rsds_Amon_ACCESS-ESM1-5_ssp585_r1i1p1f1_gn_201501-210012.nc,88.52883052825928,OK,True,True,True,True,1032,2015-01-16T12:00:00.000000000,2100-12-16T12:00:00.000000000,lat,lon,"(1032, 145, 192)",,
ACCESS-ESM1-5,ssp585,sfcWind,sfcWind_Amon_ACCESS-ESM1-5_ssp585_r1i1p1f1_gn_201501-210012.nc,95.55211544036865,OK,True,True,True,True,1032,2015-01-16T12:00:00.000000000,2100-12-16T12:00:00.000000000,lat,lon,"(1032, 145, 192)",,
ACCESS-ESM1-5,ssp585,tas,tas_Amon_ACCESS-ESM1-5_ssp585_r1i1p1f1_gn_201501-210012.nc,83.27690029144287,OK,True,True,True,True,1032,2015-01-16T12:00:00.000000000,2100-12-16T12:00:00.000000000,lat,lon,"(1032, 145, 192)",,
AWI-CM-1-1-MR,historical,rsds,rsds_Amon_AWI-CM-1-1-MR_historical_r1i1p1f1_gn_199401-199412.nc,2.7871618270874023,OK,True,True,True,True,12,1994-01-16T12:00:00.000000000,1994-12-16T12:00:00.000000000,lat,lon,"(12, 192, 384)",,
AWI-CM-1-1-MR,historical,rsds,rsds_Amon_AWI-CM-1-1-MR_historical_r1i1p1f1_gn_199501-199512.nc,2.7868528366088867,OK,True,True,True,True,12,1995-01-16T12:00:00.000000000,1995-12-16T12:00:00.000000000,lat,lon,"(12, 192, 384)",,
AWI-CM-1-1-MR,historical,rsds,rsds_Amon_AWI-CM-1-1-MR_historical_r1i1p1f1_gn_199601-199612.nc,2.7870140075683594,OK,True,True,True,True,12,1996-01-16T12:00:00.000000000,1996-12-16T12:00:00.000000000,lat,lon,"(12, 192, 384)",,
AWI-CM-1-1-MR,historical,rsds,rsds_Amon_AWI-CM-1-1-MR_historical_r1i1p1f1_gn_199701-199712.nc,2.7875890731811523,OK,True,True,True,True,12,1997-01-16T12:00:00.000000000,1997-12-16T12:00:00.000000000,lat,lon,"(12, 192, 384)",,
AWI-CM-1-1-MR,historical,rsds,rsds_Amon_AWI-CM-1-1-MR_historical_r1i1p1f1_gn_199801-199812.nc,2.786932945251465,OK,True,True,True,True,12,1998-01-16T12:00:00.000000000,1998-12-16T12:00:00.000000000,lat,lon,"(12, 192, 384)",,
AWI-CM-1-1-MR,historical,rsds,rsds_Amon_AWI-CM-1-1-MR_historical_r1i1p1f1_gn_199901-199912.nc,2.7877044677734375,OK,True,True,True,True,12,1999-01-16T12:00:00.000000000,1999-12-16T12:00:00.000000000,lat,lon,"(12, 192, 384)",,
AWI-CM-1-1-MR,historical,rsds,rsds_Amon_AWI-CM-1-1-MR_historical_r1i1p1f1_gn_200001-200012.nc,2.786388397216797,OK,True,True,True,True,12,2000-01-16T12:00:00.000000000,2000-12-16T12:00:00.000000000,lat,lon,"(12, 192, 384)",,
AWI-CM-1-1-MR,historical,rsds,rsds_Amon_AWI-CM-1-1-MR_historical_r1i1p1f1_gn_200101-200112.nc,2.787135124206543,OK,True,True,True,True,12,2001-01-16T12:00:00.000000000,2001-12-16T12:00:00.000000000,lat,lon,"(12, 192, 384)",,
AWI-CM-1-1-MR,historical,rsds,rsds_Amon_AWI-CM-1-1-MR_historical_r1i1p1f1_gn_200201-200212.nc,2.7873191833496094,OK,True,True,True,True,12,2002-01-16T12:00:00.000000000,2002-12-16T12:00:00.000000000,lat,lon,"(12, 192, 384)",,
AWI-CM-1-1-MR,historical,rsds,rsds_Amon_AWI-CM-1-1-MR_historical_r1i1p1f1_gn_200301-200312.nc,2.7880868911743164,OK,True,True,True,True,12,2003-01-16T12:00:00.000000000,2003-12-16T12:00:00.000000000,lat,lon,"(12, 192, 384)",,
AWI-CM-1-1-MR,historical,rsds,rsds_Amon_AWI-CM-1-1-MR_historical_r1i1p1f1_gn_200401-200412.nc,2.7872323989868164,OK,True,True,True,True,12,2004-01-16T12:00:00.000000000,2004-12-16T12:00:00.000000000,lat,lon,"(12, 192, 384)",,
AWI-CM-1-1-MR,historical,rsds,rsds_Amon_AWI-CM-1-1-MR_historical_r1i1p1f1_gn_200501-200512.nc,2.786433219909668,OK,True,True,True,True,12,2005-01-16T12:00:00.000000000,2005-12-16T12:00:00.000000000,lat,lon,"(12, 192, 384)",,
AWI-CM-1-1-MR,historical,rsds,rsds_Amon_AWI-CM-1-1-MR_historical_r1i1p1f1_gn_200601-200612.nc,2.7892208099365234,OK,True,True,True,True,12,2006-01-16T12:00:00.000000000,2006-12-16T12:00:00.000000000,lat,lon,"(12, 192, 384)",,
AWI-CM-1-1-MR,historical,rsds,rsds_Amon_AWI-CM-1-1-MR_historical_r1i1p1f1_gn_200701-200712.nc,2.7882328033447266,OK,True,True,True,True,12,2007-01-16T12:00:00.000000000,2007-12-16T12:00:00.000000000,lat,lon,"(12, 192, 384)",,
AWI-CM-1-1-MR,historical,rsds,rsds_Amon_AWI-CM-1-1-MR_historical_r1i1p1f1_gn_200801-200812.nc,2.7879600524902344,OK,True,True,True,True,12,2008-01-16T12:00:00.000000000,2008-12-16T12:00:00.000000000,lat,lon,"(12, 192, 384)",,
AWI-CM-1-1-MR,historical,rsds,rsds_Amon_AWI-CM-1-1-MR_historical_r1i1p1f1_gn_200901-200912.nc,2.78909969329834,OK,True,True,True,True,12,2009-01-16T12:00:00.000000000,2009-12-16T12:00:00.000000000,lat,lon,"(12, 192, 384)",,
AWI-CM-1-1-MR,historical,rsds,rsds_Amon_AWI-CM-1-1-MR_historical_r1i1p1f1_gn_201001-201012.nc,2.7888851165771484,OK,True,True,True,True,12,2010-01-16T12:00:00.000000000,2010-12-16T12:00:00.000000000,lat,lon,"(12, 192, 384)",,
AWI-CM-1-1-MR,historical,rsds,rsds_Amon_AWI-CM-1-1-MR_historical_r1i1p1f1_gn_201101-201112.nc,2.7891006469726562,OK,True,True,True,True,12,2011-01-16T12:00:00.000000000,2011-12-16T12:00:00.000000000,lat,lon,"(12, 192, 384)",,
AWI-CM-1-1-MR,historical,rsds,rsds_Amon_AWI-CM-1-1-MR_historical_r1i1p1f1_gn_201201-201212.nc,2.7864227294921875,OK,True,True,True,True,12,2012-01-16T12:00:00.000000000,2012-12-16T12:00:00.000000000,lat,lon,"(12, 192, 384)",,
AWI-CM-1-1-MR,historical,rsds,rsds_Amon_AWI-CM-1-1-MR_historical_r1i1p1f1_gn_201301-201312.nc,2.786897659301758,OK,True,True,True,True,12,2013-01-16T12:00:00.000000000,2013-12-16T12:00:00.000000000,lat,lon,"(12, 192, 384)",,
AWI-CM-1-1-MR,historical,rsds,rsds_Amon_AWI-CM-1-1-MR_historical_r1i1p1f1_gn_201401-201412.nc,2.7877464294433594,OK,True,True,True,True,12,2014-01-16T12:00:00.000000000,2014-12-16T12:00:00.000000000,lat,lon,"(12, 192, 384)",,
AWI-CM-1-1-MR,historical,sfcWind,sfcWind_Amon_AWI-CM-1-1-MR_historical_r1i1p1f1_gn_199401-199412.nc,3.0111570358276367,OK,True,True,True,True,12,1994-01-16T12:00:00.000000000,1994-12-16T12:00:00.000000000,lat,lon,"(12, 192, 384)",,
AWI-CM-1-1-MR,historical,sfcWind,sfcWind_Amon_AWI-CM-1-1-MR_historical_r1i1p1f1_gn_199501-199512.nc,3.0100479125976562,OK,True,True,True,True,12,1995-01-16T12:00:00.000000000,1995-12-16T12:00:00.000000000,lat,lon,"(12, 192, 384)",,
AWI-CM-1-1-MR,historical,sfcWind,sfcWind_Amon_AWI-CM-1-1-MR_historical_r1i1p1f1_gn_199601-199612.nc,3.0115737915039062,OK,True,True,True,True,12,1996-01-16T12:00:00.000000000,1996-12-16T12:00:00.000000000,lat,lon,"(12, 192, 384)",,
AWI-CM-1-1-MR,historical,sfcWind,sfcWind_Amon_AWI-CM-1-1-MR_historical_r1i1p1f1_gn_199701-199712.nc,3.0131139755249023,OK,True,True,True,True,12,1997-01-16T12:00:00.000000000,1997-12-16T12:00:00.000000000,lat,lon,"(12, 192, 384)",,
AWI-CM-1-1-MR,historical,sfcWind,sfcWind_Amon_AWI-CM-1-1-MR_historical_r1i1p1f1_gn_199801-199812.nc,3.0114336013793945,OK,True,True,True,True,12,1998-01-16T12:00:00.000000000,1998-12-16T12:00:00.000000000,lat,lon,"(12, 192, 384)",,
AWI-CM-1-1-MR,historical,sfcWind,sfcWind_Amon_AWI-CM-1-1-MR_historical_r1i1p1f1_gn_199901-199912.nc,3.011115074157715,OK,True,True,True,True,12,1999-01-16T12:00:00.000000000,1999-12-16T12:00:00.000000000,lat,lon,"(12, 192, 384)",,
AWI-CM-1-1-MR,historical,sfcWind,sfcWind_Amon_AWI-CM-1-1-MR_historical_r1i1p1f1_gn_200001-200012.nc,3.01163387298584,OK,True,True,True,True,12,2000-01-16T12:00:00.000000000,2000-12-16T12:00:00.000000000,lat,lon,"(12, 192, 384)",,
AWI-CM-1-1-MR,historical,sfcWind,sfcWind_Amon_AWI-CM-1-1-MR_historical_r1i1p1f1_gn_200101-200112.nc,3.0120019912719727,OK,True,True,True,True,12,2001-01-16T12:00:00.000000000,2001-12-16T12:00:00.000000000,lat,lon,"(12, 192, 384)",,
AWI-CM-1-1-MR,historical,sfcWind,sfcWind_Amon_AWI-CM-1-1-MR_historical_r1i1p1f1_gn_200201-200212.nc,3.0107555389404297,OK,True,True,True,True,12,2002-01-16T12:00:00.000000000,2002-12-16T12:00:00.000000000,lat,lon,"(12, 192, 384)",,
AWI-CM-1-1-MR,historical,sfcWind,sfcWind_Amon_AWI-CM-1-1-MR_historical_r1i1p1f1_gn_200301-200312.nc,3.012165069580078,OK,True,True,True,True,12,2003-01-16T12:00:00.000000000,2003-12-16T12:00:00.000000000,lat,lon,"(12, 192, 384)",,
AWI-CM-1-1-MR,historical,sfcWind,sfcWind_Amon_AWI-CM-1-1-MR_historical_r1i1p1f1_gn_200401-200412.nc,3.0116453170776367,OK,True,True,True,True,12,2004-01-16T12:00:00.000000000,2004-12-16T12:00:00.000000000,lat,lon,"(12, 192, 384)",,
AWI-CM-1-1-MR,historical,sfcWind,sfcWind_Amon_AWI-CM-1-1-MR_historical_r1i1p1f1_gn_200501-200512.nc,3.0114259719848633,OK,True,True,True,True,12,2005-01-16T12:00:00.000000000,2005-12-16T12:00:00.000000000,lat,lon,"(12, 192, 384)",,
AWI-CM-1-1-MR,historical,sfcWind,sfcWind_Amon_AWI-CM-1-1-MR_historical_r1i1p1f1_gn_200601-200612.nc,3.012864112854004,OK,True,True,True,True,12,2006-01-16T12:00:00.000000000,2006-12-16T12:00:00.000000000,lat,lon,"(12, 192, 384)",,
AWI-CM-1-1-MR,historical,sfcWind,sfcWind_Amon_AWI-CM-1-1-MR_historical_r1i1p1f1_gn_200701-200712.nc,3.012052536010742,OK,True,True,True,True,12,2007-01-16T12:00:00.000000000,2007-12-16T12:00:00.000000000,lat,lon,"(12, 192, 384)",,
AWI-CM-1-1-MR,historical,sfcWind,sfcWind_Amon_AWI-CM-1-1-MR_historical_r1i1p1f1_gn_200801-200812.nc,3.011599540710449,OK,True,True,True,True,12,2008-01-16T12:00:00.000000000,2008-12-16T12:00:00.000000000,lat,lon,"(12, 192, 384)",,
AWI-CM-1-1-MR,historical,sfcWind,sfcWind_Amon_AWI-CM-1-1-MR_historical_r1i1p1f1_gn_200901-200912.nc,3.0106611251831055,OK,True,True,True,True,12,2009-01-16T12:00:00.000000000,2009-12-16T12:00:00.000000000,lat,lon,"(12, 192, 384)",,
AWI-CM-1-1-MR,historical,sfcWind,sfcWind_Amon_AWI-CM-1-1-MR_historical_r1i1p1f1_gn_201001-201012.nc,3.0132055282592773,OK,True,True,True,True,12,2010-01-16T12:00:00.000000000,2010-12-16T12:00:00.000000000,lat,lon,"(12, 192, 384)",,
AWI-CM-1-1-MR,historical,sfcWind,sfcWind_Amon_AWI-CM-1-1-MR_historical_r1i1p1f1_gn_201101-201112.nc,3.012873649597168,OK,True,True,True,True,12,2011-01-16T12:00:00.000000000,2011-12-16T12:00:00.000000000,lat,lon,"(12, 192, 384)",,
AWI-CM-1-1-MR,historical,sfcWind,sfcWind_Amon_AWI-CM-1-1-MR_historical_r1i1p1f1_gn_201201-201212.nc,3.009701728820801,OK,True,True,True,True,12,2012-01-16T12:00:00.000000000,2012-12-16T12:00:00.000000000,lat,lon,"(12, 192, 384)",,
AWI-CM-1-1-MR,historical,sfcWind,sfcWind_Amon_AWI-CM-1-1-MR_historical_r1i1p1f1_gn_201301-201312.nc,3.011922836303711,OK,True,True,True,True,12,2013-01-16T12:00:00.000000000,2013-12-16T12:00:00.000000000,lat,lon,"(12, 192, 384)",,
AWI-CM-1-1-MR,historical,sfcWind,sfcWind_Amon_AWI-CM-1-1-MR_historical_r1i1p1f1_gn_201401-201412.nc,3.010282516479492,OK,True,True,True,True,12,2014-01-16T12:00:00.000000000,2014-12-16T12:00:00.000000000,lat,lon,"(12, 192, 384)",,
AWI-CM-1-1-MR,historical,tas,tas_Amon_AWI-CM-1-1-MR_historical_r1i1p1f1_gn_199401-199412.nc,2.6102867126464844,OK,True,True,True,True,12,1994-01-16T12:00:00.000000000,1994-12-16T12:00:00.000000000,lat,lon,"(12, 192, 384)",,
AWI-CM-1-1-MR,historical,tas,tas_Amon_AWI-CM-1-1-MR_historical_r1i1p1f1_gn_199501-199512.nc,2.6105613708496094,OK,True,True,True,True,12,1995-01-16T12:00:00.000000000,1995-12-16T12:00:00.000000000,lat,lon,"(12, 192, 384)",,
AWI-CM-1-1-MR,historical,tas,tas_Amon_AWI-CM-1-1-MR_historical_r1i1p1f1_gn_199601-199612.nc,2.609025001525879,OK,True,True,True,True,12,1996-01-16T12:00:00.000000000,1996-12-16T12:00:00.000000000,lat,lon,"(12, 192, 384)",,
AWI-CM-1-1-MR,historical,tas,tas_Amon_AWI-CM-1-1-MR_historical_r1i1p1f1_gn_199701-199712.nc,2.6126909255981445,OK,True,True,True,True,12,1997-01-16T12:00:00.000000000,1997-12-16T12:00:00.000000000,lat,lon,"(12, 192, 384)",,
AWI-CM-1-1-MR,historical,tas,tas_Amon_AWI-CM-1-1-MR_historical_r1i1p1f1_gn_199801-199812.nc,2.611299514770508,OK,True,True,True,True,12,1998-01-16T12:00:00.000000000,1998-12-16T12:00:00.000000000,lat,lon,"(12, 192, 384)",,
AWI-CM-1-1-MR,historical,tas,tas_Amon_AWI-CM-1-1-MR_historical_r1i1p1f1_gn_199901-199912.nc,2.6117753982543945,OK,True,True,True,True,12,1999-01-16T12:00:00.000000000,1999-12-16T12:00:00.000000000,lat,lon,"(12, 192, 384)",,
AWI-CM-1-1-MR,historical,tas,tas_Amon_AWI-CM-1-1-MR_historical_r1i1p1f1_gn_200001-200012.nc,2.60904598236084,OK,True,True,True,True,12,2000-01-16T12:00:00.000000000,2000-12-16T12:00:00.000000000,lat,lon,"(12, 192, 384)",,
AWI-CM-1-1-MR,historical,tas,tas_Amon_AWI-CM-1-1-MR_historical_r1i1p1f1_gn_200101-200112.nc,2.6087779998779297,OK,True,True,True,True,12,2001-01-16T12:00:00.000000000,2001-12-16T12:00:00.000000000,lat,lon,"(12, 192, 384)",,
AWI-CM-1-1-MR,historical,tas,tas_Amon_AWI-CM-1-1-MR_historical_r1i1p1f1_gn_200201-200212.nc,2.6060495376586914,OK,True,True,True,True,12,2002-01-16T12:00:00.000000000,2002-12-16T12:00:00.000000000,lat,lon,"(12, 192, 384)",,
AWI-CM-1-1-MR,historical,tas,tas_Amon_AWI-CM-1-1-MR_historical_r1i1p1f1_gn_200301-200312.nc,2.610086441040039,OK,True,True,True,True,12,2003-01-16T12:00:00.000000000,2003-12-16T12:00:00.000000000,lat,lon,"(12, 192, 384)",,
AWI-CM-1-1-MR,historical,tas,tas_Amon_AWI-CM-1-1-MR_historical_r1i1p1f1_gn_200401-200412.nc,2.6114091873168945,OK,True,True,True,True,12,2004-01-16T12:00:00.000000000,2004-12-16T12:00:00.000000000,lat,lon,"(12, 192, 384)",,
AWI-CM-1-1-MR,historical,tas,tas_Amon_AWI-CM-1-1-MR_historical_r1i1p1f1_gn_200501-200512.nc,2.608548164367676,OK,True,True,True,True,12,2005-01-16T12:00:00.000000000,2005-12-16T12:00:00.000000000,lat,lon,"(12, 192, 384)",,
AWI-CM-1-1-MR,historical,tas,tas_Amon_AWI-CM-1-1-MR_historical_r1i1p1f1_gn_200601-200612.nc,2.612912178039551,OK,True,True,True,True,12,2006-01-16T12:00:00.000000000,2006-12-16T12:00:00.000000000,lat,lon,"(12, 192, 384)",,
AWI-CM-1-1-MR,historical,tas,tas_Amon_AWI-CM-1-1-MR_historical_r1i1p1f1_gn_200701-200712.nc,2.6109619140625,OK,True,True,True,True,12,2007-01-16T12:00:00.000000000,2007-12-16T12:00:00.000000000,lat,lon,"(12, 192, 384)",,
AWI-CM-1-1-MR,historical,tas,tas_Amon_AWI-CM-1-1-MR_historical_r1i1p1f1_gn_200801-200812.nc,2.6093664169311523,OK,True,True,True,True,12,2008-01-16T12:00:00.000000000,2008-12-16T12:00:00.000000000,lat,lon,"(12, 192, 384)",,
AWI-CM-1-1-MR,historical,tas,tas_Amon_AWI-CM-1-1-MR_historical_r1i1p1f1_gn_200901-200912.nc,2.6081619262695312,OK,True,True,True,True,12,2009-01-16T12:00:00.000000000,2009-12-16T12:00:00.000000000,lat,lon,"(12, 192, 384)",,
AWI-CM-1-1-MR,historical,tas,tas_Amon_AWI-CM-1-1-MR_historical_r1i1p1f1_gn_201001-201012.nc,2.6097497940063477,OK,True,True,True,True,12,2010-01-16T12:00:00.000000000,2010-12-16T12:00:00.000000000,lat,lon,"(12, 192, 384)",,
AWI-CM-1-1-MR,historical,tas,tas_Amon_AWI-CM-1-1-MR_historical_r1i1p1f1_gn_201101-201112.nc,2.611077308654785,OK,True,True,True,True,12,2011-01-16T12:00:00.000000000,2011-12-16T12:00:00.000000000,lat,lon,"(12, 192, 384)",,
AWI-CM-1-1-MR,historical,tas,tas_Amon_AWI-CM-1-1-MR_historical_r1i1p1f1_gn_201201-201212.nc,2.6056604385375977,OK,True,True,True,True,12,2012-01-16T12:00:00.000000000,2012-12-16T12:00:00.000000000,lat,lon,"(12, 192, 384)",,
AWI-CM-1-1-MR,historical,tas,tas_Amon_AWI-CM-1-1-MR_historical_r1i1p1f1_gn_201301-201312.nc,2.6112489700317383,OK,True,True,True,True,12,2013-01-16T12:00:00.000000000,2013-12-16T12:00:00.000000000,lat,lon,"(12, 192, 384)",,
AWI-CM-1-1-MR,historical,tas,tas_Amon_AWI-CM-1-1-MR_historical_r1i1p1f1_gn_201401-201412.nc,2.6108455657958984,OK,True,True,True,True,12,2014-01-16T12:00:00.000000000,2014-12-16T12:00:00.000000000,lat,lon,"(12, 192, 384)",,
AWI-CM-1-1-MR,ssp126,rsds,rsds_Amon_AWI-CM-1-1-MR_ssp126_r1i1p1f1_gn_204001-204012.nc,2.786261558532715,OK,True,True,True,True,12,2040-01-16T12:00:00.000000000,2040-12-16T12:00:00.000000000,lat,lon,"(12, 192, 384)",,
AWI-CM-1-1-MR,ssp126,rsds,rsds_Amon_AWI-CM-1-1-MR_ssp126_r1i1p1f1_gn_204101-204112.nc,2.7872467041015625,OK,True,True,True,True,12,2041-01-16T12:00:00.000000000,2041-12-16T12:00:00.000000000,lat,lon,"(12, 192, 384)",,
AWI-CM-1-1-MR,ssp126,rsds,rsds_Amon_AWI-CM-1-1-MR_ssp126_r1i1p1f1_gn_204201-204212.nc,2.7878522872924805,OK,True,True,True,True,12,2042-01-16T12:00:00.000000000,2042-12-16T12:00:00.000000000,lat,lon,"(12, 192, 384)",,
AWI-CM-1-1-MR,ssp126,rsds,rsds_Amon_AWI-CM-1-1-MR_ssp126_r1i1p1f1_gn_204301-204312.nc,2.7886457443237305,OK,True,True,True,True,12,2043-01-16T12:00:00.000000000,2043-12-16T12:00:00.000000000,lat,lon,"(12, 192, 384)",,
AWI-CM-1-1-MR,ssp126,rsds,rsds_Amon_AWI-CM-1-1-MR_ssp126_r1i1p1f1_gn_204401-204412.nc,2.7864274978637695,OK,True,True,True,True,12,2044-01-16T12:00:00.000000000,2044-12-16T12:00:00.000000000,lat,lon,"(12, 192, 384)",,
AWI-CM-1-1-MR,ssp126,rsds,rsds_Amon_AWI-CM-1-1-MR_ssp126_r1i1p1f1_gn_204501-204512.nc,2.78732967376709,OK,True,True,True,True,12,2045-01-16T12:00:00.000000000,2045-12-16T12:00:00.000000000,lat,lon,"(12, 192, 384)",,
AWI-CM-1-1-MR,ssp126,rsds,rsds_Amon_AWI-CM-1-1-MR_ssp126_r1i1p1f1_gn_204601-204612.nc,2.787447929382324,OK,True,True,True,True,12,2046-01-16T12:00:00.000000000,2046-12-16T12:00:00.000000000,lat,lon,"(12, 192, 384)",,
AWI-CM-1-1-MR,ssp126,rsds,rsds_Amon_AWI-CM-1-1-MR_ssp126_r1i1p1f1_gn_204701-204712.nc,2.7891626358032227,OK,True,True,True,True,12,2047-01-16T12:00:00.000000000,2047-12-16T12:00:00.000000000,lat,lon,"(12, 192, 384)",,
AWI-CM-1-1-MR,ssp126,rsds,rsds_Amon_AWI-CM-1-1-MR_ssp126_r1i1p1f1_gn_204801-204812.nc,2.7858781814575195,OK,True,True,True,True,12,2048-01-16T12:00:00.000000000,2048-12-16T12:00:00.000000000,lat,lon,"(12, 192, 384)",,
AWI-CM-1-1-MR,ssp126,rsds,rsds_Amon_AWI-CM-1-1-MR_ssp126_r1i1p1f1_gn_204901-204912.nc,2.7871952056884766,OK,True,True,True,True,12,2049-01-16T12:00:00.000000000,2049-12-16T12:00:00.000000000,lat,lon,"(12, 192, 384)",,
AWI-CM-1-1-MR,ssp126,rsds,rsds_Amon_AWI-CM-1-1-MR_ssp126_r1i1p1f1_gn_205001-205012.nc,2.788313865661621,OK,True,True,True,True,12,2050-01-16T12:00:00.000000000,2050-12-16T12:00:00.000000000,lat,lon,"(12, 192, 384)",,
AWI-CM-1-1-MR,ssp126,rsds,rsds_Amon_AWI-CM-1-1-MR_ssp126_r1i1p1f1_gn_205101-205112.nc,2.7868824005126953,OK,True,True,True,True,12,2051-01-16T12:00:00.000000000,2051-12-16T12:00:00.000000000,lat,lon,"(12, 192, 384)",,
AWI-CM-1-1-MR,ssp126,rsds,rsds_Amon_AWI-CM-1-1-MR_ssp126_r1i1p1f1_gn_205201-205212.nc,2.7855873107910156,OK,True,True,True,True,12,2052-01-16T12:00:00.000000000,2052-12-16T12:00:00.000000000,lat,lon,"(12, 192, 384)",,
AWI-CM-1-1-MR,ssp126,rsds,rsds_Amon_AWI-CM-1-1-MR_ssp126_r1i1p1f1_gn_205301-205312.nc,2.7878713607788086,OK,True,True,True,True,12,2053-01-16T12:00:00.000000000,2053-12-16T12:00:00.000000000,lat,lon,"(12, 192, 384)",,
AWI-CM-1-1-MR,ssp126,rsds,rsds_Amon_AWI-CM-1-1-MR_ssp126_r1i1p1f1_gn_205401-205412.nc,2.7877092361450195,OK,True,True,True,True,12,2054-01-16T12:00:00.000000000,2054-12-16T12:00:00.000000000,lat,lon,"(12, 192, 384)",,
AWI-CM-1-1-MR,ssp126,rsds,rsds_Amon_AWI-CM-1-1-MR_ssp126_r1i1p1f1_gn_205501-205512.nc,2.787477493286133,OK,True,True,True,True,12,2055-01-16T12:00:00.000000000,2055-12-16T12:00:00.000000000,lat,lon,"(12, 192, 384)",,
AWI-CM-1-1-MR,ssp126,rsds,rsds_Amon_AWI-CM-1-1-MR_ssp126_r1i1p1f1_gn_205601-205612.nc,2.7867069244384766,OK,True,True,True,True,12,2056-01-16T12:00:00.000000000,2056-12-16T12:00:00.000000000,lat,lon,"(12, 192, 384)",,
AWI-CM-1-1-MR,ssp126,rsds,rsds_Amon_AWI-CM-1-1-MR_ssp126_r1i1p1f1_gn_205701-205712.nc,2.7868757247924805,OK,True,True,True,True,12,2057-01-16T12:00:00.000000000,2057-12-16T12:00:00.000000000,lat,lon,"(12, 192, 384)",,
AWI-CM-1-1-MR,ssp126,rsds,rsds_Amon_AWI-CM-1-1-MR_ssp126_r1i1p1f1_gn_205801-205812.nc,2.787787437438965,OK,True,True,True,True,12,2058-01-16T12:00:00.000000000,2058-12-16T12:00:00.000000000,lat,lon,"(12, 192, 384)",,
AWI-CM-1-1-MR,ssp126,rsds,rsds_Amon_AWI-CM-1-1-MR_ssp126_r1i1p1f1_gn_205901-205912.nc,2.787520408630371,OK,True,True,True,True,12,2059-01-16T12:00:00.000000000,2059-12-16T12:00:00.000000000,lat,lon,"(12, 192, 384)",,
AWI-CM-1-1-MR,ssp126,rsds,rsds_Amon_AWI-CM-1-1-MR_ssp126_r1i1p1f1_gn_206001-206012.nc,2.7869043350219727,OK,True,True,True,True,12,2060-01-16T12:00:00.000000000,2060-12-16T12:00:00.000000000,lat,lon,"(12, 192, 384)",,
AWI-CM-1-1-MR,ssp126,rsds,rsds_Amon_AWI-CM-1-1-MR_ssp126_r1i1p1f1_gn_206101-206112.nc,2.786388397216797,OK,True,True,True,True,12,2061-01-16T12:00:00.000000000,2061-12-16T12:00:00.000000000,lat,lon,"(12, 192, 384)",,
AWI-CM-1-1-MR,ssp126,rsds,rsds_Amon_AWI-CM-1-1-MR_ssp126_r1i1p1f1_gn_206201-206212.nc,2.787109375,OK,True,True,True,True,12,2062-01-16T12:00:00.000000000,2062-12-16T12:00:00.000000000,lat,lon,"(12, 192, 384)",,
AWI-CM-1-1-MR,ssp126,rsds,rsds_Amon_AWI-CM-1-1-MR_ssp126_r1i1p1f1_gn_206301-206312.nc,2.787456512451172,OK,True,True,True,True,12,2063-01-16T12:00:00.000000000,2063-12-16T12:00:00.000000000,lat,lon,"(12, 192, 384)",,
AWI-CM-1-1-MR,ssp126,rsds,rsds_Amon_AWI-CM-1-1-MR_ssp126_r1i1p1f1_gn_206401-206412.nc,2.7873058319091797,OK,True,True,True,True,12,2064-01-16T12:00:00.000000000,2064-12-16T12:00:00.000000000,lat,lon,"(12, 192, 384)",,
AWI-CM-1-1-MR,ssp126,rsds,rsds_Amon_AWI-CM-1-1-MR_ssp126_r1i1p1f1_gn_206501-206512.nc,2.786921501159668,OK,True,True,True,True,12,2065-01-16T12:00:00.000000000,2065-12-16T12:00:00.000000000,lat,lon,"(12, 192, 384)",,
AWI-CM-1-1-MR,ssp126,rsds,rsds_Amon_AWI-CM-1-1-MR_ssp126_r1i1p1f1_gn_206601-206612.nc,2.7900257110595703,OK,True,True,True,True,12,2066-01-16T12:00:00.000000000,2066-12-16T12:00:00.000000000,lat,lon,"(12, 192, 384)",,
AWI-CM-1-1-MR,ssp126,rsds,rsds_Amon_AWI-CM-1-1-MR_ssp126_r1i1p1f1_gn_206701-206712.nc,2.788290023803711,OK,True,True,True,True,12,2067-01-16T12:00:00.000000000,2067-12-16T12:00:00.000000000,lat,lon,"(12, 192, 384)",,
AWI-CM-1-1-MR,ssp126,rsds,rsds_Amon_AWI-CM-1-1-MR_ssp126_r1i1p1f1_gn_206801-206812.nc,2.7854862213134766,OK,True,True,True,True,12,2068-01-16T12:00:00.000000000,2068-12-16T12:00:00.000000000,lat,lon,"(12, 192, 384)",,
AWI-CM-1-1-MR,ssp126,rsds,rsds_Amon_AWI-CM-1-1-MR_ssp126_r1i1p1f1_gn_206901-206912.nc,2.786069869995117,OK,True,True,True,True,12,2069-01-16T12:00:00.000000000,2069-12-16T12:00:00.000000000,lat,lon,"(12, 192, 384)",,
AWI-CM-1-1-MR,ssp126,rsds,rsds_Amon_AWI-CM-1-1-MR_ssp126_r1i1p1f1_gn_207001-207012.nc,2.787649154663086,OK,True,True,True,True,12,2070-01-16T12:00:00.000000000,2070-12-16T12:00:00.000000000,lat,lon,"(12, 192, 384)",,
AWI-CM-1-1-MR,ssp126,rsds,rsds_Amon_AWI-CM-1-1-MR_ssp126_r1i1p1f1_gn_207101-207112.nc,2.7885665893554688,OK,True,True,True,True,12,2071-01-16T12:00:00.000000000,2071-12-16T12:00:00.000000000,lat,lon,"(12, 192, 384)",,
AWI-CM-1-1-MR,ssp126,rsds,rsds_Amon_AWI-CM-1-1-MR_ssp126_r1i1p1f1_gn_207201-207212.nc,2.786749839782715,OK,True,True,True,True,12,2072-01-16T12:00:00.000000000,2072-12-16T12:00:00.000000000,lat,lon,"(12, 192, 384)",,
AWI-CM-1-1-MR,ssp126,rsds,rsds_Amon_AWI-CM-1-1-MR_ssp126_r1i1p1f1_gn_207301-207312.nc,2.787487030029297,OK,True,True,True,True,12,2073-01-16T12:00:00.000000000,2073-12-16T12:00:00.000000000,lat,lon,"(12, 192, 384)",,
AWI-CM-1-1-MR,ssp126,rsds,rsds_Amon_AWI-CM-1-1-MR_ssp126_r1i1p1f1_gn_207401-207412.nc,2.7872419357299805,OK,True,True,True,True,12,2074-01-16T12:00:00.000000000,2074-12-16T12:00:00.000000000,lat,lon,"(12, 192, 384)",,
AWI-CM-1-1-MR,ssp126,rsds,rsds_Amon_AWI-CM-1-1-MR_ssp126_r1i1p1f1_gn_207501-207512.nc,2.7870731353759766,OK,True,True,True,True,12,2075-01-16T12:00:00.000000000,2075-12-16T12:00:00.000000000,lat,lon,"(12, 192, 384)",,
AWI-CM-1-1-MR,ssp126,rsds,rsds_Amon_AWI-CM-1-1-MR_ssp126_r1i1p1f1_gn_207601-207612.nc,2.785429000854492,OK,True,True,True,True,12,2076-01-16T12:00:00.000000000,2076-12-16T12:00:00.000000000,lat,lon,"(12, 192, 384)",,
AWI-CM-1-1-MR,ssp126,rsds,rsds_Amon_AWI-CM-1-1-MR_ssp126_r1i1p1f1_gn_207701-207712.nc,2.787353515625,OK,True,True,True,True,12,2077-01-16T12:00:00.000000000,2077-12-16T12:00:00.000000000,lat,lon,"(12, 192, 384)",,
AWI-CM-1-1-MR,ssp126,rsds,rsds_Amon_AWI-CM-1-1-MR_ssp126_r1i1p1f1_gn_207801-207812.nc,2.787446975708008,OK,True,True,True,True,12,2078-01-16T12:00:00.000000000,2078-12-16T12:00:00.000000000,lat,lon,"(12, 192, 384)",,
AWI-CM-1-1-MR,ssp126,rsds,rsds_Amon_AWI-CM-1-1-MR_ssp126_r1i1p1f1_gn_207901-207912.nc,2.788487434387207,OK,True,True,True,True,12,2079-01-16T12:00:00.000000000,2079-12-16T12:00:00.000000000,lat,lon,"(12, 192, 384)",,
AWI-CM-1-1-MR,ssp126,rsds,rsds_Amon_AWI-CM-1-1-MR_ssp126_r1i1p1f1_gn_208001-208012.nc,2.785837173461914,OK,True,True,True,True,12,2080-01-16T12:00:00.000000000,2080-12-16T12:00:00.000000000,lat,lon,"(12, 192, 384)",,
AWI-CM-1-1-MR,ssp126,rsds,rsds_Amon_AWI-CM-1-1-MR_ssp126_r1i1p1f1_gn_208101-208112.nc,2.7872772216796875,OK,True,True,True,True,12,2081-01-16T12:00:00.000000000,2081-12-16T12:00:00.000000000,lat,lon,"(12, 192, 384)",,
AWI-CM-1-1-MR,ssp126,rsds,rsds_Amon_AWI-CM-1-1-MR_ssp126_r1i1p1f1_gn_208201-208212.nc,2.787686347961426,OK,True,True,True,True,12,2082-01-16T12:00:00.000000000,2082-12-16T12:00:00.000000000,lat,lon,"(12, 192, 384)",,
AWI-CM-1-1-MR,ssp126,rsds,rsds_Amon_AWI-CM-1-1-MR_ssp126_r1i1p1f1_gn_208301-208312.nc,2.787703514099121,OK,True,True,True,True,12,2083-01-16T12:00:00.000000000,2083-12-16T12:00:00.000000000,lat,lon,"(12, 192, 384)",,
AWI-CM-1-1-MR,ssp126,rsds,rsds_Amon_AWI-CM-1-1-MR_ssp126_r1i1p1f1_gn_208401-208412.nc,2.785196304321289,OK,True,True,True,True,12,2084-01-16T12:00:00.000000000,2084-12-16T12:00:00.000000000,lat,lon,"(12, 192, 384)",,
AWI-CM-1-1-MR,ssp126,rsds,rsds_Amon_AWI-CM-1-1-MR_ssp126_r1i1p1f1_gn_208501-208512.nc,2.7867355346679688,OK,True,True,True,True,12,2085-01-16T12:00:00.000000000,2085-12-16T12:00:00.000000000,lat,lon,"(12, 192, 384)",,
AWI-CM-1-1-MR,ssp126,rsds,rsds_Amon_AWI-CM-1-1-MR_ssp126_r1i1p1f1_gn_208601-208612.nc,2.7882165908813477,OK,True,True,True,True,12,2086-01-16T12:00:00.000000000,2086-12-16T12:00:00.000000000,lat,lon,"(12, 192, 384)",,
AWI-CM-1-1-MR,ssp126,rsds,rsds_Amon_AWI-CM-1-1-MR_ssp126_r1i1p1f1_gn_208701-208712.nc,2.788698196411133,OK,True,True,True,True,12,2087-01-16T12:00:00.000000000,2087-12-16T12:00:00.000000000,lat,lon,"(12, 192, 384)",,
AWI-CM-1-1-MR,ssp126,rsds,rsds_Amon_AWI-CM-1-1-MR_ssp126_r1i1p1f1_gn_208801-208812.nc,2.7867021560668945,OK,True,True,True,True,12,2088-01-16T12:00:00.000000000,2088-12-16T12:00:00.000000000,lat,lon,"(12, 192, 384)",,
AWI-CM-1-1-MR,ssp126,rsds,rsds_Amon_AWI-CM-1-1-MR_ssp126_r1i1p1f1_gn_208901-208912.nc,2.7855663299560547,OK,True,True,True,True,12,2089-01-16T12:00:00.000000000,2089-12-16T12:00:00.000000000,lat,lon,"(12, 192, 384)",,
AWI-CM-1-1-MR,ssp126,rsds,rsds_Amon_AWI-CM-1-1-MR_ssp126_r1i1p1f1_gn_209001-209012.nc,2.7875003814697266,OK,True,True,True,True,12,2090-01-16T12:00:00.000000000,2090-12-16T12:00:00.000000000,lat,lon,"(12, 192, 384)",,
AWI-CM-1-1-MR,ssp126,rsds,rsds_Amon_AWI-CM-1-1-MR_ssp126_r1i1p1f1_gn_209101-209112.nc,2.788924217224121,OK,True,True,True,True,12,2091-01-16T12:00:00.000000000,2091-12-16T12:00:00.000000000,lat,lon,"(12, 192, 384)",,
AWI-CM-1-1-MR,ssp126,rsds,rsds_Amon_AWI-CM-1-1-MR_ssp126_r1i1p1f1_gn_209201-209212.nc,2.7851734161376953,OK,True,True,True,True,12,2092-01-16T12:00:00.000000000,2092-12-16T12:00:00.000000000,lat,lon,"(12, 192, 384)",,
AWI-CM-1-1-MR,ssp126,rsds,rsds_Amon_AWI-CM-1-1-MR_ssp126_r1i1p1f1_gn_209301-209312.nc,2.787353515625,OK,True,True,True,True,12,2093-01-16T12:00:00.000000000,2093-12-16T12:00:00.000000000,lat,lon,"(12, 192, 384)",,
AWI-CM-1-1-MR,ssp126,rsds,rsds_Amon_AWI-CM-1-1-MR_ssp126_r1i1p1f1_gn_209401-209412.nc,2.7879762649536133,OK,True,True,True,True,12,2094-01-16T12:00:00.000000000,2094-12-16T12:00:00.000000000,lat,lon,"(12, 192, 384)",,
AWI-CM-1-1-MR,ssp126,rsds,rsds_Amon_AWI-CM-1-1-MR_ssp126_r1i1p1f1_gn_209501-209512.nc,2.7864866256713867,OK,True,True,True,True,12,2095-01-16T12:00:00.000000000,2095-12-16T12:00:00.000000000,lat,lon,"(12, 192, 384)",,
AWI-CM-1-1-MR,ssp126,rsds,rsds_Amon_AWI-CM-1-1-MR_ssp126_r1i1p1f1_gn_209601-209612.nc,2.7844009399414062,OK,True,True,True,True,12,2096-01-16T12:00:00.000000000,2096-12-16T12:00:00.000000000,lat,lon,"(12, 192, 384)",,
AWI-CM-1-1-MR,ssp126,rsds,rsds_Amon_AWI-CM-1-1-MR_ssp126_r1i1p1f1_gn_209701-209712.nc,2.785923957824707,OK,True,True,True,True,12,2097-01-16T12:00:00.000000000,2097-12-16T12:00:00.000000000,lat,lon,"(12, 192, 384)",,
AWI-CM-1-1-MR,ssp126,rsds,rsds_Amon_AWI-CM-1-1-MR_ssp126_r1i1p1f1_gn_209801-209812.nc,2.7875289916992188,OK,True,True,True,True,12,2098-01-16T12:00:00.000000000,2098-12-16T12:00:00.000000000,lat,lon,"(12, 192, 384)",,
AWI-CM-1-1-MR,ssp126,rsds,rsds_Amon_AWI-CM-1-1-MR_ssp126_r1i1p1f1_gn_209901-209912.nc,2.7864303588867188,OK,True,True,True,True,12,2099-01-16T12:00:00.000000000,2099-12-16T12:00:00.000000000,lat,lon,"(12, 192, 384)",,
AWI-CM-1-1-MR,ssp126,rsds,rsds_Amon_AWI-CM-1-1-MR_ssp126_r1i1p1f1_gn_210001-210012.nc,2.787689208984375,OK,True,True,True,True,12,2100-01-16T12:00:00.000000000,2100-12-16T12:00:00.000000000,lat,lon,"(12, 192, 384)",,
AWI-CM-1-1-MR,ssp126,sfcWind,sfcWind_Amon_AWI-CM-1-1-MR_ssp126_r1i1p1f1_gn_204001-204012.nc,3.011974334716797,OK,True,True,True,True,12,2040-01-16T12:00:00.000000000,2040-12-16T12:00:00.000000000,lat,lon,"(12, 192, 384)",,
AWI-CM-1-1-MR,ssp126,sfcWind,sfcWind_Amon_AWI-CM-1-1-MR_ssp126_r1i1p1f1_gn_204101-204112.nc,3.0118045806884766,OK,True,True,True,True,12,2041-01-16T12:00:00.000000000,2041-12-16T12:00:00.000000000,lat,lon,"(12, 192, 384)",,
AWI-CM-1-1-MR,ssp126,sfcWind,sfcWind_Amon_AWI-CM-1-1-MR_ssp126_r1i1p1f1_gn_204201-204212.nc,3.0122241973876953,OK,True,True,True,True,12,2042-01-16T12:00:00.000000000,2042-12-16T12:00:00.000000000,lat,lon,"(12, 192, 384)",,
AWI-CM-1-1-MR,ssp126,sfcWind,sfcWind_Amon_AWI-CM-1-1-MR_ssp126_r1i1p1f1_gn_204301-204312.nc,3.0115156173706055,OK,True,True,True,True,12,2043-01-16T12:00:00.000000000,2043-12-16T12:00:00.000000000,lat,lon,"(12, 192, 384)",,
AWI-CM-1-1-MR,ssp126,sfcWind,sfcWind_Amon_AWI-CM-1-1-MR_ssp126_r1i1p1f1_gn_204401-204412.nc,3.011636734008789,OK,True,True,True,True,12,2044-01-16T12:00:00.000000000,2044-12-16T12:00:00.000000000,lat,lon,"(12, 192, 384)",,
AWI-CM-1-1-MR,ssp126,sfcWind,sfcWind_Amon_AWI-CM-1-1-MR_ssp126_r1i1p1f1_gn_204501-204512.nc,3.011631965637207,OK,True,True,True,True,12,2045-01-16T12:00:00.000000000,2045-12-16T12:00:00.000000000,lat,lon,"(12, 192, 384)",,
AWI-CM-1-1-MR,ssp126,sfcWind,sfcWind_Amon_AWI-CM-1-1-MR_ssp126_r1i1p1f1_gn_204601-204612.nc,3.01177978515625,OK,True,True,True,True,12,2046-01-16T12:00:00.000000000,2046-12-16T12:00:00.000000000,lat,lon,"(12, 192, 384)",,
AWI-CM-1-1-MR,ssp126,sfcWind,sfcWind_Amon_AWI-CM-1-1-MR_ssp126_r1i1p1f1_gn_204701-204712.nc,3.0107555389404297,OK,True,True,True,True,12,2047-01-16T12:00:00.000000000,2047-12-16T12:00:00.000000000,lat,lon,"(12, 192, 384)",,
AWI-CM-1-1-MR,ssp126,sfcWind,sfcWind_Amon_AWI-CM-1-1-MR_ssp126_r1i1p1f1_gn_204801-204812.nc,3.011289596557617,OK,True,True,True,True,12,2048-01-16T12:00:00.000000000,2048-12-16T12:00:00.000000000,lat,lon,"(12, 192, 384)",,
AWI-CM-1-1-MR,ssp126,sfcWind,sfcWind_Amon_AWI-CM-1-1-MR_ssp126_r1i1p1f1_gn_204901-204912.nc,3.012645721435547,OK,True,True,True,True,12,2049-01-16T12:00:00.000000000,2049-12-16T12:00:00.000000000,lat,lon,"(12, 192, 384)",,
AWI-CM-1-1-MR,ssp126,sfcWind,sfcWind_Amon_AWI-CM-1-1-MR_ssp126_r1i1p1f1_gn_205001-205012.nc,3.0114030838012695,OK,True,True,True,True,12,2050-01-16T12:00:00.000000000,2050-12-16T12:00:00.000000000,lat,lon,"(12, 192, 384)",,
AWI-CM-1-1-MR,ssp126,sfcWind,sfcWind_Amon_AWI-CM-1-1-MR_ssp126_r1i1p1f1_gn_205101-205112.nc,3.0128889083862305,OK,True,True,True,True,12,2051-01-16T12:00:00.000000000,2051-12-16T12:00:00.000000000,lat,lon,"(12, 192, 384)",,
AWI-CM-1-1-MR,ssp126,sfcWind,sfcWind_Amon_AWI-CM-1-1-MR_ssp126_r1i1p1f1_gn_205201-205212.nc,3.0131359100341797,OK,True,True,True,True,12,2052-01-16T12:00:00.000000000,2052-12-16T12:00:00.000000000,lat,lon,"(12, 192, 384)",,
AWI-CM-1-1-MR,ssp126,sfcWind,sfcWind_Amon_AWI-CM-1-1-MR_ssp126_r1i1p1f1_gn_205301-205312.nc,3.0121917724609375,OK,True,True,True,True,12,2053-01-16T12:00:00.000000000,2053-12-16T12:00:00.000000000,lat,lon,"(12, 192, 384)",,
AWI-CM-1-1-MR,ssp126,sfcWind,sfcWind_Amon_AWI-CM-1-1-MR_ssp126_r1i1p1f1_gn_205401-205412.nc,3.0121469497680664,OK,True,True,True,True,12,2054-01-16T12:00:00.000000000,2054-12-16T12:00:00.000000000,lat,lon,"(12, 192, 384)",,
AWI-CM-1-1-MR,ssp126,sfcWind,sfcWind_Amon_AWI-CM-1-1-MR_ssp126_r1i1p1f1_gn_205501-205512.nc,3.0106115341186523,OK,True,True,True,True,12,2055-01-16T12:00:00.000000000,2055-12-16T12:00:00.000000000,lat,lon,"(12, 192, 384)",,
AWI-CM-1-1-MR,ssp126,sfcWind,sfcWind_Amon_AWI-CM-1-1-MR_ssp126_r1i1p1f1_gn_205601-205612.nc,3.0118961334228516,OK,True,True,True,True,12,2056-01-16T12:00:00.000000000,2056-12-16T12:00:00.000000000,lat,lon,"(12, 192, 384)",,
AWI-CM-1-1-MR,ssp126,sfcWind,sfcWind_Amon_AWI-CM-1-1-MR_ssp126_r1i1p1f1_gn_205701-205712.nc,3.01171875,OK,True,True,True,True,12,2057-01-16T12:00:00.000000000,2057-12-16T12:00:00.000000000,lat,lon,"(12, 192, 384)",,
AWI-CM-1-1-MR,ssp126,sfcWind,sfcWind_Amon_AWI-CM-1-1-MR_ssp126_r1i1p1f1_gn_205801-205812.nc,3.0114870071411133,OK,True,True,True,True,12,2058-01-16T12:00:00.000000000,2058-12-16T12:00:00.000000000,lat,lon,"(12, 192, 384)",,
AWI-CM-1-1-MR,ssp126,sfcWind,sfcWind_Amon_AWI-CM-1-1-MR_ssp126_r1i1p1f1_gn_205901-205912.nc,3.0134239196777344,OK,True,True,True,True,12,2059-01-16T12:00:00.000000000,2059-12-16T12:00:00.000000000,lat,lon,"(12, 192, 384)",,
AWI-CM-1-1-MR,ssp126,sfcWind,sfcWind_Amon_AWI-CM-1-1-MR_ssp126_r1i1p1f1_gn_206001-206012.nc,3.011441230773926,OK,True,True,True,True,12,2060-01-16T12:00:00.000000000,2060-12-16T12:00:00.000000000,lat,lon,"(12, 192, 384)",,
AWI-CM-1-1-MR,ssp126,sfcWind,sfcWind_Amon_AWI-CM-1-1-MR_ssp126_r1i1p1f1_gn_206101-206112.nc,3.0108728408813477,OK,True,True,True,True,12,2061-01-16T12:00:00.000000000,2061-12-16T12:00:00.000000000,lat,lon,"(12, 192, 384)",,
AWI-CM-1-1-MR,ssp126,sfcWind,sfcWind_Amon_AWI-CM-1-1-MR_ssp126_r1i1p1f1_gn_206201-206212.nc,3.011505126953125,OK,True,True,True,True,12,2062-01-16T12:00:00.000000000,2062-12-16T12:00:00.000000000,lat,lon,"(12, 192, 384)",,
AWI-CM-1-1-MR,ssp126,sfcWind,sfcWind_Amon_AWI-CM-1-1-MR_ssp126_r1i1p1f1_gn_206301-206312.nc,3.01202392578125,OK,True,True,True,True,12,2063-01-16T12:00:00.000000000,2063-12-16T12:00:00.000000000,lat,lon,"(12, 192, 384)",,
AWI-CM-1-1-MR,ssp126,sfcWind,sfcWind_Amon_AWI-CM-1-1-MR_ssp126_r1i1p1f1_gn_206401-206412.nc,3.011549949645996,OK,True,True,True,True,12,2064-01-16T12:00:00.000000000,2064-12-16T12:00:00.000000000,lat,lon,"(12, 192, 384)",,
AWI-CM-1-1-MR,ssp126,sfcWind,sfcWind_Amon_AWI-CM-1-1-MR_ssp126_r1i1p1f1_gn_206501-206512.nc,3.0105361938476562,OK,True,True,True,True,12,2065-01-16T12:00:00.000000000,2065-12-16T12:00:00.000000000,lat,lon,"(12, 192, 384)",,
AWI-CM-1-1-MR,ssp126,sfcWind,sfcWind_Amon_AWI-CM-1-1-MR_ssp126_r1i1p1f1_gn_206601-206612.nc,3.0119199752807617,OK,True,True,True,True,12,2066-01-16T12:00:00.000000000,2066-12-16T12:00:00.000000000,lat,lon,"(12, 192, 384)",,
AWI-CM-1-1-MR,ssp126,sfcWind,sfcWind_Amon_AWI-CM-1-1-MR_ssp126_r1i1p1f1_gn_206701-206712.nc,3.013068199157715,OK,True,True,True,True,12,2067-01-16T12:00:00.000000000,2067-12-16T12:00:00.000000000,lat,lon,"(12, 192, 384)",,
AWI-CM-1-1-MR,ssp126,sfcWind,sfcWind_Amon_AWI-CM-1-1-MR_ssp126_r1i1p1f1_gn_206801-206812.nc,3.010671615600586,OK,True,True,True,True,12,2068-01-16T12:00:00.000000000,2068-12-16T12:00:00.000000000,lat,lon,"(12, 192, 384)",,
AWI-CM-1-1-MR,ssp126,sfcWind,sfcWind_Amon_AWI-CM-1-1-MR_ssp126_r1i1p1f1_gn_206901-206912.nc,3.0111331939697266,OK,True,True,True,True,12,2069-01-16T12:00:00.000000000,2069-12-16T12:00:00.000000000,lat,lon,"(12, 192, 384)",,
AWI-CM-1-1-MR,ssp126,sfcWind,sfcWind_Amon_AWI-CM-1-1-MR_ssp126_r1i1p1f1_gn_207001-207012.nc,3.0117664337158203,OK,True,True,True,True,12,2070-01-16T12:00:00.000000000,2070-12-16T12:00:00.000000000,lat,lon,"(12, 192, 384)",,
AWI-CM-1-1-MR,ssp126,sfcWind,sfcWind_Amon_AWI-CM-1-1-MR_ssp126_r1i1p1f1_gn_207101-207112.nc,3.012784957885742,OK,True,True,True,True,12,2071-01-16T12:00:00.000000000,2071-12-16T12:00:00.000000000,lat,lon,"(12, 192, 384)",,
AWI-CM-1-1-MR,ssp126,sfcWind,sfcWind_Amon_AWI-CM-1-1-MR_ssp126_r1i1p1f1_gn_207201-207212.nc,3.0131540298461914,OK,True,True,True,True,12,2072-01-16T12:00:00.000000000,2072-12-16T12:00:00.000000000,lat,lon,"(12, 192, 384)",,
AWI-CM-1-1-MR,ssp126,sfcWind,sfcWind_Amon_AWI-CM-1-1-MR_ssp126_r1i1p1f1_gn_207301-207312.nc,3.0114736557006836,OK,True,True,True,True,12,2073-01-16T12:00:00.000000000,2073-12-16T12:00:00.000000000,lat,lon,"(12, 192, 384)",,
AWI-CM-1-1-MR,ssp126,sfcWind,sfcWind_Amon_AWI-CM-1-1-MR_ssp126_r1i1p1f1_gn_207401-207412.nc,3.01229190826416,OK,True,True,True,True,12,2074-01-16T12:00:00.000000000,2074-12-16T12:00:00.000000000,lat,lon,"(12, 192, 384)",,
AWI-CM-1-1-MR,ssp126,sfcWind,sfcWind_Amon_AWI-CM-1-1-MR_ssp126_r1i1p1f1_gn_207501-207512.nc,3.011293411254883,OK,True,True,True,True,12,2075-01-16T12:00:00.000000000,2075-12-16T12:00:00.000000000,lat,lon,"(12, 192, 384)",,
AWI-CM-1-1-MR,ssp126,sfcWind,sfcWind_Amon_AWI-CM-1-1-MR_ssp126_r1i1p1f1_gn_207601-207612.nc,3.0111703872680664,OK,True,True,True,True,12,2076-01-16T12:00:00.000000000,2076-12-16T12:00:00.000000000,lat,lon,"(12, 192, 384)",,
AWI-CM-1-1-MR,ssp126,sfcWind,sfcWind_Amon_AWI-CM-1-1-MR_ssp126_r1i1p1f1_gn_207701-207712.nc,3.012753486633301,OK,True,True,True,True,12,2077-01-16T12:00:00.000000000,2077-12-16T12:00:00.000000000,lat,lon,"(12, 192, 384)",,
AWI-CM-1-1-MR,ssp126,sfcWind,sfcWind_Amon_AWI-CM-1-1-MR_ssp126_r1i1p1f1_gn_207801-207812.nc,3.011874198913574,OK,True,True,True,True,12,2078-01-16T12:00:00.000000000,2078-12-16T12:00:00.000000000,lat,lon,"(12, 192, 384)",,
AWI-CM-1-1-MR,ssp126,sfcWind,sfcWind_Amon_AWI-CM-1-1-MR_ssp126_r1i1p1f1_gn_207901-207912.nc,3.010928153991699,OK,True,True,True,True,12,2079-01-16T12:00:00.000000000,2079-12-16T12:00:00.000000000,lat,lon,"(12, 192, 384)",,
AWI-CM-1-1-MR,ssp126,sfcWind,sfcWind_Amon_AWI-CM-1-1-MR_ssp126_r1i1p1f1_gn_208001-208012.nc,3.012051582336426,OK,True,True,True,True,12,2080-01-16T12:00:00.000000000,2080-12-16T12:00:00.000000000,lat,lon,"(12, 192, 384)",,
AWI-CM-1-1-MR,ssp126,sfcWind,sfcWind_Amon_AWI-CM-1-1-MR_ssp126_r1i1p1f1_gn_208101-208112.nc,3.011288642883301,OK,True,True,True,True,12,2081-01-16T12:00:00.000000000,2081-12-16T12:00:00.000000000,lat,lon,"(12, 192, 384)",,
AWI-CM-1-1-MR,ssp126,sfcWind,sfcWind_Amon_AWI-CM-1-1-MR_ssp126_r1i1p1f1_gn_208201-208212.nc,3.0110321044921875,OK,True,True,True,True,12,2082-01-16T12:00:00.000000000,2082-12-16T12:00:00.000000000,lat,lon,"(12, 192, 384)",,
AWI-CM-1-1-MR,ssp126,sfcWind,sfcWind_Amon_AWI-CM-1-1-MR_ssp126_r1i1p1f1_gn_208301-208312.nc,3.010401725769043,OK,True,True,True,True,12,2083-01-16T12:00:00.000000000,2083-12-16T12:00:00.000000000,lat,lon,"(12, 192, 384)",,
AWI-CM-1-1-MR,ssp126,sfcWind,sfcWind_Amon_AWI-CM-1-1-MR_ssp126_r1i1p1f1_gn_208401-208412.nc,3.010988235473633,OK,True,True,True,True,12,2084-01-16T12:00:00.000000000,2084-12-16T12:00:00.000000000,lat,lon,"(12, 192, 384)",,
AWI-CM-1-1-MR,ssp126,sfcWind,sfcWind_Amon_AWI-CM-1-1-MR_ssp126_r1i1p1f1_gn_208501-208512.nc,3.0107603073120117,OK,True,True,True,True,12,2085-01-16T12:00:00.000000000,2085-12-16T12:00:00.000000000,lat,lon,"(12, 192, 384)",,
AWI-CM-1-1-MR,ssp126,sfcWind,sfcWind_Amon_AWI-CM-1-1-MR_ssp126_r1i1p1f1_gn_208601-208612.nc,3.01129150390625,OK,True,True,True,True,12,2086-01-16T12:00:00.000000000,2086-12-16T12:00:00.000000000,lat,lon,"(12, 192, 384)",,
AWI-CM-1-1-MR,ssp126,sfcWind,sfcWind_Amon_AWI-CM-1-1-MR_ssp126_r1i1p1f1_gn_208701-208712.nc,3.0123090744018555,OK,True,True,True,True,12,2087-01-16T12:00:00.000000000,2087-12-16T12:00:00.000000000,lat,lon,"(12, 192, 384)",,
AWI-CM-1-1-MR,ssp126,sfcWind,sfcWind_Amon_AWI-CM-1-1-MR_ssp126_r1i1p1f1_gn_208801-208812.nc,3.0120954513549805,OK,True,True,True,True,12,2088-01-16T12:00:00.000000000,2088-12-16T12:00:00.000000000,lat,lon,"(12, 192, 384)",,
AWI-CM-1-1-MR,ssp126,sfcWind,sfcWind_Amon_AWI-CM-1-1-MR_ssp126_r1i1p1f1_gn_208901-208912.nc,3.0116710662841797,OK,True,True,True,True,12,2089-01-16T12:00:00.000000000,2089-12-16T12:00:00.000000000,lat,lon,"(12, 192, 384)",,
AWI-CM-1-1-MR,ssp126,sfcWind,sfcWind_Amon_AWI-CM-1-1-MR_ssp126_r1i1p1f1_gn_209001-209012.nc,3.0111207962036133,OK,True,True,True,True,12,2090-01-16T12:00:00.000000000,2090-12-16T12:00:00.000000000,lat,lon,"(12, 192, 384)",,
AWI-CM-1-1-MR,ssp126,sfcWind,sfcWind_Amon_AWI-CM-1-1-MR_ssp126_r1i1p1f1_gn_209101-209112.nc,3.012261390686035,OK,True,True,True,True,12,2091-01-16T12:00:00.000000000,2091-12-16T12:00:00.000000000,lat,lon,"(12, 192, 384)",,
AWI-CM-1-1-MR,ssp126,sfcWind,sfcWind_Amon_AWI-CM-1-1-MR_ssp126_r1i1p1f1_gn_209201-209212.nc,3.009817123413086,OK,True,True,True,True,12,2092-01-16T12:00:00.000000000,2092-12-16T12:00:00.000000000,lat,lon,"(12, 192, 384)",,
AWI-CM-1-1-MR,ssp126,sfcWind,sfcWind_Amon_AWI-CM-1-1-MR_ssp126_r1i1p1f1_gn_209301-209312.nc,3.012493133544922,OK,True,True,True,True,12,2093-01-16T12:00:00.000000000,2093-12-16T12:00:00.000000000,lat,lon,"(12, 192, 384)",,
AWI-CM-1-1-MR,ssp126,sfcWind,sfcWind_Amon_AWI-CM-1-1-MR_ssp126_r1i1p1f1_gn_209401-209412.nc,3.0131664276123047,OK,True,True,True,True,12,2094-01-16T12:00:00.000000000,2094-12-16T12:00:00.000000000,lat,lon,"(12, 192, 384)",,
AWI-CM-1-1-MR,ssp126,sfcWind,sfcWind_Amon_AWI-CM-1-1-MR_ssp126_r1i1p1f1_gn_209501-209512.nc,3.011404037475586,OK,True,True,True,True,12,2095-01-16T12:00:00.000000000,2095-12-16T12:00:00.000000000,lat,lon,"(12, 192, 384)",,
AWI-CM-1-1-MR,ssp126,sfcWind,sfcWind_Amon_AWI-CM-1-1-MR_ssp126_r1i1p1f1_gn_209601-209612.nc,3.0118227005004883,OK,True,True,True,True,12,2096-01-16T12:00:00.000000000,2096-12-16T12:00:00.000000000,lat,lon,"(12, 192, 384)",,
AWI-CM-1-1-MR,ssp126,sfcWind,sfcWind_Amon_AWI-CM-1-1-MR_ssp126_r1i1p1f1_gn_209701-209712.nc,3.01236629486084,OK,True,True,True,True,12,2097-01-16T12:00:00.000000000,2097-12-16T12:00:00.000000000,lat,lon,"(12, 192, 384)",,
AWI-CM-1-1-MR,ssp126,sfcWind,sfcWind_Amon_AWI-CM-1-1-MR_ssp126_r1i1p1f1_gn_209801-209812.nc,3.0136985778808594,OK,True,True,True,True,12,2098-01-16T12:00:00.000000000,2098-12-16T12:00:00.000000000,lat,lon,"(12, 192, 384)",,
AWI-CM-1-1-MR,ssp126,sfcWind,sfcWind_Amon_AWI-CM-1-1-MR_ssp126_r1i1p1f1_gn_209901-209912.nc,3.01151180267334,OK,True,True,True,True,12,2099-01-16T12:00:00.000000000,2099-12-16T12:00:00.000000000,lat,lon,"(12, 192, 384)",,
AWI-CM-1-1-MR,ssp126,sfcWind,sfcWind_Amon_AWI-CM-1-1-MR_ssp126_r1i1p1f1_gn_210001-210012.nc,3.01204776763916,OK,True,True,True,True,12,2100-01-16T12:00:00.000000000,2100-12-16T12:00:00.000000000,lat,lon,"(12, 192, 384)",,
AWI-CM-1-1-MR,ssp126,tas,tas_Amon_AWI-CM-1-1-MR_ssp126_r1i1p1f1_gn_204001-204012.nc,2.609111785888672,OK,True,True,True,True,12,2040-01-16T12:00:00.000000000,2040-12-16T12:00:00.000000000,lat,lon,"(12, 192, 384)",,
AWI-CM-1-1-MR,ssp126,tas,tas_Amon_AWI-CM-1-1-MR_ssp126_r1i1p1f1_gn_204101-204112.nc,2.6077404022216797,OK,True,True,True,True,12,2041-01-16T12:00:00.000000000,2041-12-16T12:00:00.000000000,lat,lon,"(12, 192, 384)",,
AWI-CM-1-1-MR,ssp126,tas,tas_Amon_AWI-CM-1-1-MR_ssp126_r1i1p1f1_gn_204201-204212.nc,2.608623504638672,OK,True,True,True,True,12,2042-01-16T12:00:00.000000000,2042-12-16T12:00:00.000000000,lat,lon,"(12, 192, 384)",,
AWI-CM-1-1-MR,ssp126,tas,tas_Amon_AWI-CM-1-1-MR_ssp126_r1i1p1f1_gn_204301-204312.nc,2.6071882247924805,OK,True,True,True,True,12,2043-01-16T12:00:00.000000000,2043-12-16T12:00:00.000000000,lat,lon,"(12, 192, 384)",,
AWI-CM-1-1-MR,ssp126,tas,tas_Amon_AWI-CM-1-1-MR_ssp126_r1i1p1f1_gn_204401-204412.nc,2.607301712036133,OK,True,True,True,True,12,2044-01-16T12:00:00.000000000,2044-12-16T12:00:00.000000000,lat,lon,"(12, 192, 384)",,
AWI-CM-1-1-MR,ssp126,tas,tas_Amon_AWI-CM-1-1-MR_ssp126_r1i1p1f1_gn_204501-204512.nc,2.605362892150879,OK,True,True,True,True,12,2045-01-16T12:00:00.000000000,2045-12-16T12:00:00.000000000,lat,lon,"(12, 192, 384)",,
AWI-CM-1-1-MR,ssp126,tas,tas_Amon_AWI-CM-1-1-MR_ssp126_r1i1p1f1_gn_204601-204612.nc,2.60587215423584,OK,True,True,True,True,12,2046-01-16T12:00:00.000000000,2046-12-16T12:00:00.000000000,lat,lon,"(12, 192, 384)",,
AWI-CM-1-1-MR,ssp126,tas,tas_Amon_AWI-CM-1-1-MR_ssp126_r1i1p1f1_gn_204701-204712.nc,2.6064815521240234,OK,True,True,True,True,12,2047-01-16T12:00:00.000000000,2047-12-16T12:00:00.000000000,lat,lon,"(12, 192, 384)",,
AWI-CM-1-1-MR,ssp126,tas,tas_Amon_AWI-CM-1-1-MR_ssp126_r1i1p1f1_gn_204801-204812.nc,2.6089935302734375,OK,True,True,True,True,12,2048-01-16T12:00:00.000000000,2048-12-16T12:00:00.000000000,lat,lon,"(12, 192, 384)",,
AWI-CM-1-1-MR,ssp126,tas,tas_Amon_AWI-CM-1-1-MR_ssp126_r1i1p1f1_gn_204901-204912.nc,2.6074085235595703,OK,True,True,True,True,12,2049-01-16T12:00:00.000000000,2049-12-16T12:00:00.000000000,lat,lon,"(12, 192, 384)",,
AWI-CM-1-1-MR,ssp126,tas,tas_Amon_AWI-CM-1-1-MR_ssp126_r1i1p1f1_gn_205001-205012.nc,2.6105127334594727,OK,True,True,True,True,12,2050-01-16T12:00:00.000000000,2050-12-16T12:00:00.000000000,lat,lon,"(12, 192, 384)",,
AWI-CM-1-1-MR,ssp126,tas,tas_Amon_AWI-CM-1-1-MR_ssp126_r1i1p1f1_gn_205101-205112.nc,2.6096267700195312,OK,True,True,True,True,12,2051-01-16T12:00:00.000000000,2051-12-16T12:00:00.000000000,lat,lon,"(12, 192, 384)",,
AWI-CM-1-1-MR,ssp126,tas,tas_Amon_AWI-CM-1-1-MR_ssp126_r1i1p1f1_gn_205201-205212.nc,2.609081268310547,OK,True,True,True,True,12,2052-01-16T12:00:00.000000000,2052-12-16T12:00:00.000000000,lat,lon,"(12, 192, 384)",,
AWI-CM-1-1-MR,ssp126,tas,tas_Amon_AWI-CM-1-1-MR_ssp126_r1i1p1f1_gn_205301-205312.nc,2.60927677154541,OK,True,True,True,True,12,2053-01-16T12:00:00.000000000,2053-12-16T12:00:00.000000000,lat,lon,"(12, 192, 384)",,
AWI-CM-1-1-MR,ssp126,tas,tas_Amon_AWI-CM-1-1-MR_ssp126_r1i1p1f1_gn_205401-205412.nc,2.607111930847168,OK,True,True,True,True,12,2054-01-16T12:00:00.000000000,2054-12-16T12:00:00.000000000,lat,lon,"(12, 192, 384)",,
AWI-CM-1-1-MR,ssp126,tas,tas_Amon_AWI-CM-1-1-MR_ssp126_r1i1p1f1_gn_205501-205512.nc,2.606962203979492,OK,True,True,True,True,12,2055-01-16T12:00:00.000000000,2055-12-16T12:00:00.000000000,lat,lon,"(12, 192, 384)",,
AWI-CM-1-1-MR,ssp126,tas,tas_Amon_AWI-CM-1-1-MR_ssp126_r1i1p1f1_gn_205601-205612.nc,2.605647087097168,OK,True,True,True,True,12,2056-01-16T12:00:00.000000000,2056-12-16T12:00:00.000000000,lat,lon,"(12, 192, 384)",,
AWI-CM-1-1-MR,ssp126,tas,tas_Amon_AWI-CM-1-1-MR_ssp126_r1i1p1f1_gn_205701-205712.nc,2.606764793395996,OK,True,True,True,True,12,2057-01-16T12:00:00.000000000,2057-12-16T12:00:00.000000000,lat,lon,"(12, 192, 384)",,
AWI-CM-1-1-MR,ssp126,tas,tas_Amon_AWI-CM-1-1-MR_ssp126_r1i1p1f1_gn_205801-205812.nc,2.607776641845703,OK,True,True,True,True,12,2058-01-16T12:00:00.000000000,2058-12-16T12:00:00.000000000,lat,lon,"(12, 192, 384)",,
AWI-CM-1-1-MR,ssp126,tas,tas_Amon_AWI-CM-1-1-MR_ssp126_r1i1p1f1_gn_205901-205912.nc,2.6060590744018555,OK,True,True,True,True,12,2059-01-16T12:00:00.000000000,2059-12-16T12:00:00.000000000,lat,lon,"(12, 192, 384)",,
AWI-CM-1-1-MR,ssp126,tas,tas_Amon_AWI-CM-1-1-MR_ssp126_r1i1p1f1_gn_206001-206012.nc,2.6071128845214844,OK,True,True,True,True,12,2060-01-16T12:00:00.000000000,2060-12-16T12:00:00.000000000,lat,lon,"(12, 192, 384)",,
AWI-CM-1-1-MR,ssp126,tas,tas_Amon_AWI-CM-1-1-MR_ssp126_r1i1p1f1_gn_206101-206112.nc,2.6077804565429688,OK,True,True,True,True,12,2061-01-16T12:00:00.000000000,2061-12-16T12:00:00.000000000,lat,lon,"(12, 192, 384)",,
AWI-CM-1-1-MR,ssp126,tas,tas_Amon_AWI-CM-1-1-MR_ssp126_r1i1p1f1_gn_206201-206212.nc,2.6062183380126953,OK,True,True,True,True,12,2062-01-16T12:00:00.000000000,2062-12-16T12:00:00.000000000,lat,lon,"(12, 192, 384)",,
AWI-CM-1-1-MR,ssp126,tas,tas_Amon_AWI-CM-1-1-MR_ssp126_r1i1p1f1_gn_206301-206312.nc,2.6088123321533203,OK,True,True,True,True,12,2063-01-16T12:00:00.000000000,2063-12-16T12:00:00.000000000,lat,lon,"(12, 192, 384)",,
AWI-CM-1-1-MR,ssp126,tas,tas_Amon_AWI-CM-1-1-MR_ssp126_r1i1p1f1_gn_206401-206412.nc,2.6094932556152344,OK,True,True,True,True,12,2064-01-16T12:00:00.000000000,2064-12-16T12:00:00.000000000,lat,lon,"(12, 192, 384)",,
AWI-CM-1-1-MR,ssp126,tas,tas_Amon_AWI-CM-1-1-MR_ssp126_r1i1p1f1_gn_206501-206512.nc,2.603395462036133,OK,True,True,True,True,12,2065-01-16T12:00:00.000000000,2065-12-16T12:00:00.000000000,lat,lon,"(12, 192, 384)",,
AWI-CM-1-1-MR,ssp126,tas,tas_Amon_AWI-CM-1-1-MR_ssp126_r1i1p1f1_gn_206601-206612.nc,2.6070213317871094,OK,True,True,True,True,12,2066-01-16T12:00:00.000000000,2066-12-16T12:00:00.000000000,lat,lon,"(12, 192, 384)",,
AWI-CM-1-1-MR,ssp126,tas,tas_Amon_AWI-CM-1-1-MR_ssp126_r1i1p1f1_gn_206701-206712.nc,2.608635902404785,OK,True,True,True,True,12,2067-01-16T12:00:00.000000000,2067-12-16T12:00:00.000000000,lat,lon,"(12, 192, 384)",,
AWI-CM-1-1-MR,ssp126,tas,tas_Amon_AWI-CM-1-1-MR_ssp126_r1i1p1f1_gn_206801-206812.nc,2.606313705444336,OK,True,True,True,True,12,2068-01-16T12:00:00.000000000,2068-12-16T12:00:00.000000000,lat,lon,"(12, 192, 384)",,
AWI-CM-1-1-MR,ssp126,tas,tas_Amon_AWI-CM-1-1-MR_ssp126_r1i1p1f1_gn_206901-206912.nc,2.608469009399414,OK,True,True,True,True,12,2069-01-16T12:00:00.000000000,2069-12-16T12:00:00.000000000,lat,lon,"(12, 192, 384)",,
AWI-CM-1-1-MR,ssp126,tas,tas_Amon_AWI-CM-1-1-MR_ssp126_r1i1p1f1_gn_207001-207012.nc,2.606135368347168,OK,True,True,True,True,12,2070-01-16T12:00:00.000000000,2070-12-16T12:00:00.000000000,lat,lon,"(12, 192, 384)",,
AWI-CM-1-1-MR,ssp126,tas,tas_Amon_AWI-CM-1-1-MR_ssp126_r1i1p1f1_gn_207101-207112.nc,2.6070022583007812,OK,True,True,True,True,12,2071-01-16T12:00:00.000000000,2071-12-16T12:00:00.000000000,lat,lon,"(12, 192, 384)",,
AWI-CM-1-1-MR,ssp126,tas,tas_Amon_AWI-CM-1-1-MR_ssp126_r1i1p1f1_gn_207201-207212.nc,2.609762191772461,OK,True,True,True,True,12,2072-01-16T12:00:00.000000000,2072-12-16T12:00:00.000000000,lat,lon,"(12, 192, 384)",,
AWI-CM-1-1-MR,ssp126,tas,tas_Amon_AWI-CM-1-1-MR_ssp126_r1i1p1f1_gn_207301-207312.nc,2.607461929321289,OK,True,True,True,True,12,2073-01-16T12:00:00.000000000,2073-12-16T12:00:00.000000000,lat,lon,"(12, 192, 384)",,
AWI-CM-1-1-MR,ssp126,tas,tas_Amon_AWI-CM-1-1-MR_ssp126_r1i1p1f1_gn_207401-207412.nc,2.608860969543457,OK,True,True,True,True,12,2074-01-16T12:00:00.000000000,2074-12-16T12:00:00.000000000,lat,lon,"(12, 192, 384)",,
AWI-CM-1-1-MR,ssp126,tas,tas_Amon_AWI-CM-1-1-MR_ssp126_r1i1p1f1_gn_207501-207512.nc,2.6051950454711914,OK,True,True,True,True,12,2075-01-16T12:00:00.000000000,2075-12-16T12:00:00.000000000,lat,lon,"(12, 192, 384)",,
AWI-CM-1-1-MR,ssp126,tas,tas_Amon_AWI-CM-1-1-MR_ssp126_r1i1p1f1_gn_207601-207612.nc,2.604513168334961,OK,True,True,True,True,12,2076-01-16T12:00:00.000000000,2076-12-16T12:00:00.000000000,lat,lon,"(12, 192, 384)",,
AWI-CM-1-1-MR,ssp126,tas,tas_Amon_AWI-CM-1-1-MR_ssp126_r1i1p1f1_gn_207701-207712.nc,2.607168197631836,OK,True,True,True,True,12,2077-01-16T12:00:00.000000000,2077-12-16T12:00:00.000000000,lat,lon,"(12, 192, 384)",,
AWI-CM-1-1-MR,ssp126,tas,tas_Amon_AWI-CM-1-1-MR_ssp126_r1i1p1f1_gn_207801-207812.nc,2.6080617904663086,OK,True,True,True,True,12,2078-01-16T12:00:00.000000000,2078-12-16T12:00:00.000000000,lat,lon,"(12, 192, 384)",,
AWI-CM-1-1-MR,ssp126,tas,tas_Amon_AWI-CM-1-1-MR_ssp126_r1i1p1f1_gn_207901-207912.nc,2.607858657836914,OK,True,True,True,True,12,2079-01-16T12:00:00.000000000,2079-12-16T12:00:00.000000000,lat,lon,"(12, 192, 384)",,
AWI-CM-1-1-MR,ssp126,tas,tas_Amon_AWI-CM-1-1-MR_ssp126_r1i1p1f1_gn_208001-208012.nc,2.606076240539551,OK,True,True,True,True,12,2080-01-16T12:00:00.000000000,2080-12-16T12:00:00.000000000,lat,lon,"(12, 192, 384)",,
AWI-CM-1-1-MR,ssp126,tas,tas_Amon_AWI-CM-1-1-MR_ssp126_r1i1p1f1_gn_208101-208112.nc,2.603038787841797,OK,True,True,True,True,12,2081-01-16T12:00:00.000000000,2081-12-16T12:00:00.000000000,lat,lon,"(12, 192, 384)",,
AWI-CM-1-1-MR,ssp126,tas,tas_Amon_AWI-CM-1-1-MR_ssp126_r1i1p1f1_gn_208201-208212.nc,2.607757568359375,OK,True,True,True,True,12,2082-01-16T12:00:00.000000000,2082-12-16T12:00:00.000000000,lat,lon,"(12, 192, 384)",,
AWI-CM-1-1-MR,ssp126,tas,tas_Amon_AWI-CM-1-1-MR_ssp126_r1i1p1f1_gn_208301-208312.nc,2.604440689086914,OK,True,True,True,True,12,2083-01-16T12:00:00.000000000,2083-12-16T12:00:00.000000000,lat,lon,"(12, 192, 384)",,
AWI-CM-1-1-MR,ssp126,tas,tas_Amon_AWI-CM-1-1-MR_ssp126_r1i1p1f1_gn_208401-208412.nc,2.607266426086426,OK,True,True,True,True,12,2084-01-16T12:00:00.000000000,2084-12-16T12:00:00.000000000,lat,lon,"(12, 192, 384)",,
AWI-CM-1-1-MR,ssp126,tas,tas_Amon_AWI-CM-1-1-MR_ssp126_r1i1p1f1_gn_208501-208512.nc,2.6052446365356445,OK,True,True,True,True,12,2085-01-16T12:00:00.000000000,2085-12-16T12:00:00.000000000,lat,lon,"(12, 192, 384)",,
AWI-CM-1-1-MR,ssp126,tas,tas_Amon_AWI-CM-1-1-MR_ssp126_r1i1p1f1_gn_208601-208612.nc,2.6057958602905273,OK,True,True,True,True,12,2086-01-16T12:00:00.000000000,2086-12-16T12:00:00.000000000,lat,lon,"(12, 192, 384)",,
AWI-CM-1-1-MR,ssp126,tas,tas_Amon_AWI-CM-1-1-MR_ssp126_r1i1p1f1_gn_208701-208712.nc,2.60720157623291,OK,True,True,True,True,12,2087-01-16T12:00:00.000000000,2087-12-16T12:00:00.000000000,lat,lon,"(12, 192, 384)",,
AWI-CM-1-1-MR,ssp126,tas,tas_Amon_AWI-CM-1-1-MR_ssp126_r1i1p1f1_gn_208801-208812.nc,2.610300064086914,OK,True,True,True,True,12,2088-01-16T12:00:00.000000000,2088-12-16T12:00:00.000000000,lat,lon,"(12, 192, 384)",,
AWI-CM-1-1-MR,ssp126,tas,tas_Amon_AWI-CM-1-1-MR_ssp126_r1i1p1f1_gn_208901-208912.nc,2.607510566711426,OK,True,True,True,True,12,2089-01-16T12:00:00.000000000,2089-12-16T12:00:00.000000000,lat,lon,"(12, 192, 384)",,
AWI-CM-1-1-MR,ssp126,tas,tas_Amon_AWI-CM-1-1-MR_ssp126_r1i1p1f1_gn_209001-209012.nc,2.6036672592163086,OK,True,True,True,True,12,2090-01-16T12:00:00.000000000,2090-12-16T12:00:00.000000000,lat,lon,"(12, 192, 384)",,
AWI-CM-1-1-MR,ssp126,tas,tas_Amon_AWI-CM-1-1-MR_ssp126_r1i1p1f1_gn_209101-209112.nc,2.6095962524414062,OK,True,True,True,True,12,2091-01-16T12:00:00.000000000,2091-12-16T12:00:00.000000000,lat,lon,"(12, 192, 384)",,
AWI-CM-1-1-MR,ssp126,tas,tas_Amon_AWI-CM-1-1-MR_ssp126_r1i1p1f1_gn_209201-209212.nc,2.607985496520996,OK,True,True,True,True,12,2092-01-16T12:00:00.000000000,2092-12-16T12:00:00.000000000,lat,lon,"(12, 192, 384)",,
AWI-CM-1-1-MR,ssp126,tas,tas_Amon_AWI-CM-1-1-MR_ssp126_r1i1p1f1_gn_209301-209312.nc,2.608304977416992,OK,True,True,True,True,12,2093-01-16T12:00:00.000000000,2093-12-16T12:00:00.000000000,lat,lon,"(12, 192, 384)",,
AWI-CM-1-1-MR,ssp126,tas,tas_Amon_AWI-CM-1-1-MR_ssp126_r1i1p1f1_gn_209401-209412.nc,2.6088294982910156,OK,True,True,True,True,12,2094-01-16T12:00:00.000000000,2094-12-16T12:00:00.000000000,lat,lon,"(12, 192, 384)",,
AWI-CM-1-1-MR,ssp126,tas,tas_Amon_AWI-CM-1-1-MR_ssp126_r1i1p1f1_gn_209501-209512.nc,2.6078014373779297,OK,True,True,True,True,12,2095-01-16T12:00:00.000000000,2095-12-16T12:00:00.000000000,lat,lon,"(12, 192, 384)",,
AWI-CM-1-1-MR,ssp126,tas,tas_Amon_AWI-CM-1-1-MR_ssp126_r1i1p1f1_gn_209601-209612.nc,2.609437942504883,OK,True,True,True,True,12,2096-01-16T12:00:00.000000000,2096-12-16T12:00:00.000000000,lat,lon,"(12, 192, 384)",,
AWI-CM-1-1-MR,ssp126,tas,tas_Amon_AWI-CM-1-1-MR_ssp126_r1i1p1f1_gn_209701-209712.nc,2.609182357788086,OK,True,True,True,True,12,2097-01-16T12:00:00.000000000,2097-12-16T12:00:00.000000000,lat,lon,"(12, 192, 384)",,
AWI-CM-1-1-MR,ssp126,tas,tas_Amon_AWI-CM-1-1-MR_ssp126_r1i1p1f1_gn_209801-209812.nc,2.608292579650879,OK,True,True,True,True,12,2098-01-16T12:00:00.000000000,2098-12-16T12:00:00.000000000,lat,lon,"(12, 192, 384)",,
AWI-CM-1-1-MR,ssp126,tas,tas_Amon_AWI-CM-1-1-MR_ssp126_r1i1p1f1_gn_209901-209912.nc,2.6085519790649414,OK,True,True,True,True,12,2099-01-16T12:00:00.000000000,2099-12-16T12:00:00.000000000,lat,lon,"(12, 192, 384)",,
AWI-CM-1-1-MR,ssp126,tas,tas_Amon_AWI-CM-1-1-MR_ssp126_r1i1p1f1_gn_210001-210012.nc,2.610152244567871,OK,True,True,True,True,12,2100-01-16T12:00:00.000000000,2100-12-16T12:00:00.000000000,lat,lon,"(12, 192, 384)",,
AWI-CM-1-1-MR,ssp245,rsds,rsds_Amon_AWI-CM-1-1-MR_ssp245_r1i1p1f1_gn_204001-204012.nc,2.7865753173828125,OK,True,True,True,True,12,2040-01-16T12:00:00.000000000,2040-12-16T12:00:00.000000000,lat,lon,"(12, 192, 384)",,
AWI-CM-1-1-MR,ssp245,rsds,rsds_Amon_AWI-CM-1-1-MR_ssp245_r1i1p1f1_gn_204101-204112.nc,2.78836727142334,OK,True,True,True,True,12,2041-01-16T12:00:00.000000000,2041-12-16T12:00:00.000000000,lat,lon,"(12, 192, 384)",,
AWI-CM-1-1-MR,ssp245,rsds,rsds_Amon_AWI-CM-1-1-MR_ssp245_r1i1p1f1_gn_204201-204212.nc,2.789076805114746,OK,True,True,True,True,12,2042-01-16T12:00:00.000000000,2042-12-16T12:00:00.000000000,lat,lon,"(12, 192, 384)",,
AWI-CM-1-1-MR,ssp245,rsds,rsds_Amon_AWI-CM-1-1-MR_ssp245_r1i1p1f1_gn_204301-204312.nc,2.7879419326782227,OK,True,True,True,True,12,2043-01-16T12:00:00.000000000,2043-12-16T12:00:00.000000000,lat,lon,"(12, 192, 384)",,
AWI-CM-1-1-MR,ssp245,rsds,rsds_Amon_AWI-CM-1-1-MR_ssp245_r1i1p1f1_gn_204401-204412.nc,2.78812313079834,OK,True,True,True,True,12,2044-01-16T12:00:00.000000000,2044-12-16T12:00:00.000000000,lat,lon,"(12, 192, 384)",,
AWI-CM-1-1-MR,ssp245,rsds,rsds_Amon_AWI-CM-1-1-MR_ssp245_r1i1p1f1_gn_204501-204512.nc,2.788832664489746,OK,True,True,True,True,12,2045-01-16T12:00:00.000000000,2045-12-16T12:00:00.000000000,lat,lon,"(12, 192, 384)",,
AWI-CM-1-1-MR,ssp245,rsds,rsds_Amon_AWI-CM-1-1-MR_ssp245_r1i1p1f1_gn_204601-204612.nc,2.7898378372192383,OK,True,True,True,True,12,2046-01-16T12:00:00.000000000,2046-12-16T12:00:00.000000000,lat,lon,"(12, 192, 384)",,
AWI-CM-1-1-MR,ssp245,rsds,rsds_Amon_AWI-CM-1-1-MR_ssp245_r1i1p1f1_gn_204701-204712.nc,2.7876434326171875,OK,True,True,True,True,12,2047-01-16T12:00:00.000000000,2047-12-16T12:00:00.000000000,lat,lon,"(12, 192, 384)",,
AWI-CM-1-1-MR,ssp245,rsds,rsds_Amon_AWI-CM-1-1-MR_ssp245_r1i1p1f1_gn_204801-204812.nc,2.787041664123535,OK,True,True,True,True,12,2048-01-16T12:00:00.000000000,2048-12-16T12:00:00.000000000,lat,lon,"(12, 192, 384)",,
AWI-CM-1-1-MR,ssp245,rsds,rsds_Amon_AWI-CM-1-1-MR_ssp245_r1i1p1f1_gn_204901-204912.nc,2.7884702682495117,OK,True,True,True,True,12,2049-01-16T12:00:00.000000000,2049-12-16T12:00:00.000000000,lat,lon,"(12, 192, 384)",,
AWI-CM-1-1-MR,ssp245,rsds,rsds_Amon_AWI-CM-1-1-MR_ssp245_r1i1p1f1_gn_205001-205012.nc,2.789491653442383,OK,True,True,True,True,12,2050-01-16T12:00:00.000000000,2050-12-16T12:00:00.000000000,lat,lon,"(12, 192, 384)",,
AWI-CM-1-1-MR,ssp245,rsds,rsds_Amon_AWI-CM-1-1-MR_ssp245_r1i1p1f1_gn_205101-205112.nc,2.787740707397461,OK,True,True,True,True,12,2051-01-16T12:00:00.000000000,2051-12-16T12:00:00.000000000,lat,lon,"(12, 192, 384)",,
AWI-CM-1-1-MR,ssp245,rsds,rsds_Amon_AWI-CM-1-1-MR_ssp245_r1i1p1f1_gn_205201-205212.nc,2.7873058319091797,OK,True,True,True,True,12,2052-01-16T12:00:00.000000000,2052-12-16T12:00:00.000000000,lat,lon,"(12, 192, 384)",,
AWI-CM-1-1-MR,ssp245,rsds,rsds_Amon_AWI-CM-1-1-MR_ssp245_r1i1p1f1_gn_205301-205312.nc,2.789012908935547,OK,True,True,True,True,12,2053-01-16T12:00:00.000000000,2053-12-16T12:00:00.000000000,lat,lon,"(12, 192, 384)",,
AWI-CM-1-1-MR,ssp245,rsds,rsds_Amon_AWI-CM-1-1-MR_ssp245_r1i1p1f1_gn_205401-205412.nc,2.7895326614379883,OK,True,True,True,True,12,2054-01-16T12:00:00.000000000,2054-12-16T12:00:00.000000000,lat,lon,"(12, 192, 384)",,
AWI-CM-1-1-MR,ssp245,rsds,rsds_Amon_AWI-CM-1-1-MR_ssp245_r1i1p1f1_gn_205501-205512.nc,2.7888526916503906,OK,True,True,True,True,12,2055-01-16T12:00:00.000000000,2055-12-16T12:00:00.000000000,lat,lon,"(12, 192, 384)",,
AWI-CM-1-1-MR,ssp245,rsds,rsds_Amon_AWI-CM-1-1-MR_ssp245_r1i1p1f1_gn_205601-205612.nc,2.786433219909668,OK,True,True,True,True,12,2056-01-16T12:00:00.000000000,2056-12-16T12:00:00.000000000,lat,lon,"(12, 192, 384)",,
AWI-CM-1-1-MR,ssp245,rsds,rsds_Amon_AWI-CM-1-1-MR_ssp245_r1i1p1f1_gn_205701-205712.nc,2.7882347106933594,OK,True,True,True,True,12,2057-01-16T12:00:00.000000000,2057-12-16T12:00:00.000000000,lat,lon,"(12, 192, 384)",,
AWI-CM-1-1-MR,ssp245,rsds,rsds_Amon_AWI-CM-1-1-MR_ssp245_r1i1p1f1_gn_205801-205812.nc,2.788529396057129,OK,True,True,True,True,12,2058-01-16T12:00:00.000000000,2058-12-16T12:00:00.000000000,lat,lon,"(12, 192, 384)",,
AWI-CM-1-1-MR,ssp245,rsds,rsds_Amon_AWI-CM-1-1-MR_ssp245_r1i1p1f1_gn_205901-205912.nc,2.78743839263916,OK,True,True,True,True,12,2059-01-16T12:00:00.000000000,2059-12-16T12:00:00.000000000,lat,lon,"(12, 192, 384)",,
AWI-CM-1-1-MR,ssp245,rsds,rsds_Amon_AWI-CM-1-1-MR_ssp245_r1i1p1f1_gn_206001-206012.nc,2.786746025085449,OK,True,True,True,True,12,2060-01-16T12:00:00.000000000,2060-12-16T12:00:00.000000000,lat,lon,"(12, 192, 384)",,
AWI-CM-1-1-MR,ssp245,rsds,rsds_Amon_AWI-CM-1-1-MR_ssp245_r1i1p1f1_gn_206101-206112.nc,2.7880640029907227,OK,True,True,True,True,12,2061-01-16T12:00:00.000000000,2061-12-16T12:00:00.000000000,lat,lon,"(12, 192, 384)",,
AWI-CM-1-1-MR,ssp245,rsds,rsds_Amon_AWI-CM-1-1-MR_ssp245_r1i1p1f1_gn_206201-206212.nc,2.7882022857666016,OK,True,True,True,True,12,2062-01-16T12:00:00.000000000,2062-12-16T12:00:00.000000000,lat,lon,"(12, 192, 384)",,
AWI-CM-1-1-MR,ssp245,rsds,rsds_Amon_AWI-CM-1-1-MR_ssp245_r1i1p1f1_gn_206301-206312.nc,2.7896080017089844,OK,True,True,True,True,12,2063-01-16T12:00:00.000000000,2063-12-16T12:00:00.000000000,lat,lon,"(12, 192, 384)",,
AWI-CM-1-1-MR,ssp245,rsds,rsds_Amon_AWI-CM-1-1-MR_ssp245_r1i1p1f1_gn_206401-206412.nc,2.7866640090942383,OK,True,True,True,True,12,2064-01-16T12:00:00.000000000,2064-12-16T12:00:00.000000000,lat,lon,"(12, 192, 384)",,
AWI-CM-1-1-MR,ssp245,rsds,rsds_Amon_AWI-CM-1-1-MR_ssp245_r1i1p1f1_gn_206501-206512.nc,2.7883472442626953,OK,True,True,True,True,12,2065-01-16T12:00:00.000000000,2065-12-16T12:00:00.000000000,lat,lon,"(12, 192, 384)",,
AWI-CM-1-1-MR,ssp245,rsds,rsds_Amon_AWI-CM-1-1-MR_ssp245_r1i1p1f1_gn_206601-206612.nc,2.7895851135253906,OK,True,True,True,True,12,2066-01-16T12:00:00.000000000,2066-12-16T12:00:00.000000000,lat,lon,"(12, 192, 384)",,
AWI-CM-1-1-MR,ssp245,rsds,rsds_Amon_AWI-CM-1-1-MR_ssp245_r1i1p1f1_gn_206701-206712.nc,2.7896385192871094,OK,True,True,True,True,12,2067-01-16T12:00:00.000000000,2067-12-16T12:00:00.000000000,lat,lon,"(12, 192, 384)",,
AWI-CM-1-1-MR,ssp245,rsds,rsds_Amon_AWI-CM-1-1-MR_ssp245_r1i1p1f1_gn_206801-206812.nc,2.787546157836914,OK,True,True,True,True,12,2068-01-16T12:00:00.000000000,2068-12-16T12:00:00.000000000,lat,lon,"(12, 192, 384)",,
AWI-CM-1-1-MR,ssp245,rsds,rsds_Amon_AWI-CM-1-1-MR_ssp245_r1i1p1f1_gn_206901-206912.nc,2.7874841690063477,OK,True,True,True,True,12,2069-01-16T12:00:00.000000000,2069-12-16T12:00:00.000000000,lat,lon,"(12, 192, 384)",,
AWI-CM-1-1-MR,ssp245,rsds,rsds_Amon_AWI-CM-1-1-MR_ssp245_r1i1p1f1_gn_207001-207012.nc,2.7875890731811523,OK,True,True,True,True,12,2070-01-16T12:00:00.000000000,2070-12-16T12:00:00.000000000,lat,lon,"(12, 192, 384)",,
AWI-CM-1-1-MR,ssp245,rsds,rsds_Amon_AWI-CM-1-1-MR_ssp245_r1i1p1f1_gn_207101-207112.nc,2.789743423461914,OK,True,True,True,True,12,2071-01-16T12:00:00.000000000,2071-12-16T12:00:00.000000000,lat,lon,"(12, 192, 384)",,
AWI-CM-1-1-MR,ssp245,rsds,rsds_Amon_AWI-CM-1-1-MR_ssp245_r1i1p1f1_gn_207201-207212.nc,2.7883167266845703,OK,True,True,True,True,12,2072-01-16T12:00:00.000000000,2072-12-16T12:00:00.000000000,lat,lon,"(12, 192, 384)",,
AWI-CM-1-1-MR,ssp245,rsds,rsds_Amon_AWI-CM-1-1-MR_ssp245_r1i1p1f1_gn_207301-207312.nc,2.7877283096313477,OK,True,True,True,True,12,2073-01-16T12:00:00.000000000,2073-12-16T12:00:00.000000000,lat,lon,"(12, 192, 384)",,
AWI-CM-1-1-MR,ssp245,rsds,rsds_Amon_AWI-CM-1-1-MR_ssp245_r1i1p1f1_gn_207401-207412.nc,2.7871084213256836,OK,True,True,True,True,12,2074-01-16T12:00:00.000000000,2074-12-16T12:00:00.000000000,lat,lon,"(12, 192, 384)",,
AWI-CM-1-1-MR,ssp245,rsds,rsds_Amon_AWI-CM-1-1-MR_ssp245_r1i1p1f1_gn_207501-207512.nc,2.7890148162841797,OK,True,True,True,True,12,2075-01-16T12:00:00.000000000,2075-12-16T12:00:00.000000000,lat,lon,"(12, 192, 384)",,
AWI-CM-1-1-MR,ssp245,rsds,rsds_Amon_AWI-CM-1-1-MR_ssp245_r1i1p1f1_gn_207601-207612.nc,2.7865161895751953,OK,True,True,True,True,12,2076-01-16T12:00:00.000000000,2076-12-16T12:00:00.000000000,lat,lon,"(12, 192, 384)",,
AWI-CM-1-1-MR,ssp245,rsds,rsds_Amon_AWI-CM-1-1-MR_ssp245_r1i1p1f1_gn_207701-207712.nc,2.786642074584961,OK,True,True,True,True,12,2077-01-16T12:00:00.000000000,2077-12-16T12:00:00.000000000,lat,lon,"(12, 192, 384)",,
AWI-CM-1-1-MR,ssp245,rsds,rsds_Amon_AWI-CM-1-1-MR_ssp245_r1i1p1f1_gn_207801-207812.nc,2.786688804626465,OK,True,True,True,True,12,2078-01-16T12:00:00.000000000,2078-12-16T12:00:00.000000000,lat,lon,"(12, 192, 384)",,
AWI-CM-1-1-MR,ssp245,rsds,rsds_Amon_AWI-CM-1-1-MR_ssp245_r1i1p1f1_gn_207901-207912.nc,2.788806915283203,OK,True,True,True,True,12,2079-01-16T12:00:00.000000000,2079-12-16T12:00:00.000000000,lat,lon,"(12, 192, 384)",,
AWI-CM-1-1-MR,ssp245,rsds,rsds_Amon_AWI-CM-1-1-MR_ssp245_r1i1p1f1_gn_208001-208012.nc,2.7849435806274414,OK,True,True,True,True,12,2080-01-16T12:00:00.000000000,2080-12-16T12:00:00.000000000,lat,lon,"(12, 192, 384)",,
AWI-CM-1-1-MR,ssp245,rsds,rsds_Amon_AWI-CM-1-1-MR_ssp245_r1i1p1f1_gn_208101-208112.nc,2.787546157836914,OK,True,True,True,True,12,2081-01-16T12:00:00.000000000,2081-12-16T12:00:00.000000000,lat,lon,"(12, 192, 384)",,
AWI-CM-1-1-MR,ssp245,rsds,rsds_Amon_AWI-CM-1-1-MR_ssp245_r1i1p1f1_gn_208201-208212.nc,2.7893762588500977,OK,True,True,True,True,12,2082-01-16T12:00:00.000000000,2082-12-16T12:00:00.000000000,lat,lon,"(12, 192, 384)",,
AWI-CM-1-1-MR,ssp245,rsds,rsds_Amon_AWI-CM-1-1-MR_ssp245_r1i1p1f1_gn_208301-208312.nc,2.789107322692871,OK,True,True,True,True,12,2083-01-16T12:00:00.000000000,2083-12-16T12:00:00.000000000,lat,lon,"(12, 192, 384)",,
AWI-CM-1-1-MR,ssp245,rsds,rsds_Amon_AWI-CM-1-1-MR_ssp245_r1i1p1f1_gn_208401-208412.nc,2.7875585556030273,OK,True,True,True,True,12,2084-01-16T12:00:00.000000000,2084-12-16T12:00:00.000000000,lat,lon,"(12, 192, 384)",,
AWI-CM-1-1-MR,ssp245,rsds,rsds_Amon_AWI-CM-1-1-MR_ssp245_r1i1p1f1_gn_208501-208512.nc,2.7869157791137695,OK,True,True,True,True,12,2085-01-16T12:00:00.000000000,2085-12-16T12:00:00.000000000,lat,lon,"(12, 192, 384)",,
AWI-CM-1-1-MR,ssp245,rsds,rsds_Amon_AWI-CM-1-1-MR_ssp245_r1i1p1f1_gn_208601-208612.nc,2.7874345779418945,OK,True,True,True,True,12,2086-01-16T12:00:00.000000000,2086-12-16T12:00:00.000000000,lat,lon,"(12, 192, 384)",,
AWI-CM-1-1-MR,ssp245,rsds,rsds_Amon_AWI-CM-1-1-MR_ssp245_r1i1p1f1_gn_208701-208712.nc,2.789515495300293,OK,True,True,True,True,12,2087-01-16T12:00:00.000000000,2087-12-16T12:00:00.000000000,lat,lon,"(12, 192, 384)",,
AWI-CM-1-1-MR,ssp245,rsds,rsds_Amon_AWI-CM-1-1-MR_ssp245_r1i1p1f1_gn_208801-208812.nc,2.7855091094970703,OK,True,True,True,True,12,2088-01-16T12:00:00.000000000,2088-12-16T12:00:00.000000000,lat,lon,"(12, 192, 384)",,
AWI-CM-1-1-MR,ssp245,rsds,rsds_Amon_AWI-CM-1-1-MR_ssp245_r1i1p1f1_gn_208901-208912.nc,2.787398338317871,OK,True,True,True,True,12,2089-01-16T12:00:00.000000000,2089-12-16T12:00:00.000000000,lat,lon,"(12, 192, 384)",,
AWI-CM-1-1-MR,ssp245,rsds,rsds_Amon_AWI-CM-1-1-MR_ssp245_r1i1p1f1_gn_209001-209012.nc,2.788325309753418,OK,True,True,True,True,12,2090-01-16T12:00:00.000000000,2090-12-16T12:00:00.000000000,lat,lon,"(12, 192, 384)",,
AWI-CM-1-1-MR,ssp245,rsds,rsds_Amon_AWI-CM-1-1-MR_ssp245_r1i1p1f1_gn_209101-209112.nc,2.788724899291992,OK,True,True,True,True,12,2091-01-16T12:00:00.000000000,2091-12-16T12:00:00.000000000,lat,lon,"(12, 192, 384)",,
AWI-CM-1-1-MR,ssp245,rsds,rsds_Amon_AWI-CM-1-1-MR_ssp245_r1i1p1f1_gn_209201-209212.nc,2.787032127380371,OK,True,True,True,True,12,2092-01-16T12:00:00.000000000,2092-12-16T12:00:00.000000000,lat,lon,"(12, 192, 384)",,
AWI-CM-1-1-MR,ssp245,rsds,rsds_Amon_AWI-CM-1-1-MR_ssp245_r1i1p1f1_gn_209301-209312.nc,2.7876625061035156,OK,True,True,True,True,12,2093-01-16T12:00:00.000000000,2093-12-16T12:00:00.000000000,lat,lon,"(12, 192, 384)",,
AWI-CM-1-1-MR,ssp245,rsds,rsds_Amon_AWI-CM-1-1-MR_ssp245_r1i1p1f1_gn_209401-209412.nc,2.7891530990600586,OK,True,True,True,True,12,2094-01-16T12:00:00.000000000,2094-12-16T12:00:00.000000000,lat,lon,"(12, 192, 384)",,
AWI-CM-1-1-MR,ssp245,rsds,rsds_Amon_AWI-CM-1-1-MR_ssp245_r1i1p1f1_gn_209501-209512.nc,2.7879810333251953,OK,True,True,True,True,12,2095-01-16T12:00:00.000000000,2095-12-16T12:00:00.000000000,lat,lon,"(12, 192, 384)",,
AWI-CM-1-1-MR,ssp245,rsds,rsds_Amon_AWI-CM-1-1-MR_ssp245_r1i1p1f1_gn_209601-209612.nc,2.786975860595703,OK,True,True,True,True,12,2096-01-16T12:00:00.000000000,2096-12-16T12:00:00.000000000,lat,lon,"(12, 192, 384)",,
AWI-CM-1-1-MR,ssp245,rsds,rsds_Amon_AWI-CM-1-1-MR_ssp245_r1i1p1f1_gn_209701-209712.nc,2.7852325439453125,OK,True,True,True,True,12,2097-01-16T12:00:00.000000000,2097-12-16T12:00:00.000000000,lat,lon,"(12, 192, 384)",,
AWI-CM-1-1-MR,ssp245,rsds,rsds_Amon_AWI-CM-1-1-MR_ssp245_r1i1p1f1_gn_209801-209812.nc,2.788571357727051,OK,True,True,True,True,12,2098-01-16T12:00:00.000000000,2098-12-16T12:00:00.000000000,lat,lon,"(12, 192, 384)",,
AWI-CM-1-1-MR,ssp245,rsds,rsds_Amon_AWI-CM-1-1-MR_ssp245_r1i1p1f1_gn_209901-209912.nc,2.7879953384399414,OK,True,True,True,True,12,2099-01-16T12:00:00.000000000,2099-12-16T12:00:00.000000000,lat,lon,"(12, 192, 384)",,
AWI-CM-1-1-MR,ssp245,rsds,rsds_Amon_AWI-CM-1-1-MR_ssp245_r1i1p1f1_gn_210001-210012.nc,2.7887840270996094,OK,True,True,True,True,12,2100-01-16T12:00:00.000000000,2100-12-16T12:00:00.000000000,lat,lon,"(12, 192, 384)",,
AWI-CM-1-1-MR,ssp245,sfcWind,sfcWind_Amon_AWI-CM-1-1-MR_ssp245_r1i1p1f1_gn_204001-204012.nc,3.0109310150146484,OK,True,True,True,True,12,2040-01-16T12:00:00.000000000,2040-12-16T12:00:00.000000000,lat,lon,"(12, 192, 384)",,
AWI-CM-1-1-MR,ssp245,sfcWind,sfcWind_Amon_AWI-CM-1-1-MR_ssp245_r1i1p1f1_gn_204101-204112.nc,3.010690689086914,OK,True,True,True,True,12,2041-01-16T12:00:00.000000000,2041-12-16T12:00:00.000000000,lat,lon,"(12, 192, 384)",,
AWI-CM-1-1-MR,ssp245,sfcWind,sfcWind_Amon_AWI-CM-1-1-MR_ssp245_r1i1p1f1_gn_204201-204212.nc,3.0122814178466797,OK,True,True,True,True,12,2042-01-16T12:00:00.000000000,2042-12-16T12:00:00.000000000,lat,lon,"(12, 192, 384)",,
AWI-CM-1-1-MR,ssp245,sfcWind,sfcWind_Amon_AWI-CM-1-1-MR_ssp245_r1i1p1f1_gn_204301-204312.nc,3.009890556335449,OK,True,True,True,True,12,2043-01-16T12:00:00.000000000,2043-12-16T12:00:00.000000000,lat,lon,"(12, 192, 384)",,
AWI-CM-1-1-MR,ssp245,sfcWind,sfcWind_Amon_AWI-CM-1-1-MR_ssp245_r1i1p1f1_gn_204401-204412.nc,3.011411666870117,OK,True,True,True,True,12,2044-01-16T12:00:00.000000000,2044-12-16T12:00:00.000000000,lat,lon,"(12, 192, 384)",,
AWI-CM-1-1-MR,ssp245,sfcWind,sfcWind_Amon_AWI-CM-1-1-MR_ssp245_r1i1p1f1_gn_204501-204512.nc,3.0127315521240234,OK,True,True,True,True,12,2045-01-16T12:00:00.000000000,2045-12-16T12:00:00.000000000,lat,lon,"(12, 192, 384)",,
AWI-CM-1-1-MR,ssp245,sfcWind,sfcWind_Amon_AWI-CM-1-1-MR_ssp245_r1i1p1f1_gn_204601-204612.nc,3.0127124786376953,OK,True,True,True,True,12,2046-01-16T12:00:00.000000000,2046-12-16T12:00:00.000000000,lat,lon,"(12, 192, 384)",,
AWI-CM-1-1-MR,ssp245,sfcWind,sfcWind_Amon_AWI-CM-1-1-MR_ssp245_r1i1p1f1_gn_204701-204712.nc,3.0124740600585938,OK,True,True,True,True,12,2047-01-16T12:00:00.000000000,2047-12-16T12:00:00.000000000,lat,lon,"(12, 192, 384)",,
AWI-CM-1-1-MR,ssp245,sfcWind,sfcWind_Amon_AWI-CM-1-1-MR_ssp245_r1i1p1f1_gn_204801-204812.nc,3.0109329223632812,OK,True,True,True,True,12,2048-01-16T12:00:00.000000000,2048-12-16T12:00:00.000000000,lat,lon,"(12, 192, 384)",,
AWI-CM-1-1-MR,ssp245,sfcWind,sfcWind_Amon_AWI-CM-1-1-MR_ssp245_r1i1p1f1_gn_204901-204912.nc,3.012681007385254,OK,True,True,True,True,12,2049-01-16T12:00:00.000000000,2049-12-16T12:00:00.000000000,lat,lon,"(12, 192, 384)",,
AWI-CM-1-1-MR,ssp245,sfcWind,sfcWind_Amon_AWI-CM-1-1-MR_ssp245_r1i1p1f1_gn_205001-205012.nc,3.013392448425293,OK,True,True,True,True,12,2050-01-16T12:00:00.000000000,2050-12-16T12:00:00.000000000,lat,lon,"(12, 192, 384)",,
AWI-CM-1-1-MR,ssp245,sfcWind,sfcWind_Amon_AWI-CM-1-1-MR_ssp245_r1i1p1f1_gn_205101-205112.nc,3.012453079223633,OK,True,True,True,True,12,2051-01-16T12:00:00.000000000,2051-12-16T12:00:00.000000000,lat,lon,"(12, 192, 384)",,
AWI-CM-1-1-MR,ssp245,sfcWind,sfcWind_Amon_AWI-CM-1-1-MR_ssp245_r1i1p1f1_gn_205201-205212.nc,3.0107173919677734,OK,True,True,True,True,12,2052-01-16T12:00:00.000000000,2052-12-16T12:00:00.000000000,lat,lon,"(12, 192, 384)",,
AWI-CM-1-1-MR,ssp245,sfcWind,sfcWind_Amon_AWI-CM-1-1-MR_ssp245_r1i1p1f1_gn_205301-205312.nc,3.0118818283081055,OK,True,True,True,True,12,2053-01-16T12:00:00.000000000,2053-12-16T12:00:00.000000000,lat,lon,"(12, 192, 384)",,
AWI-CM-1-1-MR,ssp245,sfcWind,sfcWind_Amon_AWI-CM-1-1-MR_ssp245_r1i1p1f1_gn_205401-205412.nc,3.0127077102661133,OK,True,True,True,True,12,2054-01-16T12:00:00.000000000,2054-12-16T12:00:00.000000000,lat,lon,"(12, 192, 384)",,
AWI-CM-1-1-MR,ssp245,sfcWind,sfcWind_Amon_AWI-CM-1-1-MR_ssp245_r1i1p1f1_gn_205501-205512.nc,3.012913703918457,OK,True,True,True,True,12,2055-01-16T12:00:00.000000000,2055-12-16T12:00:00.000000000,lat,lon,"(12, 192, 384)",,
AWI-CM-1-1-MR,ssp245,sfcWind,sfcWind_Amon_AWI-CM-1-1-MR_ssp245_r1i1p1f1_gn_205601-205612.nc,3.0112829208374023,OK,True,True,True,True,12,2056-01-16T12:00:00.000000000,2056-12-16T12:00:00.000000000,lat,lon,"(12, 192, 384)",,
AWI-CM-1-1-MR,ssp245,sfcWind,sfcWind_Amon_AWI-CM-1-1-MR_ssp245_r1i1p1f1_gn_205701-205712.nc,3.0113086700439453,OK,True,True,True,True,12,2057-01-16T12:00:00.000000000,2057-12-16T12:00:00.000000000,lat,lon,"(12, 192, 384)",,
AWI-CM-1-1-MR,ssp245,sfcWind,sfcWind_Amon_AWI-CM-1-1-MR_ssp245_r1i1p1f1_gn_205801-205812.nc,3.0102405548095703,OK,True,True,True,True,12,2058-01-16T12:00:00.000000000,2058-12-16T12:00:00.000000000,lat,lon,"(12, 192, 384)",,
AWI-CM-1-1-MR,ssp245,sfcWind,sfcWind_Amon_AWI-CM-1-1-MR_ssp245_r1i1p1f1_gn_205901-205912.nc,3.012411117553711,OK,True,True,True,True,12,2059-01-16T12:00:00.000000000,2059-12-16T12:00:00.000000000,lat,lon,"(12, 192, 384)",,
AWI-CM-1-1-MR,ssp245,sfcWind,sfcWind_Amon_AWI-CM-1-1-MR_ssp245_r1i1p1f1_gn_206001-206012.nc,3.01120662689209,OK,True,True,True,True,12,2060-01-16T12:00:00.000000000,2060-12-16T12:00:00.000000000,lat,lon,"(12, 192, 384)",,
AWI-CM-1-1-MR,ssp245,sfcWind,sfcWind_Amon_AWI-CM-1-1-MR_ssp245_r1i1p1f1_gn_206101-206112.nc,3.011410713195801,OK,True,True,True,True,12,2061-01-16T12:00:00.000000000,2061-12-16T12:00:00.000000000,lat,lon,"(12, 192, 384)",,
AWI-CM-1-1-MR,ssp245,sfcWind,sfcWind_Amon_AWI-CM-1-1-MR_ssp245_r1i1p1f1_gn_206201-206212.nc,3.0104637145996094,OK,True,True,True,True,12,2062-01-16T12:00:00.000000000,2062-12-16T12:00:00.000000000,lat,lon,"(12, 192, 384)",,
AWI-CM-1-1-MR,ssp245,sfcWind,sfcWind_Amon_AWI-CM-1-1-MR_ssp245_r1i1p1f1_gn_206301-206312.nc,3.010106086730957,OK,True,True,True,True,12,2063-01-16T12:00:00.000000000,2063-12-16T12:00:00.000000000,lat,lon,"(12, 192, 384)",,
AWI-CM-1-1-MR,ssp245,sfcWind,sfcWind_Amon_AWI-CM-1-1-MR_ssp245_r1i1p1f1_gn_206401-206412.nc,3.011519432067871,OK,True,True,True,True,12,2064-01-16T12:00:00.000000000,2064-12-16T12:00:00.000000000,lat,lon,"(12, 192, 384)",,
AWI-CM-1-1-MR,ssp245,sfcWind,sfcWind_Amon_AWI-CM-1-1-MR_ssp245_r1i1p1f1_gn_206501-206512.nc,3.010171890258789,OK,True,True,True,True,12,2065-01-16T12:00:00.000000000,2065-12-16T12:00:00.000000000,lat,lon,"(12, 192, 384)",,
AWI-CM-1-1-MR,ssp245,sfcWind,sfcWind_Amon_AWI-CM-1-1-MR_ssp245_r1i1p1f1_gn_206601-206612.nc,3.013246536254883,OK,True,True,True,True,12,2066-01-16T12:00:00.000000000,2066-12-16T12:00:00.000000000,lat,lon,"(12, 192, 384)",,
AWI-CM-1-1-MR,ssp245,sfcWind,sfcWind_Amon_AWI-CM-1-1-MR_ssp245_r1i1p1f1_gn_206701-206712.nc,3.0114870071411133,OK,True,True,True,True,12,2067-01-16T12:00:00.000000000,2067-12-16T12:00:00.000000000,lat,lon,"(12, 192, 384)",,
AWI-CM-1-1-MR,ssp245,sfcWind,sfcWind_Amon_AWI-CM-1-1-MR_ssp245_r1i1p1f1_gn_206801-206812.nc,3.01290225982666,OK,True,True,True,True,12,2068-01-16T12:00:00.000000000,2068-12-16T12:00:00.000000000,lat,lon,"(12, 192, 384)",,
AWI-CM-1-1-MR,ssp245,sfcWind,sfcWind_Amon_AWI-CM-1-1-MR_ssp245_r1i1p1f1_gn_206901-206912.nc,3.010098457336426,OK,True,True,True,True,12,2069-01-16T12:00:00.000000000,2069-12-16T12:00:00.000000000,lat,lon,"(12, 192, 384)",,
AWI-CM-1-1-MR,ssp245,sfcWind,sfcWind_Amon_AWI-CM-1-1-MR_ssp245_r1i1p1f1_gn_207001-207012.nc,3.0111446380615234,OK,True,True,True,True,12,2070-01-16T12:00:00.000000000,2070-12-16T12:00:00.000000000,lat,lon,"(12, 192, 384)",,
AWI-CM-1-1-MR,ssp245,sfcWind,sfcWind_Amon_AWI-CM-1-1-MR_ssp245_r1i1p1f1_gn_207101-207112.nc,3.0107765197753906,OK,True,True,True,True,12,2071-01-16T12:00:00.000000000,2071-12-16T12:00:00.000000000,lat,lon,"(12, 192, 384)",,
AWI-CM-1-1-MR,ssp245,sfcWind,sfcWind_Amon_AWI-CM-1-1-MR_ssp245_r1i1p1f1_gn_207201-207212.nc,3.011241912841797,OK,True,True,True,True,12,2072-01-16T12:00:00.000000000,2072-12-16T12:00:00.000000000,lat,lon,"(12, 192, 384)",,
AWI-CM-1-1-MR,ssp245,sfcWind,sfcWind_Amon_AWI-CM-1-1-MR_ssp245_r1i1p1f1_gn_207301-207312.nc,3.0107593536376953,OK,True,True,True,True,12,2073-01-16T12:00:00.000000000,2073-12-16T12:00:00.000000000,lat,lon,"(12, 192, 384)",,
AWI-CM-1-1-MR,ssp245,sfcWind,sfcWind_Amon_AWI-CM-1-1-MR_ssp245_r1i1p1f1_gn_207401-207412.nc,3.010830879211426,OK,True,True,True,True,12,2074-01-16T12:00:00.000000000,2074-12-16T12:00:00.000000000,lat,lon,"(12, 192, 384)",,
AWI-CM-1-1-MR,ssp245,sfcWind,sfcWind_Amon_AWI-CM-1-1-MR_ssp245_r1i1p1f1_gn_207501-207512.nc,3.012186050415039,OK,True,True,True,True,12,2075-01-16T12:00:00.000000000,2075-12-16T12:00:00.000000000,lat,lon,"(12, 192, 384)",,
AWI-CM-1-1-MR,ssp245,sfcWind,sfcWind_Amon_AWI-CM-1-1-MR_ssp245_r1i1p1f1_gn_207601-207612.nc,3.0125885009765625,OK,True,True,True,True,12,2076-01-16T12:00:00.000000000,2076-12-16T12:00:00.000000000,lat,lon,"(12, 192, 384)",,
AWI-CM-1-1-MR,ssp245,sfcWind,sfcWind_Amon_AWI-CM-1-1-MR_ssp245_r1i1p1f1_gn_207701-207712.nc,3.013430595397949,OK,True,True,True,True,12,2077-01-16T12:00:00.000000000,2077-12-16T12:00:00.000000000,lat,lon,"(12, 192, 384)",,
AWI-CM-1-1-MR,ssp245,sfcWind,sfcWind_Amon_AWI-CM-1-1-MR_ssp245_r1i1p1f1_gn_207801-207812.nc,3.0100631713867188,OK,True,True,True,True,12,2078-01-16T12:00:00.000000000,2078-12-16T12:00:00.000000000,lat,lon,"(12, 192, 384)",,
AWI-CM-1-1-MR,ssp245,sfcWind,sfcWind_Amon_AWI-CM-1-1-MR_ssp245_r1i1p1f1_gn_207901-207912.nc,3.011275291442871,OK,True,True,True,True,12,2079-01-16T12:00:00.000000000,2079-12-16T12:00:00.000000000,lat,lon,"(12, 192, 384)",,
AWI-CM-1-1-MR,ssp245,sfcWind,sfcWind_Amon_AWI-CM-1-1-MR_ssp245_r1i1p1f1_gn_208001-208012.nc,3.009984016418457,OK,True,True,True,True,12,2080-01-16T12:00:00.000000000,2080-12-16T12:00:00.000000000,lat,lon,"(12, 192, 384)",,
AWI-CM-1-1-MR,ssp245,sfcWind,sfcWind_Amon_AWI-CM-1-1-MR_ssp245_r1i1p1f1_gn_208101-208112.nc,3.01206111907959,OK,True,True,True,True,12,2081-01-16T12:00:00.000000000,2081-12-16T12:00:00.000000000,lat,lon,"(12, 192, 384)",,
AWI-CM-1-1-MR,ssp245,sfcWind,sfcWind_Amon_AWI-CM-1-1-MR_ssp245_r1i1p1f1_gn_208201-208212.nc,3.0115013122558594,OK,True,True,True,True,12,2082-01-16T12:00:00.000000000,2082-12-16T12:00:00.000000000,lat,lon,"(12, 192, 384)",,
AWI-CM-1-1-MR,ssp245,sfcWind,sfcWind_Amon_AWI-CM-1-1-MR_ssp245_r1i1p1f1_gn_208301-208312.nc,3.012086868286133,OK,True,True,True,True,12,2083-01-16T12:00:00.000000000,2083-12-16T12:00:00.000000000,lat,lon,"(12, 192, 384)",,
AWI-CM-1-1-MR,ssp245,sfcWind,sfcWind_Amon_AWI-CM-1-1-MR_ssp245_r1i1p1f1_gn_208401-208412.nc,3.010770797729492,OK,True,True,True,True,12,2084-01-16T12:00:00.000000000,2084-12-16T12:00:00.000000000,lat,lon,"(12, 192, 384)",,
AWI-CM-1-1-MR,ssp245,sfcWind,sfcWind_Amon_AWI-CM-1-1-MR_ssp245_r1i1p1f1_gn_208501-208512.nc,3.0109682083129883,OK,True,True,True,True,12,2085-01-16T12:00:00.000000000,2085-12-16T12:00:00.000000000,lat,lon,"(12, 192, 384)",,
AWI-CM-1-1-MR,ssp245,sfcWind,sfcWind_Amon_AWI-CM-1-1-MR_ssp245_r1i1p1f1_gn_208601-208612.nc,3.0113601684570312,OK,True,True,True,True,12,2086-01-16T12:00:00.000000000,2086-12-16T12:00:00.000000000,lat,lon,"(12, 192, 384)",,
AWI-CM-1-1-MR,ssp245,sfcWind,sfcWind_Amon_AWI-CM-1-1-MR_ssp245_r1i1p1f1_gn_208701-208712.nc,3.0120344161987305,OK,True,True,True,True,12,2087-01-16T12:00:00.000000000,2087-12-16T12:00:00.000000000,lat,lon,"(12, 192, 384)",,
AWI-CM-1-1-MR,ssp245,sfcWind,sfcWind_Amon_AWI-CM-1-1-MR_ssp245_r1i1p1f1_gn_208801-208812.nc,3.0097808837890625,OK,True,True,True,True,12,2088-01-16T12:00:00.000000000,2088-12-16T12:00:00.000000000,lat,lon,"(12, 192, 384)",,
AWI-CM-1-1-MR,ssp245,sfcWind,sfcWind_Amon_AWI-CM-1-1-MR_ssp245_r1i1p1f1_gn_208901-208912.nc,3.012394905090332,OK,True,True,True,True,12,2089-01-16T12:00:00.000000000,2089-12-16T12:00:00.000000000,lat,lon,"(12, 192, 384)",,
AWI-CM-1-1-MR,ssp245,sfcWind,sfcWind_Amon_AWI-CM-1-1-MR_ssp245_r1i1p1f1_gn_209001-209012.nc,3.010470390319824,OK,True,True,True,True,12,2090-01-16T12:00:00.000000000,2090-12-16T12:00:00.000000000,lat,lon,"(12, 192, 384)",,
AWI-CM-1-1-MR,ssp245,sfcWind,sfcWind_Amon_AWI-CM-1-1-MR_ssp245_r1i1p1f1_gn_209101-209112.nc,3.0122718811035156,OK,True,True,True,True,12,2091-01-16T12:00:00.000000000,2091-12-16T12:00:00.000000000,lat,lon,"(12, 192, 384)",,
AWI-CM-1-1-MR,ssp245,sfcWind,sfcWind_Amon_AWI-CM-1-1-MR_ssp245_r1i1p1f1_gn_209201-209212.nc,3.0099592208862305,OK,True,True,True,True,12,2092-01-16T12:00:00.000000000,2092-12-16T12:00:00.000000000,lat,lon,"(12, 192, 384)",,
AWI-CM-1-1-MR,ssp245,sfcWind,sfcWind_Amon_AWI-CM-1-1-MR_ssp245_r1i1p1f1_gn_209301-209312.nc,3.0117597579956055,OK,True,True,True,True,12,2093-01-16T12:00:00.000000000,2093-12-16T12:00:00.000000000,lat,lon,"(12, 192, 384)",,
AWI-CM-1-1-MR,ssp245,sfcWind,sfcWind_Amon_AWI-CM-1-1-MR_ssp245_r1i1p1f1_gn_209401-209412.nc,3.013254165649414,OK,True,True,True,True,12,2094-01-16T12:00:00.000000000,2094-12-16T12:00:00.000000000,lat,lon,"(12, 192, 384)",,
AWI-CM-1-1-MR,ssp245,sfcWind,sfcWind_Amon_AWI-CM-1-1-MR_ssp245_r1i1p1f1_gn_209501-209512.nc,3.0111427307128906,OK,True,True,True,True,12,2095-01-16T12:00:00.000000000,2095-12-16T12:00:00.000000000,lat,lon,"(12, 192, 384)",,
AWI-CM-1-1-MR,ssp245,sfcWind,sfcWind_Amon_AWI-CM-1-1-MR_ssp245_r1i1p1f1_gn_209601-209612.nc,3.010920524597168,OK,True,True,True,True,12,2096-01-16T12:00:00.000000000,2096-12-16T12:00:00.000000000,lat,lon,"(12, 192, 384)",,
AWI-CM-1-1-MR,ssp245,sfcWind,sfcWind_Amon_AWI-CM-1-1-MR_ssp245_r1i1p1f1_gn_209701-209712.nc,3.010134696960449,OK,True,True,True,True,12,2097-01-16T12:00:00.000000000,2097-12-16T12:00:00.000000000,lat,lon,"(12, 192, 384)",,
AWI-CM-1-1-MR,ssp245,sfcWind,sfcWind_Amon_AWI-CM-1-1-MR_ssp245_r1i1p1f1_gn_209801-209812.nc,3.012415885925293,OK,True,True,True,True,12,2098-01-16T12:00:00.000000000,2098-12-16T12:00:00.000000000,lat,lon,"(12, 192, 384)",,
AWI-CM-1-1-MR,ssp245,sfcWind,sfcWind_Amon_AWI-CM-1-1-MR_ssp245_r1i1p1f1_gn_209901-209912.nc,3.011406898498535,OK,True,True,True,True,12,2099-01-16T12:00:00.000000000,2099-12-16T12:00:00.000000000,lat,lon,"(12, 192, 384)",,
AWI-CM-1-1-MR,ssp245,sfcWind,sfcWind_Amon_AWI-CM-1-1-MR_ssp245_r1i1p1f1_gn_210001-210012.nc,3.0125293731689453,OK,True,True,True,True,12,2100-01-16T12:00:00.000000000,2100-12-16T12:00:00.000000000,lat,lon,"(12, 192, 384)",,
AWI-CM-1-1-MR,ssp245,tas,tas_Amon_AWI-CM-1-1-MR_ssp245_r1i1p1f1_gn_204001-204012.nc,2.6064090728759766,OK,True,True,True,True,12,2040-01-16T12:00:00.000000000,2040-12-16T12:00:00.000000000,lat,lon,"(12, 192, 384)",,
AWI-CM-1-1-MR,ssp245,tas,tas_Amon_AWI-CM-1-1-MR_ssp245_r1i1p1f1_gn_204101-204112.nc,2.6063499450683594,OK,True,True,True,True,12,2041-01-16T12:00:00.000000000,2041-12-16T12:00:00.000000000,lat,lon,"(12, 192, 384)",,
AWI-CM-1-1-MR,ssp245,tas,tas_Amon_AWI-CM-1-1-MR_ssp245_r1i1p1f1_gn_204201-204212.nc,2.608485221862793,OK,True,True,True,True,12,2042-01-16T12:00:00.000000000,2042-12-16T12:00:00.000000000,lat,lon,"(12, 192, 384)",,
AWI-CM-1-1-MR,ssp245,tas,tas_Amon_AWI-CM-1-1-MR_ssp245_r1i1p1f1_gn_204301-204312.nc,2.605459213256836,OK,True,True,True,True,12,2043-01-16T12:00:00.000000000,2043-12-16T12:00:00.000000000,lat,lon,"(12, 192, 384)",,
AWI-CM-1-1-MR,ssp245,tas,tas_Amon_AWI-CM-1-1-MR_ssp245_r1i1p1f1_gn_204401-204412.nc,2.6066198348999023,OK,True,True,True,True,12,2044-01-16T12:00:00.000000000,2044-12-16T12:00:00.000000000,lat,lon,"(12, 192, 384)",,
AWI-CM-1-1-MR,ssp245,tas,tas_Amon_AWI-CM-1-1-MR_ssp245_r1i1p1f1_gn_204501-204512.nc,2.6085615158081055,OK,True,True,True,True,12,2045-01-16T12:00:00.000000000,2045-12-16T12:00:00.000000000,lat,lon,"(12, 192, 384)",,
AWI-CM-1-1-MR,ssp245,tas,tas_Amon_AWI-CM-1-1-MR_ssp245_r1i1p1f1_gn_204601-204612.nc,2.6103572845458984,OK,True,True,True,True,12,2046-01-16T12:00:00.000000000,2046-12-16T12:00:00.000000000,lat,lon,"(12, 192, 384)",,
AWI-CM-1-1-MR,ssp245,tas,tas_Amon_AWI-CM-1-1-MR_ssp245_r1i1p1f1_gn_204701-204712.nc,2.6102828979492188,OK,True,True,True,True,12,2047-01-16T12:00:00.000000000,2047-12-16T12:00:00.000000000,lat,lon,"(12, 192, 384)",,
AWI-CM-1-1-MR,ssp245,tas,tas_Amon_AWI-CM-1-1-MR_ssp245_r1i1p1f1_gn_204801-204812.nc,2.60648250579834,OK,True,True,True,True,12,2048-01-16T12:00:00.000000000,2048-12-16T12:00:00.000000000,lat,lon,"(12, 192, 384)",,
AWI-CM-1-1-MR,ssp245,tas,tas_Amon_AWI-CM-1-1-MR_ssp245_r1i1p1f1_gn_204901-204912.nc,2.608844757080078,OK,True,True,True,True,12,2049-01-16T12:00:00.000000000,2049-12-16T12:00:00.000000000,lat,lon,"(12, 192, 384)",,
AWI-CM-1-1-MR,ssp245,tas,tas_Amon_AWI-CM-1-1-MR_ssp245_r1i1p1f1_gn_205001-205012.nc,2.6091556549072266,OK,True,True,True,True,12,2050-01-16T12:00:00.000000000,2050-12-16T12:00:00.000000000,lat,lon,"(12, 192, 384)",,
AWI-CM-1-1-MR,ssp245,tas,tas_Amon_AWI-CM-1-1-MR_ssp245_r1i1p1f1_gn_205101-205112.nc,2.603322982788086,OK,True,True,True,True,12,2051-01-16T12:00:00.000000000,2051-12-16T12:00:00.000000000,lat,lon,"(12, 192, 384)",,
AWI-CM-1-1-MR,ssp245,tas,tas_Amon_AWI-CM-1-1-MR_ssp245_r1i1p1f1_gn_205201-205212.nc,2.606478691101074,OK,True,True,True,True,12,2052-01-16T12:00:00.000000000,2052-12-16T12:00:00.000000000,lat,lon,"(12, 192, 384)",,
AWI-CM-1-1-MR,ssp245,tas,tas_Amon_AWI-CM-1-1-MR_ssp245_r1i1p1f1_gn_205301-205312.nc,2.603696823120117,OK,True,True,True,True,12,2053-01-16T12:00:00.000000000,2053-12-16T12:00:00.000000000,lat,lon,"(12, 192, 384)",,
AWI-CM-1-1-MR,ssp245,tas,tas_Amon_AWI-CM-1-1-MR_ssp245_r1i1p1f1_gn_205401-205412.nc,2.6044321060180664,OK,True,True,True,True,12,2054-01-16T12:00:00.000000000,2054-12-16T12:00:00.000000000,lat,lon,"(12, 192, 384)",,
AWI-CM-1-1-MR,ssp245,tas,tas_Amon_AWI-CM-1-1-MR_ssp245_r1i1p1f1_gn_205501-205512.nc,2.60593318939209,OK,True,True,True,True,12,2055-01-16T12:00:00.000000000,2055-12-16T12:00:00.000000000,lat,lon,"(12, 192, 384)",,
AWI-CM-1-1-MR,ssp245,tas,tas_Amon_AWI-CM-1-1-MR_ssp245_r1i1p1f1_gn_205601-205612.nc,2.6039533615112305,OK,True,True,True,True,12,2056-01-16T12:00:00.000000000,2056-12-16T12:00:00.000000000,lat,lon,"(12, 192, 384)",,
AWI-CM-1-1-MR,ssp245,tas,tas_Amon_AWI-CM-1-1-MR_ssp245_r1i1p1f1_gn_205701-205712.nc,2.6035451889038086,OK,True,True,True,True,12,2057-01-16T12:00:00.000000000,2057-12-16T12:00:00.000000000,lat,lon,"(12, 192, 384)",,
AWI-CM-1-1-MR,ssp245,tas,tas_Amon_AWI-CM-1-1-MR_ssp245_r1i1p1f1_gn_205801-205812.nc,2.6061487197875977,OK,True,True,True,True,12,2058-01-16T12:00:00.000000000,2058-12-16T12:00:00.000000000,lat,lon,"(12, 192, 384)",,
AWI-CM-1-1-MR,ssp245,tas,tas_Amon_AWI-CM-1-1-MR_ssp245_r1i1p1f1_gn_205901-205912.nc,2.60518741607666,OK,True,True,True,True,12,2059-01-16T12:00:00.000000000,2059-12-16T12:00:00.000000000,lat,lon,"(12, 192, 384)",,
AWI-CM-1-1-MR,ssp245,tas,tas_Amon_AWI-CM-1-1-MR_ssp245_r1i1p1f1_gn_206001-206012.nc,2.6069698333740234,OK,True,True,True,True,12,2060-01-16T12:00:00.000000000,2060-12-16T12:00:00.000000000,lat,lon,"(12, 192, 384)",,
AWI-CM-1-1-MR,ssp245,tas,tas_Amon_AWI-CM-1-1-MR_ssp245_r1i1p1f1_gn_206101-206112.nc,2.6079893112182617,OK,True,True,True,True,12,2061-01-16T12:00:00.000000000,2061-12-16T12:00:00.000000000,lat,lon,"(12, 192, 384)",,
AWI-CM-1-1-MR,ssp245,tas,tas_Amon_AWI-CM-1-1-MR_ssp245_r1i1p1f1_gn_206201-206212.nc,2.608597755432129,OK,True,True,True,True,12,2062-01-16T12:00:00.000000000,2062-12-16T12:00:00.000000000,lat,lon,"(12, 192, 384)",,
AWI-CM-1-1-MR,ssp245,tas,tas_Amon_AWI-CM-1-1-MR_ssp245_r1i1p1f1_gn_206301-206312.nc,2.6099729537963867,OK,True,True,True,True,12,2063-01-16T12:00:00.000000000,2063-12-16T12:00:00.000000000,lat,lon,"(12, 192, 384)",,
AWI-CM-1-1-MR,ssp245,tas,tas_Amon_AWI-CM-1-1-MR_ssp245_r1i1p1f1_gn_206401-206412.nc,2.601907730102539,OK,True,True,True,True,12,2064-01-16T12:00:00.000000000,2064-12-16T12:00:00.000000000,lat,lon,"(12, 192, 384)",,
AWI-CM-1-1-MR,ssp245,tas,tas_Amon_AWI-CM-1-1-MR_ssp245_r1i1p1f1_gn_206501-206512.nc,2.603549003601074,OK,True,True,True,True,12,2065-01-16T12:00:00.000000000,2065-12-16T12:00:00.000000000,lat,lon,"(12, 192, 384)",,
AWI-CM-1-1-MR,ssp245,tas,tas_Amon_AWI-CM-1-1-MR_ssp245_r1i1p1f1_gn_206601-206612.nc,2.606060028076172,OK,True,True,True,True,12,2066-01-16T12:00:00.000000000,2066-12-16T12:00:00.000000000,lat,lon,"(12, 192, 384)",,
AWI-CM-1-1-MR,ssp245,tas,tas_Amon_AWI-CM-1-1-MR_ssp245_r1i1p1f1_gn_206701-206712.nc,2.6036510467529297,OK,True,True,True,True,12,2067-01-16T12:00:00.000000000,2067-12-16T12:00:00.000000000,lat,lon,"(12, 192, 384)",,
AWI-CM-1-1-MR,ssp245,tas,tas_Amon_AWI-CM-1-1-MR_ssp245_r1i1p1f1_gn_206801-206812.nc,2.6122121810913086,OK,True,True,True,True,12,2068-01-16T12:00:00.000000000,2068-12-16T12:00:00.000000000,lat,lon,"(12, 192, 384)",,
AWI-CM-1-1-MR,ssp245,tas,tas_Amon_AWI-CM-1-1-MR_ssp245_r1i1p1f1_gn_206901-206912.nc,2.6064186096191406,OK,True,True,True,True,12,2069-01-16T12:00:00.000000000,2069-12-16T12:00:00.000000000,lat,lon,"(12, 192, 384)",,
AWI-CM-1-1-MR,ssp245,tas,tas_Amon_AWI-CM-1-1-MR_ssp245_r1i1p1f1_gn_207001-207012.nc,2.605465888977051,OK,True,True,True,True,12,2070-01-16T12:00:00.000000000,2070-12-16T12:00:00.000000000,lat,lon,"(12, 192, 384)",,
AWI-CM-1-1-MR,ssp245,tas,tas_Amon_AWI-CM-1-1-MR_ssp245_r1i1p1f1_gn_207101-207112.nc,2.6048946380615234,OK,True,True,True,True,12,2071-01-16T12:00:00.000000000,2071-12-16T12:00:00.000000000,lat,lon,"(12, 192, 384)",,
AWI-CM-1-1-MR,ssp245,tas,tas_Amon_AWI-CM-1-1-MR_ssp245_r1i1p1f1_gn_207201-207212.nc,2.6088647842407227,OK,True,True,True,True,12,2072-01-16T12:00:00.000000000,2072-12-16T12:00:00.000000000,lat,lon,"(12, 192, 384)",,
AWI-CM-1-1-MR,ssp245,tas,tas_Amon_AWI-CM-1-1-MR_ssp245_r1i1p1f1_gn_207301-207312.nc,2.605410575866699,OK,True,True,True,True,12,2073-01-16T12:00:00.000000000,2073-12-16T12:00:00.000000000,lat,lon,"(12, 192, 384)",,
AWI-CM-1-1-MR,ssp245,tas,tas_Amon_AWI-CM-1-1-MR_ssp245_r1i1p1f1_gn_207401-207412.nc,2.6057310104370117,OK,True,True,True,True,12,2074-01-16T12:00:00.000000000,2074-12-16T12:00:00.000000000,lat,lon,"(12, 192, 384)",,
AWI-CM-1-1-MR,ssp245,tas,tas_Amon_AWI-CM-1-1-MR_ssp245_r1i1p1f1_gn_207501-207512.nc,2.60495662689209,OK,True,True,True,True,12,2075-01-16T12:00:00.000000000,2075-12-16T12:00:00.000000000,lat,lon,"(12, 192, 384)",,
AWI-CM-1-1-MR,ssp245,tas,tas_Amon_AWI-CM-1-1-MR_ssp245_r1i1p1f1_gn_207601-207612.nc,2.6085729598999023,OK,True,True,True,True,12,2076-01-16T12:00:00.000000000,2076-12-16T12:00:00.000000000,lat,lon,"(12, 192, 384)",,
AWI-CM-1-1-MR,ssp245,tas,tas_Amon_AWI-CM-1-1-MR_ssp245_r1i1p1f1_gn_207701-207712.nc,2.6050939559936523,OK,True,True,True,True,12,2077-01-16T12:00:00.000000000,2077-12-16T12:00:00.000000000,lat,lon,"(12, 192, 384)",,
AWI-CM-1-1-MR,ssp245,tas,tas_Amon_AWI-CM-1-1-MR_ssp245_r1i1p1f1_gn_207801-207812.nc,2.602293014526367,OK,True,True,True,True,12,2078-01-16T12:00:00.000000000,2078-12-16T12:00:00.000000000,lat,lon,"(12, 192, 384)",,
AWI-CM-1-1-MR,ssp245,tas,tas_Amon_AWI-CM-1-1-MR_ssp245_r1i1p1f1_gn_207901-207912.nc,2.602349281311035,OK,True,True,True,True,12,2079-01-16T12:00:00.000000000,2079-12-16T12:00:00.000000000,lat,lon,"(12, 192, 384)",,
AWI-CM-1-1-MR,ssp245,tas,tas_Amon_AWI-CM-1-1-MR_ssp245_r1i1p1f1_gn_208001-208012.nc,2.603240966796875,OK,True,True,True,True,12,2080-01-16T12:00:00.000000000,2080-12-16T12:00:00.000000000,lat,lon,"(12, 192, 384)",,
AWI-CM-1-1-MR,ssp245,tas,tas_Amon_AWI-CM-1-1-MR_ssp245_r1i1p1f1_gn_208101-208112.nc,2.6108322143554688,OK,True,True,True,True,12,2081-01-16T12:00:00.000000000,2081-12-16T12:00:00.000000000,lat,lon,"(12, 192, 384)",,
AWI-CM-1-1-MR,ssp245,tas,tas_Amon_AWI-CM-1-1-MR_ssp245_r1i1p1f1_gn_208201-208212.nc,2.6066226959228516,OK,True,True,True,True,12,2082-01-16T12:00:00.000000000,2082-12-16T12:00:00.000000000,lat,lon,"(12, 192, 384)",,
AWI-CM-1-1-MR,ssp245,tas,tas_Amon_AWI-CM-1-1-MR_ssp245_r1i1p1f1_gn_208301-208312.nc,2.6035585403442383,OK,True,True,True,True,12,2083-01-16T12:00:00.000000000,2083-12-16T12:00:00.000000000,lat,lon,"(12, 192, 384)",,
AWI-CM-1-1-MR,ssp245,tas,tas_Amon_AWI-CM-1-1-MR_ssp245_r1i1p1f1_gn_208401-208412.nc,2.6057119369506836,OK,True,True,True,True,12,2084-01-16T12:00:00.000000000,2084-12-16T12:00:00.000000000,lat,lon,"(12, 192, 384)",,
AWI-CM-1-1-MR,ssp245,tas,tas_Amon_AWI-CM-1-1-MR_ssp245_r1i1p1f1_gn_208501-208512.nc,2.603804588317871,OK,True,True,True,True,12,2085-01-16T12:00:00.000000000,2085-12-16T12:00:00.000000000,lat,lon,"(12, 192, 384)",,
AWI-CM-1-1-MR,ssp245,tas,tas_Amon_AWI-CM-1-1-MR_ssp245_r1i1p1f1_gn_208601-208612.nc,2.603034019470215,OK,True,True,True,True,12,2086-01-16T12:00:00.000000000,2086-12-16T12:00:00.000000000,lat,lon,"(12, 192, 384)",,
AWI-CM-1-1-MR,ssp245,tas,tas_Amon_AWI-CM-1-1-MR_ssp245_r1i1p1f1_gn_208701-208712.nc,2.607974052429199,OK,True,True,True,True,12,2087-01-16T12:00:00.000000000,2087-12-16T12:00:00.000000000,lat,lon,"(12, 192, 384)",,
AWI-CM-1-1-MR,ssp245,tas,tas_Amon_AWI-CM-1-1-MR_ssp245_r1i1p1f1_gn_208801-208812.nc,2.6041135787963867,OK,True,True,True,True,12,2088-01-16T12:00:00.000000000,2088-12-16T12:00:00.000000000,lat,lon,"(12, 192, 384)",,
AWI-CM-1-1-MR,ssp245,tas,tas_Amon_AWI-CM-1-1-MR_ssp245_r1i1p1f1_gn_208901-208912.nc,2.6042661666870117,OK,True,True,True,True,12,2089-01-16T12:00:00.000000000,2089-12-16T12:00:00.000000000,lat,lon,"(12, 192, 384)",,
AWI-CM-1-1-MR,ssp245,tas,tas_Amon_AWI-CM-1-1-MR_ssp245_r1i1p1f1_gn_209001-209012.nc,2.603203773498535,OK,True,True,True,True,12,2090-01-16T12:00:00.000000000,2090-12-16T12:00:00.000000000,lat,lon,"(12, 192, 384)",,
AWI-CM-1-1-MR,ssp245,tas,tas_Amon_AWI-CM-1-1-MR_ssp245_r1i1p1f1_gn_209101-209112.nc,2.602658271789551,OK,True,True,True,True,12,2091-01-16T12:00:00.000000000,2091-12-16T12:00:00.000000000,lat,lon,"(12, 192, 384)",,
AWI-CM-1-1-MR,ssp245,tas,tas_Amon_AWI-CM-1-1-MR_ssp245_r1i1p1f1_gn_209201-209212.nc,2.6027536392211914,OK,True,True,True,True,12,2092-01-16T12:00:00.000000000,2092-12-16T12:00:00.000000000,lat,lon,"(12, 192, 384)",,
AWI-CM-1-1-MR,ssp245,tas,tas_Amon_AWI-CM-1-1-MR_ssp245_r1i1p1f1_gn_209301-209312.nc,2.6028966903686523,OK,True,True,True,True,12,2093-01-16T12:00:00.000000000,2093-12-16T12:00:00.000000000,lat,lon,"(12, 192, 384)",,
AWI-CM-1-1-MR,ssp245,tas,tas_Amon_AWI-CM-1-1-MR_ssp245_r1i1p1f1_gn_209401-209412.nc,2.605022430419922,OK,True,True,True,True,12,2094-01-16T12:00:00.000000000,2094-12-16T12:00:00.000000000,lat,lon,"(12, 192, 384)",,
AWI-CM-1-1-MR,ssp245,tas,tas_Amon_AWI-CM-1-1-MR_ssp245_r1i1p1f1_gn_209501-209512.nc,2.60221004486084,OK,True,True,True,True,12,2095-01-16T12:00:00.000000000,2095-12-16T12:00:00.000000000,lat,lon,"(12, 192, 384)",,
AWI-CM-1-1-MR,ssp245,tas,tas_Amon_AWI-CM-1-1-MR_ssp245_r1i1p1f1_gn_209601-209612.nc,2.6060409545898438,OK,True,True,True,True,12,2096-01-16T12:00:00.000000000,2096-12-16T12:00:00.000000000,lat,lon,"(12, 192, 384)",,
AWI-CM-1-1-MR,ssp245,tas,tas_Amon_AWI-CM-1-1-MR_ssp245_r1i1p1f1_gn_209701-209712.nc,2.600966453552246,OK,True,True,True,True,12,2097-01-16T12:00:00.000000000,2097-12-16T12:00:00.000000000,lat,lon,"(12, 192, 384)",,
AWI-CM-1-1-MR,ssp245,tas,tas_Amon_AWI-CM-1-1-MR_ssp245_r1i1p1f1_gn_209801-209812.nc,2.607332229614258,OK,True,True,True,True,12,2098-01-16T12:00:00.000000000,2098-12-16T12:00:00.000000000,lat,lon,"(12, 192, 384)",,
AWI-CM-1-1-MR,ssp245,tas,tas_Amon_AWI-CM-1-1-MR_ssp245_r1i1p1f1_gn_209901-209912.nc,2.602415084838867,OK,True,True,True,True,12,2099-01-16T12:00:00.000000000,2099-12-16T12:00:00.000000000,lat,lon,"(12, 192, 384)",,
AWI-CM-1-1-MR,ssp245,tas,tas_Amon_AWI-CM-1-1-MR_ssp245_r1i1p1f1_gn_210001-210012.nc,2.6074466705322266,OK,True,True,True,True,12,2100-01-16T12:00:00.000000000,2100-12-16T12:00:00.000000000,lat,lon,"(12, 192, 384)",,
AWI-CM-1-1-MR,ssp585,rsds,rsds_Amon_AWI-CM-1-1-MR_ssp585_r1i1p1f1_gn_204001-204012.nc,2.7875709533691406,OK,True,True,True,True,12,2040-01-16T12:00:00.000000000,2040-12-16T12:00:00.000000000,lat,lon,"(12, 192, 384)",,
AWI-CM-1-1-MR,ssp585,rsds,rsds_Amon_AWI-CM-1-1-MR_ssp585_r1i1p1f1_gn_204101-204112.nc,2.787496566772461,OK,True,True,True,True,12,2041-01-16T12:00:00.000000000,2041-12-16T12:00:00.000000000,lat,lon,"(12, 192, 384)",,
AWI-CM-1-1-MR,ssp585,rsds,rsds_Amon_AWI-CM-1-1-MR_ssp585_r1i1p1f1_gn_204201-204212.nc,2.788235664367676,OK,True,True,True,True,12,2042-01-16T12:00:00.000000000,2042-12-16T12:00:00.000000000,lat,lon,"(12, 192, 384)",,
AWI-CM-1-1-MR,ssp585,rsds,rsds_Amon_AWI-CM-1-1-MR_ssp585_r1i1p1f1_gn_204301-204312.nc,2.7871055603027344,OK,True,True,True,True,12,2043-01-16T12:00:00.000000000,2043-12-16T12:00:00.000000000,lat,lon,"(12, 192, 384)",,
AWI-CM-1-1-MR,ssp585,rsds,rsds_Amon_AWI-CM-1-1-MR_ssp585_r1i1p1f1_gn_204401-204412.nc,2.7869491577148438,OK,True,True,True,True,12,2044-01-16T12:00:00.000000000,2044-12-16T12:00:00.000000000,lat,lon,"(12, 192, 384)",,
AWI-CM-1-1-MR,ssp585,rsds,rsds_Amon_AWI-CM-1-1-MR_ssp585_r1i1p1f1_gn_204501-204512.nc,2.7890567779541016,OK,True,True,True,True,12,2045-01-16T12:00:00.000000000,2045-12-16T12:00:00.000000000,lat,lon,"(12, 192, 384)",,
AWI-CM-1-1-MR,ssp585,rsds,rsds_Amon_AWI-CM-1-1-MR_ssp585_r1i1p1f1_gn_204601-204612.nc,2.7888689041137695,OK,True,True,True,True,12,2046-01-16T12:00:00.000000000,2046-12-16T12:00:00.000000000,lat,lon,"(12, 192, 384)",,
AWI-CM-1-1-MR,ssp585,rsds,rsds_Amon_AWI-CM-1-1-MR_ssp585_r1i1p1f1_gn_204701-204712.nc,2.789754867553711,OK,True,True,True,True,12,2047-01-16T12:00:00.000000000,2047-12-16T12:00:00.000000000,lat,lon,"(12, 192, 384)",,
AWI-CM-1-1-MR,ssp585,rsds,rsds_Amon_AWI-CM-1-1-MR_ssp585_r1i1p1f1_gn_204801-204812.nc,2.7870216369628906,OK,True,True,True,True,12,2048-01-16T12:00:00.000000000,2048-12-16T12:00:00.000000000,lat,lon,"(12, 192, 384)",,
AWI-CM-1-1-MR,ssp585,rsds,rsds_Amon_AWI-CM-1-1-MR_ssp585_r1i1p1f1_gn_204901-204912.nc,2.789003372192383,OK,True,True,True,True,12,2049-01-16T12:00:00.000000000,2049-12-16T12:00:00.000000000,lat,lon,"(12, 192, 384)",,
AWI-CM-1-1-MR,ssp585,rsds,rsds_Amon_AWI-CM-1-1-MR_ssp585_r1i1p1f1_gn_205001-205012.nc,2.789423942565918,OK,True,True,True,True,12,2050-01-16T12:00:00.000000000,2050-12-16T12:00:00.000000000,lat,lon,"(12, 192, 384)",,
AWI-CM-1-1-MR,ssp585,rsds,rsds_Amon_AWI-CM-1-1-MR_ssp585_r1i1p1f1_gn_205101-205112.nc,2.7895708084106445,OK,True,True,True,True,12,2051-01-16T12:00:00.000000000,2051-12-16T12:00:00.000000000,lat,lon,"(12, 192, 384)",,
AWI-CM-1-1-MR,ssp585,rsds,rsds_Amon_AWI-CM-1-1-MR_ssp585_r1i1p1f1_gn_205201-205212.nc,2.7874975204467773,OK,True,True,True,True,12,2052-01-16T12:00:00.000000000,2052-12-16T12:00:00.000000000,lat,lon,"(12, 192, 384)",,
AWI-CM-1-1-MR,ssp585,rsds,rsds_Amon_AWI-CM-1-1-MR_ssp585_r1i1p1f1_gn_205301-205312.nc,2.7887325286865234,OK,True,True,True,True,12,2053-01-16T12:00:00.000000000,2053-12-16T12:00:00.000000000,lat,lon,"(12, 192, 384)",,
AWI-CM-1-1-MR,ssp585,rsds,rsds_Amon_AWI-CM-1-1-MR_ssp585_r1i1p1f1_gn_205401-205412.nc,2.789395332336426,OK,True,True,True,True,12,2054-01-16T12:00:00.000000000,2054-12-16T12:00:00.000000000,lat,lon,"(12, 192, 384)",,
AWI-CM-1-1-MR,ssp585,rsds,rsds_Amon_AWI-CM-1-1-MR_ssp585_r1i1p1f1_gn_205501-205512.nc,2.7903575897216797,OK,True,True,True,True,12,2055-01-16T12:00:00.000000000,2055-12-16T12:00:00.000000000,lat,lon,"(12, 192, 384)",,
AWI-CM-1-1-MR,ssp585,rsds,rsds_Amon_AWI-CM-1-1-MR_ssp585_r1i1p1f1_gn_205601-205612.nc,2.78768253326416,OK,True,True,True,True,12,2056-01-16T12:00:00.000000000,2056-12-16T12:00:00.000000000,lat,lon,"(12, 192, 384)",,
AWI-CM-1-1-MR,ssp585,rsds,rsds_Amon_AWI-CM-1-1-MR_ssp585_r1i1p1f1_gn_205701-205712.nc,2.788022994995117,OK,True,True,True,True,12,2057-01-16T12:00:00.000000000,2057-12-16T12:00:00.000000000,lat,lon,"(12, 192, 384)",,
AWI-CM-1-1-MR,ssp585,rsds,rsds_Amon_AWI-CM-1-1-MR_ssp585_r1i1p1f1_gn_205801-205812.nc,2.7893142700195312,OK,True,True,True,True,12,2058-01-16T12:00:00.000000000,2058-12-16T12:00:00.000000000,lat,lon,"(12, 192, 384)",,
AWI-CM-1-1-MR,ssp585,rsds,rsds_Amon_AWI-CM-1-1-MR_ssp585_r1i1p1f1_gn_205901-205912.nc,2.7894554138183594,OK,True,True,True,True,12,2059-01-16T12:00:00.000000000,2059-12-16T12:00:00.000000000,lat,lon,"(12, 192, 384)",,
AWI-CM-1-1-MR,ssp585,rsds,rsds_Amon_AWI-CM-1-1-MR_ssp585_r1i1p1f1_gn_206001-206012.nc,2.7867069244384766,OK,True,True,True,True,12,2060-01-16T12:00:00.000000000,2060-12-16T12:00:00.000000000,lat,lon,"(12, 192, 384)",,
AWI-CM-1-1-MR,ssp585,rsds,rsds_Amon_AWI-CM-1-1-MR_ssp585_r1i1p1f1_gn_206101-206112.nc,2.7885847091674805,OK,True,True,True,True,12,2061-01-16T12:00:00.000000000,2061-12-16T12:00:00.000000000,lat,lon,"(12, 192, 384)",,
AWI-CM-1-1-MR,ssp585,rsds,rsds_Amon_AWI-CM-1-1-MR_ssp585_r1i1p1f1_gn_206201-206212.nc,2.7885847091674805,OK,True,True,True,True,12,2062-01-16T12:00:00.000000000,2062-12-16T12:00:00.000000000,lat,lon,"(12, 192, 384)",,
AWI-CM-1-1-MR,ssp585,rsds,rsds_Amon_AWI-CM-1-1-MR_ssp585_r1i1p1f1_gn_206301-206312.nc,2.7901906967163086,OK,True,True,True,True,12,2063-01-16T12:00:00.000000000,2063-12-16T12:00:00.000000000,lat,lon,"(12, 192, 384)",,
AWI-CM-1-1-MR,ssp585,rsds,rsds_Amon_AWI-CM-1-1-MR_ssp585_r1i1p1f1_gn_206401-206412.nc,2.7885637283325195,OK,True,True,True,True,12,2064-01-16T12:00:00.000000000,2064-12-16T12:00:00.000000000,lat,lon,"(12, 192, 384)",,
AWI-CM-1-1-MR,ssp585,rsds,rsds_Amon_AWI-CM-1-1-MR_ssp585_r1i1p1f1_gn_206501-206512.nc,2.788496971130371,OK,True,True,True,True,12,2065-01-16T12:00:00.000000000,2065-12-16T12:00:00.000000000,lat,lon,"(12, 192, 384)",,
AWI-CM-1-1-MR,ssp585,rsds,rsds_Amon_AWI-CM-1-1-MR_ssp585_r1i1p1f1_gn_206601-206612.nc,2.7896156311035156,OK,True,True,True,True,12,2066-01-16T12:00:00.000000000,2066-12-16T12:00:00.000000000,lat,lon,"(12, 192, 384)",,
AWI-CM-1-1-MR,ssp585,rsds,rsds_Amon_AWI-CM-1-1-MR_ssp585_r1i1p1f1_gn_206701-206712.nc,2.791790008544922,OK,True,True,True,True,12,2067-01-16T12:00:00.000000000,2067-12-16T12:00:00.000000000,lat,lon,"(12, 192, 384)",,
AWI-CM-1-1-MR,ssp585,rsds,rsds_Amon_AWI-CM-1-1-MR_ssp585_r1i1p1f1_gn_206801-206812.nc,2.7880640029907227,OK,True,True,True,True,12,2068-01-16T12:00:00.000000000,2068-12-16T12:00:00.000000000,lat,lon,"(12, 192, 384)",,
AWI-CM-1-1-MR,ssp585,rsds,rsds_Amon_AWI-CM-1-1-MR_ssp585_r1i1p1f1_gn_206901-206912.nc,2.7900190353393555,OK,True,True,True,True,12,2069-01-16T12:00:00.000000000,2069-12-16T12:00:00.000000000,lat,lon,"(12, 192, 384)",,
AWI-CM-1-1-MR,ssp585,rsds,rsds_Amon_AWI-CM-1-1-MR_ssp585_r1i1p1f1_gn_207001-207012.nc,2.790670394897461,OK,True,True,True,True,12,2070-01-16T12:00:00.000000000,2070-12-16T12:00:00.000000000,lat,lon,"(12, 192, 384)",,
AWI-CM-1-1-MR,ssp585,rsds,rsds_Amon_AWI-CM-1-1-MR_ssp585_r1i1p1f1_gn_207101-207112.nc,2.7902259826660156,OK,True,True,True,True,12,2071-01-16T12:00:00.000000000,2071-12-16T12:00:00.000000000,lat,lon,"(12, 192, 384)",,
AWI-CM-1-1-MR,ssp585,rsds,rsds_Amon_AWI-CM-1-1-MR_ssp585_r1i1p1f1_gn_207201-207212.nc,2.789644241333008,OK,True,True,True,True,12,2072-01-16T12:00:00.000000000,2072-12-16T12:00:00.000000000,lat,lon,"(12, 192, 384)",,
AWI-CM-1-1-MR,ssp585,rsds,rsds_Amon_AWI-CM-1-1-MR_ssp585_r1i1p1f1_gn_207301-207312.nc,2.789189338684082,OK,True,True,True,True,12,2073-01-16T12:00:00.000000000,2073-12-16T12:00:00.000000000,lat,lon,"(12, 192, 384)",,
AWI-CM-1-1-MR,ssp585,rsds,rsds_Amon_AWI-CM-1-1-MR_ssp585_r1i1p1f1_gn_207401-207412.nc,2.7905654907226562,OK,True,True,True,True,12,2074-01-16T12:00:00.000000000,2074-12-16T12:00:00.000000000,lat,lon,"(12, 192, 384)",,
AWI-CM-1-1-MR,ssp585,rsds,rsds_Amon_AWI-CM-1-1-MR_ssp585_r1i1p1f1_gn_207501-207512.nc,2.7891645431518555,OK,True,True,True,True,12,2075-01-16T12:00:00.000000000,2075-12-16T12:00:00.000000000,lat,lon,"(12, 192, 384)",,
AWI-CM-1-1-MR,ssp585,rsds,rsds_Amon_AWI-CM-1-1-MR_ssp585_r1i1p1f1_gn_207601-207612.nc,2.7883129119873047,OK,True,True,True,True,12,2076-01-16T12:00:00.000000000,2076-12-16T12:00:00.000000000,lat,lon,"(12, 192, 384)",,
AWI-CM-1-1-MR,ssp585,rsds,rsds_Amon_AWI-CM-1-1-MR_ssp585_r1i1p1f1_gn_207701-207712.nc,2.7873640060424805,OK,True,True,True,True,12,2077-01-16T12:00:00.000000000,2077-12-16T12:00:00.000000000,lat,lon,"(12, 192, 384)",,
AWI-CM-1-1-MR,ssp585,rsds,rsds_Amon_AWI-CM-1-1-MR_ssp585_r1i1p1f1_gn_207801-207812.nc,2.789783477783203,OK,True,True,True,True,12,2078-01-16T12:00:00.000000000,2078-12-16T12:00:00.000000000,lat,lon,"(12, 192, 384)",,
AWI-CM-1-1-MR,ssp585,rsds,rsds_Amon_AWI-CM-1-1-MR_ssp585_r1i1p1f1_gn_207901-207912.nc,2.791628837585449,OK,True,True,True,True,12,2079-01-16T12:00:00.000000000,2079-12-16T12:00:00.000000000,lat,lon,"(12, 192, 384)",,
AWI-CM-1-1-MR,ssp585,rsds,rsds_Amon_AWI-CM-1-1-MR_ssp585_r1i1p1f1_gn_208001-208012.nc,2.7888622283935547,OK,True,True,True,True,12,2080-01-16T12:00:00.000000000,2080-12-16T12:00:00.000000000,lat,lon,"(12, 192, 384)",,
AWI-CM-1-1-MR,ssp585,rsds,rsds_Amon_AWI-CM-1-1-MR_ssp585_r1i1p1f1_gn_208101-208112.nc,2.7887678146362305,OK,True,True,True,True,12,2081-01-16T12:00:00.000000000,2081-12-16T12:00:00.000000000,lat,lon,"(12, 192, 384)",,
AWI-CM-1-1-MR,ssp585,rsds,rsds_Amon_AWI-CM-1-1-MR_ssp585_r1i1p1f1_gn_208201-208212.nc,2.7909202575683594,OK,True,True,True,True,12,2082-01-16T12:00:00.000000000,2082-12-16T12:00:00.000000000,lat,lon,"(12, 192, 384)",,
AWI-CM-1-1-MR,ssp585,rsds,rsds_Amon_AWI-CM-1-1-MR_ssp585_r1i1p1f1_gn_208301-208312.nc,2.7909774780273438,OK,True,True,True,True,12,2083-01-16T12:00:00.000000000,2083-12-16T12:00:00.000000000,lat,lon,"(12, 192, 384)",,
AWI-CM-1-1-MR,ssp585,rsds,rsds_Amon_AWI-CM-1-1-MR_ssp585_r1i1p1f1_gn_208401-208412.nc,2.790529251098633,OK,True,True,True,True,12,2084-01-16T12:00:00.000000000,2084-12-16T12:00:00.000000000,lat,lon,"(12, 192, 384)",,
AWI-CM-1-1-MR,ssp585,rsds,rsds_Amon_AWI-CM-1-1-MR_ssp585_r1i1p1f1_gn_208501-208512.nc,2.78841495513916,OK,True,True,True,True,12,2085-01-16T12:00:00.000000000,2085-12-16T12:00:00.000000000,lat,lon,"(12, 192, 384)",,
AWI-CM-1-1-MR,ssp585,rsds,rsds_Amon_AWI-CM-1-1-MR_ssp585_r1i1p1f1_gn_208601-208612.nc,2.789534568786621,OK,True,True,True,True,12,2086-01-16T12:00:00.000000000,2086-12-16T12:00:00.000000000,lat,lon,"(12, 192, 384)",,
AWI-CM-1-1-MR,ssp585,rsds,rsds_Amon_AWI-CM-1-1-MR_ssp585_r1i1p1f1_gn_208701-208712.nc,2.7910642623901367,OK,True,True,True,True,12,2087-01-16T12:00:00.000000000,2087-12-16T12:00:00.000000000,lat,lon,"(12, 192, 384)",,
AWI-CM-1-1-MR,ssp585,rsds,rsds_Amon_AWI-CM-1-1-MR_ssp585_r1i1p1f1_gn_208801-208812.nc,2.7885046005249023,OK,True,True,True,True,12,2088-01-16T12:00:00.000000000,2088-12-16T12:00:00.000000000,lat,lon,"(12, 192, 384)",,
AWI-CM-1-1-MR,ssp585,rsds,rsds_Amon_AWI-CM-1-1-MR_ssp585_r1i1p1f1_gn_208901-208912.nc,2.790060043334961,OK,True,True,True,True,12,2089-01-16T12:00:00.000000000,2089-12-16T12:00:00.000000000,lat,lon,"(12, 192, 384)",,
AWI-CM-1-1-MR,ssp585,rsds,rsds_Amon_AWI-CM-1-1-MR_ssp585_r1i1p1f1_gn_209001-209012.nc,2.7896013259887695,OK,True,True,True,True,12,2090-01-16T12:00:00.000000000,2090-12-16T12:00:00.000000000,lat,lon,"(12, 192, 384)",,
AWI-CM-1-1-MR,ssp585,rsds,rsds_Amon_AWI-CM-1-1-MR_ssp585_r1i1p1f1_gn_209101-209112.nc,2.7921152114868164,OK,True,True,True,True,12,2091-01-16T12:00:00.000000000,2091-12-16T12:00:00.000000000,lat,lon,"(12, 192, 384)",,
AWI-CM-1-1-MR,ssp585,rsds,rsds_Amon_AWI-CM-1-1-MR_ssp585_r1i1p1f1_gn_209201-209212.nc,2.7893171310424805,OK,True,True,True,True,12,2092-01-16T12:00:00.000000000,2092-12-16T12:00:00.000000000,lat,lon,"(12, 192, 384)",,
AWI-CM-1-1-MR,ssp585,rsds,rsds_Amon_AWI-CM-1-1-MR_ssp585_r1i1p1f1_gn_209301-209312.nc,2.7903223037719727,OK,True,True,True,True,12,2093-01-16T12:00:00.000000000,2093-12-16T12:00:00.000000000,lat,lon,"(12, 192, 384)",,
AWI-CM-1-1-MR,ssp585,rsds,rsds_Amon_AWI-CM-1-1-MR_ssp585_r1i1p1f1_gn_209401-209412.nc,2.790696144104004,OK,True,True,True,True,12,2094-01-16T12:00:00.000000000,2094-12-16T12:00:00.000000000,lat,lon,"(12, 192, 384)",,
AWI-CM-1-1-MR,ssp585,rsds,rsds_Amon_AWI-CM-1-1-MR_ssp585_r1i1p1f1_gn_209501-209512.nc,2.790912628173828,OK,True,True,True,True,12,2095-01-16T12:00:00.000000000,2095-12-16T12:00:00.000000000,lat,lon,"(12, 192, 384)",,
AWI-CM-1-1-MR,ssp585,rsds,rsds_Amon_AWI-CM-1-1-MR_ssp585_r1i1p1f1_gn_209601-209612.nc,2.7893667221069336,OK,True,True,True,True,12,2096-01-16T12:00:00.000000000,2096-12-16T12:00:00.000000000,lat,lon,"(12, 192, 384)",,
AWI-CM-1-1-MR,ssp585,rsds,rsds_Amon_AWI-CM-1-1-MR_ssp585_r1i1p1f1_gn_209701-209712.nc,2.7894601821899414,OK,True,True,True,True,12,2097-01-16T12:00:00.000000000,2097-12-16T12:00:00.000000000,lat,lon,"(12, 192, 384)",,
AWI-CM-1-1-MR,ssp585,rsds,rsds_Amon_AWI-CM-1-1-MR_ssp585_r1i1p1f1_gn_209801-209812.nc,2.790083885192871,OK,True,True,True,True,12,2098-01-16T12:00:00.000000000,2098-12-16T12:00:00.000000000,lat,lon,"(12, 192, 384)",,
AWI-CM-1-1-MR,ssp585,rsds,rsds_Amon_AWI-CM-1-1-MR_ssp585_r1i1p1f1_gn_209901-209912.nc,2.7904672622680664,OK,True,True,True,True,12,2099-01-16T12:00:00.000000000,2099-12-16T12:00:00.000000000,lat,lon,"(12, 192, 384)",,
AWI-CM-1-1-MR,ssp585,rsds,rsds_Amon_AWI-CM-1-1-MR_ssp585_r1i1p1f1_gn_210001-210012.nc,2.7913379669189453,OK,True,True,True,True,12,2100-01-16T12:00:00.000000000,2100-12-16T12:00:00.000000000,lat,lon,"(12, 192, 384)",,
AWI-CM-1-1-MR,ssp585,sfcWind,sfcWind_Amon_AWI-CM-1-1-MR_ssp585_r1i1p1f1_gn_204001-204012.nc,3.010737419128418,OK,True,True,True,True,12,2040-01-16T12:00:00.000000000,2040-12-16T12:00:00.000000000,lat,lon,"(12, 192, 384)",,
AWI-CM-1-1-MR,ssp585,sfcWind,sfcWind_Amon_AWI-CM-1-1-MR_ssp585_r1i1p1f1_gn_204101-204112.nc,3.010313034057617,OK,True,True,True,True,12,2041-01-16T12:00:00.000000000,2041-12-16T12:00:00.000000000,lat,lon,"(12, 192, 384)",,
AWI-CM-1-1-MR,ssp585,sfcWind,sfcWind_Amon_AWI-CM-1-1-MR_ssp585_r1i1p1f1_gn_204201-204212.nc,3.011869430541992,OK,True,True,True,True,12,2042-01-16T12:00:00.000000000,2042-12-16T12:00:00.000000000,lat,lon,"(12, 192, 384)",,
AWI-CM-1-1-MR,ssp585,sfcWind,sfcWind_Amon_AWI-CM-1-1-MR_ssp585_r1i1p1f1_gn_204301-204312.nc,3.0113306045532227,OK,True,True,True,True,12,2043-01-16T12:00:00.000000000,2043-12-16T12:00:00.000000000,lat,lon,"(12, 192, 384)",,
AWI-CM-1-1-MR,ssp585,sfcWind,sfcWind_Amon_AWI-CM-1-1-MR_ssp585_r1i1p1f1_gn_204401-204412.nc,3.0095291137695312,OK,True,True,True,True,12,2044-01-16T12:00:00.000000000,2044-12-16T12:00:00.000000000,lat,lon,"(12, 192, 384)",,
AWI-CM-1-1-MR,ssp585,sfcWind,sfcWind_Amon_AWI-CM-1-1-MR_ssp585_r1i1p1f1_gn_204501-204512.nc,3.0112171173095703,OK,True,True,True,True,12,2045-01-16T12:00:00.000000000,2045-12-16T12:00:00.000000000,lat,lon,"(12, 192, 384)",,
AWI-CM-1-1-MR,ssp585,sfcWind,sfcWind_Amon_AWI-CM-1-1-MR_ssp585_r1i1p1f1_gn_204601-204612.nc,3.0111312866210938,OK,True,True,True,True,12,2046-01-16T12:00:00.000000000,2046-12-16T12:00:00.000000000,lat,lon,"(12, 192, 384)",,
AWI-CM-1-1-MR,ssp585,sfcWind,sfcWind_Amon_AWI-CM-1-1-MR_ssp585_r1i1p1f1_gn_204701-204712.nc,3.011246681213379,OK,True,True,True,True,12,2047-01-16T12:00:00.000000000,2047-12-16T12:00:00.000000000,lat,lon,"(12, 192, 384)",,
AWI-CM-1-1-MR,ssp585,sfcWind,sfcWind_Amon_AWI-CM-1-1-MR_ssp585_r1i1p1f1_gn_204801-204812.nc,3.0111608505249023,OK,True,True,True,True,12,2048-01-16T12:00:00.000000000,2048-12-16T12:00:00.000000000,lat,lon,"(12, 192, 384)",,
AWI-CM-1-1-MR,ssp585,sfcWind,sfcWind_Amon_AWI-CM-1-1-MR_ssp585_r1i1p1f1_gn_204901-204912.nc,3.0121450424194336,OK,True,True,True,True,12,2049-01-16T12:00:00.000000000,2049-12-16T12:00:00.000000000,lat,lon,"(12, 192, 384)",,
AWI-CM-1-1-MR,ssp585,sfcWind,sfcWind_Amon_AWI-CM-1-1-MR_ssp585_r1i1p1f1_gn_205001-205012.nc,3.0121679306030273,OK,True,True,True,True,12,2050-01-16T12:00:00.000000000,2050-12-16T12:00:00.000000000,lat,lon,"(12, 192, 384)",,
AWI-CM-1-1-MR,ssp585,sfcWind,sfcWind_Amon_AWI-CM-1-1-MR_ssp585_r1i1p1f1_gn_205101-205112.nc,3.0110349655151367,OK,True,True,True,True,12,2051-01-16T12:00:00.000000000,2051-12-16T12:00:00.000000000,lat,lon,"(12, 192, 384)",,
AWI-CM-1-1-MR,ssp585,sfcWind,sfcWind_Amon_AWI-CM-1-1-MR_ssp585_r1i1p1f1_gn_205201-205212.nc,3.0114898681640625,OK,True,True,True,True,12,2052-01-16T12:00:00.000000000,2052-12-16T12:00:00.000000000,lat,lon,"(12, 192, 384)",,
AWI-CM-1-1-MR,ssp585,sfcWind,sfcWind_Amon_AWI-CM-1-1-MR_ssp585_r1i1p1f1_gn_205301-205312.nc,3.0108604431152344,OK,True,True,True,True,12,2053-01-16T12:00:00.000000000,2053-12-16T12:00:00.000000000,lat,lon,"(12, 192, 384)",,
AWI-CM-1-1-MR,ssp585,sfcWind,sfcWind_Amon_AWI-CM-1-1-MR_ssp585_r1i1p1f1_gn_205401-205412.nc,3.0116491317749023,OK,True,True,True,True,12,2054-01-16T12:00:00.000000000,2054-12-16T12:00:00.000000000,lat,lon,"(12, 192, 384)",,
AWI-CM-1-1-MR,ssp585,sfcWind,sfcWind_Amon_AWI-CM-1-1-MR_ssp585_r1i1p1f1_gn_205501-205512.nc,3.0107383728027344,OK,True,True,True,True,12,2055-01-16T12:00:00.000000000,2055-12-16T12:00:00.000000000,lat,lon,"(12, 192, 384)",,
AWI-CM-1-1-MR,ssp585,sfcWind,sfcWind_Amon_AWI-CM-1-1-MR_ssp585_r1i1p1f1_gn_205601-205612.nc,3.01145076751709,OK,True,True,True,True,12,2056-01-16T12:00:00.000000000,2056-12-16T12:00:00.000000000,lat,lon,"(12, 192, 384)",,
AWI-CM-1-1-MR,ssp585,sfcWind,sfcWind_Amon_AWI-CM-1-1-MR_ssp585_r1i1p1f1_gn_205701-205712.nc,3.0093259811401367,OK,True,True,True,True,12,2057-01-16T12:00:00.000000000,2057-12-16T12:00:00.000000000,lat,lon,"(12, 192, 384)",,
AWI-CM-1-1-MR,ssp585,sfcWind,sfcWind_Amon_AWI-CM-1-1-MR_ssp585_r1i1p1f1_gn_205801-205812.nc,3.0099077224731445,OK,True,True,True,True,12,2058-01-16T12:00:00.000000000,2058-12-16T12:00:00.000000000,lat,lon,"(12, 192, 384)",,
AWI-CM-1-1-MR,ssp585,sfcWind,sfcWind_Amon_AWI-CM-1-1-MR_ssp585_r1i1p1f1_gn_205901-205912.nc,3.010608673095703,OK,True,True,True,True,12,2059-01-16T12:00:00.000000000,2059-12-16T12:00:00.000000000,lat,lon,"(12, 192, 384)",,
AWI-CM-1-1-MR,ssp585,sfcWind,sfcWind_Amon_AWI-CM-1-1-MR_ssp585_r1i1p1f1_gn_206001-206012.nc,3.0097970962524414,OK,True,True,True,True,12,2060-01-16T12:00:00.000000000,2060-12-16T12:00:00.000000000,lat,lon,"(12, 192, 384)",,
AWI-CM-1-1-MR,ssp585,sfcWind,sfcWind_Amon_AWI-CM-1-1-MR_ssp585_r1i1p1f1_gn_206101-206112.nc,3.010870933532715,OK,True,True,True,True,12,2061-01-16T12:00:00.000000000,2061-12-16T12:00:00.000000000,lat,lon,"(12, 192, 384)",,
AWI-CM-1-1-MR,ssp585,sfcWind,sfcWind_Amon_AWI-CM-1-1-MR_ssp585_r1i1p1f1_gn_206201-206212.nc,3.0104284286499023,OK,True,True,True,True,12,2062-01-16T12:00:00.000000000,2062-12-16T12:00:00.000000000,lat,lon,"(12, 192, 384)",,
AWI-CM-1-1-MR,ssp585,sfcWind,sfcWind_Amon_AWI-CM-1-1-MR_ssp585_r1i1p1f1_gn_206301-206312.nc,3.0090999603271484,OK,True,True,True,True,12,2063-01-16T12:00:00.000000000,2063-12-16T12:00:00.000000000,lat,lon,"(12, 192, 384)",,
AWI-CM-1-1-MR,ssp585,sfcWind,sfcWind_Amon_AWI-CM-1-1-MR_ssp585_r1i1p1f1_gn_206401-206412.nc,3.0107784271240234,OK,True,True,True,True,12,2064-01-16T12:00:00.000000000,2064-12-16T12:00:00.000000000,lat,lon,"(12, 192, 384)",,
AWI-CM-1-1-MR,ssp585,sfcWind,sfcWind_Amon_AWI-CM-1-1-MR_ssp585_r1i1p1f1_gn_206501-206512.nc,3.0131702423095703,OK,True,True,True,True,12,2065-01-16T12:00:00.000000000,2065-12-16T12:00:00.000000000,lat,lon,"(12, 192, 384)",,
AWI-CM-1-1-MR,ssp585,sfcWind,sfcWind_Amon_AWI-CM-1-1-MR_ssp585_r1i1p1f1_gn_206601-206612.nc,3.01003360748291,OK,True,True,True,True,12,2066-01-16T12:00:00.000000000,2066-12-16T12:00:00.000000000,lat,lon,"(12, 192, 384)",,
AWI-CM-1-1-MR,ssp585,sfcWind,sfcWind_Amon_AWI-CM-1-1-MR_ssp585_r1i1p1f1_gn_206701-206712.nc,3.011155128479004,OK,True,True,True,True,12,2067-01-16T12:00:00.000000000,2067-12-16T12:00:00.000000000,lat,lon,"(12, 192, 384)",,
AWI-CM-1-1-MR,ssp585,sfcWind,sfcWind_Amon_AWI-CM-1-1-MR_ssp585_r1i1p1f1_gn_206801-206812.nc,3.013474464416504,OK,True,True,True,True,12,2068-01-16T12:00:00.000000000,2068-12-16T12:00:00.000000000,lat,lon,"(12, 192, 384)",,
AWI-CM-1-1-MR,ssp585,sfcWind,sfcWind_Amon_AWI-CM-1-1-MR_ssp585_r1i1p1f1_gn_206901-206912.nc,3.009640693664551,OK,True,True,True,True,12,2069-01-16T12:00:00.000000000,2069-12-16T12:00:00.000000000,lat,lon,"(12, 192, 384)",,
AWI-CM-1-1-MR,ssp585,sfcWind,sfcWind_Amon_AWI-CM-1-1-MR_ssp585_r1i1p1f1_gn_207001-207012.nc,3.0112733840942383,OK,True,True,True,True,12,2070-01-16T12:00:00.000000000,2070-12-16T12:00:00.000000000,lat,lon,"(12, 192, 384)",,
AWI-CM-1-1-MR,ssp585,sfcWind,sfcWind_Amon_AWI-CM-1-1-MR_ssp585_r1i1p1f1_gn_207101-207112.nc,3.011593818664551,OK,True,True,True,True,12,2071-01-16T12:00:00.000000000,2071-12-16T12:00:00.000000000,lat,lon,"(12, 192, 384)",,
AWI-CM-1-1-MR,ssp585,sfcWind,sfcWind_Amon_AWI-CM-1-1-MR_ssp585_r1i1p1f1_gn_207201-207212.nc,3.010934829711914,OK,True,True,True,True,12,2072-01-16T12:00:00.000000000,2072-12-16T12:00:00.000000000,lat,lon,"(12, 192, 384)",,
AWI-CM-1-1-MR,ssp585,sfcWind,sfcWind_Amon_AWI-CM-1-1-MR_ssp585_r1i1p1f1_gn_207301-207312.nc,3.0124263763427734,OK,True,True,True,True,12,2073-01-16T12:00:00.000000000,2073-12-16T12:00:00.000000000,lat,lon,"(12, 192, 384)",,
AWI-CM-1-1-MR,ssp585,sfcWind,sfcWind_Amon_AWI-CM-1-1-MR_ssp585_r1i1p1f1_gn_207401-207412.nc,3.0102148056030273,OK,True,True,True,True,12,2074-01-16T12:00:00.000000000,2074-12-16T12:00:00.000000000,lat,lon,"(12, 192, 384)",,
AWI-CM-1-1-MR,ssp585,sfcWind,sfcWind_Amon_AWI-CM-1-1-MR_ssp585_r1i1p1f1_gn_207501-207512.nc,3.011659622192383,OK,True,True,True,True,12,2075-01-16T12:00:00.000000000,2075-12-16T12:00:00.000000000,lat,lon,"(12, 192, 384)",,
AWI-CM-1-1-MR,ssp585,sfcWind,sfcWind_Amon_AWI-CM-1-1-MR_ssp585_r1i1p1f1_gn_207601-207612.nc,3.011427879333496,OK,True,True,True,True,12,2076-01-16T12:00:00.000000000,2076-12-16T12:00:00.000000000,lat,lon,"(12, 192, 384)",,
AWI-CM-1-1-MR,ssp585,sfcWind,sfcWind_Amon_AWI-CM-1-1-MR_ssp585_r1i1p1f1_gn_207701-207712.nc,3.01077938079834,OK,True,True,True,True,12,2077-01-16T12:00:00.000000000,2077-12-16T12:00:00.000000000,lat,lon,"(12, 192, 384)",,
AWI-CM-1-1-MR,ssp585,sfcWind,sfcWind_Amon_AWI-CM-1-1-MR_ssp585_r1i1p1f1_gn_207801-207812.nc,3.0110950469970703,OK,True,True,True,True,12,2078-01-16T12:00:00.000000000,2078-12-16T12:00:00.000000000,lat,lon,"(12, 192, 384)",,
AWI-CM-1-1-MR,ssp585,sfcWind,sfcWind_Amon_AWI-CM-1-1-MR_ssp585_r1i1p1f1_gn_207901-207912.nc,3.010806083679199,OK,True,True,True,True,12,2079-01-16T12:00:00.000000000,2079-12-16T12:00:00.000000000,lat,lon,"(12, 192, 384)",,
AWI-CM-1-1-MR,ssp585,sfcWind,sfcWind_Amon_AWI-CM-1-1-MR_ssp585_r1i1p1f1_gn_208001-208012.nc,3.012065887451172,OK,True,True,True,True,12,2080-01-16T12:00:00.000000000,2080-12-16T12:00:00.000000000,lat,lon,"(12, 192, 384)",,
AWI-CM-1-1-MR,ssp585,sfcWind,sfcWind_Amon_AWI-CM-1-1-MR_ssp585_r1i1p1f1_gn_208101-208112.nc,3.010072708129883,OK,True,True,True,True,12,2081-01-16T12:00:00.000000000,2081-12-16T12:00:00.000000000,lat,lon,"(12, 192, 384)",,
AWI-CM-1-1-MR,ssp585,sfcWind,sfcWind_Amon_AWI-CM-1-1-MR_ssp585_r1i1p1f1_gn_208201-208212.nc,3.010955810546875,OK,True,True,True,True,12,2082-01-16T12:00:00.000000000,2082-12-16T12:00:00.000000000,lat,lon,"(12, 192, 384)",,
AWI-CM-1-1-MR,ssp585,sfcWind,sfcWind_Amon_AWI-CM-1-1-MR_ssp585_r1i1p1f1_gn_208301-208312.nc,3.0092477798461914,OK,True,True,True,True,12,2083-01-16T12:00:00.000000000,2083-12-16T12:00:00.000000000,lat,lon,"(12, 192, 384)",,
AWI-CM-1-1-MR,ssp585,sfcWind,sfcWind_Amon_AWI-CM-1-1-MR_ssp585_r1i1p1f1_gn_208401-208412.nc,3.010286331176758,OK,True,True,True,True,12,2084-01-16T12:00:00.000000000,2084-12-16T12:00:00.000000000,lat,lon,"(12, 192, 384)",,
AWI-CM-1-1-MR,ssp585,sfcWind,sfcWind_Amon_AWI-CM-1-1-MR_ssp585_r1i1p1f1_gn_208501-208512.nc,3.0101890563964844,OK,True,True,True,True,12,2085-01-16T12:00:00.000000000,2085-12-16T12:00:00.000000000,lat,lon,"(12, 192, 384)",,
AWI-CM-1-1-MR,ssp585,sfcWind,sfcWind_Amon_AWI-CM-1-1-MR_ssp585_r1i1p1f1_gn_208601-208612.nc,3.0085983276367188,OK,True,True,True,True,12,2086-01-16T12:00:00.000000000,2086-12-16T12:00:00.000000000,lat,lon,"(12, 192, 384)",,
AWI-CM-1-1-MR,ssp585,sfcWind,sfcWind_Amon_AWI-CM-1-1-MR_ssp585_r1i1p1f1_gn_208701-208712.nc,3.008464813232422,OK,True,True,True,True,12,2087-01-16T12:00:00.000000000,2087-12-16T12:00:00.000000000,lat,lon,"(12, 192, 384)",,
AWI-CM-1-1-MR,ssp585,sfcWind,sfcWind_Amon_AWI-CM-1-1-MR_ssp585_r1i1p1f1_gn_208801-208812.nc,3.009854316711426,OK,True,True,True,True,12,2088-01-16T12:00:00.000000000,2088-12-16T12:00:00.000000000,lat,lon,"(12, 192, 384)",,
AWI-CM-1-1-MR,ssp585,sfcWind,sfcWind_Amon_AWI-CM-1-1-MR_ssp585_r1i1p1f1_gn_208901-208912.nc,3.0099706649780273,OK,True,True,True,True,12,2089-01-16T12:00:00.000000000,2089-12-16T12:00:00.000000000,lat,lon,"(12, 192, 384)",,
AWI-CM-1-1-MR,ssp585,sfcWind,sfcWind_Amon_AWI-CM-1-1-MR_ssp585_r1i1p1f1_gn_209001-209012.nc,3.00864315032959,OK,True,True,True,True,12,2090-01-16T12:00:00.000000000,2090-12-16T12:00:00.000000000,lat,lon,"(12, 192, 384)",,
AWI-CM-1-1-MR,ssp585,sfcWind,sfcWind_Amon_AWI-CM-1-1-MR_ssp585_r1i1p1f1_gn_209101-209112.nc,3.0106916427612305,OK,True,True,True,True,12,2091-01-16T12:00:00.000000000,2091-12-16T12:00:00.000000000,lat,lon,"(12, 192, 384)",,
AWI-CM-1-1-MR,ssp585,sfcWind,sfcWind_Amon_AWI-CM-1-1-MR_ssp585_r1i1p1f1_gn_209201-209212.nc,3.011444091796875,OK,True,True,True,True,12,2092-01-16T12:00:00.000000000,2092-12-16T12:00:00.000000000,lat,lon,"(12, 192, 384)",,
AWI-CM-1-1-MR,ssp585,sfcWind,sfcWind_Amon_AWI-CM-1-1-MR_ssp585_r1i1p1f1_gn_209301-209312.nc,3.0102500915527344,OK,True,True,True,True,12,2093-01-16T12:00:00.000000000,2093-12-16T12:00:00.000000000,lat,lon,"(12, 192, 384)",,
AWI-CM-1-1-MR,ssp585,sfcWind,sfcWind_Amon_AWI-CM-1-1-MR_ssp585_r1i1p1f1_gn_209401-209412.nc,3.0094223022460938,OK,True,True,True,True,12,2094-01-16T12:00:00.000000000,2094-12-16T12:00:00.000000000,lat,lon,"(12, 192, 384)",,
AWI-CM-1-1-MR,ssp585,sfcWind,sfcWind_Amon_AWI-CM-1-1-MR_ssp585_r1i1p1f1_gn_209501-209512.nc,3.0105466842651367,OK,True,True,True,True,12,2095-01-16T12:00:00.000000000,2095-12-16T12:00:00.000000000,lat,lon,"(12, 192, 384)",,
AWI-CM-1-1-MR,ssp585,sfcWind,sfcWind_Amon_AWI-CM-1-1-MR_ssp585_r1i1p1f1_gn_209601-209612.nc,3.010042190551758,OK,True,True,True,True,12,2096-01-16T12:00:00.000000000,2096-12-16T12:00:00.000000000,lat,lon,"(12, 192, 384)",,
AWI-CM-1-1-MR,ssp585,sfcWind,sfcWind_Amon_AWI-CM-1-1-MR_ssp585_r1i1p1f1_gn_209701-209712.nc,3.00917911529541,OK,True,True,True,True,12,2097-01-16T12:00:00.000000000,2097-12-16T12:00:00.000000000,lat,lon,"(12, 192, 384)",,
AWI-CM-1-1-MR,ssp585,sfcWind,sfcWind_Amon_AWI-CM-1-1-MR_ssp585_r1i1p1f1_gn_209801-209812.nc,3.0075454711914062,OK,True,True,True,True,12,2098-01-16T12:00:00.000000000,2098-12-16T12:00:00.000000000,lat,lon,"(12, 192, 384)",,
AWI-CM-1-1-MR,ssp585,sfcWind,sfcWind_Amon_AWI-CM-1-1-MR_ssp585_r1i1p1f1_gn_209901-209912.nc,3.0093278884887695,OK,True,True,True,True,12,2099-01-16T12:00:00.000000000,2099-12-16T12:00:00.000000000,lat,lon,"(12, 192, 384)",,
AWI-CM-1-1-MR,ssp585,sfcWind,sfcWind_Amon_AWI-CM-1-1-MR_ssp585_r1i1p1f1_gn_210001-210012.nc,3.009831428527832,OK,True,True,True,True,12,2100-01-16T12:00:00.000000000,2100-12-16T12:00:00.000000000,lat,lon,"(12, 192, 384)",,
AWI-CM-1-1-MR,ssp585,tas,tas_Amon_AWI-CM-1-1-MR_ssp585_r1i1p1f1_gn_204001-204012.nc,2.607724189758301,OK,True,True,True,True,12,2040-01-16T12:00:00.000000000,2040-12-16T12:00:00.000000000,lat,lon,"(12, 192, 384)",,
AWI-CM-1-1-MR,ssp585,tas,tas_Amon_AWI-CM-1-1-MR_ssp585_r1i1p1f1_gn_204101-204112.nc,2.6060190200805664,OK,True,True,True,True,12,2041-01-16T12:00:00.000000000,2041-12-16T12:00:00.000000000,lat,lon,"(12, 192, 384)",,
AWI-CM-1-1-MR,ssp585,tas,tas_Amon_AWI-CM-1-1-MR_ssp585_r1i1p1f1_gn_204201-204212.nc,2.6093387603759766,OK,True,True,True,True,12,2042-01-16T12:00:00.000000000,2042-12-16T12:00:00.000000000,lat,lon,"(12, 192, 384)",,
AWI-CM-1-1-MR,ssp585,tas,tas_Amon_AWI-CM-1-1-MR_ssp585_r1i1p1f1_gn_204301-204312.nc,2.606600761413574,OK,True,True,True,True,12,2043-01-16T12:00:00.000000000,2043-12-16T12:00:00.000000000,lat,lon,"(12, 192, 384)",,
AWI-CM-1-1-MR,ssp585,tas,tas_Amon_AWI-CM-1-1-MR_ssp585_r1i1p1f1_gn_204401-204412.nc,2.6057910919189453,OK,True,True,True,True,12,2044-01-16T12:00:00.000000000,2044-12-16T12:00:00.000000000,lat,lon,"(12, 192, 384)",,
AWI-CM-1-1-MR,ssp585,tas,tas_Amon_AWI-CM-1-1-MR_ssp585_r1i1p1f1_gn_204501-204512.nc,2.6069841384887695,OK,True,True,True,True,12,2045-01-16T12:00:00.000000000,2045-12-16T12:00:00.000000000,lat,lon,"(12, 192, 384)",,
AWI-CM-1-1-MR,ssp585,tas,tas_Amon_AWI-CM-1-1-MR_ssp585_r1i1p1f1_gn_204601-204612.nc,2.6096372604370117,OK,True,True,True,True,12,2046-01-16T12:00:00.000000000,2046-12-16T12:00:00.000000000,lat,lon,"(12, 192, 384)",,
AWI-CM-1-1-MR,ssp585,tas,tas_Amon_AWI-CM-1-1-MR_ssp585_r1i1p1f1_gn_204701-204712.nc,2.6067724227905273,OK,True,True,True,True,12,2047-01-16T12:00:00.000000000,2047-12-16T12:00:00.000000000,lat,lon,"(12, 192, 384)",,
AWI-CM-1-1-MR,ssp585,tas,tas_Amon_AWI-CM-1-1-MR_ssp585_r1i1p1f1_gn_204801-204812.nc,2.6086912155151367,OK,True,True,True,True,12,2048-01-16T12:00:00.000000000,2048-12-16T12:00:00.000000000,lat,lon,"(12, 192, 384)",,
AWI-CM-1-1-MR,ssp585,tas,tas_Amon_AWI-CM-1-1-MR_ssp585_r1i1p1f1_gn_204901-204912.nc,2.6092281341552734,OK,True,True,True,True,12,2049-01-16T12:00:00.000000000,2049-12-16T12:00:00.000000000,lat,lon,"(12, 192, 384)",,
AWI-CM-1-1-MR,ssp585,tas,tas_Amon_AWI-CM-1-1-MR_ssp585_r1i1p1f1_gn_205001-205012.nc,2.6066055297851562,OK,True,True,True,True,12,2050-01-16T12:00:00.000000000,2050-12-16T12:00:00.000000000,lat,lon,"(12, 192, 384)",,
AWI-CM-1-1-MR,ssp585,tas,tas_Amon_AWI-CM-1-1-MR_ssp585_r1i1p1f1_gn_205101-205112.nc,2.6034116744995117,OK,True,True,True,True,12,2051-01-16T12:00:00.000000000,2051-12-16T12:00:00.000000000,lat,lon,"(12, 192, 384)",,
AWI-CM-1-1-MR,ssp585,tas,tas_Amon_AWI-CM-1-1-MR_ssp585_r1i1p1f1_gn_205201-205212.nc,2.605806350708008,OK,True,True,True,True,12,2052-01-16T12:00:00.000000000,2052-12-16T12:00:00.000000000,lat,lon,"(12, 192, 384)",,
AWI-CM-1-1-MR,ssp585,tas,tas_Amon_AWI-CM-1-1-MR_ssp585_r1i1p1f1_gn_205301-205312.nc,2.604114532470703,OK,True,True,True,True,12,2053-01-16T12:00:00.000000000,2053-12-16T12:00:00.000000000,lat,lon,"(12, 192, 384)",,
AWI-CM-1-1-MR,ssp585,tas,tas_Amon_AWI-CM-1-1-MR_ssp585_r1i1p1f1_gn_205401-205412.nc,2.60378360748291,OK,True,True,True,True,12,2054-01-16T12:00:00.000000000,2054-12-16T12:00:00.000000000,lat,lon,"(12, 192, 384)",,
AWI-CM-1-1-MR,ssp585,tas,tas_Amon_AWI-CM-1-1-MR_ssp585_r1i1p1f1_gn_205501-205512.nc,2.6078033447265625,OK,True,True,True,True,12,2055-01-16T12:00:00.000000000,2055-12-16T12:00:00.000000000,lat,lon,"(12, 192, 384)",,
AWI-CM-1-1-MR,ssp585,tas,tas_Amon_AWI-CM-1-1-MR_ssp585_r1i1p1f1_gn_205601-205612.nc,2.606914520263672,OK,True,True,True,True,12,2056-01-16T12:00:00.000000000,2056-12-16T12:00:00.000000000,lat,lon,"(12, 192, 384)",,
AWI-CM-1-1-MR,ssp585,tas,tas_Amon_AWI-CM-1-1-MR_ssp585_r1i1p1f1_gn_205701-205712.nc,2.602872848510742,OK,True,True,True,True,12,2057-01-16T12:00:00.000000000,2057-12-16T12:00:00.000000000,lat,lon,"(12, 192, 384)",,
AWI-CM-1-1-MR,ssp585,tas,tas_Amon_AWI-CM-1-1-MR_ssp585_r1i1p1f1_gn_205801-205812.nc,2.603194236755371,OK,True,True,True,True,12,2058-01-16T12:00:00.000000000,2058-12-16T12:00:00.000000000,lat,lon,"(12, 192, 384)",,
AWI-CM-1-1-MR,ssp585,tas,tas_Amon_AWI-CM-1-1-MR_ssp585_r1i1p1f1_gn_205901-205912.nc,2.602177619934082,OK,True,True,True,True,12,2059-01-16T12:00:00.000000000,2059-12-16T12:00:00.000000000,lat,lon,"(12, 192, 384)",,
AWI-CM-1-1-MR,ssp585,tas,tas_Amon_AWI-CM-1-1-MR_ssp585_r1i1p1f1_gn_206001-206012.nc,2.6020469665527344,OK,True,True,True,True,12,2060-01-16T12:00:00.000000000,2060-12-16T12:00:00.000000000,lat,lon,"(12, 192, 384)",,
AWI-CM-1-1-MR,ssp585,tas,tas_Amon_AWI-CM-1-1-MR_ssp585_r1i1p1f1_gn_206101-206112.nc,2.602829933166504,OK,True,True,True,True,12,2061-01-16T12:00:00.000000000,2061-12-16T12:00:00.000000000,lat,lon,"(12, 192, 384)",,
AWI-CM-1-1-MR,ssp585,tas,tas_Amon_AWI-CM-1-1-MR_ssp585_r1i1p1f1_gn_206201-206212.nc,2.601316452026367,OK,True,True,True,True,12,2062-01-16T12:00:00.000000000,2062-12-16T12:00:00.000000000,lat,lon,"(12, 192, 384)",,
AWI-CM-1-1-MR,ssp585,tas,tas_Amon_AWI-CM-1-1-MR_ssp585_r1i1p1f1_gn_206301-206312.nc,2.60501766204834,OK,True,True,True,True,12,2063-01-16T12:00:00.000000000,2063-12-16T12:00:00.000000000,lat,lon,"(12, 192, 384)",,
AWI-CM-1-1-MR,ssp585,tas,tas_Amon_AWI-CM-1-1-MR_ssp585_r1i1p1f1_gn_206401-206412.nc,2.603217124938965,OK,True,True,True,True,12,2064-01-16T12:00:00.000000000,2064-12-16T12:00:00.000000000,lat,lon,"(12, 192, 384)",,
AWI-CM-1-1-MR,ssp585,tas,tas_Amon_AWI-CM-1-1-MR_ssp585_r1i1p1f1_gn_206501-206512.nc,2.6026716232299805,OK,True,True,True,True,12,2065-01-16T12:00:00.000000000,2065-12-16T12:00:00.000000000,lat,lon,"(12, 192, 384)",,
AWI-CM-1-1-MR,ssp585,tas,tas_Amon_AWI-CM-1-1-MR_ssp585_r1i1p1f1_gn_206601-206612.nc,2.6013336181640625,OK,True,True,True,True,12,2066-01-16T12:00:00.000000000,2066-12-16T12:00:00.000000000,lat,lon,"(12, 192, 384)",,
AWI-CM-1-1-MR,ssp585,tas,tas_Amon_AWI-CM-1-1-MR_ssp585_r1i1p1f1_gn_206701-206712.nc,2.6084518432617188,OK,True,True,True,True,12,2067-01-16T12:00:00.000000000,2067-12-16T12:00:00.000000000,lat,lon,"(12, 192, 384)",,
AWI-CM-1-1-MR,ssp585,tas,tas_Amon_AWI-CM-1-1-MR_ssp585_r1i1p1f1_gn_206801-206812.nc,2.608278274536133,OK,True,True,True,True,12,2068-01-16T12:00:00.000000000,2068-12-16T12:00:00.000000000,lat,lon,"(12, 192, 384)",,
AWI-CM-1-1-MR,ssp585,tas,tas_Amon_AWI-CM-1-1-MR_ssp585_r1i1p1f1_gn_206901-206912.nc,2.605031967163086,OK,True,True,True,True,12,2069-01-16T12:00:00.000000000,2069-12-16T12:00:00.000000000,lat,lon,"(12, 192, 384)",,
AWI-CM-1-1-MR,ssp585,tas,tas_Amon_AWI-CM-1-1-MR_ssp585_r1i1p1f1_gn_207001-207012.nc,2.6018857955932617,OK,True,True,True,True,12,2070-01-16T12:00:00.000000000,2070-12-16T12:00:00.000000000,lat,lon,"(12, 192, 384)",,
AWI-CM-1-1-MR,ssp585,tas,tas_Amon_AWI-CM-1-1-MR_ssp585_r1i1p1f1_gn_207101-207112.nc,2.6011171340942383,OK,True,True,True,True,12,2071-01-16T12:00:00.000000000,2071-12-16T12:00:00.000000000,lat,lon,"(12, 192, 384)",,
AWI-CM-1-1-MR,ssp585,tas,tas_Amon_AWI-CM-1-1-MR_ssp585_r1i1p1f1_gn_207201-207212.nc,2.6016979217529297,OK,True,True,True,True,12,2072-01-16T12:00:00.000000000,2072-12-16T12:00:00.000000000,lat,lon,"(12, 192, 384)",,
AWI-CM-1-1-MR,ssp585,tas,tas_Amon_AWI-CM-1-1-MR_ssp585_r1i1p1f1_gn_207301-207312.nc,2.603682518005371,OK,True,True,True,True,12,2073-01-16T12:00:00.000000000,2073-12-16T12:00:00.000000000,lat,lon,"(12, 192, 384)",,
AWI-CM-1-1-MR,ssp585,tas,tas_Amon_AWI-CM-1-1-MR_ssp585_r1i1p1f1_gn_207401-207412.nc,2.6068363189697266,OK,True,True,True,True,12,2074-01-16T12:00:00.000000000,2074-12-16T12:00:00.000000000,lat,lon,"(12, 192, 384)",,
AWI-CM-1-1-MR,ssp585,tas,tas_Amon_AWI-CM-1-1-MR_ssp585_r1i1p1f1_gn_207501-207512.nc,2.6058788299560547,OK,True,True,True,True,12,2075-01-16T12:00:00.000000000,2075-12-16T12:00:00.000000000,lat,lon,"(12, 192, 384)",,
AWI-CM-1-1-MR,ssp585,tas,tas_Amon_AWI-CM-1-1-MR_ssp585_r1i1p1f1_gn_207601-207612.nc,2.6021995544433594,OK,True,True,True,True,12,2076-01-16T12:00:00.000000000,2076-12-16T12:00:00.000000000,lat,lon,"(12, 192, 384)",,
AWI-CM-1-1-MR,ssp585,tas,tas_Amon_AWI-CM-1-1-MR_ssp585_r1i1p1f1_gn_207701-207712.nc,2.6020498275756836,OK,True,True,True,True,12,2077-01-16T12:00:00.000000000,2077-12-16T12:00:00.000000000,lat,lon,"(12, 192, 384)",,
AWI-CM-1-1-MR,ssp585,tas,tas_Amon_AWI-CM-1-1-MR_ssp585_r1i1p1f1_gn_207801-207812.nc,2.6032333374023438,OK,True,True,True,True,12,2078-01-16T12:00:00.000000000,2078-12-16T12:00:00.000000000,lat,lon,"(12, 192, 384)",,
AWI-CM-1-1-MR,ssp585,tas,tas_Amon_AWI-CM-1-1-MR_ssp585_r1i1p1f1_gn_207901-207912.nc,2.6000423431396484,OK,True,True,True,True,12,2079-01-16T12:00:00.000000000,2079-12-16T12:00:00.000000000,lat,lon,"(12, 192, 384)",,
AWI-CM-1-1-MR,ssp585,tas,tas_Amon_AWI-CM-1-1-MR_ssp585_r1i1p1f1_gn_208001-208012.nc,2.6036977767944336,OK,True,True,True,True,12,2080-01-16T12:00:00.000000000,2080-12-16T12:00:00.000000000,lat,lon,"(12, 192, 384)",,
AWI-CM-1-1-MR,ssp585,tas,tas_Amon_AWI-CM-1-1-MR_ssp585_r1i1p1f1_gn_208101-208112.nc,2.5992431640625,OK,True,True,True,True,12,2081-01-16T12:00:00.000000000,2081-12-16T12:00:00.000000000,lat,lon,"(12, 192, 384)",,
AWI-CM-1-1-MR,ssp585,tas,tas_Amon_AWI-CM-1-1-MR_ssp585_r1i1p1f1_gn_208201-208212.nc,2.6034717559814453,OK,True,True,True,True,12,2082-01-16T12:00:00.000000000,2082-12-16T12:00:00.000000000,lat,lon,"(12, 192, 384)",,
AWI-CM-1-1-MR,ssp585,tas,tas_Amon_AWI-CM-1-1-MR_ssp585_r1i1p1f1_gn_208301-208312.nc,2.600658416748047,OK,True,True,True,True,12,2083-01-16T12:00:00.000000000,2083-12-16T12:00:00.000000000,lat,lon,"(12, 192, 384)",,
AWI-CM-1-1-MR,ssp585,tas,tas_Amon_AWI-CM-1-1-MR_ssp585_r1i1p1f1_gn_208401-208412.nc,2.6033639907836914,OK,True,True,True,True,12,2084-01-16T12:00:00.000000000,2084-12-16T12:00:00.000000000,lat,lon,"(12, 192, 384)",,
AWI-CM-1-1-MR,ssp585,tas,tas_Amon_AWI-CM-1-1-MR_ssp585_r1i1p1f1_gn_208501-208512.nc,2.6011552810668945,OK,True,True,True,True,12,2085-01-16T12:00:00.000000000,2085-12-16T12:00:00.000000000,lat,lon,"(12, 192, 384)",,
AWI-CM-1-1-MR,ssp585,tas,tas_Amon_AWI-CM-1-1-MR_ssp585_r1i1p1f1_gn_208601-208612.nc,2.5987329483032227,OK,True,True,True,True,12,2086-01-16T12:00:00.000000000,2086-12-16T12:00:00.000000000,lat,lon,"(12, 192, 384)",,
AWI-CM-1-1-MR,ssp585,tas,tas_Amon_AWI-CM-1-1-MR_ssp585_r1i1p1f1_gn_208701-208712.nc,2.5969152450561523,OK,True,True,True,True,12,2087-01-16T12:00:00.000000000,2087-12-16T12:00:00.000000000,lat,lon,"(12, 192, 384)",,
AWI-CM-1-1-MR,ssp585,tas,tas_Amon_AWI-CM-1-1-MR_ssp585_r1i1p1f1_gn_208801-208812.nc,2.600552558898926,OK,True,True,True,True,12,2088-01-16T12:00:00.000000000,2088-12-16T12:00:00.000000000,lat,lon,"(12, 192, 384)",,
AWI-CM-1-1-MR,ssp585,tas,tas_Amon_AWI-CM-1-1-MR_ssp585_r1i1p1f1_gn_208901-208912.nc,2.597102165222168,OK,True,True,True,True,12,2089-01-16T12:00:00.000000000,2089-12-16T12:00:00.000000000,lat,lon,"(12, 192, 384)",,
AWI-CM-1-1-MR,ssp585,tas,tas_Amon_AWI-CM-1-1-MR_ssp585_r1i1p1f1_gn_209001-209012.nc,2.601761817932129,OK,True,True,True,True,12,2090-01-16T12:00:00.000000000,2090-12-16T12:00:00.000000000,lat,lon,"(12, 192, 384)",,
AWI-CM-1-1-MR,ssp585,tas,tas_Amon_AWI-CM-1-1-MR_ssp585_r1i1p1f1_gn_209101-209112.nc,2.602005958557129,OK,True,True,True,True,12,2091-01-16T12:00:00.000000000,2091-12-16T12:00:00.000000000,lat,lon,"(12, 192, 384)",,
AWI-CM-1-1-MR,ssp585,tas,tas_Amon_AWI-CM-1-1-MR_ssp585_r1i1p1f1_gn_209201-209212.nc,2.60018253326416,OK,True,True,True,True,12,2092-01-16T12:00:00.000000000,2092-12-16T12:00:00.000000000,lat,lon,"(12, 192, 384)",,
AWI-CM-1-1-MR,ssp585,tas,tas_Amon_AWI-CM-1-1-MR_ssp585_r1i1p1f1_gn_209301-209312.nc,2.601729393005371,OK,True,True,True,True,12,2093-01-16T12:00:00.000000000,2093-12-16T12:00:00.000000000,lat,lon,"(12, 192, 384)",,
AWI-CM-1-1-MR,ssp585,tas,tas_Amon_AWI-CM-1-1-MR_ssp585_r1i1p1f1_gn_209401-209412.nc,2.600100517272949,OK,True,True,True,True,12,2094-01-16T12:00:00.000000000,2094-12-16T12:00:00.000000000,lat,lon,"(12, 192, 384)",,
AWI-CM-1-1-MR,ssp585,tas,tas_Amon_AWI-CM-1-1-MR_ssp585_r1i1p1f1_gn_209501-209512.nc,2.600287437438965,OK,True,True,True,True,12,2095-01-16T12:00:00.000000000,2095-12-16T12:00:00.000000000,lat,lon,"(12, 192, 384)",,
AWI-CM-1-1-MR,ssp585,tas,tas_Amon_AWI-CM-1-1-MR_ssp585_r1i1p1f1_gn_209601-209612.nc,2.6001434326171875,OK,True,True,True,True,12,2096-01-16T12:00:00.000000000,2096-12-16T12:00:00.000000000,lat,lon,"(12, 192, 384)",,
AWI-CM-1-1-MR,ssp585,tas,tas_Amon_AWI-CM-1-1-MR_ssp585_r1i1p1f1_gn_209701-209712.nc,2.598236083984375,OK,True,True,True,True,12,2097-01-16T12:00:00.000000000,2097-12-16T12:00:00.000000000,lat,lon,"(12, 192, 384)",,
AWI-CM-1-1-MR,ssp585,tas,tas_Amon_AWI-CM-1-1-MR_ssp585_r1i1p1f1_gn_209801-209812.nc,2.598526954650879,OK,True,True,True,True,12,2098-01-16T12:00:00.000000000,2098-12-16T12:00:00.000000000,lat,lon,"(12, 192, 384)",,
AWI-CM-1-1-MR,ssp585,tas,tas_Amon_AWI-CM-1-1-MR_ssp585_r1i1p1f1_gn_209901-209912.nc,2.5983638763427734,OK,True,True,True,True,12,2099-01-16T12:00:00.000000000,2099-12-16T12:00:00.000000000,lat,lon,"(12, 192, 384)",,
AWI-CM-1-1-MR,ssp585,tas,tas_Amon_AWI-CM-1-1-MR_ssp585_r1i1p1f1_gn_210001-210012.nc,2.598504066467285,OK,True,True,True,True,12,2100-01-16T12:00:00.000000000,2100-12-16T12:00:00.000000000,lat,lon,"(12, 192, 384)",,
BCC-CSM2-MR,historical,rsds,rsds_Amon_BCC-CSM2-MR_historical_r1i1p1f1_gn_185001-201412.nc,386.7884635925293,OK,True,True,True,True,1980,1850-01-16 12:00:00,2014-12-16 12:00:00,lat,lon,"(1980, 160, 320)",,
BCC-CSM2-MR,historical,sfcWind,sfcWind_Amon_BCC-CSM2-MR_historical_r1i1p1f1_gn_185001-201412.nc,386.7887153625488,OK,True,True,True,True,1980,1850-01-16 12:00:00,2014-12-16 12:00:00,lat,lon,"(1980, 160, 320)",,
BCC-CSM2-MR,historical,tas,tas_Amon_BCC-CSM2-MR_historical_r1i1p1f1_gn_185001-201412.nc,386.7887191772461,OK,True,True,True,True,1980,1850-01-16 12:00:00,2014-12-16 12:00:00,lat,lon,"(1980, 160, 320)",,
BCC-CSM2-MR,ssp126,rsds,rsds_Amon_BCC-CSM2-MR_ssp126_r1i1p1f1_gn_201501-210012.nc,201.61051559448242,OK,True,True,True,True,1032,2015-01-16 12:00:00,2100-12-16 12:00:00,lat,lon,"(1032, 160, 320)",,
BCC-CSM2-MR,ssp126,sfcWind,sfcWind_Amon_BCC-CSM2-MR_ssp126_r1i1p1f1_gn_201501-210012.nc,201.61076736450195,OK,True,True,True,True,1032,2015-01-16 12:00:00,2100-12-16 12:00:00,lat,lon,"(1032, 160, 320)",,
BCC-CSM2-MR,ssp126,tas,tas_Amon_BCC-CSM2-MR_ssp126_r1i1p1f1_gn_201501-210012.nc,201.61077117919922,OK,True,True,True,True,1032,2015-01-16 12:00:00,2100-12-16 12:00:00,lat,lon,"(1032, 160, 320)",,
BCC-CSM2-MR,ssp245,rsds,rsds_Amon_BCC-CSM2-MR_ssp245_r1i1p1f1_gn_201501-210012.nc,201.61051559448242,OK,True,True,True,True,1032,2015-01-16 12:00:00,2100-12-16 12:00:00,lat,lon,"(1032, 160, 320)",,
BCC-CSM2-MR,ssp245,sfcWind,sfcWind_Amon_BCC-CSM2-MR_ssp245_r1i1p1f1_gn_201501-210012.nc,201.61076736450195,OK,True,True,True,True,1032,2015-01-16 12:00:00,2100-12-16 12:00:00,lat,lon,"(1032, 160, 320)",,
BCC-CSM2-MR,ssp245,tas,tas_Amon_BCC-CSM2-MR_ssp245_r1i1p1f1_gn_201501-210012.nc,201.61077117919922,OK,True,True,True,True,1032,2015-01-16 12:00:00,2100-12-16 12:00:00,lat,lon,"(1032, 160, 320)",,
BCC-CSM2-MR,ssp585,rsds,rsds_Amon_BCC-CSM2-MR_ssp585_r1i1p1f1_gn_201501-210012.nc,201.61051559448242,OK,True,True,True,True,1032,2015-01-16 12:00:00,2100-12-16 12:00:00,lat,lon,"(1032, 160, 320)",,
BCC-CSM2-MR,ssp585,sfcWind,sfcWind_Amon_BCC-CSM2-MR_ssp585_r1i1p1f1_gn_201501-210012.nc,201.61076736450195,OK,True,True,True,True,1032,2015-01-16 12:00:00,2100-12-16 12:00:00,lat,lon,"(1032, 160, 320)",,
BCC-CSM2-MR,ssp585,tas,tas_Amon_BCC-CSM2-MR_ssp585_r1i1p1f1_gn_201501-210012.nc,201.61077117919922,OK,True,True,True,True,1032,2015-01-16 12:00:00,2100-12-16 12:00:00,lat,lon,"(1032, 160, 320)",,
CanESM5,historical,rsds,rsds_Amon_CanESM5_historical_r1i1p1f1_gn_185001-201412.nc,51.84807014465332,OK,True,True,True,True,1980,1850-01-16 12:00:00,2014-12-16 12:00:00,lat,lon,"(1980, 64, 128)",,
CanESM5,historical,sfcWind,sfcWind_Amon_CanESM5_historical_r1i1p1f1_gn_185001-201412.nc,55.09889888763428,OK,True,True,True,True,1980,1850-01-16 12:00:00,2014-12-16 12:00:00,lat,lon,"(1980, 64, 128)",,
CanESM5,historical,tas,tas_Amon_CanESM5_historical_r1i1p1f1_gn_185001-201412.nc,50.01356029510498,OK,True,True,True,True,1980,1850-01-16 12:00:00,2014-12-16 12:00:00,lat,lon,"(1980, 64, 128)",,
CanESM5,ssp126,rsds,rsds_Amon_CanESM5_ssp126_r1i1p1f1_gn_201501-210012.nc,27.080913543701172,OK,True,True,True,True,1032,2015-01-16 12:00:00,2100-12-16 12:00:00,lat,lon,"(1032, 64, 128)",,
CanESM5,ssp126,sfcWind,sfcWind_Amon_CanESM5_ssp126_r1i1p1f1_gn_201501-210012.nc,28.741588592529297,OK,True,True,True,True,1032,2015-01-16 12:00:00,2100-12-16 12:00:00,lat,lon,"(1032, 64, 128)",,
CanESM5,ssp126,tas,tas_Amon_CanESM5_ssp126_r1i1p1f1_gn_201501-210012.nc,26.04828453063965,OK,True,True,True,True,1032,2015-01-16 12:00:00,2100-12-16 12:00:00,lat,lon,"(1032, 64, 128)",,
CanESM5,ssp245,rsds,rsds_Amon_CanESM5_ssp245_r1i1p1f1_gn_201501-210012.nc,27.091604232788086,OK,True,True,True,True,1032,2015-01-16 12:00:00,2100-12-16 12:00:00,lat,lon,"(1032, 64, 128)",,
CanESM5,ssp245,sfcWind,sfcWind_Amon_CanESM5_ssp245_r1i1p1f1_gn_201501-210012.nc,28.738577842712402,OK,True,True,True,True,1032,2015-01-16 12:00:00,2100-12-16 12:00:00,lat,lon,"(1032, 64, 128)",,
CanESM5,ssp245,tas,tas_Amon_CanESM5_ssp245_r1i1p1f1_gn_201501-210012.nc,26.040023803710938,OK,True,True,True,True,1032,2015-01-16 12:00:00,2100-12-16 12:00:00,lat,lon,"(1032, 64, 128)",,
CanESM5,ssp585,rsds,rsds_Amon_CanESM5_ssp585_r1i1p1f1_gn_201501-210012.nc,27.10709285736084,OK,True,True,True,True,1032,2015-01-16 12:00:00,2100-12-16 12:00:00,lat,lon,"(1032, 64, 128)",,
CanESM5,ssp585,sfcWind,sfcWind_Amon_CanESM5_ssp585_r1i1p1f1_gn_201501-210012.nc,28.732502937316895,OK,True,True,True,True,1032,2015-01-16 12:00:00,2100-12-16 12:00:00,lat,lon,"(1032, 64, 128)",,
CanESM5,ssp585,tas,tas_Amon_CanESM5_ssp585_r1i1p1f1_gn_201501-210012.nc,26.00431251525879,OK,True,True,True,True,1032,2015-01-16 12:00:00,2100-12-16 12:00:00,lat,lon,"(1032, 64, 128)",,
CESM2-WACCM,historical,rsds,rsds_Amon_CESM2-WACCM_historical_r1i1p1f1_gn_185001-201412.nc,281.63556575775146,OK,True,True,True,True,1980,1850-01-15 12:00:00,2014-12-15 12:00:00,lat,lon,"(1980, 192, 288)",,
CESM2-WACCM,historical,sfcWind,sfcWind_Amon_CESM2-WACCM_historical_r1i1p1f1_gn_185001-201412.nc,302.68612003326416,OK,True,True,True,True,1980,1850-01-15 12:00:00,2014-12-15 12:00:00,lat,lon,"(1980, 192, 288)",,
CESM2-WACCM,historical,tas,tas_Amon_CESM2-WACCM_historical_r1i1p1f1_gn_185001-201412.nc,231.90130519866943,OK,True,True,True,True,1980,1850-01-15 12:00:00,2014-12-15 12:00:00,lat,lon,"(1980, 192, 288)",,
CESM2-WACCM,ssp126,rsds,rsds_Amon_CESM2-WACCM_ssp126_r1i1p1f1_gn_201501-206412.nc,85.38559150695801,OK,True,True,True,True,600,2015-01-15 12:00:00,2064-12-15 12:00:00,lat,lon,"(600, 192, 288)",,
CESM2-WACCM,ssp126,rsds,rsds_Amon_CESM2-WACCM_ssp126_r1i1p1f1_gn_206501-210012.nc,61.401137351989746,OK,True,True,True,True,432,2065-01-15 12:00:00,2100-12-15 12:00:00,lat,lon,"(432, 192, 288)",,
CESM2-WACCM,ssp126,sfcWind,sfcWind_Amon_CESM2-WACCM_ssp126_r1i1p1f1_gn_201501-206412.nc,91.70436573028564,OK,True,True,True,True,600,2015-01-15 12:00:00,2064-12-15 12:00:00,lat,lon,"(600, 192, 288)",,
CESM2-WACCM,ssp126,sfcWind,sfcWind_Amon_CESM2-WACCM_ssp126_r1i1p1f1_gn_206501-210012.nc,66.0342960357666,OK,True,True,True,True,432,2065-01-15 12:00:00,2100-12-15 12:00:00,lat,lon,"(432, 192, 288)",,
CESM2-WACCM,ssp126,tas,tas_Amon_CESM2-WACCM_ssp126_r1i1p1f1_gn_201501-206412.nc,70.0721082687378,OK,True,True,True,True,600,2015-01-15 12:00:00,2064-12-15 12:00:00,lat,lon,"(600, 192, 288)",,
CESM2-WACCM,ssp126,tas,tas_Amon_CESM2-WACCM_ssp126_r1i1p1f1_gn_206501-210012.nc,50.428160667419434,OK,True,True,True,True,432,2065-01-15 12:00:00,2100-12-15 12:00:00,lat,lon,"(432, 192, 288)",,
CESM2-WACCM,ssp245,rsds,rsds_Amon_CESM2-WACCM_ssp245_r1i1p1f1_gn_201501-206412.nc,85.50686359405518,OK,True,True,True,True,600,2015-01-15 12:00:00,2064-12-15 12:00:00,lat,lon,"(600, 192, 288)",,
CESM2-WACCM,ssp245,rsds,rsds_Amon_CESM2-WACCM_ssp245_r1i1p1f1_gn_206501-210012.nc,61.487271308898926,OK,True,True,True,True,432,2065-01-15 12:00:00,2100-12-15 12:00:00,lat,lon,"(432, 192, 288)",,
CESM2-WACCM,ssp245,sfcWind,sfcWind_Amon_CESM2-WACCM_ssp245_r1i1p1f1_gn_201501-206412.nc,91.67799472808838,OK,True,True,True,True,600,2015-01-15 12:00:00,2064-12-15 12:00:00,lat,lon,"(600, 192, 288)",,
CESM2-WACCM,ssp245,sfcWind,sfcWind_Amon_CESM2-WACCM_ssp245_r1i1p1f1_gn_206501-210012.nc,65.98923301696777,OK,True,True,True,True,432,2065-01-15 12:00:00,2100-12-15 12:00:00,lat,lon,"(432, 192, 288)",,
CESM2-WACCM,ssp245,tas,tas_Amon_CESM2-WACCM_ssp245_r1i1p1f1_gn_201501-206412.nc,70.05760860443115,OK,True,True,True,True,600,2015-01-15 12:00:00,2064-12-15 12:00:00,lat,lon,"(600, 192, 288)",,
CESM2-WACCM,ssp245,tas,tas_Amon_CESM2-WACCM_ssp245_r1i1p1f1_gn_206501-210012.nc,50.33638000488281,OK,True,True,True,True,432,2065-01-15 12:00:00,2100-12-15 12:00:00,lat,lon,"(432, 192, 288)",,
CESM2-WACCM,ssp585,rsds,rsds_Amon_CESM2-WACCM_ssp585_r1i1p1f1_gn_201501-210012.nc,146.96704483032227,OK,True,True,True,True,1032,2015-01-15 12:00:00,2100-12-15 12:00:00,lat,lon,"(1032, 192, 288)",,
CESM2-WACCM,ssp585,sfcWind,sfcWind_Amon_CESM2-WACCM_ssp585_r1i1p1f1_gn_201501-210012.nc,157.57386112213135,OK,True,True,True,True,1032,2015-01-15 12:00:00,2100-12-15 12:00:00,lat,lon,"(1032, 192, 288)",,
CESM2-WACCM,ssp585,tas,tas_Amon_CESM2-WACCM_ssp585_r1i1p1f1_gn_201501-210012.nc,120.14890193939209,OK,True,True,True,True,1032,2015-01-15 12:00:00,2100-12-15 12:00:00,lat,lon,"(1032, 192, 288)",,
CMCC-CM2-SR5,historical,rsds,rsds_Amon_CMCC-CM2-SR5_historical_r1i1p1f1_gn_185001-201412.nc,281.41763973236084,OK,True,True,True,True,1980,1850-01-16 12:00:00,2014-12-16 12:00:00,lat,lon,"(1980, 192, 288)",,
CMCC-CM2-SR5,historical,sfcWind,sfcWind_Amon_CMCC-CM2-SR5_historical_r1i1p1f1_gn_185001-201412.nc,304.8576965332031,OK,True,True,True,True,1980,1850-01-16 12:00:00,2014-12-16 12:00:00,lat,lon,"(1980, 192, 288)",,
CMCC-CM2-SR5,historical,tas,tas_Amon_CMCC-CM2-SR5_historical_r1i1p1f1_gn_185001-201412.nc,233.25074768066406,OK,True,True,True,True,1980,1850-01-16 12:00:00,2014-12-16 12:00:00,lat,lon,"(1980, 192, 288)",,
CMCC-CM2-SR5,ssp126,rsds,rsds_Amon_CMCC-CM2-SR5_ssp126_r1i1p1f1_gn_201501-210012.nc,146.72269439697266,OK,True,True,True,True,1032,2015-01-16 12:00:00,2100-12-16 12:00:00,lat,lon,"(1032, 192, 288)",,
CMCC-CM2-SR5,ssp126,sfcWind,sfcWind_Amon_CMCC-CM2-SR5_ssp126_r1i1p1f1_gn_201501-210012.nc,158.89336395263672,OK,True,True,True,True,1032,2015-01-16 12:00:00,2100-12-16 12:00:00,lat,lon,"(1032, 192, 288)",,
CMCC-CM2-SR5,ssp126,tas,tas_Amon_CMCC-CM2-SR5_ssp126_r1i1p1f1_gn_201501-210012.nc,121.19908142089844,OK,True,True,True,True,1032,2015-01-16 12:00:00,2100-12-16 12:00:00,lat,lon,"(1032, 192, 288)",,
CMCC-CM2-SR5,ssp245,rsds,rsds_Amon_CMCC-CM2-SR5_ssp245_r1i1p1f1_gn_201501-210012.nc,146.93029594421387,OK,True,True,True,True,1032,2015-01-16 12:00:00,2100-12-16 12:00:00,lat,lon,"(1032, 192, 288)",,
CMCC-CM2-SR5,ssp245,sfcWind,sfcWind_Amon_CMCC-CM2-SR5_ssp245_r1i1p1f1_gn_201501-210012.nc,158.90838527679443,OK,True,True,True,True,1032,2015-01-16 12:00:00,2100-12-16 12:00:00,lat,lon,"(1032, 192, 288)",,
CMCC-CM2-SR5,ssp245,tas,tas_Amon_CMCC-CM2-SR5_ssp245_r1i1p1f1_gn_201501-210012.nc,121.20002555847168,OK,True,True,True,True,1032,2015-01-16 12:00:00,2100-12-16 12:00:00,lat,lon,"(1032, 192, 288)",,
CMCC-CM2-SR5,ssp585,rsds,rsds_Amon_CMCC-CM2-SR5_ssp585_r1i1p1f1_gn_201501-210012.nc,147.00008392333984,OK,True,True,True,True,1032,2015-01-16 12:00:00,2100-12-16 12:00:00,lat,lon,"(1032, 192, 288)",,
CMCC-CM2-SR5,ssp585,sfcWind,sfcWind_Amon_CMCC-CM2-SR5_ssp585_r1i1p1f1_gn_201501-210012.nc,158.86594486236572,OK,True,True,True,True,1032,2015-01-16 12:00:00,2100-12-16 12:00:00,lat,lon,"(1032, 192, 288)",,
CMCC-CM2-SR5,ssp585,tas,tas_Amon_CMCC-CM2-SR5_ssp585_r1i1p1f1_gn_201501-210012.nc,121.01671123504639,OK,True,True,True,True,1032,2015-01-16 12:00:00,2100-12-16 12:00:00,lat,lon,"(1032, 192, 288)",,
CMCC-ESM2,historical,rsds,rsds_Amon_CMCC-ESM2_historical_r1i1p1f1_gn_185001-201412.nc,281.32489109039307,OK,True,True,True,True,1980,1850-01-16 12:00:00,2014-12-16 12:00:00,lat,lon,"(1980, 192, 288)",,
CMCC-ESM2,historical,sfcWind,sfcWind_Amon_CMCC-ESM2_historical_r1i1p1f1_gn_185001-201412.nc,304.91844844818115,OK,True,True,True,True,1980,1850-01-16 12:00:00,2014-12-16 12:00:00,lat,lon,"(1980, 192, 288)",,
CMCC-ESM2,historical,tas,tas_Amon_CMCC-ESM2_historical_r1i1p1f1_gn_185001-201412.nc,233.2134885787964,OK,True,True,True,True,1980,1850-01-16 12:00:00,2014-12-16 12:00:00,lat,lon,"(1980, 192, 288)",,
CMCC-ESM2,ssp126,rsds,rsds_Amon_CMCC-ESM2_ssp126_r1i1p1f1_gn_201501-210012.nc,146.71640300750732,OK,True,True,True,True,1032,2015-01-16 12:00:00,2100-12-16 12:00:00,lat,lon,"(1032, 192, 288)",,
CMCC-ESM2,ssp126,sfcWind,sfcWind_Amon_CMCC-ESM2_ssp126_r1i1p1f1_gn_201501-210012.nc,158.96167850494385,OK,True,True,True,True,1032,2015-01-16 12:00:00,2100-12-16 12:00:00,lat,lon,"(1032, 192, 288)",,
CMCC-ESM2,ssp126,tas,tas_Amon_CMCC-ESM2_ssp126_r1i1p1f1_gn_201501-210012.nc,121.24044418334961,OK,True,True,True,True,1032,2015-01-16 12:00:00,2100-12-16 12:00:00,lat,lon,"(1032, 192, 288)",,
CMCC-ESM2,ssp245,rsds,rsds_Amon_CMCC-ESM2_ssp245_r1i1p1f1_gn_201501-210012.nc,146.89748001098633,OK,True,True,True,True,1032,2015-01-16 12:00:00,2100-12-16 12:00:00,lat,lon,"(1032, 192, 288)",,
CMCC-ESM2,ssp245,sfcWind,sfcWind_Amon_CMCC-ESM2_ssp245_r1i1p1f1_gn_201501-210012.nc,158.94488430023193,OK,True,True,True,True,1032,2015-01-16 12:00:00,2100-12-16 12:00:00,lat,lon,"(1032, 192, 288)",,
CMCC-ESM2,ssp245,tas,tas_Amon_CMCC-ESM2_ssp245_r1i1p1f1_gn_201501-210012.nc,121.16164112091064,OK,True,True,True,True,1032,2015-01-16 12:00:00,2100-12-16 12:00:00,lat,lon,"(1032, 192, 288)",,
CMCC-ESM2,ssp585,rsds,rsds_Amon_CMCC-ESM2_ssp585_r1i1p1f1_gn_201501-210012.nc,146.92615604400635,OK,True,True,True,True,1032,2015-01-16 12:00:00,2100-12-16 12:00:00,lat,lon,"(1032, 192, 288)",,
CMCC-ESM2,ssp585,sfcWind,sfcWind_Amon_CMCC-ESM2_ssp585_r1i1p1f1_gn_201501-210012.nc,158.89945125579834,OK,True,True,True,True,1032,2015-01-16 12:00:00,2100-12-16 12:00:00,lat,lon,"(1032, 192, 288)",,
CMCC-ESM2,ssp585,tas,tas_Amon_CMCC-ESM2_ssp585_r1i1p1f1_gn_201501-210012.nc,121.0473804473877,OK,True,True,True,True,1032,2015-01-16 12:00:00,2100-12-16 12:00:00,lat,lon,"(1032, 192, 288)",,
FGOALS-f3-L,historical,rsds,rsds_Amon_FGOALS-f3-L_historical_r1i1p1f1_gr_185001-201412.nc,391.6216239929199,OK,True,True,True,True,1980,1850-01-16 12:00:00,2014-12-16 12:00:00,lat,lon,"(1980, 180, 288)",,
FGOALS-f3-L,historical,sfcWind,sfcWind_Amon_FGOALS-f3-L_historical_r1i1p1f1_gr_185001-201412.nc,391.62187576293945,OK,True,True,True,True,1980,1850-01-16 12:00:00,2014-12-16 12:00:00,lat,lon,"(1980, 180, 288)",,
FGOALS-f3-L,historical,tas,tas_Amon_FGOALS-f3-L_historical_r1i1p1f1_gr_185001-201412.nc,391.6218795776367,OK,True,True,True,True,1980,1850-01-16 12:00:00,2014-12-16 12:00:00,lat,lon,"(1980, 180, 288)",,
FGOALS-f3-L,ssp126,rsds,rsds_Amon_FGOALS-f3-L_ssp126_r1i1p1f1_gr_201501-210012.nc,204.12922286987305,OK,True,True,True,True,1032,2015-01-16 12:00:00,2100-12-16 12:00:00,lat,lon,"(1032, 180, 288)",,
FGOALS-f3-L,ssp126,sfcWind,sfcWind_Amon_FGOALS-f3-L_ssp126_r1i1p1f1_gr_201501-210012.nc,204.12947463989258,OK,True,True,True,True,1032,2015-01-16 12:00:00,2100-12-16 12:00:00,lat,lon,"(1032, 180, 288)",,
FGOALS-f3-L,ssp126,tas,tas_Amon_FGOALS-f3-L_ssp126_r1i1p1f1_gr_201501-210012.nc,204.12947845458984,OK,True,True,True,True,1032,2015-01-16 12:00:00,2100-12-16 12:00:00,lat,lon,"(1032, 180, 288)",,
FGOALS-f3-L,ssp245,rsds,rsds_Amon_FGOALS-f3-L_ssp245_r1i1p1f1_gr_201501-210012.nc,204.12922286987305,OK,True,True,True,True,1032,2015-01-16 12:00:00,2100-12-16 12:00:00,lat,lon,"(1032, 180, 288)",,
FGOALS-f3-L,ssp245,sfcWind,sfcWind_Amon_FGOALS-f3-L_ssp245_r1i1p1f1_gr_201501-210012.nc,204.12947463989258,OK,True,True,True,True,1032,2015-01-16 12:00:00,2100-12-16 12:00:00,lat,lon,"(1032, 180, 288)",,
FGOALS-f3-L,ssp245,tas,tas_Amon_FGOALS-f3-L_ssp245_r1i1p1f1_gr_201501-210012.nc,204.12947845458984,OK,True,True,True,True,1032,2015-01-16 12:00:00,2100-12-16 12:00:00,lat,lon,"(1032, 180, 288)",,
FGOALS-f3-L,ssp585,rsds,rsds_Amon_FGOALS-f3-L_ssp585_r1i1p1f1_gr_201501-210012.nc,204.12922286987305,OK,True,True,True,True,1032,2015-01-16 12:00:00,2100-12-16 12:00:00,lat,lon,"(1032, 180, 288)",,
FGOALS-f3-L,ssp585,sfcWind,sfcWind_Amon_FGOALS-f3-L_ssp585_r1i1p1f1_gr_201501-210012.nc,204.12947463989258,OK,True,True,True,True,1032,2015-01-16 12:00:00,2100-12-16 12:00:00,lat,lon,"(1032, 180, 288)",,
FGOALS-f3-L,ssp585,tas,tas_Amon_FGOALS-f3-L_ssp585_r1i1p1f1_gr_201501-210012.nc,204.12947845458984,OK,True,True,True,True,1032,2015-01-16 12:00:00,2100-12-16 12:00:00,lat,lon,"(1032, 180, 288)",,
FIO-ESM-2-0,historical,rsds,rsds_Amon_FIO-ESM-2-0_historical_r1i1p1f1_gn_185001-201412.nc,336.9757947921753,OK,True,True,True,True,1980,1850-01-16 12:00:00,2014-12-16 12:00:00,lat,lon,"(1980, 192, 288)",,
FIO-ESM-2-0,historical,sfcWind,sfcWind_Amon_FIO-ESM-2-0_historical_r1i1p1f1_gn_185001-201412.nc,366.8463144302368,OK,True,True,True,True,1980,1850-01-16 12:00:00,2014-12-16 12:00:00,lat,lon,"(1980, 192, 288)",,
FIO-ESM-2-0,historical,tas,tas_Amon_FIO-ESM-2-0_historical_r1i1p1f1_gn_185001-201412.nc,316.46900367736816,OK,True,True,True,True,1980,1850-01-16 12:00:00,2014-12-16 12:00:00,lat,lon,"(1980, 192, 288)",,
FIO-ESM-2-0,ssp126,rsds,rsds_Amon_FIO-ESM-2-0_ssp126_r1i1p1f1_gn_201501-210012.nc,175.71790218353271,OK,True,True,True,True,1032,2015-01-16 12:00:00,2100-12-16 12:00:00,lat,lon,"(1032, 192, 288)",,
FIO-ESM-2-0,ssp126,sfcWind,sfcWind_Amon_FIO-ESM-2-0_ssp126_r1i1p1f1_gn_201501-210012.nc,191.20318698883057,OK,True,True,True,True,1032,2015-01-16 12:00:00,2100-12-16 12:00:00,lat,lon,"(1032, 192, 288)",,
FIO-ESM-2-0,ssp126,tas,tas_Amon_FIO-ESM-2-0_ssp126_r1i1p1f1_gn_201501-210012.nc,164.25769329071045,OK,True,True,True,True,1032,2015-01-16 12:00:00,2100-12-16 12:00:00,lat,lon,"(1032, 192, 288)",,
FIO-ESM-2-0,ssp245,rsds,rsds_Amon_FIO-ESM-2-0_ssp245_r1i1p1f1_gn_201501-210012.nc,175.72704124450684,OK,True,True,True,True,1032,2015-01-16 12:00:00,2100-12-16 12:00:00,lat,lon,"(1032, 192, 288)",,
FIO-ESM-2-0,ssp245,sfcWind,sfcWind_Amon_FIO-ESM-2-0_ssp245_r1i1p1f1_gn_201501-210012.nc,191.16729736328125,OK,True,True,True,True,1032,2015-01-16 12:00:00,2100-12-16 12:00:00,lat,lon,"(1032, 192, 288)",,
FIO-ESM-2-0,ssp245,tas,tas_Amon_FIO-ESM-2-0_ssp245_r1i1p1f1_gn_201501-210012.nc,164.1492280960083,OK,True,True,True,True,1032,2015-01-16 12:00:00,2100-12-16 12:00:00,lat,lon,"(1032, 192, 288)",,
FIO-ESM-2-0,ssp585,rsds,rsds_Amon_FIO-ESM-2-0_ssp585_r1i1p1f1_gn_201501-210012.nc,175.73508548736572,OK,True,True,True,True,1032,2015-01-16 12:00:00,2100-12-16 12:00:00,lat,lon,"(1032, 192, 288)",,
FIO-ESM-2-0,ssp585,sfcWind,sfcWind_Amon_FIO-ESM-2-0_ssp585_r1i1p1f1_gn_201501-210012.nc,191.13262271881104,OK,True,True,True,True,1032,2015-01-16 12:00:00,2100-12-16 12:00:00,lat,lon,"(1032, 192, 288)",,
FIO-ESM-2-0,ssp585,tas,tas_Amon_FIO-ESM-2-0_ssp585_r1i1p1f1_gn_201501-210012.nc,163.87195777893066,OK,True,True,True,True,1032,2015-01-16 12:00:00,2100-12-16 12:00:00,lat,lon,"(1032, 192, 288)",,
IPSL-CM6A-LR,historical,rsds,rsds_Amon_IPSL-CM6A-LR_historical_r1i1p1f1_gr_185001-201412.nc,108.54062461853027,OK,True,True,True,True,1980,1850-01-16T12:00:00.000000000,2014-12-16T12:00:00.000000000,lat,lon,"(1980, 143, 144)",,
IPSL-CM6A-LR,historical,sfcWind,sfcWind_Amon_IPSL-CM6A-LR_historical_r1i1p1f1_gr_185001-201412.nc,119.02767276763916,OK,True,True,True,True,1980,1850-01-16T12:00:00.000000000,2014-12-16T12:00:00.000000000,lat,lon,"(1980, 143, 144)",,
IPSL-CM6A-LR,historical,tas,tas_Amon_IPSL-CM6A-LR_historical_r1i1p1f1_gr_185001-201412.nc,90.95155143737793,OK,True,True,True,True,1980,1850-01-16T12:00:00.000000000,2014-12-16T12:00:00.000000000,lat,lon,"(1980, 143, 144)",,
IPSL-CM6A-LR,ssp126,rsds,rsds_Amon_IPSL-CM6A-LR_ssp126_r1i1p1f1_gr_201501-210012.nc,56.65613555908203,OK,True,True,True,True,1032,2015-01-16T12:00:00.000000000,2100-12-16T12:00:00.000000000,lat,lon,"(1032, 143, 144)",,
IPSL-CM6A-LR,ssp126,sfcWind,sfcWind_Amon_IPSL-CM6A-LR_ssp126_r1i1p1f1_gr_201501-210012.nc,61.99501991271973,OK,True,True,True,True,1032,2015-01-16T12:00:00.000000000,2100-12-16T12:00:00.000000000,lat,lon,"(1032, 143, 144)",,
IPSL-CM6A-LR,ssp126,tas,tas_Amon_IPSL-CM6A-LR_ssp126_r1i1p1f1_gr_201501-210012.nc,47.251418113708496,OK,True,True,True,True,1032,2015-01-16T12:00:00.000000000,2100-12-16T12:00:00.000000000,lat,lon,"(1032, 143, 144)",,
IPSL-CM6A-LR,ssp245,rsds,rsds_Amon_IPSL-CM6A-LR_ssp245_r1i1p1f1_gr_201501-210012.nc,56.67233753204346,OK,True,True,True,True,1032,2015-01-16T12:00:00.000000000,2100-12-16T12:00:00.000000000,lat,lon,"(1032, 143, 144)",,
IPSL-CM6A-LR,ssp245,sfcWind,sfcWind_Amon_IPSL-CM6A-LR_ssp245_r1i1p1f1_gr_201501-210012.nc,61.967533111572266,OK,True,True,True,True,1032,2015-01-16T12:00:00.000000000,2100-12-16T12:00:00.000000000,lat,lon,"(1032, 143, 144)",,
IPSL-CM6A-LR,ssp245,tas,tas_Amon_IPSL-CM6A-LR_ssp245_r1i1p1f1_gr_201501-210012.nc,47.210978507995605,OK,True,True,True,True,1032,2015-01-16T12:00:00.000000000,2100-12-16T12:00:00.000000000,lat,lon,"(1032, 143, 144)",,
IPSL-CM6A-LR,ssp585,rsds,rsds_Amon_IPSL-CM6A-LR_ssp585_r1i1p1f1_gr_201501-210012.nc,56.68570613861084,OK,True,True,True,True,1032,2015-01-16T12:00:00.000000000,2100-12-16T12:00:00.000000000,lat,lon,"(1032, 143, 144)",,
IPSL-CM6A-LR,ssp585,sfcWind,sfcWind_Amon_IPSL-CM6A-LR_ssp585_r1i1p1f1_gr_201501-210012.nc,61.932793617248535,OK,True,True,True,True,1032,2015-01-16T12:00:00.000000000,2100-12-16T12:00:00.000000000,lat,lon,"(1032, 143, 144)",,
IPSL-CM6A-LR,ssp585,tas,tas_Amon_IPSL-CM6A-LR_ssp585_r1i1p1f1_gr_201501-210012.nc,47.14107608795166,OK,True,True,True,True,1032,2015-01-16T12:00:00.000000000,2100-12-16T12:00:00.000000000,lat,lon,"(1032, 143, 144)",,
KACE-1-0-G,historical,rsds,rsds_Amon_KACE-1-0-G_historical_r1i1p1f1_gr_185001-201412.nc,144.34284496307373,OK,True,True,True,True,1980,1850-01-16 00:00:00,2014-12-16 00:00:00,lat,lon,"(1980, 144, 192)",,
KACE-1-0-G,historical,sfcWind,sfcWind_Amon_KACE-1-0-G_historical_r1i1p1f1_gr_185001-201412.nc,139.89045429229736,OK,True,True,True,True,1980,1850-01-16 00:00:00,2014-12-16 00:00:00,lat,lon,"(1980, 144, 192)",,
KACE-1-0-G,historical,tas,tas_Amon_KACE-1-0-G_historical_r1i1p1f1_gr_185001-201412.nc,106.39272117614746,OK,True,True,True,True,1980,1850-01-16 00:00:00,2014-12-16 00:00:00,lat,lon,"(1980, 144, 192)",,
KACE-1-0-G,ssp126,rsds,rsds_Amon_KACE-1-0-G_ssp126_r1i1p1f1_gr_201501-210012.nc,108.88782119750977,OK,True,True,True,True,1032,2015-01-16 00:00:00,2100-12-16 00:00:00,lat,lon,"(1032, 144, 192)",,
KACE-1-0-G,ssp126,sfcWind,sfcWind_Amon_KACE-1-0-G_ssp126_r1i1p1f1_gr_201501-210012.nc,108.8880500793457,OK,True,True,True,True,1032,2015-01-16 00:00:00,2100-12-16 00:00:00,lat,lon,"(1032, 144, 192)",,
KACE-1-0-G,ssp126,tas,tas_Amon_KACE-1-0-G_ssp126_r1i1p1f1_gr_201501-210012.nc,108.88805389404297,OK,True,True,True,True,1032,2015-01-16 00:00:00,2100-12-16 00:00:00,lat,lon,"(1032, 144, 192)",,
KACE-1-0-G,ssp245,rsds,rsds_Amon_KACE-1-0-G_ssp245_r1i1p1f1_gr_201501-210012.nc,75.23705387115479,OK,True,True,True,True,1032,2015-01-16 00:00:00,2100-12-16 00:00:00,lat,lon,"(1032, 144, 192)",,
KACE-1-0-G,ssp245,sfcWind,sfcWind_Amon_KACE-1-0-G_ssp245_r1i1p1f1_gr_201501-210012.nc,72.84820652008057,OK,True,True,True,True,1032,2015-01-16 00:00:00,2100-12-16 00:00:00,lat,lon,"(1032, 144, 192)",,
KACE-1-0-G,ssp245,tas,tas_Amon_KACE-1-0-G_ssp245_r1i1p1f1_gr_201501-210012.nc,55.358076095581055,OK,True,True,True,True,1032,2015-01-16 00:00:00,2100-12-16 00:00:00,lat,lon,"(1032, 144, 192)",,
KACE-1-0-G,ssp585,rsds,rsds_Amon_KACE-1-0-G_ssp585_r1i1p1f1_gr_201501-210012.nc,108.88782119750977,OK,True,True,True,True,1032,2015-01-16 00:00:00,2100-12-16 00:00:00,lat,lon,"(1032, 144, 192)",,
KACE-1-0-G,ssp585,sfcWind,sfcWind_Amon_KACE-1-0-G_ssp585_r1i1p1f1_gr_201501-210012.nc,108.8880500793457,OK,True,True,True,True,1032,2015-01-16 00:00:00,2100-12-16 00:00:00,lat,lon,"(1032, 144, 192)",,
KACE-1-0-G,ssp585,tas,tas_Amon_KACE-1-0-G_ssp585_r1i1p1f1_gr_201501-210012.nc,108.88805389404297,OK,True,True,True,True,1032,2015-01-16 00:00:00,2100-12-16 00:00:00,lat,lon,"(1032, 144, 192)",,
MPI-ESM1-2-HR,historical,rsds,rsds_Amon_MPI-ESM1-2-HR_historical_r1i1p1f1_gn_199001-199412.nc,7.663704872131348,OK,True,True,True,True,60,1990-01-16T12:00:00.000000000,1994-12-16T12:00:00.000000000,lat,lon,"(60, 192, 384)",,
MPI-ESM1-2-HR,historical,rsds,rsds_Amon_MPI-ESM1-2-HR_historical_r1i1p1f1_gn_199501-199912.nc,7.655943870544434,OK,True,True,True,True,60,1995-01-16T12:00:00.000000000,1999-12-16T12:00:00.000000000,lat,lon,"(60, 192, 384)",,
MPI-ESM1-2-HR,historical,rsds,rsds_Amon_MPI-ESM1-2-HR_historical_r1i1p1f1_gn_200001-200412.nc,7.673510551452637,OK,True,True,True,True,60,2000-01-16T12:00:00.000000000,2004-12-16T12:00:00.000000000,lat,lon,"(60, 192, 384)",,
MPI-ESM1-2-HR,historical,rsds,rsds_Amon_MPI-ESM1-2-HR_historical_r1i1p1f1_gn_200501-200912.nc,7.673070907592773,OK,True,True,True,True,60,2005-01-16T12:00:00.000000000,2009-12-16T12:00:00.000000000,lat,lon,"(60, 192, 384)",,
MPI-ESM1-2-HR,historical,rsds,rsds_Amon_MPI-ESM1-2-HR_historical_r1i1p1f1_gn_201001-201412.nc,7.68498420715332,OK,True,True,True,True,60,2010-01-16T12:00:00.000000000,2014-12-16T12:00:00.000000000,lat,lon,"(60, 192, 384)",,
MPI-ESM1-2-HR,historical,sfcWind,sfcWind_Amon_MPI-ESM1-2-HR_historical_r1i1p1f1_gn_199001-199412.nc,8.443463325500488,OK,True,True,True,True,60,1990-01-16T12:00:00.000000000,1994-12-16T12:00:00.000000000,lat,lon,"(60, 192, 384)",,
MPI-ESM1-2-HR,historical,sfcWind,sfcWind_Amon_MPI-ESM1-2-HR_historical_r1i1p1f1_gn_199501-199912.nc,8.464900016784668,OK,True,True,True,True,60,1995-01-16T12:00:00.000000000,1999-12-16T12:00:00.000000000,lat,lon,"(60, 192, 384)",,
MPI-ESM1-2-HR,historical,sfcWind,sfcWind_Amon_MPI-ESM1-2-HR_historical_r1i1p1f1_gn_200001-200412.nc,8.461064338684082,OK,True,True,True,True,60,2000-01-16T12:00:00.000000000,2004-12-16T12:00:00.000000000,lat,lon,"(60, 192, 384)",,
MPI-ESM1-2-HR,historical,sfcWind,sfcWind_Amon_MPI-ESM1-2-HR_historical_r1i1p1f1_gn_200501-200912.nc,8.470787048339844,OK,True,True,True,True,60,2005-01-16T12:00:00.000000000,2009-12-16T12:00:00.000000000,lat,lon,"(60, 192, 384)",,
MPI-ESM1-2-HR,historical,sfcWind,sfcWind_Amon_MPI-ESM1-2-HR_historical_r1i1p1f1_gn_201001-201412.nc,8.476590156555176,OK,True,True,True,True,60,2010-01-16T12:00:00.000000000,2014-12-16T12:00:00.000000000,lat,lon,"(60, 192, 384)",,
MPI-ESM1-2-HR,historical,tas,tas_Amon_MPI-ESM1-2-HR_historical_r1i1p1f1_gn_199001-199412.nc,6.772830963134766,OK,True,True,True,True,60,1990-01-16T12:00:00.000000000,1994-12-16T12:00:00.000000000,lat,lon,"(60, 192, 384)",,
MPI-ESM1-2-HR,historical,tas,tas_Amon_MPI-ESM1-2-HR_historical_r1i1p1f1_gn_199501-199912.nc,6.768311500549316,OK,True,True,True,True,60,1995-01-16T12:00:00.000000000,1999-12-16T12:00:00.000000000,lat,lon,"(60, 192, 384)",,
MPI-ESM1-2-HR,historical,tas,tas_Amon_MPI-ESM1-2-HR_historical_r1i1p1f1_gn_200001-200412.nc,6.771180152893066,OK,True,True,True,True,60,2000-01-16T12:00:00.000000000,2004-12-16T12:00:00.000000000,lat,lon,"(60, 192, 384)",,
MPI-ESM1-2-HR,historical,tas,tas_Amon_MPI-ESM1-2-HR_historical_r1i1p1f1_gn_200501-200912.nc,6.769865989685059,OK,True,True,True,True,60,2005-01-16T12:00:00.000000000,2009-12-16T12:00:00.000000000,lat,lon,"(60, 192, 384)",,
MPI-ESM1-2-HR,historical,tas,tas_Amon_MPI-ESM1-2-HR_historical_r1i1p1f1_gn_201001-201412.nc,6.76832389831543,OK,True,True,True,True,60,2010-01-16T12:00:00.000000000,2014-12-16T12:00:00.000000000,lat,lon,"(60, 192, 384)",,
MPI-ESM1-2-HR,ssp126,rsds,rsds_Amon_MPI-ESM1-2-HR_ssp126_r1i1p1f1_gn_204001-204412.nc,7.689805030822754,OK,True,True,True,True,60,2040-01-16T12:00:00.000000000,2044-12-16T12:00:00.000000000,lat,lon,"(60, 192, 384)",,
MPI-ESM1-2-HR,ssp126,rsds,rsds_Amon_MPI-ESM1-2-HR_ssp126_r1i1p1f1_gn_204501-204912.nc,7.670684814453125,OK,True,True,True,True,60,2045-01-16T12:00:00.000000000,2049-12-16T12:00:00.000000000,lat,lon,"(60, 192, 384)",,
MPI-ESM1-2-HR,ssp126,rsds,rsds_Amon_MPI-ESM1-2-HR_ssp126_r1i1p1f1_gn_205001-205412.nc,7.6791229248046875,OK,True,True,True,True,60,2050-01-16T12:00:00.000000000,2054-12-16T12:00:00.000000000,lat,lon,"(60, 192, 384)",,
MPI-ESM1-2-HR,ssp126,rsds,rsds_Amon_MPI-ESM1-2-HR_ssp126_r1i1p1f1_gn_205501-205912.nc,7.671571731567383,OK,True,True,True,True,60,2055-01-16T12:00:00.000000000,2059-12-16T12:00:00.000000000,lat,lon,"(60, 192, 384)",,
MPI-ESM1-2-HR,ssp126,rsds,rsds_Amon_MPI-ESM1-2-HR_ssp126_r1i1p1f1_gn_206001-206412.nc,7.6875457763671875,OK,True,True,True,True,60,2060-01-16T12:00:00.000000000,2064-12-16T12:00:00.000000000,lat,lon,"(60, 192, 384)",,
MPI-ESM1-2-HR,ssp126,rsds,rsds_Amon_MPI-ESM1-2-HR_ssp126_r1i1p1f1_gn_206501-206912.nc,7.671998023986816,OK,True,True,True,True,60,2065-01-16T12:00:00.000000000,2069-12-16T12:00:00.000000000,lat,lon,"(60, 192, 384)",,
MPI-ESM1-2-HR,ssp126,rsds,rsds_Amon_MPI-ESM1-2-HR_ssp126_r1i1p1f1_gn_207001-207412.nc,7.679227828979492,OK,True,True,True,True,60,2070-01-16T12:00:00.000000000,2074-12-16T12:00:00.000000000,lat,lon,"(60, 192, 384)",,
MPI-ESM1-2-HR,ssp126,rsds,rsds_Amon_MPI-ESM1-2-HR_ssp126_r1i1p1f1_gn_207501-207912.nc,7.667311668395996,OK,True,True,True,True,60,2075-01-16T12:00:00.000000000,2079-12-16T12:00:00.000000000,lat,lon,"(60, 192, 384)",,
MPI-ESM1-2-HR,ssp126,rsds,rsds_Amon_MPI-ESM1-2-HR_ssp126_r1i1p1f1_gn_208001-208412.nc,7.690319061279297,OK,True,True,True,True,60,2080-01-16T12:00:00.000000000,2084-12-16T12:00:00.000000000,lat,lon,"(60, 192, 384)",,
MPI-ESM1-2-HR,ssp126,rsds,rsds_Amon_MPI-ESM1-2-HR_ssp126_r1i1p1f1_gn_208501-208912.nc,7.68083381652832,OK,True,True,True,True,60,2085-01-16T12:00:00.000000000,2089-12-16T12:00:00.000000000,lat,lon,"(60, 192, 384)",,
MPI-ESM1-2-HR,ssp126,rsds,rsds_Amon_MPI-ESM1-2-HR_ssp126_r1i1p1f1_gn_209001-209412.nc,7.684541702270508,OK,True,True,True,True,60,2090-01-16T12:00:00.000000000,2094-12-16T12:00:00.000000000,lat,lon,"(60, 192, 384)",,
MPI-ESM1-2-HR,ssp126,rsds,rsds_Amon_MPI-ESM1-2-HR_ssp126_r1i1p1f1_gn_209501-209912.nc,7.673130035400391,OK,True,True,True,True,60,2095-01-16T12:00:00.000000000,2099-12-16T12:00:00.000000000,lat,lon,"(60, 192, 384)",,
MPI-ESM1-2-HR,ssp126,rsds,rsds_Amon_MPI-ESM1-2-HR_ssp126_r1i1p1f1_gn_210001-210012.nc,1.5797538757324219,OK,True,True,True,True,12,2100-01-16T12:00:00.000000000,2100-12-16T12:00:00.000000000,lat,lon,"(12, 192, 384)",,
MPI-ESM1-2-HR,ssp126,sfcWind,sfcWind_Amon_MPI-ESM1-2-HR_ssp126_r1i1p1f1_gn_204001-204412.nc,8.440695762634277,OK,True,True,True,True,60,2040-01-16T12:00:00.000000000,2044-12-16T12:00:00.000000000,lat,lon,"(60, 192, 384)",,
MPI-ESM1-2-HR,ssp126,sfcWind,sfcWind_Amon_MPI-ESM1-2-HR_ssp126_r1i1p1f1_gn_204501-204912.nc,8.4771089553833,OK,True,True,True,True,60,2045-01-16T12:00:00.000000000,2049-12-16T12:00:00.000000000,lat,lon,"(60, 192, 384)",,
MPI-ESM1-2-HR,ssp126,sfcWind,sfcWind_Amon_MPI-ESM1-2-HR_ssp126_r1i1p1f1_gn_205001-205412.nc,8.450826644897461,OK,True,True,True,True,60,2050-01-16T12:00:00.000000000,2054-12-16T12:00:00.000000000,lat,lon,"(60, 192, 384)",,
MPI-ESM1-2-HR,ssp126,sfcWind,sfcWind_Amon_MPI-ESM1-2-HR_ssp126_r1i1p1f1_gn_205501-205912.nc,8.4519681930542,OK,True,True,True,True,60,2055-01-16T12:00:00.000000000,2059-12-16T12:00:00.000000000,lat,lon,"(60, 192, 384)",,
MPI-ESM1-2-HR,ssp126,sfcWind,sfcWind_Amon_MPI-ESM1-2-HR_ssp126_r1i1p1f1_gn_206001-206412.nc,8.466933250427246,OK,True,True,True,True,60,2060-01-16T12:00:00.000000000,2064-12-16T12:00:00.000000000,lat,lon,"(60, 192, 384)",,
MPI-ESM1-2-HR,ssp126,sfcWind,sfcWind_Amon_MPI-ESM1-2-HR_ssp126_r1i1p1f1_gn_206501-206912.nc,8.468083381652832,OK,True,True,True,True,60,2065-01-16T12:00:00.000000000,2069-12-16T12:00:00.000000000,lat,lon,"(60, 192, 384)",,
MPI-ESM1-2-HR,ssp126,sfcWind,sfcWind_Amon_MPI-ESM1-2-HR_ssp126_r1i1p1f1_gn_207001-207412.nc,8.471627235412598,OK,True,True,True,True,60,2070-01-16T12:00:00.000000000,2074-12-16T12:00:00.000000000,lat,lon,"(60, 192, 384)",,
MPI-ESM1-2-HR,ssp126,sfcWind,sfcWind_Amon_MPI-ESM1-2-HR_ssp126_r1i1p1f1_gn_207501-207912.nc,8.452163696289062,OK,True,True,True,True,60,2075-01-16T12:00:00.000000000,2079-12-16T12:00:00.000000000,lat,lon,"(60, 192, 384)",,
MPI-ESM1-2-HR,ssp126,sfcWind,sfcWind_Amon_MPI-ESM1-2-HR_ssp126_r1i1p1f1_gn_208001-208412.nc,8.448296546936035,OK,True,True,True,True,60,2080-01-16T12:00:00.000000000,2084-12-16T12:00:00.000000000,lat,lon,"(60, 192, 384)",,
MPI-ESM1-2-HR,ssp126,sfcWind,sfcWind_Amon_MPI-ESM1-2-HR_ssp126_r1i1p1f1_gn_208501-208912.nc,8.46520709991455,OK,True,True,True,True,60,2085-01-16T12:00:00.000000000,2089-12-16T12:00:00.000000000,lat,lon,"(60, 192, 384)",,
MPI-ESM1-2-HR,ssp126,sfcWind,sfcWind_Amon_MPI-ESM1-2-HR_ssp126_r1i1p1f1_gn_209001-209412.nc,8.475021362304688,OK,True,True,True,True,60,2090-01-16T12:00:00.000000000,2094-12-16T12:00:00.000000000,lat,lon,"(60, 192, 384)",,
MPI-ESM1-2-HR,ssp126,sfcWind,sfcWind_Amon_MPI-ESM1-2-HR_ssp126_r1i1p1f1_gn_209501-209912.nc,8.463519096374512,OK,True,True,True,True,60,2095-01-16T12:00:00.000000000,2099-12-16T12:00:00.000000000,lat,lon,"(60, 192, 384)",,
MPI-ESM1-2-HR,ssp126,sfcWind,sfcWind_Amon_MPI-ESM1-2-HR_ssp126_r1i1p1f1_gn_210001-210012.nc,1.7400989532470703,OK,True,True,True,True,12,2100-01-16T12:00:00.000000000,2100-12-16T12:00:00.000000000,lat,lon,"(12, 192, 384)",,
MPI-ESM1-2-HR,ssp126,tas,tas_Amon_MPI-ESM1-2-HR_ssp126_r1i1p1f1_gn_204001-204412.nc,6.761264801025391,OK,True,True,True,True,60,2040-01-16T12:00:00.000000000,2044-12-16T12:00:00.000000000,lat,lon,"(60, 192, 384)",,
MPI-ESM1-2-HR,ssp126,tas,tas_Amon_MPI-ESM1-2-HR_ssp126_r1i1p1f1_gn_204501-204912.nc,6.761435508728027,OK,True,True,True,True,60,2045-01-16T12:00:00.000000000,2049-12-16T12:00:00.000000000,lat,lon,"(60, 192, 384)",,
MPI-ESM1-2-HR,ssp126,tas,tas_Amon_MPI-ESM1-2-HR_ssp126_r1i1p1f1_gn_205001-205412.nc,6.758068084716797,OK,True,True,True,True,60,2050-01-16T12:00:00.000000000,2054-12-16T12:00:00.000000000,lat,lon,"(60, 192, 384)",,
MPI-ESM1-2-HR,ssp126,tas,tas_Amon_MPI-ESM1-2-HR_ssp126_r1i1p1f1_gn_205501-205912.nc,6.763289451599121,OK,True,True,True,True,60,2055-01-16T12:00:00.000000000,2059-12-16T12:00:00.000000000,lat,lon,"(60, 192, 384)",,
MPI-ESM1-2-HR,ssp126,tas,tas_Amon_MPI-ESM1-2-HR_ssp126_r1i1p1f1_gn_206001-206412.nc,6.7616376876831055,OK,True,True,True,True,60,2060-01-16T12:00:00.000000000,2064-12-16T12:00:00.000000000,lat,lon,"(60, 192, 384)",,
MPI-ESM1-2-HR,ssp126,tas,tas_Amon_MPI-ESM1-2-HR_ssp126_r1i1p1f1_gn_206501-206912.nc,6.761255264282227,OK,True,True,True,True,60,2065-01-16T12:00:00.000000000,2069-12-16T12:00:00.000000000,lat,lon,"(60, 192, 384)",,
MPI-ESM1-2-HR,ssp126,tas,tas_Amon_MPI-ESM1-2-HR_ssp126_r1i1p1f1_gn_207001-207412.nc,6.758946418762207,OK,True,True,True,True,60,2070-01-16T12:00:00.000000000,2074-12-16T12:00:00.000000000,lat,lon,"(60, 192, 384)",,
MPI-ESM1-2-HR,ssp126,tas,tas_Amon_MPI-ESM1-2-HR_ssp126_r1i1p1f1_gn_207501-207912.nc,6.761963844299316,OK,True,True,True,True,60,2075-01-16T12:00:00.000000000,2079-12-16T12:00:00.000000000,lat,lon,"(60, 192, 384)",,
MPI-ESM1-2-HR,ssp126,tas,tas_Amon_MPI-ESM1-2-HR_ssp126_r1i1p1f1_gn_208001-208412.nc,6.760344505310059,OK,True,True,True,True,60,2080-01-16T12:00:00.000000000,2084-12-16T12:00:00.000000000,lat,lon,"(60, 192, 384)",,
MPI-ESM1-2-HR,ssp126,tas,tas_Amon_MPI-ESM1-2-HR_ssp126_r1i1p1f1_gn_208501-208912.nc,6.761232376098633,OK,True,True,True,True,60,2085-01-16T12:00:00.000000000,2089-12-16T12:00:00.000000000,lat,lon,"(60, 192, 384)",,
MPI-ESM1-2-HR,ssp126,tas,tas_Amon_MPI-ESM1-2-HR_ssp126_r1i1p1f1_gn_209001-209412.nc,6.7598114013671875,OK,True,True,True,True,60,2090-01-16T12:00:00.000000000,2094-12-16T12:00:00.000000000,lat,lon,"(60, 192, 384)",,
MPI-ESM1-2-HR,ssp126,tas,tas_Amon_MPI-ESM1-2-HR_ssp126_r1i1p1f1_gn_209501-209912.nc,6.761312484741211,OK,True,True,True,True,60,2095-01-16T12:00:00.000000000,2099-12-16T12:00:00.000000000,lat,lon,"(60, 192, 384)",,
MPI-ESM1-2-HR,ssp126,tas,tas_Amon_MPI-ESM1-2-HR_ssp126_r1i1p1f1_gn_210001-210012.nc,1.399704933166504,OK,True,True,True,True,12,2100-01-16T12:00:00.000000000,2100-12-16T12:00:00.000000000,lat,lon,"(12, 192, 384)",,
MPI-ESM1-2-HR,ssp245,rsds,rsds_Amon_MPI-ESM1-2-HR_ssp245_r1i1p1f1_gn_204001-204412.nc,7.657168388366699,OK,True,True,True,True,60,2040-01-16T12:00:00.000000000,2044-12-16T12:00:00.000000000,lat,lon,"(60, 192, 384)",,
MPI-ESM1-2-HR,ssp245,rsds,rsds_Amon_MPI-ESM1-2-HR_ssp245_r1i1p1f1_gn_204501-204912.nc,7.685503959655762,OK,True,True,True,True,60,2045-01-16T12:00:00.000000000,2049-12-16T12:00:00.000000000,lat,lon,"(60, 192, 384)",,
MPI-ESM1-2-HR,ssp245,rsds,rsds_Amon_MPI-ESM1-2-HR_ssp245_r1i1p1f1_gn_205001-205412.nc,7.665121078491211,OK,True,True,True,True,60,2050-01-16T12:00:00.000000000,2054-12-16T12:00:00.000000000,lat,lon,"(60, 192, 384)",,
MPI-ESM1-2-HR,ssp245,rsds,rsds_Amon_MPI-ESM1-2-HR_ssp245_r1i1p1f1_gn_205501-205912.nc,7.688405990600586,OK,True,True,True,True,60,2055-01-16T12:00:00.000000000,2059-12-16T12:00:00.000000000,lat,lon,"(60, 192, 384)",,
MPI-ESM1-2-HR,ssp245,rsds,rsds_Amon_MPI-ESM1-2-HR_ssp245_r1i1p1f1_gn_206001-206412.nc,7.6654815673828125,OK,True,True,True,True,60,2060-01-16T12:00:00.000000000,2064-12-16T12:00:00.000000000,lat,lon,"(60, 192, 384)",,
MPI-ESM1-2-HR,ssp245,rsds,rsds_Amon_MPI-ESM1-2-HR_ssp245_r1i1p1f1_gn_206501-206912.nc,7.673364639282227,OK,True,True,True,True,60,2065-01-16T12:00:00.000000000,2069-12-16T12:00:00.000000000,lat,lon,"(60, 192, 384)",,
MPI-ESM1-2-HR,ssp245,rsds,rsds_Amon_MPI-ESM1-2-HR_ssp245_r1i1p1f1_gn_207001-207412.nc,7.70621395111084,OK,True,True,True,True,60,2070-01-16T12:00:00.000000000,2074-12-16T12:00:00.000000000,lat,lon,"(60, 192, 384)",,
MPI-ESM1-2-HR,ssp245,rsds,rsds_Amon_MPI-ESM1-2-HR_ssp245_r1i1p1f1_gn_207501-207912.nc,7.677577972412109,OK,True,True,True,True,60,2075-01-16T12:00:00.000000000,2079-12-16T12:00:00.000000000,lat,lon,"(60, 192, 384)",,
MPI-ESM1-2-HR,ssp245,rsds,rsds_Amon_MPI-ESM1-2-HR_ssp245_r1i1p1f1_gn_208001-208412.nc,7.693594932556152,OK,True,True,True,True,60,2080-01-16T12:00:00.000000000,2084-12-16T12:00:00.000000000,lat,lon,"(60, 192, 384)",,
MPI-ESM1-2-HR,ssp245,rsds,rsds_Amon_MPI-ESM1-2-HR_ssp245_r1i1p1f1_gn_208501-208912.nc,7.682927131652832,OK,True,True,True,True,60,2085-01-16T12:00:00.000000000,2089-12-16T12:00:00.000000000,lat,lon,"(60, 192, 384)",,
MPI-ESM1-2-HR,ssp245,rsds,rsds_Amon_MPI-ESM1-2-HR_ssp245_r1i1p1f1_gn_209001-209412.nc,7.6758928298950195,OK,True,True,True,True,60,2090-01-16T12:00:00.000000000,2094-12-16T12:00:00.000000000,lat,lon,"(60, 192, 384)",,
MPI-ESM1-2-HR,ssp245,rsds,rsds_Amon_MPI-ESM1-2-HR_ssp245_r1i1p1f1_gn_209501-209912.nc,7.679398536682129,OK,True,True,True,True,60,2095-01-16T12:00:00.000000000,2099-12-16T12:00:00.000000000,lat,lon,"(60, 192, 384)",,
MPI-ESM1-2-HR,ssp245,rsds,rsds_Amon_MPI-ESM1-2-HR_ssp245_r1i1p1f1_gn_210001-210012.nc,1.5871152877807617,OK,True,True,True,True,12,2100-01-16T12:00:00.000000000,2100-12-16T12:00:00.000000000,lat,lon,"(12, 192, 384)",,
MPI-ESM1-2-HR,ssp245,sfcWind,sfcWind_Amon_MPI-ESM1-2-HR_ssp245_r1i1p1f1_gn_204001-204412.nc,8.439456939697266,OK,True,True,True,True,60,2040-01-16T12:00:00.000000000,2044-12-16T12:00:00.000000000,lat,lon,"(60, 192, 384)",,
MPI-ESM1-2-HR,ssp245,sfcWind,sfcWind_Amon_MPI-ESM1-2-HR_ssp245_r1i1p1f1_gn_204501-204912.nc,8.437019348144531,OK,True,True,True,True,60,2045-01-16T12:00:00.000000000,2049-12-16T12:00:00.000000000,lat,lon,"(60, 192, 384)",,
MPI-ESM1-2-HR,ssp245,sfcWind,sfcWind_Amon_MPI-ESM1-2-HR_ssp245_r1i1p1f1_gn_205001-205412.nc,8.436175346374512,OK,True,True,True,True,60,2050-01-16T12:00:00.000000000,2054-12-16T12:00:00.000000000,lat,lon,"(60, 192, 384)",,
MPI-ESM1-2-HR,ssp245,sfcWind,sfcWind_Amon_MPI-ESM1-2-HR_ssp245_r1i1p1f1_gn_205501-205912.nc,8.431710243225098,OK,True,True,True,True,60,2055-01-16T12:00:00.000000000,2059-12-16T12:00:00.000000000,lat,lon,"(60, 192, 384)",,
MPI-ESM1-2-HR,ssp245,sfcWind,sfcWind_Amon_MPI-ESM1-2-HR_ssp245_r1i1p1f1_gn_206001-206412.nc,8.44563102722168,OK,True,True,True,True,60,2060-01-16T12:00:00.000000000,2064-12-16T12:00:00.000000000,lat,lon,"(60, 192, 384)",,
MPI-ESM1-2-HR,ssp245,sfcWind,sfcWind_Amon_MPI-ESM1-2-HR_ssp245_r1i1p1f1_gn_206501-206912.nc,8.463799476623535,OK,True,True,True,True,60,2065-01-16T12:00:00.000000000,2069-12-16T12:00:00.000000000,lat,lon,"(60, 192, 384)",,
MPI-ESM1-2-HR,ssp245,sfcWind,sfcWind_Amon_MPI-ESM1-2-HR_ssp245_r1i1p1f1_gn_207001-207412.nc,8.445632934570312,OK,True,True,True,True,60,2070-01-16T12:00:00.000000000,2074-12-16T12:00:00.000000000,lat,lon,"(60, 192, 384)",,
MPI-ESM1-2-HR,ssp245,sfcWind,sfcWind_Amon_MPI-ESM1-2-HR_ssp245_r1i1p1f1_gn_207501-207912.nc,8.433666229248047,OK,True,True,True,True,60,2075-01-16T12:00:00.000000000,2079-12-16T12:00:00.000000000,lat,lon,"(60, 192, 384)",,
MPI-ESM1-2-HR,ssp245,sfcWind,sfcWind_Amon_MPI-ESM1-2-HR_ssp245_r1i1p1f1_gn_208001-208412.nc,8.43779468536377,OK,True,True,True,True,60,2080-01-16T12:00:00.000000000,2084-12-16T12:00:00.000000000,lat,lon,"(60, 192, 384)",,
MPI-ESM1-2-HR,ssp245,sfcWind,sfcWind_Amon_MPI-ESM1-2-HR_ssp245_r1i1p1f1_gn_208501-208912.nc,8.434739112854004,OK,True,True,True,True,60,2085-01-16T12:00:00.000000000,2089-12-16T12:00:00.000000000,lat,lon,"(60, 192, 384)",,
MPI-ESM1-2-HR,ssp245,sfcWind,sfcWind_Amon_MPI-ESM1-2-HR_ssp245_r1i1p1f1_gn_209001-209412.nc,8.410811424255371,OK,True,True,True,True,60,2090-01-16T12:00:00.000000000,2094-12-16T12:00:00.000000000,lat,lon,"(60, 192, 384)",,
MPI-ESM1-2-HR,ssp245,sfcWind,sfcWind_Amon_MPI-ESM1-2-HR_ssp245_r1i1p1f1_gn_209501-209912.nc,8.441788673400879,OK,True,True,True,True,60,2095-01-16T12:00:00.000000000,2099-12-16T12:00:00.000000000,lat,lon,"(60, 192, 384)",,
MPI-ESM1-2-HR,ssp245,sfcWind,sfcWind_Amon_MPI-ESM1-2-HR_ssp245_r1i1p1f1_gn_210001-210012.nc,1.7327775955200195,OK,True,True,True,True,12,2100-01-16T12:00:00.000000000,2100-12-16T12:00:00.000000000,lat,lon,"(12, 192, 384)",,
MPI-ESM1-2-HR,ssp245,tas,tas_Amon_MPI-ESM1-2-HR_ssp245_r1i1p1f1_gn_204001-204412.nc,6.761866569519043,OK,True,True,True,True,60,2040-01-16T12:00:00.000000000,2044-12-16T12:00:00.000000000,lat,lon,"(60, 192, 384)",,
MPI-ESM1-2-HR,ssp245,tas,tas_Amon_MPI-ESM1-2-HR_ssp245_r1i1p1f1_gn_204501-204912.nc,6.755678176879883,OK,True,True,True,True,60,2045-01-16T12:00:00.000000000,2049-12-16T12:00:00.000000000,lat,lon,"(60, 192, 384)",,
MPI-ESM1-2-HR,ssp245,tas,tas_Amon_MPI-ESM1-2-HR_ssp245_r1i1p1f1_gn_205001-205412.nc,6.756322860717773,OK,True,True,True,True,60,2050-01-16T12:00:00.000000000,2054-12-16T12:00:00.000000000,lat,lon,"(60, 192, 384)",,
MPI-ESM1-2-HR,ssp245,tas,tas_Amon_MPI-ESM1-2-HR_ssp245_r1i1p1f1_gn_205501-205912.nc,6.7581329345703125,OK,True,True,True,True,60,2055-01-16T12:00:00.000000000,2059-12-16T12:00:00.000000000,lat,lon,"(60, 192, 384)",,
MPI-ESM1-2-HR,ssp245,tas,tas_Amon_MPI-ESM1-2-HR_ssp245_r1i1p1f1_gn_206001-206412.nc,6.756013870239258,OK,True,True,True,True,60,2060-01-16T12:00:00.000000000,2064-12-16T12:00:00.000000000,lat,lon,"(60, 192, 384)",,
MPI-ESM1-2-HR,ssp245,tas,tas_Amon_MPI-ESM1-2-HR_ssp245_r1i1p1f1_gn_206501-206912.nc,6.755104064941406,OK,True,True,True,True,60,2065-01-16T12:00:00.000000000,2069-12-16T12:00:00.000000000,lat,lon,"(60, 192, 384)",,
MPI-ESM1-2-HR,ssp245,tas,tas_Amon_MPI-ESM1-2-HR_ssp245_r1i1p1f1_gn_207001-207412.nc,6.754317283630371,OK,True,True,True,True,60,2070-01-16T12:00:00.000000000,2074-12-16T12:00:00.000000000,lat,lon,"(60, 192, 384)",,
MPI-ESM1-2-HR,ssp245,tas,tas_Amon_MPI-ESM1-2-HR_ssp245_r1i1p1f1_gn_207501-207912.nc,6.753023147583008,OK,True,True,True,True,60,2075-01-16T12:00:00.000000000,2079-12-16T12:00:00.000000000,lat,lon,"(60, 192, 384)",,
MPI-ESM1-2-HR,ssp245,tas,tas_Amon_MPI-ESM1-2-HR_ssp245_r1i1p1f1_gn_208001-208412.nc,6.751270294189453,OK,True,True,True,True,60,2080-01-16T12:00:00.000000000,2084-12-16T12:00:00.000000000,lat,lon,"(60, 192, 384)",,
MPI-ESM1-2-HR,ssp245,tas,tas_Amon_MPI-ESM1-2-HR_ssp245_r1i1p1f1_gn_208501-208912.nc,6.7533111572265625,OK,True,True,True,True,60,2085-01-16T12:00:00.000000000,2089-12-16T12:00:00.000000000,lat,lon,"(60, 192, 384)",,
MPI-ESM1-2-HR,ssp245,tas,tas_Amon_MPI-ESM1-2-HR_ssp245_r1i1p1f1_gn_209001-209412.nc,6.749545097351074,OK,True,True,True,True,60,2090-01-16T12:00:00.000000000,2094-12-16T12:00:00.000000000,lat,lon,"(60, 192, 384)",,
MPI-ESM1-2-HR,ssp245,tas,tas_Amon_MPI-ESM1-2-HR_ssp245_r1i1p1f1_gn_209501-209912.nc,6.751888275146484,OK,True,True,True,True,60,2095-01-16T12:00:00.000000000,2099-12-16T12:00:00.000000000,lat,lon,"(60, 192, 384)",,
MPI-ESM1-2-HR,ssp245,tas,tas_Amon_MPI-ESM1-2-HR_ssp245_r1i1p1f1_gn_210001-210012.nc,1.3992729187011719,OK,True,True,True,True,12,2100-01-16T12:00:00.000000000,2100-12-16T12:00:00.000000000,lat,lon,"(12, 192, 384)",,
MPI-ESM1-2-HR,ssp585,rsds,rsds_Amon_MPI-ESM1-2-HR_ssp585_r1i1p1f1_gn_204001-204412.nc,7.678318977355957,OK,True,True,True,True,60,2040-01-16T12:00:00.000000000,2044-12-16T12:00:00.000000000,lat,lon,"(60, 192, 384)",,
MPI-ESM1-2-HR,ssp585,rsds,rsds_Amon_MPI-ESM1-2-HR_ssp585_r1i1p1f1_gn_204501-204912.nc,7.666807174682617,OK,True,True,True,True,60,2045-01-16T12:00:00.000000000,2049-12-16T12:00:00.000000000,lat,lon,"(60, 192, 384)",,
MPI-ESM1-2-HR,ssp585,rsds,rsds_Amon_MPI-ESM1-2-HR_ssp585_r1i1p1f1_gn_205001-205412.nc,7.666912078857422,OK,True,True,True,True,60,2050-01-16T12:00:00.000000000,2054-12-16T12:00:00.000000000,lat,lon,"(60, 192, 384)",,
MPI-ESM1-2-HR,ssp585,rsds,rsds_Amon_MPI-ESM1-2-HR_ssp585_r1i1p1f1_gn_205501-205912.nc,7.684100151062012,OK,True,True,True,True,60,2055-01-16T12:00:00.000000000,2059-12-16T12:00:00.000000000,lat,lon,"(60, 192, 384)",,
MPI-ESM1-2-HR,ssp585,rsds,rsds_Amon_MPI-ESM1-2-HR_ssp585_r1i1p1f1_gn_206001-206412.nc,7.66680908203125,OK,True,True,True,True,60,2060-01-16T12:00:00.000000000,2064-12-16T12:00:00.000000000,lat,lon,"(60, 192, 384)",,
MPI-ESM1-2-HR,ssp585,rsds,rsds_Amon_MPI-ESM1-2-HR_ssp585_r1i1p1f1_gn_206501-206912.nc,7.689164161682129,OK,True,True,True,True,60,2065-01-16T12:00:00.000000000,2069-12-16T12:00:00.000000000,lat,lon,"(60, 192, 384)",,
MPI-ESM1-2-HR,ssp585,rsds,rsds_Amon_MPI-ESM1-2-HR_ssp585_r1i1p1f1_gn_207001-207412.nc,7.685919761657715,OK,True,True,True,True,60,2070-01-16T12:00:00.000000000,2074-12-16T12:00:00.000000000,lat,lon,"(60, 192, 384)",,
MPI-ESM1-2-HR,ssp585,rsds,rsds_Amon_MPI-ESM1-2-HR_ssp585_r1i1p1f1_gn_207501-207912.nc,7.661035537719727,OK,True,True,True,True,60,2075-01-16T12:00:00.000000000,2079-12-16T12:00:00.000000000,lat,lon,"(60, 192, 384)",,
MPI-ESM1-2-HR,ssp585,rsds,rsds_Amon_MPI-ESM1-2-HR_ssp585_r1i1p1f1_gn_208001-208412.nc,7.729632377624512,OK,True,True,True,True,60,2080-01-16T12:00:00.000000000,2084-12-16T12:00:00.000000000,lat,lon,"(60, 192, 384)",,
MPI-ESM1-2-HR,ssp585,rsds,rsds_Amon_MPI-ESM1-2-HR_ssp585_r1i1p1f1_gn_208501-208912.nc,7.686790466308594,OK,True,True,True,True,60,2085-01-16T12:00:00.000000000,2089-12-16T12:00:00.000000000,lat,lon,"(60, 192, 384)",,
MPI-ESM1-2-HR,ssp585,rsds,rsds_Amon_MPI-ESM1-2-HR_ssp585_r1i1p1f1_gn_209001-209412.nc,7.712190628051758,OK,True,True,True,True,60,2090-01-16T12:00:00.000000000,2094-12-16T12:00:00.000000000,lat,lon,"(60, 192, 384)",,
MPI-ESM1-2-HR,ssp585,rsds,rsds_Amon_MPI-ESM1-2-HR_ssp585_r1i1p1f1_gn_209501-209912.nc,7.7381486892700195,OK,True,True,True,True,60,2095-01-16T12:00:00.000000000,2099-12-16T12:00:00.000000000,lat,lon,"(60, 192, 384)",,
MPI-ESM1-2-HR,ssp585,rsds,rsds_Amon_MPI-ESM1-2-HR_ssp585_r1i1p1f1_gn_210001-210012.nc,1.5896024703979492,OK,True,True,True,True,12,2100-01-16T12:00:00.000000000,2100-12-16T12:00:00.000000000,lat,lon,"(12, 192, 384)",,
MPI-ESM1-2-HR,ssp585,sfcWind,sfcWind_Amon_MPI-ESM1-2-HR_ssp585_r1i1p1f1_gn_204001-204412.nc,8.445908546447754,OK,True,True,True,True,60,2040-01-16T12:00:00.000000000,2044-12-16T12:00:00.000000000,lat,lon,"(60, 192, 384)",,
MPI-ESM1-2-HR,ssp585,sfcWind,sfcWind_Amon_MPI-ESM1-2-HR_ssp585_r1i1p1f1_gn_204501-204912.nc,8.449889183044434,OK,True,True,True,True,60,2045-01-16T12:00:00.000000000,2049-12-16T12:00:00.000000000,lat,lon,"(60, 192, 384)",,
MPI-ESM1-2-HR,ssp585,sfcWind,sfcWind_Amon_MPI-ESM1-2-HR_ssp585_r1i1p1f1_gn_205001-205412.nc,8.43222427368164,OK,True,True,True,True,60,2050-01-16T12:00:00.000000000,2054-12-16T12:00:00.000000000,lat,lon,"(60, 192, 384)",,
MPI-ESM1-2-HR,ssp585,sfcWind,sfcWind_Amon_MPI-ESM1-2-HR_ssp585_r1i1p1f1_gn_205501-205912.nc,8.431580543518066,OK,True,True,True,True,60,2055-01-16T12:00:00.000000000,2059-12-16T12:00:00.000000000,lat,lon,"(60, 192, 384)",,
MPI-ESM1-2-HR,ssp585,sfcWind,sfcWind_Amon_MPI-ESM1-2-HR_ssp585_r1i1p1f1_gn_206001-206412.nc,8.435771942138672,OK,True,True,True,True,60,2060-01-16T12:00:00.000000000,2064-12-16T12:00:00.000000000,lat,lon,"(60, 192, 384)",,
MPI-ESM1-2-HR,ssp585,sfcWind,sfcWind_Amon_MPI-ESM1-2-HR_ssp585_r1i1p1f1_gn_206501-206912.nc,8.433053016662598,OK,True,True,True,True,60,2065-01-16T12:00:00.000000000,2069-12-16T12:00:00.000000000,lat,lon,"(60, 192, 384)",,
MPI-ESM1-2-HR,ssp585,sfcWind,sfcWind_Amon_MPI-ESM1-2-HR_ssp585_r1i1p1f1_gn_207001-207412.nc,8.429893493652344,OK,True,True,True,True,60,2070-01-16T12:00:00.000000000,2074-12-16T12:00:00.000000000,lat,lon,"(60, 192, 384)",,
MPI-ESM1-2-HR,ssp585,sfcWind,sfcWind_Amon_MPI-ESM1-2-HR_ssp585_r1i1p1f1_gn_207501-207912.nc,8.462690353393555,OK,True,True,True,True,60,2075-01-16T12:00:00.000000000,2079-12-16T12:00:00.000000000,lat,lon,"(60, 192, 384)",,
MPI-ESM1-2-HR,ssp585,sfcWind,sfcWind_Amon_MPI-ESM1-2-HR_ssp585_r1i1p1f1_gn_208001-208412.nc,8.449637413024902,OK,True,True,True,True,60,2080-01-16T12:00:00.000000000,2084-12-16T12:00:00.000000000,lat,lon,"(60, 192, 384)",,
MPI-ESM1-2-HR,ssp585,sfcWind,sfcWind_Amon_MPI-ESM1-2-HR_ssp585_r1i1p1f1_gn_208501-208912.nc,8.422654151916504,OK,True,True,True,True,60,2085-01-16T12:00:00.000000000,2089-12-16T12:00:00.000000000,lat,lon,"(60, 192, 384)",,
MPI-ESM1-2-HR,ssp585,sfcWind,sfcWind_Amon_MPI-ESM1-2-HR_ssp585_r1i1p1f1_gn_209001-209412.nc,8.437607765197754,OK,True,True,True,True,60,2090-01-16T12:00:00.000000000,2094-12-16T12:00:00.000000000,lat,lon,"(60, 192, 384)",,
MPI-ESM1-2-HR,ssp585,sfcWind,sfcWind_Amon_MPI-ESM1-2-HR_ssp585_r1i1p1f1_gn_209501-209912.nc,8.41116714477539,OK,True,True,True,True,60,2095-01-16T12:00:00.000000000,2099-12-16T12:00:00.000000000,lat,lon,"(60, 192, 384)",,
MPI-ESM1-2-HR,ssp585,sfcWind,sfcWind_Amon_MPI-ESM1-2-HR_ssp585_r1i1p1f1_gn_210001-210012.nc,1.737034797668457,OK,True,True,True,True,12,2100-01-16T12:00:00.000000000,2100-12-16T12:00:00.000000000,lat,lon,"(12, 192, 384)",,
MPI-ESM1-2-HR,ssp585,tas,tas_Amon_MPI-ESM1-2-HR_ssp585_r1i1p1f1_gn_204001-204412.nc,6.757566452026367,OK,True,True,True,True,60,2040-01-16T12:00:00.000000000,2044-12-16T12:00:00.000000000,lat,lon,"(60, 192, 384)",,
MPI-ESM1-2-HR,ssp585,tas,tas_Amon_MPI-ESM1-2-HR_ssp585_r1i1p1f1_gn_204501-204912.nc,6.755343437194824,OK,True,True,True,True,60,2045-01-16T12:00:00.000000000,2049-12-16T12:00:00.000000000,lat,lon,"(60, 192, 384)",,
MPI-ESM1-2-HR,ssp585,tas,tas_Amon_MPI-ESM1-2-HR_ssp585_r1i1p1f1_gn_205001-205412.nc,6.75263786315918,OK,True,True,True,True,60,2050-01-16T12:00:00.000000000,2054-12-16T12:00:00.000000000,lat,lon,"(60, 192, 384)",,
MPI-ESM1-2-HR,ssp585,tas,tas_Amon_MPI-ESM1-2-HR_ssp585_r1i1p1f1_gn_205501-205912.nc,6.749792098999023,OK,True,True,True,True,60,2055-01-16T12:00:00.000000000,2059-12-16T12:00:00.000000000,lat,lon,"(60, 192, 384)",,
MPI-ESM1-2-HR,ssp585,tas,tas_Amon_MPI-ESM1-2-HR_ssp585_r1i1p1f1_gn_206001-206412.nc,6.750337600708008,OK,True,True,True,True,60,2060-01-16T12:00:00.000000000,2064-12-16T12:00:00.000000000,lat,lon,"(60, 192, 384)",,
MPI-ESM1-2-HR,ssp585,tas,tas_Amon_MPI-ESM1-2-HR_ssp585_r1i1p1f1_gn_206501-206912.nc,6.748478889465332,OK,True,True,True,True,60,2065-01-16T12:00:00.000000000,2069-12-16T12:00:00.000000000,lat,lon,"(60, 192, 384)",,
MPI-ESM1-2-HR,ssp585,tas,tas_Amon_MPI-ESM1-2-HR_ssp585_r1i1p1f1_gn_207001-207412.nc,6.745617866516113,OK,True,True,True,True,60,2070-01-16T12:00:00.000000000,2074-12-16T12:00:00.000000000,lat,lon,"(60, 192, 384)",,
MPI-ESM1-2-HR,ssp585,tas,tas_Amon_MPI-ESM1-2-HR_ssp585_r1i1p1f1_gn_207501-207912.nc,6.742826461791992,OK,True,True,True,True,60,2075-01-16T12:00:00.000000000,2079-12-16T12:00:00.000000000,lat,lon,"(60, 192, 384)",,
MPI-ESM1-2-HR,ssp585,tas,tas_Amon_MPI-ESM1-2-HR_ssp585_r1i1p1f1_gn_208001-208412.nc,6.742649078369141,OK,True,True,True,True,60,2080-01-16T12:00:00.000000000,2084-12-16T12:00:00.000000000,lat,lon,"(60, 192, 384)",,
MPI-ESM1-2-HR,ssp585,tas,tas_Amon_MPI-ESM1-2-HR_ssp585_r1i1p1f1_gn_208501-208912.nc,6.7421722412109375,OK,True,True,True,True,60,2085-01-16T12:00:00.000000000,2089-12-16T12:00:00.000000000,lat,lon,"(60, 192, 384)",,
MPI-ESM1-2-HR,ssp585,tas,tas_Amon_MPI-ESM1-2-HR_ssp585_r1i1p1f1_gn_209001-209412.nc,6.732326507568359,OK,True,True,True,True,60,2090-01-16T12:00:00.000000000,2094-12-16T12:00:00.000000000,lat,lon,"(60, 192, 384)",,
MPI-ESM1-2-HR,ssp585,tas,tas_Amon_MPI-ESM1-2-HR_ssp585_r1i1p1f1_gn_209501-209912.nc,6.734006881713867,OK,True,True,True,True,60,2095-01-16T12:00:00.000000000,2099-12-16T12:00:00.000000000,lat,lon,"(60, 192, 384)",,
MPI-ESM1-2-HR,ssp585,tas,tas_Amon_MPI-ESM1-2-HR_ssp585_r1i1p1f1_gn_210001-210012.nc,1.395380973815918,OK,True,True,True,True,12,2100-01-16T12:00:00.000000000,2100-12-16T12:00:00.000000000,lat,lon,"(12, 192, 384)",,
MPI-ESM1-2-LR,historical,rsds,rsds_Amon_MPI-ESM1-2-LR_historical_r1i1p1f1_gn_199001-200912.nc,8.442327499389648,OK,True,True,True,True,240,1990-01-16T12:00:00.000000000,2009-12-16T12:00:00.000000000,lat,lon,"(240, 96, 192)",,
MPI-ESM1-2-LR,historical,rsds,rsds_Amon_MPI-ESM1-2-LR_historical_r1i1p1f1_gn_201001-201412.nc,2.1449146270751953,OK,True,True,True,True,60,2010-01-16T12:00:00.000000000,2014-12-16T12:00:00.000000000,lat,lon,"(60, 96, 192)",,
MPI-ESM1-2-LR,historical,sfcWind,sfcWind_Amon_MPI-ESM1-2-LR_historical_r1i1p1f1_gn_199001-200912.nc,9.377270698547363,OK,True,True,True,True,240,1990-01-16T12:00:00.000000000,2009-12-16T12:00:00.000000000,lat,lon,"(240, 96, 192)",,
MPI-ESM1-2-LR,historical,sfcWind,sfcWind_Amon_MPI-ESM1-2-LR_historical_r1i1p1f1_gn_201001-201412.nc,2.3750696182250977,OK,True,True,True,True,60,2010-01-16T12:00:00.000000000,2014-12-16T12:00:00.000000000,lat,lon,"(60, 96, 192)",,
MPI-ESM1-2-LR,historical,tas,tas_Amon_MPI-ESM1-2-LR_historical_r1i1p1f1_gn_199001-200912.nc,7.657127380371094,OK,True,True,True,True,240,1990-01-16T12:00:00.000000000,2009-12-16T12:00:00.000000000,lat,lon,"(240, 96, 192)",,
MPI-ESM1-2-LR,historical,tas,tas_Amon_MPI-ESM1-2-LR_historical_r1i1p1f1_gn_201001-201412.nc,1.9455852508544922,OK,True,True,True,True,60,2010-01-16T12:00:00.000000000,2014-12-16T12:00:00.000000000,lat,lon,"(60, 96, 192)",,
MPI-ESM1-2-LR,ssp126,rsds,rsds_Amon_MPI-ESM1-2-LR_ssp126_r1i1p1f1_gn_203501-205412.nc,8.448639869689941,OK,True,True,True,True,240,2035-01-16T12:00:00.000000000,2054-12-16T12:00:00.000000000,lat,lon,"(240, 96, 192)",,
MPI-ESM1-2-LR,ssp126,rsds,rsds_Amon_MPI-ESM1-2-LR_ssp126_r1i1p1f1_gn_205501-207412.nc,8.443761825561523,OK,True,True,True,True,240,2055-01-16T12:00:00.000000000,2074-12-16T12:00:00.000000000,lat,lon,"(240, 96, 192)",,
MPI-ESM1-2-LR,ssp126,rsds,rsds_Amon_MPI-ESM1-2-LR_ssp126_r1i1p1f1_gn_207501-209412.nc,8.45215892791748,OK,True,True,True,True,240,2075-01-16T12:00:00.000000000,2094-12-16T12:00:00.000000000,lat,lon,"(240, 96, 192)",,
MPI-ESM1-2-LR,ssp126,rsds,rsds_Amon_MPI-ESM1-2-LR_ssp126_r1i1p1f1_gn_209501-210012.nc,2.5786170959472656,OK,True,True,True,True,72,2095-01-16T12:00:00.000000000,2100-12-16T12:00:00.000000000,lat,lon,"(72, 96, 192)",,
MPI-ESM1-2-LR,ssp126,sfcWind,sfcWind_Amon_MPI-ESM1-2-LR_ssp126_r1i1p1f1_gn_203501-205412.nc,9.363414764404297,OK,True,True,True,True,240,2035-01-16T12:00:00.000000000,2054-12-16T12:00:00.000000000,lat,lon,"(240, 96, 192)",,
MPI-ESM1-2-LR,ssp126,sfcWind,sfcWind_Amon_MPI-ESM1-2-LR_ssp126_r1i1p1f1_gn_205501-207412.nc,9.37732219696045,OK,True,True,True,True,240,2055-01-16T12:00:00.000000000,2074-12-16T12:00:00.000000000,lat,lon,"(240, 96, 192)",,
MPI-ESM1-2-LR,ssp126,sfcWind,sfcWind_Amon_MPI-ESM1-2-LR_ssp126_r1i1p1f1_gn_207501-209412.nc,9.37351131439209,OK,True,True,True,True,240,2075-01-16T12:00:00.000000000,2094-12-16T12:00:00.000000000,lat,lon,"(240, 96, 192)",,
MPI-ESM1-2-LR,ssp126,sfcWind,sfcWind_Amon_MPI-ESM1-2-LR_ssp126_r1i1p1f1_gn_209501-210012.nc,2.8565664291381836,OK,True,True,True,True,72,2095-01-16T12:00:00.000000000,2100-12-16T12:00:00.000000000,lat,lon,"(72, 96, 192)",,
MPI-ESM1-2-LR,ssp126,tas,tas_Amon_MPI-ESM1-2-LR_ssp126_r1i1p1f1_gn_203501-205412.nc,7.652271270751953,OK,True,True,True,True,240,2035-01-16T12:00:00.000000000,2054-12-16T12:00:00.000000000,lat,lon,"(240, 96, 192)",,
MPI-ESM1-2-LR,ssp126,tas,tas_Amon_MPI-ESM1-2-LR_ssp126_r1i1p1f1_gn_205501-207412.nc,7.651497840881348,OK,True,True,True,True,240,2055-01-16T12:00:00.000000000,2074-12-16T12:00:00.000000000,lat,lon,"(240, 96, 192)",,
MPI-ESM1-2-LR,ssp126,tas,tas_Amon_MPI-ESM1-2-LR_ssp126_r1i1p1f1_gn_207501-209412.nc,7.6512556076049805,OK,True,True,True,True,240,2075-01-16T12:00:00.000000000,2094-12-16T12:00:00.000000000,lat,lon,"(240, 96, 192)",,
MPI-ESM1-2-LR,ssp126,tas,tas_Amon_MPI-ESM1-2-LR_ssp126_r1i1p1f1_gn_209501-210012.nc,2.3394222259521484,OK,True,True,True,True,72,2095-01-16T12:00:00.000000000,2100-12-16T12:00:00.000000000,lat,lon,"(72, 96, 192)",,
MPI-ESM1-2-LR,ssp245,rsds,rsds_Amon_MPI-ESM1-2-LR_ssp245_r1i1p1f1_gn_203501-205412.nc,8.453784942626953,OK,True,True,True,True,240,2035-01-16T12:00:00.000000000,2054-12-16T12:00:00.000000000,lat,lon,"(240, 96, 192)",,
MPI-ESM1-2-LR,ssp245,rsds,rsds_Amon_MPI-ESM1-2-LR_ssp245_r1i1p1f1_gn_205501-207412.nc,8.450285911560059,OK,True,True,True,True,240,2055-01-16T12:00:00.000000000,2074-12-16T12:00:00.000000000,lat,lon,"(240, 96, 192)",,
MPI-ESM1-2-LR,ssp245,rsds,rsds_Amon_MPI-ESM1-2-LR_ssp245_r1i1p1f1_gn_207501-209412.nc,8.455395698547363,OK,True,True,True,True,240,2075-01-16T12:00:00.000000000,2094-12-16T12:00:00.000000000,lat,lon,"(240, 96, 192)",,
MPI-ESM1-2-LR,ssp245,rsds,rsds_Amon_MPI-ESM1-2-LR_ssp245_r1i1p1f1_gn_209501-210012.nc,2.581376075744629,OK,True,True,True,True,72,2095-01-16T12:00:00.000000000,2100-12-16T12:00:00.000000000,lat,lon,"(72, 96, 192)",,
MPI-ESM1-2-LR,ssp245,sfcWind,sfcWind_Amon_MPI-ESM1-2-LR_ssp245_r1i1p1f1_gn_203501-205412.nc,9.363524436950684,OK,True,True,True,True,240,2035-01-16T12:00:00.000000000,2054-12-16T12:00:00.000000000,lat,lon,"(240, 96, 192)",,
MPI-ESM1-2-LR,ssp245,sfcWind,sfcWind_Amon_MPI-ESM1-2-LR_ssp245_r1i1p1f1_gn_205501-207412.nc,9.364990234375,OK,True,True,True,True,240,2055-01-16T12:00:00.000000000,2074-12-16T12:00:00.000000000,lat,lon,"(240, 96, 192)",,
MPI-ESM1-2-LR,ssp245,sfcWind,sfcWind_Amon_MPI-ESM1-2-LR_ssp245_r1i1p1f1_gn_207501-209412.nc,9.355388641357422,OK,True,True,True,True,240,2075-01-16T12:00:00.000000000,2094-12-16T12:00:00.000000000,lat,lon,"(240, 96, 192)",,
MPI-ESM1-2-LR,ssp245,sfcWind,sfcWind_Amon_MPI-ESM1-2-LR_ssp245_r1i1p1f1_gn_209501-210012.nc,2.8541030883789062,OK,True,True,True,True,72,2095-01-16T12:00:00.000000000,2100-12-16T12:00:00.000000000,lat,lon,"(72, 96, 192)",,
MPI-ESM1-2-LR,ssp245,tas,tas_Amon_MPI-ESM1-2-LR_ssp245_r1i1p1f1_gn_203501-205412.nc,7.653794288635254,OK,True,True,True,True,240,2035-01-16T12:00:00.000000000,2054-12-16T12:00:00.000000000,lat,lon,"(240, 96, 192)",,
MPI-ESM1-2-LR,ssp245,tas,tas_Amon_MPI-ESM1-2-LR_ssp245_r1i1p1f1_gn_205501-207412.nc,7.648593902587891,OK,True,True,True,True,240,2055-01-16T12:00:00.000000000,2074-12-16T12:00:00.000000000,lat,lon,"(240, 96, 192)",,
MPI-ESM1-2-LR,ssp245,tas,tas_Amon_MPI-ESM1-2-LR_ssp245_r1i1p1f1_gn_207501-209412.nc,7.640885353088379,OK,True,True,True,True,240,2075-01-16T12:00:00.000000000,2094-12-16T12:00:00.000000000,lat,lon,"(240, 96, 192)",,
MPI-ESM1-2-LR,ssp245,tas,tas_Amon_MPI-ESM1-2-LR_ssp245_r1i1p1f1_gn_209501-210012.nc,2.3371448516845703,OK,True,True,True,True,72,2095-01-16T12:00:00.000000000,2100-12-16T12:00:00.000000000,lat,lon,"(72, 96, 192)",,
MPI-ESM1-2-LR,ssp585,rsds,rsds_Amon_MPI-ESM1-2-LR_ssp585_r1i1p1f1_gn_203501-205412.nc,8.4558744430542,OK,True,True,True,True,240,2035-01-16T12:00:00.000000000,2054-12-16T12:00:00.000000000,lat,lon,"(240, 96, 192)",,
MPI-ESM1-2-LR,ssp585,rsds,rsds_Amon_MPI-ESM1-2-LR_ssp585_r1i1p1f1_gn_205501-207412.nc,8.44122314453125,OK,True,True,True,True,240,2055-01-16T12:00:00.000000000,2074-12-16T12:00:00.000000000,lat,lon,"(240, 96, 192)",,
MPI-ESM1-2-LR,ssp585,rsds,rsds_Amon_MPI-ESM1-2-LR_ssp585_r1i1p1f1_gn_207501-209412.nc,8.469892501831055,OK,True,True,True,True,240,2075-01-16T12:00:00.000000000,2094-12-16T12:00:00.000000000,lat,lon,"(240, 96, 192)",,
MPI-ESM1-2-LR,ssp585,rsds,rsds_Amon_MPI-ESM1-2-LR_ssp585_r1i1p1f1_gn_209501-210012.nc,2.5859222412109375,OK,True,True,True,True,72,2095-01-16T12:00:00.000000000,2100-12-16T12:00:00.000000000,lat,lon,"(72, 96, 192)",,
MPI-ESM1-2-LR,ssp585,sfcWind,sfcWind_Amon_MPI-ESM1-2-LR_ssp585_r1i1p1f1_gn_203501-205412.nc,9.374152183532715,OK,True,True,True,True,240,2035-01-16T12:00:00.000000000,2054-12-16T12:00:00.000000000,lat,lon,"(240, 96, 192)",,
MPI-ESM1-2-LR,ssp585,sfcWind,sfcWind_Amon_MPI-ESM1-2-LR_ssp585_r1i1p1f1_gn_205501-207412.nc,9.353411674499512,OK,True,True,True,True,240,2055-01-16T12:00:00.000000000,2074-12-16T12:00:00.000000000,lat,lon,"(240, 96, 192)",,
MPI-ESM1-2-LR,ssp585,sfcWind,sfcWind_Amon_MPI-ESM1-2-LR_ssp585_r1i1p1f1_gn_207501-209412.nc,9.343027114868164,OK,True,True,True,True,240,2075-01-16T12:00:00.000000000,2094-12-16T12:00:00.000000000,lat,lon,"(240, 96, 192)",,
MPI-ESM1-2-LR,ssp585,sfcWind,sfcWind_Amon_MPI-ESM1-2-LR_ssp585_r1i1p1f1_gn_209501-210012.nc,2.8459205627441406,OK,True,True,True,True,72,2095-01-16T12:00:00.000000000,2100-12-16T12:00:00.000000000,lat,lon,"(72, 96, 192)",,
MPI-ESM1-2-LR,ssp585,tas,tas_Amon_MPI-ESM1-2-LR_ssp585_r1i1p1f1_gn_203501-205412.nc,7.650725364685059,OK,True,True,True,True,240,2035-01-16T12:00:00.000000000,2054-12-16T12:00:00.000000000,lat,lon,"(240, 96, 192)",,
MPI-ESM1-2-LR,ssp585,tas,tas_Amon_MPI-ESM1-2-LR_ssp585_r1i1p1f1_gn_205501-207412.nc,7.640528678894043,OK,True,True,True,True,240,2055-01-16T12:00:00.000000000,2074-12-16T12:00:00.000000000,lat,lon,"(240, 96, 192)",,
MPI-ESM1-2-LR,ssp585,tas,tas_Amon_MPI-ESM1-2-LR_ssp585_r1i1p1f1_gn_207501-209412.nc,7.632055282592773,OK,True,True,True,True,240,2075-01-16T12:00:00.000000000,2094-12-16T12:00:00.000000000,lat,lon,"(240, 96, 192)",,
MPI-ESM1-2-LR,ssp585,tas,tas_Amon_MPI-ESM1-2-LR_ssp585_r1i1p1f1_gn_209501-210012.nc,2.3325271606445312,OK,True,True,True,True,72,2095-01-16T12:00:00.000000000,2100-12-16T12:00:00.000000000,lat,lon,"(72, 96, 192)",,
MRI-ESM2-0,historical,rsds,rsds_Amon_MRI-ESM2-0_historical_r1i1p1f1_gn_185001-201412.nc,256.93659019470215,OK,True,True,True,True,1980,1850-01-16T12:00:00.000000000,2014-12-16T12:00:00.000000000,lat,lon,"(1980, 160, 320)",,
MRI-ESM2-0,historical,sfcWind,sfcWind_Amon_MRI-ESM2-0_historical_r1i1p1f1_gn_185001-201412.nc,282.84927463531494,OK,True,True,True,True,1980,1850-01-16T12:00:00.000000000,2014-12-16T12:00:00.000000000,lat,lon,"(1980, 160, 320)",,
MRI-ESM2-0,historical,tas,tas_Amon_MRI-ESM2-0_historical_r1i1p1f1_gn_185001-201412.nc,214.95004558563232,OK,True,True,True,True,1980,1850-01-16T12:00:00.000000000,2014-12-16T12:00:00.000000000,lat,lon,"(1980, 160, 320)",,
MRI-ESM2-0,ssp126,rsds,rsds_Amon_MRI-ESM2-0_ssp126_r1i1p1f1_gn_201501-210012.nc,134.09487438201904,OK,True,True,True,True,1032,2015-01-16T12:00:00.000000000,2100-12-16T12:00:00.000000000,lat,lon,"(1032, 160, 320)",,
MRI-ESM2-0,ssp126,sfcWind,sfcWind_Amon_MRI-ESM2-0_ssp126_r1i1p1f1_gn_201501-210012.nc,147.33855819702148,OK,True,True,True,True,1032,2015-01-16T12:00:00.000000000,2100-12-16T12:00:00.000000000,lat,lon,"(1032, 160, 320)",,
MRI-ESM2-0,ssp126,tas,tas_Amon_MRI-ESM2-0_ssp126_r1i1p1f1_gn_201501-210012.nc,111.7642936706543,OK,True,True,True,True,1032,2015-01-16T12:00:00.000000000,2100-12-16T12:00:00.000000000,lat,lon,"(1032, 160, 320)",,
MRI-ESM2-0,ssp245,rsds,rsds_Amon_MRI-ESM2-0_ssp245_r1i1p1f1_gn_201501-210012.nc,134.25960540771484,OK,True,True,True,True,1032,2015-01-16T12:00:00.000000000,2100-12-16T12:00:00.000000000,lat,lon,"(1032, 160, 320)",,
MRI-ESM2-0,ssp245,sfcWind,sfcWind_Amon_MRI-ESM2-0_ssp245_r1i1p1f1_gn_201501-210012.nc,147.3204288482666,OK,True,True,True,True,1032,2015-01-16T12:00:00.000000000,2100-12-16T12:00:00.000000000,lat,lon,"(1032, 160, 320)",,
MRI-ESM2-0,ssp245,tas,tas_Amon_MRI-ESM2-0_ssp245_r1i1p1f1_gn_201501-210012.nc,111.6555404663086,OK,True,True,True,True,1032,2015-01-16T12:00:00.000000000,2100-12-16T12:00:00.000000000,lat,lon,"(1032, 160, 320)",,
MRI-ESM2-0,ssp585,rsds,rsds_Amon_MRI-ESM2-0_ssp585_r1i1p1f1_gn_201501-210012.nc,134.3782844543457,OK,True,True,True,True,1032,2015-01-16T12:00:00.000000000,2100-12-16T12:00:00.000000000,lat,lon,"(1032, 160, 320)",,
MRI-ESM2-0,ssp585,sfcWind,sfcWind_Amon_MRI-ESM2-0_ssp585_r1i1p1f1_gn_201501-210012.nc,147.26897430419922,OK,True,True,True,True,1032,2015-01-16T12:00:00.000000000,2100-12-16T12:00:00.000000000,lat,lon,"(1032, 160, 320)",,
MRI-ESM2-0,ssp585,tas,tas_Amon_MRI-ESM2-0_ssp585_r1i1p1f1_gn_201501-210012.nc,111.54754257202148,OK,True,True,True,True,1032,2015-01-16T12:00:00.000000000,2100-12-16T12:00:00.000000000,lat,lon,"(1032, 160, 320)",,
TaiESM1,historical,rsds,rsds_Amon_TaiESM1_historical_r1i1p1f1_gn_185001-201412.nc,281.28857231140137,OK,True,True,True,True,1980,1850-01-16 12:00:00,2014-12-16 12:00:00,lat,lon,"(1980, 192, 288)",,
TaiESM1,historical,sfcWind,sfcWind_Amon_TaiESM1_historical_r1i1p1f1_gn_185001-201412.nc,304.5418243408203,OK,True,True,True,True,1980,1850-01-16 12:00:00,2014-12-16 12:00:00,lat,lon,"(1980, 192, 288)",,
TaiESM1,historical,tas,tas_Amon_TaiESM1_historical_r1i1p1f1_gn_185001-201412.nc,231.79634189605713,OK,True,True,True,True,1980,1850-01-16 12:00:00,2014-12-16 12:00:00,lat,lon,"(1980, 192, 288)",,
TaiESM1,ssp126,rsds,rsds_Amon_TaiESM1_ssp126_r1i1p1f1_gn_201501-210012.nc,146.58622455596924,OK,True,True,True,True,1032,2015-01-16 12:00:00,2100-12-16 12:00:00,lat,lon,"(1032, 192, 288)",,
TaiESM1,ssp126,sfcWind,sfcWind_Amon_TaiESM1_ssp126_r1i1p1f1_gn_201501-210012.nc,158.5583953857422,OK,True,True,True,True,1032,2015-01-16 12:00:00,2100-12-16 12:00:00,lat,lon,"(1032, 192, 288)",,
TaiESM1,ssp126,tas,tas_Amon_TaiESM1_ssp126_r1i1p1f1_gn_201501-210012.nc,120.40275382995605,OK,True,True,True,True,1032,2015-01-16 12:00:00,2100-12-16 12:00:00,lat,lon,"(1032, 192, 288)",,
TaiESM1,ssp245,rsds,rsds_Amon_TaiESM1_ssp245_r1i1p1f1_gn_201501-210012.nc,146.75646305084229,OK,True,True,True,True,1032,2015-01-16 12:00:00,2100-12-16 12:00:00,lat,lon,"(1032, 192, 288)",,
TaiESM1,ssp245,sfcWind,sfcWind_Amon_TaiESM1_ssp245_r1i1p1f1_gn_201501-210012.nc,158.5177764892578,OK,True,True,True,True,1032,2015-01-16 12:00:00,2100-12-16 12:00:00,lat,lon,"(1032, 192, 288)",,
TaiESM1,ssp245,tas,tas_Amon_TaiESM1_ssp245_r1i1p1f1_gn_201501-210012.nc,120.33292293548584,OK,True,True,True,True,1032,2015-01-16 12:00:00,2100-12-16 12:00:00,lat,lon,"(1032, 192, 288)",,
TaiESM1,ssp585,rsds,rsds_Amon_TaiESM1_ssp585_r1i1p1f1_gn_201501-210012.nc,146.84054565429688,OK,True,True,True,True,1032,2015-01-16 12:00:00,2100-12-16 12:00:00,lat,lon,"(1032, 192, 288)",,
TaiESM1,ssp585,sfcWind,sfcWind_Amon_TaiESM1_ssp585_r1i1p1f1_gn_201501-210012.nc,158.4262809753418,OK,True,True,True,True,1032,2015-01-16 12:00:00,2100-12-16 12:00:00,lat,lon,"(1032, 192, 288)",,
TaiESM1,ssp585,tas,tas_Amon_TaiESM1_ssp585_r1i1p1f1_gn_201501-210012.nc,120.11930656433105,OK,True,True,True,True,1032,2015-01-16 12:00:00,2100-12-16 12:00:00,lat,lon,"(1032, 192, 288)",,
