model,scenario,method,year,month,year_month,segment,variable,unit,qc_region,area_weighted_spatial_mean,historical_same_month_mean,historical_same_month_std,historical_same_month_n,anomaly_from_historical_same_month,standardized_anomaly_z,absolute_z_gt_3_warning
ACCESS-CM2,ssp126,paper_qm,2017,8,2017-08,future_corrected,tas_c,degree_Celsius,china_mask,20.286958980352583,19.144379495780747,0.37036562351049046,21,1.1425794845718364,3.085004147366483,True
ACCESS-CM2,ssp126,paper_qm,2017,8,2017-08,future_corrected,tcell,degree_Celsius,china_mask,28.673471738706855,27.243551931103823,0.4137435927847579,21,1.4299198076030315,3.456053054450367,True
ACCESS-CM2,ssp126,paper_qm,2020,9,2020-09,future_corrected,tcell,degree_Celsius,china_mask,23.471616079757528,21.914119874304163,0.4992712725406304,21,1.557496205453365,3.1195389983640944,True
ACCESS-CM2,ssp126,optimized,2017,8,2017-08,future_corrected,tas_c,degree_Celsius,china_mask,20.62026225356111,19.144379495780747,0.37036562351049046,21,1.4758827577803615,3.9849345190066154,True
ACCESS-CM2,ssp126,optimized,2017,8,2017-08,future_corrected,tcell,degree_Celsius,china_mask,28.891822683482943,27.243551931103823,0.4137435927847579,21,1.6482707523791191,3.983797649373147,True
ACCESS-CM2,ssp126,optimized,2019,8,2019-08,future_corrected,tcell,degree_Celsius,china_mask,28.502026654380614,27.243551931103823,0.4137435927847579,21,1.258474723276791,3.0416778536833755,True
ACCESS-CM2,ssp126,optimized,2020,9,2020-09,future_corrected,tcell,degree_Celsius,china_mask,23.50235207028196,21.914119874304163,0.4992712725406304,21,1.588232195977799,3.1811007028219302,True
ACCESS-CM2,ssp245,paper_qm,2015,8,2015-08,future_corrected,tas_c,degree_Celsius,china_mask,20.686193849189632,19.144379495780747,0.37036562351049046,21,1.5418143534088848,4.162952108769926,True
ACCESS-CM2,ssp245,paper_qm,2019,8,2019-08,future_corrected,tas_c,degree_Celsius,china_mask,20.487346696558664,19.144379495780747,0.37036562351049046,21,1.3429672007779168,3.6260579155502475,True
ACCESS-CM2,ssp245,paper_qm,2018,1,2018-01,future_corrected,rsds,W m-2,china_mask,131.94930163453918,122.61111996016251,2.9962165401039282,21,9.33818167437667,3.116657808067758,True
ACCESS-CM2,ssp245,paper_qm,2018,12,2018-12,future_corrected,rsds,W m-2,china_mask,123.27712030281633,111.61478664364947,3.250104257760003,21,11.662333659166862,3.588295246628375,True
ACCESS-CM2,ssp245,paper_qm,2018,9,2018-09,future_corrected,sfcWind_10m,m s-1,china_mask,0.7489467365927601,1.0371201916246182,0.09111282396504479,21,-0.2881734550318581,-3.1628199246948503,True
ACCESS-CM2,ssp245,paper_qm,2015,8,2015-08,future_corrected,tcell,degree_Celsius,china_mask,28.50240551904079,27.243551931103823,0.4137435927847579,21,1.2588535879369651,3.042593552842906,True
ACCESS-CM2,ssp245,paper_qm,2018,9,2018-09,future_corrected,tcell,degree_Celsius,china_mask,23.589694447195765,21.914119874304163,0.4992712725406304,21,1.6755745728916018,3.356040423405784,True
ACCESS-CM2,ssp245,paper_qm,2019,8,2019-08,future_corrected,tcell,degree_Celsius,china_mask,28.91863355424321,27.243551931103823,0.4137435927847579,21,1.6750816231393877,4.0485983404963966,True
ACCESS-CM2,ssp245,paper_qm,2018,12,2018-12,future_corrected,pvpot,W m-2,china_mask,137.46562234436067,125.53064610180806,3.3939045814245072,21,11.934976242552608,3.5165915706278335,True
ACCESS-CM2,ssp245,paper_qm,2018,9,2018-09,future_corrected,wind_speed_hub,m s-1,china_mask,1.7924892059252904,2.341023114260824,0.17085937050373265,21,-0.5485339083355338,-3.210440883156305,True
ACCESS-CM2,ssp245,optimized,2015,8,2015-08,future_corrected,tas_c,degree_Celsius,china_mask,20.927752365665082,19.144379495780747,0.37036562351049046,21,1.7833728698843352,4.815168462398676,True
ACCESS-CM2,ssp245,optimized,2016,8,2016-08,future_corrected,tas_c,degree_Celsius,china_mask,20.302564439182028,19.144379495780747,0.37036562351049046,21,1.158184943401281,3.1271394262336982,True
ACCESS-CM2,ssp245,optimized,2017,8,2017-08,future_corrected,tas_c,degree_Celsius,china_mask,20.331346167816612,19.144379495780747,0.37036562351049046,21,1.1869666720358651,3.2048510895402926,True
ACCESS-CM2,ssp245,optimized,2019,8,2019-08,future_corrected,tas_c,degree_Celsius,china_mask,20.815163382174944,19.144379495780747,0.37036562351049046,21,1.6707838863941973,4.511174310827671,True
ACCESS-CM2,ssp245,optimized,2020,8,2020-08,future_corrected,tas_c,degree_Celsius,china_mask,20.257000927512554,19.144379495780747,0.37036562351049046,21,1.1126214317318066,3.004116367998425,True
ACCESS-CM2,ssp245,optimized,2018,1,2018-01,future_corrected,rsds,W m-2,china_mask,131.94930163453918,122.61111996016251,2.9962165401039282,21,9.33818167437667,3.116657808067758,True
ACCESS-CM2,ssp245,optimized,2018,12,2018-12,future_corrected,rsds,W m-2,china_mask,123.27712030281633,111.61478664364947,3.250104257760003,21,11.662333659166862,3.588295246628375,True
ACCESS-CM2,ssp245,optimized,2015,8,2015-08,future_corrected,tcell,degree_Celsius,china_mask,28.588472547504097,27.243551931103823,0.4137435927847579,21,1.3449206164002732,3.250613761407399,True
ACCESS-CM2,ssp245,optimized,2018,9,2018-09,future_corrected,tcell,degree_Celsius,china_mask,23.573540672733788,21.914119874304163,0.4992712725406304,21,1.6594207984296254,3.32368571895869,True
ACCESS-CM2,ssp245,optimized,2019,8,2019-08,future_corrected,tcell,degree_Celsius,china_mask,29.085910340707137,27.243551931103823,0.4137435927847579,21,1.8423584096033139,4.452898949330111,True
ACCESS-CM2,ssp245,optimized,2018,12,2018-12,future_corrected,pvpot,W m-2,china_mask,137.67957464763234,125.53064610180806,3.3939045814245072,21,12.148928545824276,3.579631735175379,True
ACCESS-CM2,ssp585,paper_qm,2019,5,2019-05,future_corrected,tas_c,degree_Celsius,china_mask,15.809078803627036,13.50674482065826,0.6488694388114633,21,2.3023339829687757,3.54822379550803,True
ACCESS-CM2,ssp585,paper_qm,2019,8,2019-08,future_corrected,tas_c,degree_Celsius,china_mask,21.502713877410248,19.144379495780747,0.37036562351049046,21,2.3583343816295006,6.3675844406836575,True
ACCESS-CM2,ssp585,paper_qm,2019,9,2019-09,future_corrected,tas_c,degree_Celsius,china_mask,15.992552976247874,14.54505374350355,0.4521842764500932,21,1.447499232744324,3.2011268594034847,True
ACCESS-CM2,ssp585,paper_qm,2015,4,2015-04,future_corrected,sfcWind_10m,m s-1,china_mask,0.8731932010843382,1.3247535707262827,0.13734616252998058,21,-0.45156036964194457,-3.287753813604918,True
ACCESS-CM2,ssp585,paper_qm,2019,5,2019-05,future_corrected,tcell,degree_Celsius,china_mask,25.247757516532232,22.508927522296897,0.7436438926362994,21,2.738829994235335,3.682985930975485,True
ACCESS-CM2,ssp585,paper_qm,2019,8,2019-08,future_corrected,tcell,degree_Celsius,china_mask,29.693012179096996,27.243551931103823,0.4137435927847579,21,2.449460247993173,5.920237293601927,True
ACCESS-CM2,ssp585,paper_qm,2015,4,2015-04,future_corrected,wind_speed_hub,m s-1,china_mask,2.0248695382288977,2.8396732126085484,0.23990246576972507,21,-0.8148036743796507,-3.3963955800344108,True
ACCESS-CM2,ssp585,optimized,2016,8,2016-08,future_corrected,tas_c,degree_Celsius,china_mask,20.532982793200045,19.144379495780747,0.37036562351049046,21,1.3886032974192979,3.749276955721476,True
ACCESS-CM2,ssp585,optimized,2017,8,2017-08,future_corrected,tas_c,degree_Celsius,china_mask,20.415307254947624,19.144379495780747,0.37036562351049046,21,1.2709277591668773,3.431548930271815,True
ACCESS-CM2,ssp585,optimized,2019,5,2019-05,future_corrected,tas_c,degree_Celsius,china_mask,15.8213544262716,13.50674482065826,0.6488694388114633,21,2.31460960561334,3.5671422741885013,True
ACCESS-CM2,ssp585,optimized,2019,8,2019-08,future_corrected,tas_c,degree_Celsius,china_mask,21.62742481540455,19.144379495780747,0.37036562351049046,21,2.483045319623802,6.704308288896771,True
ACCESS-CM2,ssp585,optimized,2019,9,2019-09,future_corrected,tas_c,degree_Celsius,china_mask,16.185638056891786,14.54505374350355,0.4521842764500932,21,1.6405843133882367,3.6281321550315013,True
ACCESS-CM2,ssp585,optimized,2020,8,2020-08,future_corrected,tas_c,degree_Celsius,china_mask,20.302645420124385,19.144379495780747,0.37036562351049046,21,1.1582659243436382,3.1273580775804124,True
ACCESS-CM2,ssp585,optimized,2017,8,2017-08,future_corrected,tcell,degree_Celsius,china_mask,28.674606053245608,27.243551931103823,0.4137435927847579,21,1.4310541221417843,3.4587946426188223,True
ACCESS-CM2,ssp585,optimized,2019,5,2019-05,future_corrected,tcell,degree_Celsius,china_mask,25.20656639584465,22.508927522296897,0.7436438926362994,21,2.697638873547753,3.62759500919765,True
ACCESS-CM2,ssp585,optimized,2019,8,2019-08,future_corrected,tcell,degree_Celsius,china_mask,29.67915484136733,27.243551931103823,0.4137435927847579,21,2.435602910263505,5.886744720009671,True
ACCESS-CM2,ssp585,optimized,2015,4,2015-04,future_corrected,wind_speed_hub,m s-1,china_mask,2.1112343757012244,2.8396732126085484,0.23990246576972507,21,-0.728438836907324,-3.0363957893060167,True
ACCESS-ESM1-5,ssp126,paper_qm,2017,10,2017-10,future_corrected,tas_c,degree_Celsius,china_mask,10.035172299310954,7.786231500739474,0.6832784757449473,21,2.24894079857148,3.2913971073354285,True
ACCESS-ESM1-5,ssp126,paper_qm,2018,10,2018-10,future_corrected,tas_c,degree_Celsius,china_mask,10.118285187351352,7.786231500739474,0.6832784757449473,21,2.3320536866118786,3.4130354890359267,True
ACCESS-ESM1-5,ssp126,paper_qm,2014,1,2014-01,historical_qm,rsds,W m-2,china_mask,109.77802709012934,122.9990964946452,4.230524060568999,21,-13.221069404515859,-3.1251611420306276,True
ACCESS-ESM1-5,ssp126,paper_qm,2019,6,2019-06,future_corrected,sfcWind_10m,m s-1,china_mask,1.4714898461955026,1.100050759886922,0.0816493716380823,21,0.3714390863085806,4.5491971200343775,True
ACCESS-ESM1-5,ssp126,paper_qm,2020,4,2020-04,future_corrected,sfcWind_10m,m s-1,china_mask,1.887262212377255,1.3326244650518058,0.1324728305913509,21,0.5546377473254493,4.186803775910722,True
ACCESS-ESM1-5,ssp126,paper_qm,2020,8,2020-08,future_corrected,sfcWind_10m,m s-1,china_mask,1.3050150278082537,1.0001404689758635,0.09184073237661756,21,0.30487455883239023,3.3196006928839625,True
ACCESS-ESM1-5,ssp126,paper_qm,2016,7,2016-07,future_corrected,tcell,degree_Celsius,china_mask,29.932165769014176,28.17462532164433,0.4894973363704423,21,1.7575404473698448,3.5905005334692395,True
ACCESS-ESM1-5,ssp126,paper_qm,2017,10,2017-10,future_corrected,tcell,degree_Celsius,china_mask,16.83286786684653,14.34158115497891,0.8288873537227647,21,2.4912867118676214,3.0055793476382004,True
ACCESS-ESM1-5,ssp126,paper_qm,2018,5,2018-05,future_corrected,tcell,degree_Celsius,china_mask,24.206688534346107,22.474434118273454,0.560821235873353,21,1.732254416072653,3.0887817815512215,True
ACCESS-ESM1-5,ssp126,paper_qm,2018,10,2018-10,future_corrected,tcell,degree_Celsius,china_mask,17.216588831437154,14.34158115497891,0.8288873537227647,21,2.875007676458244,3.4685143446160462,True
ACCESS-ESM1-5,ssp126,paper_qm,2020,4,2020-04,future_corrected,tcell,degree_Celsius,china_mask,13.676001634741878,16.831002753653927,0.8896384295565022,21,-3.1550011189120486,-3.5463858283245058,True
ACCESS-ESM1-5,ssp126,paper_qm,2014,1,2014-01,historical_qm,pvpot,W m-2,china_mask,124.83341792225625,139.5258978142923,4.683320747706122,21,-14.692479892036062,-3.137192749232988,True
ACCESS-ESM1-5,ssp126,paper_qm,2019,6,2019-06,future_corrected,wind_speed_hub,m s-1,china_mask,3.0971883393967587,2.4467938185857725,0.14905581573613838,21,0.6503945208109863,4.363429347582974,True
ACCESS-ESM1-5,ssp126,paper_qm,2020,4,2020-04,future_corrected,wind_speed_hub,m s-1,china_mask,3.781899343119066,2.8445942372847117,0.23394684835818272,21,0.9373051058343544,4.006487424012226,True
ACCESS-ESM1-5,ssp126,paper_qm,2020,8,2020-08,future_corrected,wind_speed_hub,m s-1,china_mask,2.8177346719649106,2.2578385428787597,0.1714281643535056,21,0.5598961290861508,3.2660685086236896,True
ACCESS-ESM1-5,ssp126,paper_qm,2019,6,2019-06,future_corrected,wpd,W m-2,china_mask,32.84903059851283,17.80441594889437,2.8444050269226135,21,15.044614649618463,5.289195633961933,True
ACCESS-ESM1-5,ssp126,paper_qm,2020,4,2020-04,future_corrected,wpd,W m-2,china_mask,59.17628008999114,28.06503551859425,5.71002105293455,21,31.111244571396888,5.448534126753857,True
ACCESS-ESM1-5,ssp126,paper_qm,2020,6,2020-06,future_corrected,wpd,W m-2,china_mask,26.511716584609207,17.80441594889437,2.8444050269226135,21,8.707300635714837,3.0612028010424877,True
ACCESS-ESM1-5,ssp126,paper_qm,2020,8,2020-08,future_corrected,wpd,W m-2,china_mask,25.397795699796408,16.01055733671984,2.881395399827309,21,9.387238363076566,3.2578792773942697,True
ACCESS-ESM1-5,ssp126,optimized,2016,7,2016-07,future_corrected,tas_c,degree_Celsius,china_mask,21.567856214896985,20.098791917515783,0.48565886509823786,21,1.4690642973812018,3.0248892853712106,True
ACCESS-ESM1-5,ssp126,optimized,2016,9,2016-09,future_corrected,tas_c,degree_Celsius,china_mask,16.28358052041388,14.640813904728352,0.469998630115509,21,1.6427666156855292,3.495258305926967,True
ACCESS-ESM1-5,ssp126,optimized,2017,8,2017-08,future_corrected,tas_c,degree_Celsius,china_mask,20.47574661901323,19.22494982438563,0.39156833571417954,21,1.2507967946276004,3.194325691188176,True
ACCESS-ESM1-5,ssp126,optimized,2018,10,2018-10,future_corrected,tas_c,degree_Celsius,china_mask,9.938240906925493,7.786231500739474,0.6832784757449473,21,2.1520094061860195,3.1495349005978595,True
ACCESS-ESM1-5,ssp126,optimized,2019,8,2019-08,future_corrected,tas_c,degree_Celsius,china_mask,20.53883265641502,19.22494982438563,0.39156833571417954,21,1.3138828320293925,3.3554368731910054,True
ACCESS-ESM1-5,ssp126,optimized,2020,8,2020-08,future_corrected,tas_c,degree_Celsius,china_mask,20.53680615012933,19.22494982438563,0.39156833571417954,21,1.311856325743701,3.350261515275521,True
ACCESS-ESM1-5,ssp126,optimized,2014,1,2014-01,historical_qm,rsds,W m-2,china_mask,109.77802709012934,122.9990964946452,4.230524060568999,21,-13.221069404515859,-3.1251611420306276,True
ACCESS-ESM1-5,ssp126,optimized,2019,6,2019-06,future_corrected,sfcWind_10m,m s-1,china_mask,1.441915014701692,1.100050759886922,0.0816493716380823,21,0.3418642548147699,4.186979617309389,True
ACCESS-ESM1-5,ssp126,optimized,2020,4,2020-04,future_corrected,sfcWind_10m,m s-1,china_mask,1.864726746812824,1.3326244650518058,0.1324728305913509,21,0.5321022817610181,4.016689908306065,True
ACCESS-ESM1-5,ssp126,optimized,2020,8,2020-08,future_corrected,sfcWind_10m,m s-1,china_mask,1.2835593772737566,1.0001404689758635,0.09184073237661756,21,0.28341890829789307,3.08598266764313,True
ACCESS-ESM1-5,ssp126,optimized,2016,7,2016-07,future_corrected,tcell,degree_Celsius,china_mask,30.297637447082135,28.17462532164433,0.4894973363704423,21,2.1230121254378034,4.337127023365758,True
ACCESS-ESM1-5,ssp126,optimized,2016,9,2016-09,future_corrected,tcell,degree_Celsius,china_mask,23.770175615791867,22.05645982295196,0.47085872372980536,21,1.7137157928399063,3.639554088039567,True
ACCESS-ESM1-5,ssp126,optimized,2017,8,2017-08,future_corrected,tcell,degree_Celsius,china_mask,28.87105982161558,27.278814936404242,0.4647254633197508,21,1.5922448852113398,3.426205385513399,True
ACCESS-ESM1-5,ssp126,optimized,2018,10,2018-10,future_corrected,tcell,degree_Celsius,china_mask,16.981614168781366,14.34158115497891,0.8288873537227647,21,2.640033013802457,3.1850323230838677,True
ACCESS-ESM1-5,ssp126,optimized,2020,4,2020-04,future_corrected,tcell,degree_Celsius,china_mask,13.599659761223094,16.831002753653927,0.8896384295565022,21,-3.2313429924308323,-3.6321980762923025,True
ACCESS-ESM1-5,ssp126,optimized,2014,1,2014-01,historical_qm,pvpot,W m-2,china_mask,124.83341792225625,139.5258978142923,4.683320747706122,21,-14.692479892036062,-3.137192749232988,True
ACCESS-ESM1-5,ssp126,optimized,2019,6,2019-06,future_corrected,wind_speed_hub,m s-1,china_mask,3.04928298629626,2.4467938185857725,0.14905581573613838,21,0.6024891677104875,4.042037304851131,True
ACCESS-ESM1-5,ssp126,optimized,2020,4,2020-04,future_corrected,wind_speed_hub,m s-1,china_mask,3.7414596828334856,2.8445942372847117,0.23394684835818272,21,0.8968654455487739,3.8336290992714472,True
ACCESS-ESM1-5,ssp126,optimized,2020,8,2020-08,future_corrected,wind_speed_hub,m s-1,china_mask,2.777010586060992,2.2578385428787597,0.1714281643535056,21,0.5191720431822322,3.02851077674516,True
ACCESS-ESM1-5,ssp126,optimized,2019,6,2019-06,future_corrected,wpd,W m-2,china_mask,31.408901250884668,17.80441594889437,2.8444050269226135,21,13.604485301990298,4.78289314398699,True
ACCESS-ESM1-5,ssp126,optimized,2020,4,2020-04,future_corrected,wpd,W m-2,china_mask,58.77607821702892,28.06503551859425,5.71002105293455,21,30.711042698434667,5.378446491480333,True
ACCESS-ESM1-5,ssp126,optimized,2020,8,2020-08,future_corrected,wpd,W m-2,china_mask,24.846211420600312,16.01055733671984,2.881395399827309,21,8.83565408388047,3.0664497085023523,True
ACCESS-ESM1-5,ssp245,paper_qm,2016,3,2016-03,future_corrected,tas_c,degree_Celsius,china_mask,4.306136873080933,1.3081606722152366,0.9375029349480579,21,2.997976200865697,3.197831269756824,True
ACCESS-ESM1-5,ssp245,paper_qm,2020,5,2020-05,future_corrected,tas_c,degree_Celsius,china_mask,15.262939767177071,13.611123322927204,0.5215216641785448,21,1.6518164442498673,3.1673016821873805,True
ACCESS-ESM1-5,ssp245,paper_qm,2014,1,2014-01,historical_qm,rsds,W m-2,china_mask,109.77802709012934,122.9990964946452,4.230524060568999,21,-13.221069404515859,-3.1251611420306276,True
ACCESS-ESM1-5,ssp245,paper_qm,2019,5,2019-05,future_corrected,sfcWind_10m,m s-1,china_mask,0.8691782690579292,1.2280961356666427,0.11869875113320505,21,-0.3589178666087135,-3.0237712122677003,True
ACCESS-ESM1-5,ssp245,paper_qm,2018,9,2018-09,future_corrected,tcell,degree_Celsius,china_mask,23.725658668516242,22.05645982295196,0.47085872372980536,21,1.6691988455642814,3.5450099179263037,True
ACCESS-ESM1-5,ssp245,paper_qm,2019,5,2019-05,future_corrected,tcell,degree_Celsius,china_mask,24.48851608868223,22.474434118273454,0.560821235873353,21,2.0140819704087747,3.591308319971684,True
ACCESS-ESM1-5,ssp245,paper_qm,2020,5,2020-05,future_corrected,tcell,degree_Celsius,china_mask,24.28642480601664,22.474434118273454,0.560821235873353,21,1.8119906877431866,3.2309594784181423,True
ACCESS-ESM1-5,ssp245,paper_qm,2014,1,2014-01,historical_qm,pvpot,W m-2,china_mask,124.83341792225625,139.5258978142923,4.683320747706122,21,-14.692479892036062,-3.137192749232988,True
ACCESS-ESM1-5,ssp245,paper_qm,2019,5,2019-05,future_corrected,wind_speed_hub,m s-1,china_mask,2.0165916062856635,2.66993911058312,0.20775455400306156,21,-0.6533475042974564,-3.1448047309125573,True
ACCESS-ESM1-5,ssp245,paper_qm,2019,1,2019-01,future_corrected,wpd,W m-2,china_mask,82.63640043387828,45.05151482706309,8.535015620677985,21,37.58488560681519,4.403610640823831,True
ACCESS-ESM1-5,ssp245,optimized,2017,8,2017-08,future_corrected,tas_c,degree_Celsius,china_mask,20.549140358044983,19.22494982438563,0.39156833571417954,21,1.3241905336593547,3.3817610181481355,True
ACCESS-ESM1-5,ssp245,optimized,2018,8,2018-08,future_corrected,tas_c,degree_Celsius,china_mask,20.597191529544332,19.22494982438563,0.39156833571417954,21,1.3722417051587037,3.5044756687383285,True
ACCESS-ESM1-5,ssp245,optimized,2018,9,2018-09,future_corrected,tas_c,degree_Celsius,china_mask,16.295154033300836,14.640813904728352,0.469998630115509,21,1.6543401285724837,3.5198828732030676,True
ACCESS-ESM1-5,ssp245,optimized,2020,5,2020-05,future_corrected,tas_c,degree_Celsius,china_mask,15.380475285536335,13.611123322927204,0.5215216641785448,21,1.7693519626091305,3.3926720290633727,True
ACCESS-ESM1-5,ssp245,optimized,2014,1,2014-01,historical_qm,rsds,W m-2,china_mask,109.77802709012934,122.9990964946452,4.230524060568999,21,-13.221069404515859,-3.1251611420306276,True
ACCESS-ESM1-5,ssp245,optimized,2016,7,2016-07,future_corrected,tcell,degree_Celsius,china_mask,29.800413911772015,28.17462532164433,0.4894973363704423,21,1.6257885901276836,3.3213430785603246,True
ACCESS-ESM1-5,ssp245,optimized,2016,9,2016-09,future_corrected,tcell,degree_Celsius,china_mask,23.624116375901515,22.05645982295196,0.47085872372980536,21,1.567656552949554,3.329356501100165,True
ACCESS-ESM1-5,ssp245,optimized,2017,9,2017-09,future_corrected,tcell,degree_Celsius,china_mask,23.60936767696793,22.05645982295196,0.47085872372980536,21,1.5529078540159702,3.2980335199376727,True
ACCESS-ESM1-5,ssp245,optimized,2018,8,2018-08,future_corrected,tcell,degree_Celsius,china_mask,28.72542868712363,27.278814936404242,0.4647254633197508,21,1.44661375071939,3.1128351357929755,True
ACCESS-ESM1-5,ssp245,optimized,2018,9,2018-09,future_corrected,tcell,degree_Celsius,china_mask,23.935884834846654,22.05645982295196,0.47085872372980536,21,1.8794250118946927,3.9914838935280517,True
ACCESS-ESM1-5,ssp245,optimized,2019,5,2019-05,future_corrected,tcell,degree_Celsius,china_mask,24.489017359154058,22.474434118273454,0.560821235873353,21,2.0145832408806044,3.592202135041024,True
ACCESS-ESM1-5,ssp245,optimized,2020,5,2020-05,future_corrected,tcell,degree_Celsius,china_mask,24.35747364281427,22.474434118273454,0.560821235873353,21,1.8830395245408162,3.3576466155180547,True
ACCESS-ESM1-5,ssp245,optimized,2014,1,2014-01,historical_qm,pvpot,W m-2,china_mask,124.83341792225625,139.5258978142923,4.683320747706122,21,-14.692479892036062,-3.137192749232988,True
ACCESS-ESM1-5,ssp245,optimized,2019,1,2019-01,future_corrected,wpd,W m-2,china_mask,82.09635319012685,45.05151482706309,8.535015620677985,21,37.04483836306376,4.340336328537507,True
ACCESS-ESM1-5,ssp585,paper_qm,2018,11,2018-11,future_corrected,tas_c,degree_Celsius,china_mask,2.562684970173456,0.13367522419358494,0.8064224969013678,21,2.4290097459798714,3.0120808327064315,True
ACCESS-ESM1-5,ssp585,paper_qm,2020,8,2020-08,future_corrected,tas_c,degree_Celsius,china_mask,20.464658427525567,19.22494982438563,0.39156833571417954,21,1.2397086031399382,3.166008305750361,True
ACCESS-ESM1-5,ssp585,paper_qm,2014,1,2014-01,historical_qm,rsds,W m-2,china_mask,109.77802709012934,122.9990964946452,4.230524060568999,21,-13.221069404515859,-3.1251611420306276,True
ACCESS-ESM1-5,ssp585,paper_qm,2015,10,2015-10,future_corrected,rsds,W m-2,china_mask,182.66499183662225,163.03702648524188,4.8126673498225125,21,19.627965351380368,4.078396432719214,True
ACCESS-ESM1-5,ssp585,paper_qm,2018,11,2018-11,future_corrected,tcell,degree_Celsius,china_mask,8.47420471948209,5.6930874348749105,0.8572801634319691,21,2.7811172846071797,3.2441171547390875,True
ACCESS-ESM1-5,ssp585,paper_qm,2014,1,2014-01,historical_qm,pvpot,W m-2,china_mask,124.83341792225625,139.5258978142923,4.683320747706122,21,-14.692479892036062,-3.137192749232988,True
ACCESS-ESM1-5,ssp585,paper_qm,2015,10,2015-10,future_corrected,pvpot,W m-2,china_mask,191.16796338828001,172.37885701017663,4.717204674303061,21,18.789106378103384,3.983101789171224,True
ACCESS-ESM1-5,ssp585,paper_qm,2018,8,2018-08,future_corrected,wpd,W m-2,china_mask,24.764185110576317,16.01055733671984,2.881395399827309,21,8.753627773856476,3.0379821437839136,True
ACCESS-ESM1-5,ssp585,paper_qm,2020,6,2020-06,future_corrected,wpd,W m-2,china_mask,27.27839539463656,17.80441594889437,2.8444050269226135,21,9.473979445742192,3.3307420553929243,True
ACCESS-ESM1-5,ssp585,optimized,2015,8,2015-08,future_corrected,tas_c,degree_Celsius,china_mask,20.655474106601854,19.22494982438563,0.39156833571417954,21,1.4305242822162256,3.653319616886538,True
ACCESS-ESM1-5,ssp585,optimized,2020,8,2020-08,future_corrected,tas_c,degree_Celsius,china_mask,20.809610665597727,19.22494982438563,0.39156833571417954,21,1.5846608412120986,4.046958593630518,True
ACCESS-ESM1-5,ssp585,optimized,2014,1,2014-01,historical_qm,rsds,W m-2,china_mask,109.77802709012934,122.9990964946452,4.230524060568999,21,-13.221069404515859,-3.1251611420306276,True
ACCESS-ESM1-5,ssp585,optimized,2015,10,2015-10,future_corrected,rsds,W m-2,china_mask,182.66499183662225,163.03702648524188,4.8126673498225125,21,19.627965351380368,4.078396432719214,True
ACCESS-ESM1-5,ssp585,optimized,2015,8,2015-08,future_corrected,tcell,degree_Celsius,china_mask,28.774921461339236,27.278814936404242,0.4647254633197508,21,1.4961065249349943,3.219334086511222,True
ACCESS-ESM1-5,ssp585,optimized,2019,8,2019-08,future_corrected,tcell,degree_Celsius,china_mask,28.7856023504161,27.278814936404242,0.4647254633197508,21,1.506787414011857,3.242317309768592,True
ACCESS-ESM1-5,ssp585,optimized,2020,8,2020-08,future_corrected,tcell,degree_Celsius,china_mask,28.876276308147787,27.278814936404242,0.4647254633197508,21,1.5974613717435453,3.4374302633045617,True
ACCESS-ESM1-5,ssp585,optimized,2014,1,2014-01,historical_qm,pvpot,W m-2,china_mask,124.83341792225625,139.5258978142923,4.683320747706122,21,-14.692479892036062,-3.137192749232988,True
ACCESS-ESM1-5,ssp585,optimized,2015,10,2015-10,future_corrected,pvpot,W m-2,china_mask,191.5926441200378,172.37885701017663,4.717204674303061,21,19.21378710986116,4.073129837788919,True
ACCESS-ESM1-5,ssp585,optimized,2020,6,2020-06,future_corrected,wpd,W m-2,china_mask,26.49890968592945,17.80441594889437,2.8444050269226135,21,8.694493737035081,3.0567003133311608,True
AWI-CM-1-1-MR,ssp126,paper_qm,2016,7,2016-07,future_corrected,tas_c,degree_Celsius,china_mask,21.544744868221446,20.08628126989444,0.39501865342896414,21,1.4584635983270076,3.6921385500831336,True
AWI-CM-1-1-MR,ssp126,paper_qm,2016,10,2016-10,future_corrected,tas_c,degree_Celsius,china_mask,9.88378702043333,7.579559820887213,0.5295528786448697,21,2.3042271995461165,4.351269330161426,True
AWI-CM-1-1-MR,ssp126,paper_qm,2017,9,2017-09,future_corrected,tas_c,degree_Celsius,china_mask,16.310596494626594,14.567791831547057,0.376512010306496,21,1.7428046630795375,4.628815589868764,True
AWI-CM-1-1-MR,ssp126,paper_qm,2018,8,2018-08,future_corrected,tas_c,degree_Celsius,china_mask,20.55090846005467,19.14992780354335,0.4097866523982541,21,1.4009806565113223,3.4188050008758437,True
AWI-CM-1-1-MR,ssp126,paper_qm,2019,5,2019-05,future_corrected,tas_c,degree_Celsius,china_mask,15.214997278337334,13.40127889757334,0.5043797976925241,21,1.8137183807639943,3.5959378013582906,True
AWI-CM-1-1-MR,ssp126,paper_qm,2017,4,2017-04,future_corrected,rsds,W m-2,china_mask,225.3857034752335,240.32822060874528,4.928903585267078,21,-14.942517133511785,-3.031610757852166,True
AWI-CM-1-1-MR,ssp126,paper_qm,2016,10,2016-10,future_corrected,tcell,degree_Celsius,china_mask,16.23772014558043,14.077298524526704,0.6440767712523991,21,2.1604216210537253,3.3542920929329787,True
AWI-CM-1-1-MR,ssp126,paper_qm,2018,8,2018-08,future_corrected,tcell,degree_Celsius,china_mask,28.51427045493602,27.146247079860853,0.3787059118361379,21,1.3680233750751682,3.6123633994578297,True
AWI-CM-1-1-MR,ssp126,paper_qm,2019,5,2019-05,future_corrected,tcell,degree_Celsius,china_mask,24.51930708915897,22.334130145610345,0.6464825096091156,21,2.185176943548626,3.380102185393779,True
AWI-CM-1-1-MR,ssp126,paper_qm,2017,4,2017-04,future_corrected,pvpot,W m-2,china_mask,234.94678140033912,251.88550305927305,4.924186592133824,21,-16.93872165893393,-3.4399024776991203,True
AWI-CM-1-1-MR,ssp126,optimized,2016,7,2016-07,future_corrected,tas_c,degree_Celsius,china_mask,21.650370633573942,20.08628126989444,0.39501865342896414,21,1.5640893636795035,3.959532923578183,True
AWI-CM-1-1-MR,ssp126,optimized,2016,10,2016-10,future_corrected,tas_c,degree_Celsius,china_mask,9.687305658857825,7.579559820887213,0.5295528786448697,21,2.1077458379706124,3.980236767599776,True
AWI-CM-1-1-MR,ssp126,optimized,2017,9,2017-09,future_corrected,tas_c,degree_Celsius,china_mask,16.282348328293647,14.567791831547057,0.376512010306496,21,1.7145564967465905,4.553789652953892,True
AWI-CM-1-1-MR,ssp126,optimized,2018,8,2018-08,future_corrected,tas_c,degree_Celsius,china_mask,20.695617656964163,19.14992780354335,0.4097866523982541,21,1.5456898534208143,3.77193801792896,True
AWI-CM-1-1-MR,ssp126,optimized,2019,5,2019-05,future_corrected,tas_c,degree_Celsius,china_mask,15.32530543026861,13.40127889757334,0.5043797976925241,21,1.9240265326952706,3.8146383766706298,True
AWI-CM-1-1-MR,ssp126,optimized,2017,4,2017-04,future_corrected,rsds,W m-2,china_mask,225.3857034752335,240.32822060874528,4.928903585267078,21,-14.942517133511785,-3.031610757852166,True
AWI-CM-1-1-MR,ssp126,optimized,2016,7,2016-07,future_corrected,tcell,degree_Celsius,china_mask,29.721503847064028,28.24990361679584,0.4855578503629398,21,1.4716002302681872,3.0307412992462393,True
AWI-CM-1-1-MR,ssp126,optimized,2016,10,2016-10,future_corrected,tcell,degree_Celsius,china_mask,16.010254598865604,14.077298524526704,0.6440767712523991,21,1.9329560743389003,3.0011268230964014,True
AWI-CM-1-1-MR,ssp126,optimized,2018,8,2018-08,future_corrected,tcell,degree_Celsius,china_mask,28.567040474489158,27.146247079860853,0.3787059118361379,21,1.420793394628305,3.7517064038943957,True
AWI-CM-1-1-MR,ssp126,optimized,2019,5,2019-05,future_corrected,tcell,degree_Celsius,china_mask,24.50138622305882,22.334130145610345,0.6464825096091156,21,2.1672560774484744,3.3523816116214316,True
AWI-CM-1-1-MR,ssp126,optimized,2017,4,2017-04,future_corrected,pvpot,W m-2,china_mask,234.97351653833968,251.88550305927305,4.924186592133824,21,-16.911986520933368,-3.434473126576791,True
AWI-CM-1-1-MR,ssp245,paper_qm,2019,9,2019-09,future_corrected,tas_c,degree_Celsius,china_mask,16.216328621855727,14.567791831547057,0.376512010306496,21,1.64853679030867,4.378444100539301,True
AWI-CM-1-1-MR,ssp245,paper_qm,2019,10,2019-10,future_corrected,tas_c,degree_Celsius,china_mask,9.85510010556011,7.579559820887213,0.5295528786448697,21,2.275540284672897,4.297097374857113,True
AWI-CM-1-1-MR,ssp245,paper_qm,2020,5,2020-05,future_corrected,tas_c,degree_Celsius,china_mask,14.952318508133509,13.40127889757334,0.5043797976925241,21,1.551039610560169,3.075142219525813,True
AWI-CM-1-1-MR,ssp245,paper_qm,2020,9,2020-09,future_corrected,tas_c,degree_Celsius,china_mask,16.016493722090956,14.567791831547057,0.376512010306496,21,1.4487018905438998,3.847691045405425,True
AWI-CM-1-1-MR,ssp245,paper_qm,2019,8,2019-08,future_corrected,tcell,degree_Celsius,china_mask,28.470866333333117,27.146247079860853,0.3787059118361379,21,1.3246192534722638,3.4977517172887778,True
AWI-CM-1-1-MR,ssp245,paper_qm,2019,9,2019-09,future_corrected,tcell,degree_Celsius,china_mask,23.75587245392273,21.793576708826976,0.4980822529777416,21,1.962295745095755,3.9397021944956676,True
AWI-CM-1-1-MR,ssp245,paper_qm,2019,10,2019-10,future_corrected,tcell,degree_Celsius,china_mask,16.017605742537423,14.077298524526704,0.6440767712523991,21,1.9403072180107195,3.0125402818639406,True
AWI-CM-1-1-MR,ssp245,paper_qm,2020,9,2020-09,future_corrected,tcell,degree_Celsius,china_mask,23.463760848790525,21.793576708826976,0.4980822529777416,21,1.670184139963549,3.3532295719803265,True
AWI-CM-1-1-MR,ssp245,optimized,2018,7,2018-07,future_corrected,tas_c,degree_Celsius,china_mask,21.403271639524853,20.08628126989444,0.39501865342896414,21,1.316990369630414,3.3339953903398314,True
AWI-CM-1-1-MR,ssp245,optimized,2019,8,2019-08,future_corrected,tas_c,degree_Celsius,china_mask,20.400883769704915,19.14992780354335,0.4097866523982541,21,1.2509559661615661,3.052700615894672,True
AWI-CM-1-1-MR,ssp245,optimized,2019,9,2019-09,future_corrected,tas_c,degree_Celsius,china_mask,16.277698802483805,14.567791831547057,0.376512010306496,21,1.709906970936748,4.541440708743433,True
AWI-CM-1-1-MR,ssp245,optimized,2019,10,2019-10,future_corrected,tas_c,degree_Celsius,china_mask,9.88128547711795,7.579559820887213,0.5295528786448697,21,2.3017256562307375,4.346545451930831,True
AWI-CM-1-1-MR,ssp245,optimized,2020,5,2020-05,future_corrected,tas_c,degree_Celsius,china_mask,15.013428496253264,13.40127889757334,0.5043797976925241,21,1.612149598679924,3.1963008947925973,True
AWI-CM-1-1-MR,ssp245,optimized,2020,9,2020-09,future_corrected,tas_c,degree_Celsius,china_mask,16.026299342087086,14.567791831547057,0.376512010306496,21,1.458507510540029,3.8737343580427748,True
AWI-CM-1-1-MR,ssp245,optimized,2019,8,2019-08,future_corrected,tcell,degree_Celsius,china_mask,28.610410609797864,27.146247079860853,0.3787059118361379,21,1.4641635299370108,3.8662283428269775,True
AWI-CM-1-1-MR,ssp245,optimized,2019,9,2019-09,future_corrected,tcell,degree_Celsius,china_mask,23.790513595606452,21.793576708826976,0.4980822529777416,21,1.9969368867794763,4.009251232785272,True
AWI-CM-1-1-MR,ssp245,optimized,2020,9,2020-09,future_corrected,tcell,degree_Celsius,china_mask,23.462790446685815,21.793576708826976,0.4980822529777416,21,1.6692137378588399,3.3512812951667925,True
AWI-CM-1-1-MR,ssp585,paper_qm,2015,10,2015-10,future_corrected,tas_c,degree_Celsius,china_mask,9.264103366672051,7.579559820887213,0.5295528786448697,21,1.6845435457848383,3.1810676775010642,True
AWI-CM-1-1-MR,ssp585,paper_qm,2016,10,2016-10,future_corrected,tas_c,degree_Celsius,china_mask,9.627719096333191,7.579559820887213,0.5295528786448697,21,2.048159275445978,3.8677143644034855,True
AWI-CM-1-1-MR,ssp585,paper_qm,2016,10,2016-10,future_corrected,tcell,degree_Celsius,china_mask,16.447906821652985,14.077298524526704,0.6440767712523991,21,2.3706082971262816,3.680630016382463,True
AWI-CM-1-1-MR,ssp585,paper_qm,2020,8,2020-08,future_corrected,pvpot,W m-2,china_mask,211.43397299187276,225.43321697237826,4.621589105268858,21,-13.999243980505497,-3.029097494743878,True
AWI-CM-1-1-MR,ssp585,paper_qm,2019,7,2019-07,future_corrected,wind_speed_hub,m s-1,china_mask,2.099968295420497,2.6500243525584506,0.18089368803000222,21,-0.5500560571379536,-3.0407697644304967,True
AWI-CM-1-1-MR,ssp585,optimized,2016,10,2016-10,future_corrected,tas_c,degree_Celsius,china_mask,9.455350811846609,7.579559820887213,0.5295528786448697,21,1.8757909909593957,3.5422165880007315,True
AWI-CM-1-1-MR,ssp585,optimized,2016,10,2016-10,future_corrected,tcell,degree_Celsius,china_mask,16.283090137081864,14.077298524526704,0.6440767712523991,21,2.20579161255516,3.424733992915202,True
AWI-CM-1-1-MR,ssp585,optimized,2020,8,2020-08,future_corrected,pvpot,W m-2,china_mask,211.32009126932496,225.43321697237826,4.621589105268858,21,-14.1131257030533,-3.0537387425817637,True
BCC-CSM2-MR,ssp126,paper_qm,2016,2,2016-02,future_corrected,tas_c,degree_Celsius,china_mask,-0.9989026117201699,-4.497779418881236,1.1344384826550065,21,3.498876807161066,3.0842367044640424,True
BCC-CSM2-MR,ssp126,paper_qm,2016,3,2016-03,future_corrected,tas_c,degree_Celsius,china_mask,4.142102397032817,1.0783868308755447,0.9836052399290208,21,3.0637155661572724,3.1147816642155717,True
BCC-CSM2-MR,ssp126,paper_qm,2017,1,2017-01,future_corrected,tas_c,degree_Celsius,china_mask,-5.447623118666032,-7.710247095853349,0.6719083299625466,21,2.2626239771873173,3.36745933379549,True
BCC-CSM2-MR,ssp126,paper_qm,2017,8,2017-08,future_corrected,tas_c,degree_Celsius,china_mask,20.126449802149388,19.078149425477992,0.31842964847215005,21,1.0483003766713956,3.292094130371407,True
BCC-CSM2-MR,ssp126,paper_qm,2018,2,2018-02,future_corrected,sfcWind_10m,m s-1,china_mask,2.0488653323694956,1.5626432264645955,0.1514508317453837,21,0.4862221059049001,3.210428759627597,True
BCC-CSM2-MR,ssp126,paper_qm,2020,7,2020-07,future_corrected,sfcWind_10m,m s-1,china_mask,1.577169919559229,1.166759608456906,0.09160236938722442,21,0.41041031110232296,4.480346019953082,True
BCC-CSM2-MR,ssp126,paper_qm,2012,7,2012-07,historical_qm,tcell,degree_Celsius,china_mask,29.504506929288826,28.114368127407367,0.4600849256828531,21,1.3901388018814593,3.0214830442841185,True
BCC-CSM2-MR,ssp126,paper_qm,2016,2,2016-02,future_corrected,tcell,degree_Celsius,china_mask,5.622133204741834,2.010376349179588,1.0598130872447968,21,3.611756855562246,3.407918716074506,True
BCC-CSM2-MR,ssp126,paper_qm,2016,3,2016-03,future_corrected,tcell,degree_Celsius,china_mask,11.933058223893095,8.668658465429994,0.948055900673761,21,3.2643997584631013,3.4432566224662167,True
BCC-CSM2-MR,ssp126,paper_qm,2017,1,2017-01,future_corrected,tcell,degree_Celsius,china_mask,0.18307097343749562,-2.0040140625538294,0.7237299309877508,21,2.187085035991325,3.021962948259413,True
BCC-CSM2-MR,ssp126,paper_qm,2018,2,2018-02,future_corrected,wind_speed_hub,m s-1,china_mask,4.043283064309576,3.2306328969760094,0.25711986927576486,21,0.8126501673335667,3.1605887542747126,True
BCC-CSM2-MR,ssp126,paper_qm,2020,7,2020-07,future_corrected,wind_speed_hub,m s-1,china_mask,3.2930932937485355,2.567953346254302,0.16485287681028732,21,0.7251399474942337,4.398709695122426,True
BCC-CSM2-MR,ssp126,paper_qm,2017,2,2017-02,future_corrected,wpd,W m-2,china_mask,82.80115518289185,43.638616824189036,10.05289380246573,21,39.16253835870281,3.8956482708588043,True
BCC-CSM2-MR,ssp126,paper_qm,2017,7,2017-07,future_corrected,wpd,W m-2,china_mask,33.39697453863065,20.35775152972713,3.552581373613499,21,13.039223008903523,3.6703516788528088,True
BCC-CSM2-MR,ssp126,paper_qm,2020,7,2020-07,future_corrected,wpd,W m-2,china_mask,36.6886245550453,20.35775152972713,3.552581373613499,21,16.330873025318173,4.596903295900375,True
BCC-CSM2-MR,ssp126,optimized,2016,3,2016-03,future_corrected,tas_c,degree_Celsius,china_mask,4.115219301038458,1.0783868308755447,0.9836052399290208,21,3.0368324701629135,3.0874504800137688,True
BCC-CSM2-MR,ssp126,optimized,2017,1,2017-01,future_corrected,tas_c,degree_Celsius,china_mask,-5.3027018273897495,-7.710247095853349,0.6719083299625466,21,2.4075452684635996,3.5831454397920632,True
BCC-CSM2-MR,ssp126,optimized,2017,8,2017-08,future_corrected,tas_c,degree_Celsius,china_mask,20.30411305536713,19.078149425477992,0.31842964847215005,21,1.2259636298891365,3.8500297813705613,True
BCC-CSM2-MR,ssp126,optimized,2018,8,2018-08,future_corrected,tas_c,degree_Celsius,china_mask,20.07826309209599,19.078149425477992,0.31842964847215005,21,1.0001136666179988,3.1407680516453826,True
BCC-CSM2-MR,ssp126,optimized,2018,2,2018-02,future_corrected,sfcWind_10m,m s-1,china_mask,2.0179242877197314,1.5626432264645955,0.1514508317453837,21,0.4552810612551359,3.006131138457832,True
BCC-CSM2-MR,ssp126,optimized,2020,7,2020-07,future_corrected,sfcWind_10m,m s-1,china_mask,1.544167976390287,1.166759608456906,0.09160236938722442,21,0.37740836793338084,4.120072116671877,True
BCC-CSM2-MR,ssp126,optimized,2012,7,2012-07,historical_qm,tcell,degree_Celsius,china_mask,29.504506929288826,28.114368127407367,0.4600849256828531,21,1.3901388018814593,3.0214830442841185,True
BCC-CSM2-MR,ssp126,optimized,2016,2,2016-02,future_corrected,tcell,degree_Celsius,china_mask,5.443528021863856,2.010376349179588,1.0598130872447968,21,3.4331516726842684,3.2393935440158184,True
BCC-CSM2-MR,ssp126,optimized,2016,3,2016-03,future_corrected,tcell,degree_Celsius,china_mask,11.900831974445445,8.668658465429994,0.948055900673761,21,3.2321735090154515,3.4092646928503076,True
BCC-CSM2-MR,ssp126,optimized,2017,1,2017-01,future_corrected,tcell,degree_Celsius,china_mask,0.35891421414659436,-2.0040140625538294,0.7237299309877508,21,2.3629282767004236,3.2649309853407407,True
BCC-CSM2-MR,ssp126,optimized,2020,7,2020-07,future_corrected,wind_speed_hub,m s-1,china_mask,3.237901686323492,2.567953346254302,0.16485287681028732,21,0.6699483400691904,4.063916584483793,True
BCC-CSM2-MR,ssp126,optimized,2017,2,2017-02,future_corrected,wpd,W m-2,china_mask,81.26188143596069,43.638616824189036,10.05289380246573,21,37.62326461177165,3.7425307927299083,True
BCC-CSM2-MR,ssp126,optimized,2017,7,2017-07,future_corrected,wpd,W m-2,china_mask,32.01037416109185,20.35775152972713,3.552581373613499,21,11.652622631364725,3.280043834580006,True
BCC-CSM2-MR,ssp126,optimized,2020,7,2020-07,future_corrected,wpd,W m-2,china_mask,35.022297065460776,20.35775152972713,3.552581373613499,21,14.664545535733648,4.127856336987334,True
BCC-CSM2-MR,ssp245,paper_qm,2012,7,2012-07,historical_qm,tcell,degree_Celsius,china_mask,29.504506929288826,28.114368127407367,0.4600849256828531,21,1.3901388018814593,3.0214830442841185,True
BCC-CSM2-MR,ssp245,optimized,2016,1,2016-01,future_corrected,tas_c,degree_Celsius,china_mask,-5.678967167293046,-7.710247095853349,0.6719083299625466,21,2.031279928560303,3.023150388198834,True
BCC-CSM2-MR,ssp245,optimized,2019,7,2019-07,future_corrected,tas_c,degree_Celsius,china_mask,21.207161994636113,19.955400885932644,0.38909995949658077,21,1.2517611087034695,3.21706820613141,True
BCC-CSM2-MR,ssp245,optimized,2015,7,2015-07,future_corrected,sfcWind_10m,m s-1,china_mask,0.8712916031553202,1.166759608456906,0.09160236938722442,21,-0.2954680053015859,-3.2255498114090724,True
BCC-CSM2-MR,ssp245,optimized,2012,7,2012-07,historical_qm,tcell,degree_Celsius,china_mask,29.504506929288826,28.114368127407367,0.4600849256828531,21,1.3901388018814593,3.0214830442841185,True
BCC-CSM2-MR,ssp245,optimized,2015,7,2015-07,future_corrected,wind_speed_hub,m s-1,china_mask,2.02213895804859,2.567953346254302,0.16485287681028732,21,-0.545814388205712,-3.3109181881844574,True
BCC-CSM2-MR,ssp585,paper_qm,2018,1,2018-01,future_corrected,tas_c,degree_Celsius,china_mask,-5.479527397083262,-7.710247095853349,0.6719083299625466,21,2.230719698770087,3.3199762516628293,True
BCC-CSM2-MR,ssp585,paper_qm,2020,1,2020-01,future_corrected,tas_c,degree_Celsius,china_mask,-4.867510258161278,-7.710247095853349,0.6719083299625466,21,2.8427368376920708,4.230840296101896,True
BCC-CSM2-MR,ssp585,paper_qm,2020,10,2020-10,future_corrected,tas_c,degree_Celsius,china_mask,9.643841101233438,7.64774608827864,0.6240429387287164,21,1.9960950129547976,3.198650107348685,True
BCC-CSM2-MR,ssp585,paper_qm,2020,2,2020-02,future_corrected,rsds,W m-2,china_mask,173.34409311623097,154.98218540080342,3.9133240600230508,21,18.36190771542755,4.692151080204534,True
BCC-CSM2-MR,ssp585,paper_qm,2015,2,2015-02,future_corrected,sfcWind_10m,m s-1,china_mask,2.0517034092731006,1.5626432264645955,0.1514508317453837,21,0.48906018280850505,3.22916802220475,True
BCC-CSM2-MR,ssp585,paper_qm,2012,7,2012-07,historical_qm,tcell,degree_Celsius,china_mask,29.504506929288826,28.114368127407367,0.4600849256828531,21,1.3901388018814593,3.0214830442841185,True
BCC-CSM2-MR,ssp585,paper_qm,2017,5,2017-05,future_corrected,tcell,degree_Celsius,china_mask,24.43135329288774,22.25989809675757,0.6766273505821829,21,2.171455196130168,3.209233552651703,True
BCC-CSM2-MR,ssp585,paper_qm,2018,1,2018-01,future_corrected,tcell,degree_Celsius,china_mask,0.32867124085207994,-2.0040140625538294,0.7237299309877508,21,2.3326853034059094,3.2231433350037726,True
BCC-CSM2-MR,ssp585,paper_qm,2019,1,2019-01,future_corrected,tcell,degree_Celsius,china_mask,-4.2796869093327645,-2.0040140625538294,0.7237299309877508,21,-2.275672846778935,-3.1443674626985283,True
BCC-CSM2-MR,ssp585,paper_qm,2020,1,2020-01,future_corrected,tcell,degree_Celsius,china_mask,0.43073284605753875,-2.0040140625538294,0.7237299309877508,21,2.434746908611368,3.364165007364572,True
BCC-CSM2-MR,ssp585,paper_qm,2020,2,2020-02,future_corrected,tcell,degree_Celsius,china_mask,5.229827802631703,2.010376349179588,1.0598130872447968,21,3.219451453452115,3.037754007946575,True
BCC-CSM2-MR,ssp585,paper_qm,2020,2,2020-02,future_corrected,pvpot,W m-2,china_mask,190.3231994564444,173.50260217074907,4.499391253426041,21,16.820597285695328,3.7384162297260457,True
BCC-CSM2-MR,ssp585,paper_qm,2015,2,2015-02,future_corrected,wind_speed_hub,m s-1,china_mask,4.0432154171439345,3.2306328969760094,0.25711986927576486,21,0.8125825201679251,3.160325658443838,True
BCC-CSM2-MR,ssp585,optimized,2017,5,2017-05,future_corrected,tas_c,degree_Celsius,china_mask,15.20596207008497,13.362798562195342,0.6078985818777983,21,1.8431635078896278,3.0320246877301424,True
BCC-CSM2-MR,ssp585,optimized,2018,1,2018-01,future_corrected,tas_c,degree_Celsius,china_mask,-5.151055649742296,-7.710247095853349,0.6719083299625466,21,2.559191446111053,3.8088401824899347,True
BCC-CSM2-MR,ssp585,optimized,2020,1,2020-01,future_corrected,tas_c,degree_Celsius,china_mask,-4.581553518254192,-7.710247095853349,0.6719083299625466,21,3.128693577599157,4.656429215237674,True
BCC-CSM2-MR,ssp585,optimized,2020,10,2020-10,future_corrected,tas_c,degree_Celsius,china_mask,9.580971585489962,7.64774608827864,0.6240429387287164,21,1.933225497211322,3.097904610778286,True
BCC-CSM2-MR,ssp585,optimized,2020,2,2020-02,future_corrected,rsds,W m-2,china_mask,173.34409311623097,154.98218540080342,3.9133240600230508,21,18.36190771542755,4.692151080204534,True
BCC-CSM2-MR,ssp585,optimized,2015,2,2015-02,future_corrected,sfcWind_10m,m s-1,china_mask,2.053135348683096,1.5626432264645955,0.1514508317453837,21,0.49049212221850036,3.2386228359782567,True
BCC-CSM2-MR,ssp585,optimized,2012,7,2012-07,historical_qm,tcell,degree_Celsius,china_mask,29.504506929288826,28.114368127407367,0.4600849256828531,21,1.3901388018814593,3.0214830442841185,True
BCC-CSM2-MR,ssp585,optimized,2017,5,2017-05,future_corrected,tcell,degree_Celsius,china_mask,24.73920562967792,22.25989809675757,0.6766273505821829,21,2.4793075329203482,3.6642141805043873,True
BCC-CSM2-MR,ssp585,optimized,2018,1,2018-01,future_corrected,tcell,degree_Celsius,china_mask,0.644913941100338,-2.0040140625538294,0.7237299309877508,21,2.6489280036541674,3.660105641946983,True
BCC-CSM2-MR,ssp585,optimized,2020,1,2020-01,future_corrected,tcell,degree_Celsius,china_mask,0.6787944836803812,-2.0040140625538294,0.7237299309877508,21,2.6828085462342104,3.706919434121921,True
BCC-CSM2-MR,ssp585,optimized,2020,2,2020-02,future_corrected,pvpot,W m-2,china_mask,190.41582590211266,173.50260217074907,4.499391253426041,21,16.913223731363587,3.759002669191102,True
BCC-CSM2-MR,ssp585,optimized,2015,2,2015-02,future_corrected,wind_speed_hub,m s-1,china_mask,4.047048510800941,3.2306328969760094,0.25711986927576486,21,0.8164156138249319,3.175233466493848,True
CAS-ESM2-0,ssp126,paper_qm,2016,9,2016-09,future_corrected,tas_c,degree_Celsius,china_mask,15.937001790255094,14.512454982152606,0.3513134680946452,21,1.4245468081024875,4.054916584406918,True
CAS-ESM2-0,ssp126,paper_qm,2017,9,2017-09,future_corrected,tas_c,degree_Celsius,china_mask,15.968806291873234,14.512454982152606,0.3513134680946452,21,1.4563513097206275,4.14544685012839,True
CAS-ESM2-0,ssp126,paper_qm,2016,2,2016-02,future_corrected,rsds,W m-2,china_mask,173.01236517727298,156.85036317697535,5.3386464485153535,21,16.162002000297633,3.027359491991119,True
CAS-ESM2-0,ssp126,paper_qm,2017,12,2017-12,future_corrected,rsds,W m-2,china_mask,94.54597227898655,109.32742148050568,3.422868272510754,21,-14.781449201519123,-4.318439397808489,True
CAS-ESM2-0,ssp126,paper_qm,2019,8,2019-08,future_corrected,sfcWind_10m,m s-1,china_mask,1.232383395659178,0.9848525713270251,0.07083350632827072,21,0.247530824332153,3.4945442794402473,True
CAS-ESM2-0,ssp126,paper_qm,2017,9,2017-09,future_corrected,tcell,degree_Celsius,china_mask,23.37908087556958,21.911647358865643,0.4392042865139834,21,1.467433516703938,3.3411183855948496,True
CAS-ESM2-0,ssp126,paper_qm,2016,2,2016-02,future_corrected,pvpot,W m-2,china_mask,193.01919332297263,175.6299082192214,5.776105380864925,21,17.389285103751234,3.0105553754885492,True
CAS-ESM2-0,ssp126,paper_qm,2017,12,2017-12,future_corrected,pvpot,W m-2,china_mask,107.38448263567678,123.3937364120261,3.7191950146484016,21,-16.009253776349325,-4.304494309466259,True
CAS-ESM2-0,ssp126,paper_qm,2019,8,2019-08,future_corrected,wind_speed_hub,m s-1,china_mask,2.687711575704545,2.2338577900351178,0.13916467829124873,21,0.45385378566942736,3.261271403362757,True
CAS-ESM2-0,ssp126,paper_qm,2016,5,2016-05,future_corrected,wpd,W m-2,china_mask,32.23745576889157,20.56227301906767,3.775091389001424,21,11.6751827498239,3.0926887714133415,True
CAS-ESM2-0,ssp126,paper_qm,2019,8,2019-08,future_corrected,wpd,W m-2,china_mask,22.643613926089326,15.258472555888185,1.641770310027045,21,7.385141370201142,4.498279281271377,True
CAS-ESM2-0,ssp126,optimized,2016,9,2016-09,future_corrected,tas_c,degree_Celsius,china_mask,15.747010412917694,14.512454982152606,0.3513134680946452,21,1.234555430765088,3.5141135848298704,True
CAS-ESM2-0,ssp126,optimized,2017,9,2017-09,future_corrected,tas_c,degree_Celsius,china_mask,15.73794736116004,14.512454982152606,0.3513134680946452,21,1.2254923790074344,3.488315963671743,True
CAS-ESM2-0,ssp126,optimized,2016,2,2016-02,future_corrected,rsds,W m-2,china_mask,173.01236517727298,156.85036317697535,5.3386464485153535,21,16.162002000297633,3.027359491991119,True
CAS-ESM2-0,ssp126,optimized,2017,12,2017-12,future_corrected,rsds,W m-2,china_mask,94.54597227898655,109.32742148050568,3.422868272510754,21,-14.781449201519123,-4.318439397808489,True
CAS-ESM2-0,ssp126,optimized,2016,2,2016-02,future_corrected,pvpot,W m-2,china_mask,193.0751067448271,175.6299082192214,5.776105380864925,21,17.44519852560572,3.0202355004460535,True
CAS-ESM2-0,ssp126,optimized,2017,12,2017-12,future_corrected,pvpot,W m-2,china_mask,107.39475843511349,123.3937364120261,3.7191950146484016,21,-15.998977976912613,-4.301731399912918,True
CAS-ESM2-0,ssp126,optimized,2016,5,2016-05,future_corrected,wpd,W m-2,china_mask,32.798321778660444,20.56227301906767,3.775091389001424,21,12.236048759592773,3.2412589520990154,True
CAS-ESM2-0,ssp126,optimized,2019,8,2019-08,future_corrected,wpd,W m-2,china_mask,20.508064928035964,15.258472555888185,1.641770310027045,21,5.249592372147779,3.1975193728904148,True
CAS-ESM2-0,ssp245,paper_qm,2016,9,2016-09,future_corrected,tas_c,degree_Celsius,china_mask,15.725343803730446,14.512454982152606,0.3513134680946452,21,1.21288882157784,3.4524404320618958,True
CAS-ESM2-0,ssp245,paper_qm,2018,9,2018-09,future_corrected,tas_c,degree_Celsius,china_mask,16.032217617812698,14.512454982152606,0.3513134680946452,21,1.5197626356600917,4.3259447009035865,True
CAS-ESM2-0,ssp245,paper_qm,2020,9,2020-09,future_corrected,tas_c,degree_Celsius,china_mask,15.719035532371297,14.512454982152606,0.3513134680946452,21,1.2065805502186908,3.4344841851996217,True
CAS-ESM2-0,ssp245,paper_qm,2016,9,2016-09,future_corrected,tcell,degree_Celsius,china_mask,23.323083939644405,21.911647358865643,0.4392042865139834,21,1.411436580778762,3.2136220526932964,True
CAS-ESM2-0,ssp245,paper_qm,2018,9,2018-09,future_corrected,tcell,degree_Celsius,china_mask,23.339806311673982,21.911647358865643,0.4392042865139834,21,1.4281589528083387,3.2516962986491,True
CAS-ESM2-0,ssp245,paper_qm,2016,8,2016-08,future_corrected,wpd,W m-2,china_mask,21.426396010719,15.258472555888185,1.641770310027045,21,6.167923454830815,3.7568735511663687,True
CAS-ESM2-0,ssp245,paper_qm,2019,5,2019-05,future_corrected,wpd,W m-2,china_mask,31.93400743614329,20.56227301906767,3.775091389001424,21,11.371734417075618,3.012307053070743,True
CAS-ESM2-0,ssp245,paper_qm,2019,8,2019-08,future_corrected,wpd,W m-2,china_mask,20.9003233254388,15.258472555888185,1.641770310027045,21,5.641850769550617,3.436443414217716,True
CAS-ESM2-0,ssp245,paper_qm,2020,9,2020-09,future_corrected,wpd,W m-2,china_mask,26.682119548047318,14.935881543074656,3.2395608631741695,21,11.746238004972662,3.6258735369038644,True
CAS-ESM2-0,ssp245,optimized,2018,9,2018-09,future_corrected,tas_c,degree_Celsius,china_mask,15.942098879872137,14.512454982152606,0.3513134680946452,21,1.4296438977195312,4.0694252499718555,True
CAS-ESM2-0,ssp245,optimized,2020,9,2020-09,future_corrected,tas_c,degree_Celsius,china_mask,15.579440763406554,14.512454982152606,0.3513134680946452,21,1.0669857812539476,3.037133153592898,True
CAS-ESM2-0,ssp245,optimized,2015,6,2015-06,future_corrected,wpd,W m-2,china_mask,26.874636125561562,17.799732088383557,3.0169460554304504,21,9.074904037178005,3.0079768979771235,True
CAS-ESM2-0,ssp245,optimized,2016,8,2016-08,future_corrected,wpd,W m-2,china_mask,20.24395919774962,15.258472555888185,1.641770310027045,21,4.985486641861437,3.0366529418961843,True
CAS-ESM2-0,ssp245,optimized,2019,5,2019-05,future_corrected,wpd,W m-2,china_mask,31.909656744497173,20.56227301906767,3.775091389001424,21,11.347383725429502,3.0058566948841676,True
CAS-ESM2-0,ssp245,optimized,2020,9,2020-09,future_corrected,wpd,W m-2,china_mask,27.270191174549076,14.935881543074656,3.2395608631741695,21,12.33430963147442,3.807401728945781,True
CAS-ESM2-0,ssp585,paper_qm,2017,7,2017-07,future_corrected,tas_c,degree_Celsius,china_mask,21.10839527654688,19.889273711344913,0.4001243393186356,21,1.2191215652019665,3.046856802757828,True
CAS-ESM2-0,ssp585,paper_qm,2019,6,2019-06,future_corrected,tas_c,degree_Celsius,china_mask,19.27068567973424,17.860929705248083,0.45700832634092836,21,1.4097559744861563,3.084748993029238,True
CAS-ESM2-0,ssp585,paper_qm,2019,8,2019-08,future_corrected,tas_c,degree_Celsius,china_mask,20.450825819317526,18.96216943550151,0.4179976796275111,21,1.4886563838160143,3.5613986784390663,True
CAS-ESM2-0,ssp585,paper_qm,2020,6,2020-06,future_corrected,tas_c,degree_Celsius,china_mask,19.25360862975279,17.860929705248083,0.45700832634092836,21,1.3926789245047075,3.047381949592246,True
CAS-ESM2-0,ssp585,paper_qm,2020,7,2020-07,future_corrected,tas_c,degree_Celsius,china_mask,21.37740895148923,19.889273711344913,0.4001243393186356,21,1.4881352401443166,3.7191819989717065,True
CAS-ESM2-0,ssp585,paper_qm,2020,9,2020-09,future_corrected,tas_c,degree_Celsius,china_mask,15.668878467406454,14.512454982152606,0.3513134680946452,21,1.156423485253848,3.2917140681390076,True
CAS-ESM2-0,ssp585,paper_qm,2015,8,2015-08,future_corrected,sfcWind_10m,m s-1,china_mask,1.2003084860542068,0.9848525713270251,0.07083350632827072,21,0.21545591472718173,3.041723132110291,True
CAS-ESM2-0,ssp585,paper_qm,2019,8,2019-08,future_corrected,tcell,degree_Celsius,china_mask,28.55295476051613,26.967321481921903,0.4112220529377804,21,1.5856332785942264,3.8559052639964793,True
CAS-ESM2-0,ssp585,paper_qm,2020,7,2020-07,future_corrected,tcell,degree_Celsius,china_mask,29.346817942666988,28.069859465226507,0.3993279133863532,21,1.2769584774404805,3.1977691381794595,True
CAS-ESM2-0,ssp585,paper_qm,2015,8,2015-08,future_corrected,wpd,W m-2,china_mask,21.69995327123739,15.258472555888185,1.641770310027045,21,6.441480715349206,3.9234968960080017,True
CAS-ESM2-0,ssp585,paper_qm,2019,11,2019-11,future_corrected,wpd,W m-2,china_mask,55.25910335739964,33.693830739265636,6.41918534317524,21,21.565272618134003,3.3595030311847602,True
CAS-ESM2-0,ssp585,optimized,2019,8,2019-08,future_corrected,tas_c,degree_Celsius,china_mask,20.369674507836837,18.96216943550151,0.4179976796275111,21,1.4075050723353257,3.367255707231655,True
CAS-ESM2-0,ssp585,optimized,2020,7,2020-07,future_corrected,tas_c,degree_Celsius,china_mask,21.234103239262943,19.889273711344913,0.4001243393186356,21,1.34482952791803,3.361029049640208,True
CAS-ESM2-0,ssp585,optimized,2019,8,2019-08,future_corrected,tcell,degree_Celsius,china_mask,28.501870471708603,26.967321481921903,0.4112220529377804,21,1.5345489897866997,3.7316797064355964,True
CAS-ESM2-0,ssp585,optimized,2015,8,2015-08,future_corrected,wpd,W m-2,china_mask,21.164033464972384,15.258472555888185,1.641770310027045,21,5.905560909084199,3.5970688914376314,True
CAS-ESM2-0,ssp585,optimized,2019,6,2019-06,future_corrected,wpd,W m-2,china_mask,27.2258616161335,17.799732088383557,3.0169460554304504,21,9.426129527749943,3.124394455374193,True
CAS-ESM2-0,ssp585,optimized,2019,11,2019-11,future_corrected,wpd,W m-2,china_mask,54.74634024468616,33.693830739265636,6.41918534317524,21,21.052509505420524,3.2796232512281587,True
CESM2-WACCM,ssp126,paper_qm,2015,2,2015-02,future_corrected,tas_c,degree_Celsius,china_mask,-0.0322134170948097,-4.660036377577569,1.2450546281493742,21,4.627822960482759,3.716963782835351,True
CESM2-WACCM,ssp126,paper_qm,2016,5,2016-05,future_corrected,tas_c,degree_Celsius,china_mask,14.973409195888612,13.566496850793555,0.42847017668078974,21,1.4069123450950567,3.283571230077015,True
CESM2-WACCM,ssp126,paper_qm,2018,10,2018-10,future_corrected,tas_c,degree_Celsius,china_mask,10.143399906025023,7.806653566586199,0.7770200357807728,21,2.3367463394388235,3.007317999323906,True
CESM2-WACCM,ssp126,paper_qm,2018,11,2018-11,future_corrected,tas_c,degree_Celsius,china_mask,2.6946014819641677,0.007477081522037384,0.7617010380287125,21,2.6871244004421304,3.5277940639235923,True
CESM2-WACCM,ssp126,paper_qm,2019,2,2019-02,future_corrected,tas_c,degree_Celsius,china_mask,-0.16702300591927313,-4.660036377577569,1.2450546281493742,21,4.493013371658296,3.608687739538486,True
CESM2-WACCM,ssp126,paper_qm,2018,10,2018-10,future_corrected,sfcWind_10m,m s-1,china_mask,0.9029004882451026,1.2821126994340497,0.11681334880729428,21,-0.3792122111889471,-3.2463088770319337,True
CESM2-WACCM,ssp126,paper_qm,2015,2,2015-02,future_corrected,tcell,degree_Celsius,china_mask,6.9134978728415755,1.8885838116737566,1.2998516134042892,21,5.024914061167819,3.8657597600757327,True
CESM2-WACCM,ssp126,paper_qm,2016,7,2016-07,future_corrected,tcell,degree_Celsius,china_mask,30.063580925729166,28.24632151528719,0.43484567570796634,21,1.8172594104419773,4.179090449694186,True
CESM2-WACCM,ssp126,paper_qm,2018,11,2018-11,future_corrected,tcell,degree_Celsius,china_mask,8.356167855793267,5.592502743579196,0.819813567508923,21,2.7636651122140705,3.3710897474064923,True
CESM2-WACCM,ssp126,paper_qm,2019,2,2019-02,future_corrected,tcell,degree_Celsius,china_mask,6.036964225183732,1.8885838116737566,1.2998516134042892,21,4.148380413509976,3.191426137207645,True
CESM2-WACCM,ssp126,paper_qm,2019,7,2019-07,future_corrected,tcell,degree_Celsius,china_mask,29.831939560731513,28.24632151528719,0.43484567570796634,21,1.585618045444324,3.646392580224699,True
CESM2-WACCM,ssp126,paper_qm,2016,10,2016-10,future_corrected,wind_speed_hub,m s-1,china_mask,2.129908573589992,2.7781483141695067,0.20237710292929426,21,-0.6482397405795148,-3.2031278795704194,True
CESM2-WACCM,ssp126,paper_qm,2018,10,2018-10,future_corrected,wind_speed_hub,m s-1,china_mask,2.0934700167896954,2.7781483141695067,0.20237710292929426,21,-0.6846782973798113,-3.383180643805449,True
CESM2-WACCM,ssp126,optimized,2015,2,2015-02,future_corrected,tas_c,degree_Celsius,china_mask,-0.33395342033714337,-4.660036377577569,1.2450546281493742,21,4.326082957240426,3.4746129683246383,True
CESM2-WACCM,ssp126,optimized,2016,5,2016-05,future_corrected,tas_c,degree_Celsius,china_mask,14.937735822641779,13.566496850793555,0.42847017668078974,21,1.3712389718482232,3.2003136892064163,True
CESM2-WACCM,ssp126,optimized,2018,11,2018-11,future_corrected,tas_c,degree_Celsius,china_mask,2.3142999608443593,0.007477081522037384,0.7617010380287125,21,2.306822879322322,3.0285148163804467,True
CESM2-WACCM,ssp126,optimized,2019,2,2019-02,future_corrected,tas_c,degree_Celsius,china_mask,-0.5197154969020472,-4.660036377577569,1.2450546281493742,21,4.140320880675522,3.3254130277236245,True
CESM2-WACCM,ssp126,optimized,2015,2,2015-02,future_corrected,tcell,degree_Celsius,china_mask,6.636713015659309,1.8885838116737566,1.2998516134042892,21,4.7481292039855525,3.6528240262365665,True
CESM2-WACCM,ssp126,optimized,2016,7,2016-07,future_corrected,tcell,degree_Celsius,china_mask,30.00557853309116,28.24632151528719,0.43484567570796634,21,1.7592570178039715,4.0457042948391955,True
CESM2-WACCM,ssp126,optimized,2019,7,2019-07,future_corrected,tcell,degree_Celsius,china_mask,29.72190471965178,28.24632151528719,0.43484567570796634,21,1.4755832043645896,3.393349150735402,True
CESM2-WACCM,ssp245,paper_qm,2016,7,2016-07,future_corrected,tas_c,degree_Celsius,china_mask,21.60668003294649,20.112465515769383,0.4729860514819829,21,1.494214517177106,3.159109052995031,True
CESM2-WACCM,ssp245,paper_qm,2017,5,2017-05,future_corrected,tas_c,degree_Celsius,china_mask,14.978506667026677,13.566496850793555,0.42847017668078974,21,1.4120098162331214,3.295468140096641,True
CESM2-WACCM,ssp245,paper_qm,2019,5,2019-05,future_corrected,tas_c,degree_Celsius,china_mask,14.903472285766169,13.566496850793555,0.42847017668078974,21,1.3369754349726133,3.120346543905808,True
CESM2-WACCM,ssp245,paper_qm,2019,3,2019-03,future_corrected,rsds,W m-2,china_mask,187.0424347108297,202.23356689679588,4.616324475932067,21,-15.191132185966183,-3.2907418586296386,True
CESM2-WACCM,ssp245,paper_qm,2016,7,2016-07,future_corrected,tcell,degree_Celsius,china_mask,29.726822871185075,28.24632151528719,0.43484567570796634,21,1.4805013558978857,3.4046592586841333,True
CESM2-WACCM,ssp245,paper_qm,2016,11,2016-11,future_corrected,pvpot,W m-2,china_mask,122.3925467950633,139.85329508111744,5.493528056992732,21,-17.46074828605414,-3.1784216090110418,True
CESM2-WACCM,ssp245,paper_qm,2015,4,2015-04,future_corrected,wpd,W m-2,china_mask,48.50009350049744,25.18355214452381,7.228913000977522,21,23.316541355973634,3.2254560751831813,True
CESM2-WACCM,ssp245,optimized,2016,7,2016-07,future_corrected,tas_c,degree_Celsius,china_mask,21.583000867096317,20.112465515769383,0.4729860514819829,21,1.4705353513269337,3.109045915242914,True
CESM2-WACCM,ssp245,optimized,2017,5,2017-05,future_corrected,tas_c,degree_Celsius,china_mask,14.985500912614919,13.566496850793555,0.42847017668078974,21,1.4190040618213633,3.311791903030211,True
CESM2-WACCM,ssp245,optimized,2019,5,2019-05,future_corrected,tas_c,degree_Celsius,china_mask,14.925176676081378,13.566496850793555,0.42847017668078974,21,1.3586798252878225,3.1710020889039354,True
CESM2-WACCM,ssp245,optimized,2019,3,2019-03,future_corrected,rsds,W m-2,china_mask,187.0424347108297,202.23356689679588,4.616324475932067,21,-15.191132185966183,-3.2907418586296386,True
CESM2-WACCM,ssp245,optimized,2016,7,2016-07,future_corrected,tcell,degree_Celsius,china_mask,29.59587277081453,28.24632151528719,0.43484567570796634,21,1.3495512555273415,3.1035177096567774,True
CESM2-WACCM,ssp245,optimized,2016,11,2016-11,future_corrected,pvpot,W m-2,china_mask,122.64691089789476,139.85329508111744,5.493528056992732,21,-17.20638418322268,-3.1321191053753905,True
CESM2-WACCM,ssp245,optimized,2015,4,2015-04,future_corrected,wpd,W m-2,china_mask,48.975779588347045,25.18355214452381,7.228913000977522,21,23.792227443823236,3.291259341564348,True
CMCC-CM2-SR5,ssp126,paper_qm,2017,6,2017-06,future_corrected,wpd,W m-2,china_mask,29.6233560737165,16.72464616850275,3.5207806394216807,21,12.89870990521375,3.6635937384989927,True
CMCC-CM2-SR5,ssp126,optimized,2017,6,2017-06,future_corrected,sfcWind_10m,m s-1,china_mask,1.481730658660541,1.0665361577564263,0.11377612072291854,21,0.4151945009041147,3.6492235652439486,True
CMCC-CM2-SR5,ssp126,optimized,2017,6,2017-06,future_corrected,wind_speed_hub,m s-1,china_mask,3.13154857308529,2.385654863407227,0.20912934713472955,21,0.7458937096780627,3.566662067746656,True
CMCC-CM2-SR5,ssp126,optimized,2017,6,2017-06,future_corrected,wpd,W m-2,china_mask,31.430061509054187,16.72464616850275,3.5207806394216807,21,14.705415340551436,4.176748524431482,True
CMCC-CM2-SR5,ssp245,paper_qm,2017,1,2017-01,future_corrected,tas_c,degree_Celsius,china_mask,-4.029047175693869,-7.963763866522656,1.1259748958497129,21,3.934716690828788,3.494497706238351,True
CMCC-CM2-SR5,ssp245,paper_qm,2018,3,2018-03,future_corrected,rsds,W m-2,china_mask,180.73630165952014,202.85244329443105,6.750927284381696,21,-22.116141634910917,-3.276015383261011,True
CMCC-CM2-SR5,ssp245,paper_qm,2018,8,2018-08,future_corrected,rsds,W m-2,china_mask,208.80783826780035,226.5782436219631,5.513268129078904,21,-17.77040535416276,-3.22320716825569,True
CMCC-CM2-SR5,ssp245,paper_qm,2019,4,2019-04,future_corrected,sfcWind_10m,m s-1,china_mask,0.8491671203596722,1.3346682937821617,0.1432933172521016,21,-0.48550117342248944,-3.3881634031008443,True
CMCC-CM2-SR5,ssp245,paper_qm,2019,5,2019-05,future_corrected,sfcWind_10m,m s-1,china_mask,0.7154740428281515,1.1771264866668467,0.12214099283260194,21,-0.4616524438386952,-3.779668341745055,True
CMCC-CM2-SR5,ssp245,paper_qm,2016,2,2016-02,future_corrected,pvpot,W m-2,china_mask,159.72669696251995,174.6863468765821,4.698468599803997,21,-14.95964991406214,-3.1839416602009862,True
CMCC-CM2-SR5,ssp245,paper_qm,2018,3,2018-03,future_corrected,pvpot,W m-2,china_mask,197.8808734517822,220.2574627994022,6.629690961145067,21,-22.376589347619984,-3.375208509531362,True
CMCC-CM2-SR5,ssp245,paper_qm,2018,8,2018-08,future_corrected,pvpot,W m-2,china_mask,207.5464496308212,224.37218784901538,5.436215344703845,21,-16.825738218194175,-3.095119886041014,True
CMCC-CM2-SR5,ssp245,paper_qm,2019,4,2019-04,future_corrected,wind_speed_hub,m s-1,china_mask,1.9973934670838838,2.8585297276638206,0.25261031539297485,21,-0.8611362605799369,-3.408951290212772,True
CMCC-CM2-SR5,ssp245,paper_qm,2019,5,2019-05,future_corrected,wind_speed_hub,m s-1,china_mask,1.7298581269009345,2.5835838796457997,0.2205346603087684,21,-0.8537257527448652,-3.8711636145972346,True
CMCC-CM2-SR5,ssp245,optimized,2017,1,2017-01,future_corrected,tas_c,degree_Celsius,china_mask,-4.039786969015483,-7.963763866522656,1.1259748958497129,21,3.923976897507173,3.484959488857838,True
CMCC-CM2-SR5,ssp245,optimized,2018,3,2018-03,future_corrected,rsds,W m-2,china_mask,180.73630165952014,202.85244329443105,6.750927284381696,21,-22.116141634910917,-3.276015383261011,True
CMCC-CM2-SR5,ssp245,optimized,2018,8,2018-08,future_corrected,rsds,W m-2,china_mask,208.80783826780035,226.5782436219631,5.513268129078904,21,-17.77040535416276,-3.22320716825569,True
CMCC-CM2-SR5,ssp245,optimized,2019,5,2019-05,future_corrected,sfcWind_10m,m s-1,china_mask,0.792974747741239,1.1771264866668467,0.12214099283260194,21,-0.3841517389256077,-3.1451499616684773,True
CMCC-CM2-SR5,ssp245,optimized,2016,2,2016-02,future_corrected,pvpot,W m-2,china_mask,159.73961397233293,174.6863468765821,4.698468599803997,21,-14.94673290424916,-3.181192464470803,True
CMCC-CM2-SR5,ssp245,optimized,2018,3,2018-03,future_corrected,pvpot,W m-2,china_mask,197.77015105042557,220.2574627994022,6.629690961145067,21,-22.487311748976623,-3.3919094993671712,True
CMCC-CM2-SR5,ssp245,optimized,2018,8,2018-08,future_corrected,pvpot,W m-2,china_mask,207.65957080830933,224.37218784901538,5.436215344703845,21,-16.71261704070605,-3.074311075073227,True
CMCC-CM2-SR5,ssp245,optimized,2019,5,2019-05,future_corrected,wind_speed_hub,m s-1,china_mask,1.8825932709489386,2.5835838796457997,0.2205346603087684,21,-0.7009906086968611,-3.178596088775393,True
CMCC-CM2-SR5,ssp585,paper_qm,2018,9,2018-09,future_corrected,rsds,W m-2,china_mask,180.00689448960892,195.99289595196137,5.325918293687801,21,-15.986001462352448,-3.001548386744652,True
CMCC-CM2-SR5,ssp585,optimized,2018,9,2018-09,future_corrected,rsds,W m-2,china_mask,180.00689448960892,195.99289595196137,5.325918293687801,21,-15.986001462352448,-3.001548386744652,True
CMCC-ESM2,ssp126,paper_qm,2016,1,2016-01,future_corrected,sfcWind_10m,m s-1,china_mask,2.1263083250644486,1.661955195357239,0.11848795873727537,21,0.46435312970720966,3.9189900362519103,True
CMCC-ESM2,ssp126,paper_qm,2020,2,2020-02,future_corrected,pvpot,W m-2,china_mask,161.4955100910739,177.24102723340906,4.974549573756638,21,-15.74551714233516,-3.1652146408191473,True
CMCC-ESM2,ssp126,paper_qm,2016,1,2016-01,future_corrected,wind_speed_hub,m s-1,china_mask,4.14570281971038,3.4052329906159597,0.19928243600686124,21,0.7404698290944198,3.7156803375733807,True
CMCC-ESM2,ssp126,paper_qm,2016,1,2016-01,future_corrected,wpd,W m-2,china_mask,83.17688662751583,45.92951654386215,7.238486913493304,21,37.24737008365368,5.145739783575577,True
CMCC-ESM2,ssp126,optimized,2016,1,2016-01,future_corrected,sfcWind_10m,m s-1,china_mask,2.056405758455667,1.661955195357239,0.11848795873727537,21,0.3944505630984281,3.3290350116761447,True
CMCC-ESM2,ssp126,optimized,2020,8,2020-08,future_corrected,sfcWind_10m,m s-1,china_mask,1.265033077294769,0.9590372285639058,0.09105074039097025,21,0.3059958487308633,3.360717852671187,True
CMCC-ESM2,ssp126,optimized,2020,2,2020-02,future_corrected,pvpot,W m-2,china_mask,161.53752279002381,177.24102723340906,4.974549573756638,21,-15.703504443385242,-3.1567691125704074,True
CMCC-ESM2,ssp126,optimized,2016,1,2016-01,future_corrected,wind_speed_hub,m s-1,china_mask,4.030339449250729,3.4052329906159597,0.19928243600686124,21,0.625106458634769,3.1367865184729413,True
CMCC-ESM2,ssp126,optimized,2020,8,2020-08,future_corrected,wind_speed_hub,m s-1,china_mask,2.7527034770310905,2.1815456599769982,0.1780510401409513,21,0.5711578170540923,3.207831959880404,True
CMCC-ESM2,ssp126,optimized,2016,1,2016-01,future_corrected,wpd,W m-2,china_mask,78.8739339967544,45.92951654386215,7.238486913493304,21,32.94441745289225,4.551285074713665,True
CMCC-ESM2,ssp126,optimized,2020,8,2020-08,future_corrected,wpd,W m-2,china_mask,22.257430272454407,14.967120062311844,2.289957965556345,21,7.290310210142563,3.1836000135362235,True
CMCC-ESM2,ssp245,paper_qm,2019,4,2019-04,future_corrected,rsds,W m-2,china_mask,221.5616082460229,241.84362438075277,6.311666538015266,21,-20.282016134729872,-3.2134169339541265,True
CMCC-ESM2,ssp245,paper_qm,2020,8,2020-08,future_corrected,tcell,degree_Celsius,china_mask,25.608147914535273,27.303729589631523,0.5410178428435324,21,-1.6955816750962498,-3.134058696076367,True
CMCC-ESM2,ssp245,paper_qm,2019,4,2019-04,future_corrected,pvpot,W m-2,china_mask,233.4774069949086,252.86330062802475,5.587375868837952,21,-19.385893633116154,-3.4695882446777264,True
CMCC-ESM2,ssp245,optimized,2019,4,2019-04,future_corrected,rsds,W m-2,china_mask,221.5616082460229,241.84362438075277,6.311666538015266,21,-20.282016134729872,-3.2134169339541265,True
CMCC-ESM2,ssp245,optimized,2016,9,2016-09,future_corrected,tcell,degree_Celsius,china_mask,19.617311894870735,21.828368790353238,0.7079551495330373,21,-2.2110568954825034,-3.1231595630611664,True
CMCC-ESM2,ssp245,optimized,2020,8,2020-08,future_corrected,tcell,degree_Celsius,china_mask,25.460583417320137,27.303729589631523,0.5410178428435324,21,-1.8431461723113856,-3.4068121720792144,True
CMCC-ESM2,ssp245,optimized,2019,4,2019-04,future_corrected,pvpot,W m-2,china_mask,233.54025601060226,252.86330062802475,5.587375868837952,21,-19.323044617422482,-3.4583398487994046,True
CMCC-ESM2,ssp245,optimized,2020,8,2020-08,future_corrected,wpd,W m-2,china_mask,22.547454630952135,14.967120062311844,2.289957965556345,21,7.580334568640291,3.310250529772781,True
CMCC-ESM2,ssp585,paper_qm,2015,8,2015-08,future_corrected,rsds,W m-2,china_mask,208.77031481614569,226.4220780983093,5.315830217844594,21,-17.651763282163614,-3.3206032846776776,True
CMCC-ESM2,ssp585,paper_qm,2017,6,2017-06,future_corrected,rsds,W m-2,china_mask,241.75028377591653,255.67999175503314,4.604629446969587,21,-13.929707979116614,-3.025152868334297,True
CMCC-ESM2,ssp585,paper_qm,2017,9,2017-09,future_corrected,rsds,W m-2,china_mask,178.47414954173755,195.93456271737332,5.2120610858658205,21,-17.46041317563578,-3.350001638120724,True
CMCC-ESM2,ssp585,paper_qm,2019,10,2019-10,future_corrected,rsds,W m-2,china_mask,147.37398432053973,162.44438745049658,4.788004290964581,21,-15.070403129956844,-3.1475333383464434,True
CMCC-ESM2,ssp585,paper_qm,2020,10,2020-10,future_corrected,rsds,W m-2,china_mask,142.21094990350448,162.44438745049658,4.788004290964581,21,-20.233437546992093,-4.225860362150158,True
CMCC-ESM2,ssp585,paper_qm,2015,8,2015-08,future_corrected,pvpot,W m-2,china_mask,207.3759265429686,224.24031959196424,4.827232834858067,21,-16.864393048995623,-3.4935942859883786,True
CMCC-ESM2,ssp585,paper_qm,2017,9,2017-09,future_corrected,pvpot,W m-2,china_mask,182.99394760487667,199.59515529618108,5.105913174322534,21,-16.60120769130441,-3.251368976423517,True
CMCC-ESM2,ssp585,paper_qm,2019,10,2019-10,future_corrected,pvpot,W m-2,china_mask,156.66975749173983,171.8960623253514,4.9456609407085,21,-15.226304833611579,-3.078719915528683,True
CMCC-ESM2,ssp585,paper_qm,2020,10,2020-10,future_corrected,pvpot,W m-2,china_mask,151.02293426601892,171.8960623253514,4.9456609407085,21,-20.873128059332487,-4.2204931372311725,True
CMCC-ESM2,ssp585,optimized,2015,8,2015-08,future_corrected,rsds,W m-2,china_mask,208.77031481614569,226.4220780983093,5.315830217844594,21,-17.651763282163614,-3.3206032846776776,True
CMCC-ESM2,ssp585,optimized,2017,6,2017-06,future_corrected,rsds,W m-2,china_mask,241.75028377591653,255.67999175503314,4.604629446969587,21,-13.929707979116614,-3.025152868334297,True
CMCC-ESM2,ssp585,optimized,2017,9,2017-09,future_corrected,rsds,W m-2,china_mask,178.47414954173755,195.93456271737332,5.2120610858658205,21,-17.46041317563578,-3.350001638120724,True
CMCC-ESM2,ssp585,optimized,2019,10,2019-10,future_corrected,rsds,W m-2,china_mask,147.37398432053973,162.44438745049658,4.788004290964581,21,-15.070403129956844,-3.1475333383464434,True
CMCC-ESM2,ssp585,optimized,2020,10,2020-10,future_corrected,rsds,W m-2,china_mask,142.21094990350448,162.44438745049658,4.788004290964581,21,-20.233437546992093,-4.225860362150158,True
CMCC-ESM2,ssp585,optimized,2015,8,2015-08,future_corrected,pvpot,W m-2,china_mask,207.4741555897814,224.24031959196424,4.827232834858067,21,-16.766164002182848,-3.4732453510657764,True
CMCC-ESM2,ssp585,optimized,2017,9,2017-09,future_corrected,pvpot,W m-2,china_mask,183.09806182986426,199.59515529618108,5.105913174322534,21,-16.497093466316812,-3.2309780646643467,True
CMCC-ESM2,ssp585,optimized,2019,10,2019-10,future_corrected,pvpot,W m-2,china_mask,156.95204737368607,171.8960623253514,4.9456609407085,21,-14.944014951665338,-3.0216416229949856,True
CMCC-ESM2,ssp585,optimized,2020,10,2020-10,future_corrected,pvpot,W m-2,china_mask,151.2761073680635,171.8960623253514,4.9456609407085,21,-20.619954957287916,-4.169302183164616,True
CanESM5,ssp126,paper_qm,2013,8,2013-08,historical_qm,tas_c,degree_Celsius,china_mask,20.517912188569433,19.282052195677494,0.40930237361890004,21,1.235859992891939,3.019430310078396,True
CanESM5,ssp126,paper_qm,2016,7,2016-07,future_corrected,tas_c,degree_Celsius,china_mask,21.487477030842772,20.362513130117872,0.36448413734958474,21,1.1249639007249002,3.0864550345188895,True
CanESM5,ssp126,paper_qm,2017,9,2017-09,future_corrected,tas_c,degree_Celsius,china_mask,15.97400643353852,14.679723316755073,0.4266692326708302,21,1.294283116783447,3.033457811526733,True
CanESM5,ssp126,paper_qm,2019,6,2019-06,future_corrected,tas_c,degree_Celsius,china_mask,19.895508475970853,18.23192364973258,0.5030914288299608,21,1.6635848262382744,3.30672464467795,True
CanESM5,ssp126,paper_qm,2019,10,2019-10,future_corrected,rsds,W m-2,china_mask,134.46263254552355,162.02932637701085,7.3422027226975946,21,-27.5666938314873,-3.7545536227524696,True
CanESM5,ssp126,paper_qm,2020,3,2020-03,future_corrected,rsds,W m-2,china_mask,182.4094388603597,202.367423110555,5.236593034849041,21,-19.957984250195295,-3.8112536371218386,True
CanESM5,ssp126,paper_qm,2020,7,2020-07,future_corrected,rsds,W m-2,china_mask,219.85024465501658,240.41719430574886,5.789831975380068,21,-20.566949650732283,-3.552253284411105,True
CanESM5,ssp126,paper_qm,2017,9,2017-09,future_corrected,tcell,degree_Celsius,china_mask,23.601705595922386,21.99739752674431,0.49125660749938893,21,1.6043080691780744,3.265723136721515,True
CanESM5,ssp126,paper_qm,2019,10,2019-10,future_corrected,pvpot,W m-2,china_mask,142.41279082347498,171.135558477101,7.288414473281779,21,-28.722767653626022,-3.9408801130779993,True
CanESM5,ssp126,paper_qm,2020,3,2020-03,future_corrected,pvpot,W m-2,china_mask,199.4121419360534,219.66539244669997,5.817148471295174,21,-20.25325051064658,-3.481645794427737,True
CanESM5,ssp126,paper_qm,2020,7,2020-07,future_corrected,pvpot,W m-2,china_mask,216.52383505623237,236.64248118819873,5.570642428539675,21,-20.118646131966358,-3.6115486481225094,True
CanESM5,ssp126,optimized,2013,8,2013-08,historical_qm,tas_c,degree_Celsius,china_mask,20.517912188569433,19.282052195677494,0.40930237361890004,21,1.235859992891939,3.019430310078396,True
CanESM5,ssp126,optimized,2015,7,2015-07,future_corrected,tas_c,degree_Celsius,china_mask,21.994120542198967,20.362513130117872,0.36448413734958474,21,1.6316074120810953,4.476484008181088,True
CanESM5,ssp126,optimized,2015,8,2015-08,future_corrected,tas_c,degree_Celsius,china_mask,21.093928222677523,19.282052195677494,0.40930237361890004,21,1.8118760270000287,4.42674204642424,True
CanESM5,ssp126,optimized,2015,9,2015-09,future_corrected,tas_c,degree_Celsius,china_mask,16.20063472327029,14.679723316755073,0.4266692326708302,21,1.5209114065152178,3.5646146711698368,True
CanESM5,ssp126,optimized,2016,6,2016-06,future_corrected,tas_c,degree_Celsius,china_mask,20.09594001011821,18.23192364973258,0.5030914288299608,21,1.8640163603856301,3.7051244636005247,True
CanESM5,ssp126,optimized,2016,7,2016-07,future_corrected,tas_c,degree_Celsius,china_mask,22.27079980467514,20.362513130117872,0.36448413734958474,21,1.9082866745572673,5.235582235303117,True
CanESM5,ssp126,optimized,2016,8,2016-08,future_corrected,tas_c,degree_Celsius,china_mask,21.109866097473862,19.282052195677494,0.40930237361890004,21,1.8278139017963682,4.465681167777051,True
CanESM5,ssp126,optimized,2016,9,2016-09,future_corrected,tas_c,degree_Celsius,china_mask,16.31905543053328,14.679723316755073,0.4266692326708302,21,1.639332113778206,3.842161534630573,True
CanESM5,ssp126,optimized,2017,7,2017-07,future_corrected,tas_c,degree_Celsius,china_mask,21.496122248973975,20.362513130117872,0.36448413734958474,21,1.1336091188561035,3.110174086311016,True
CanESM5,ssp126,optimized,2017,8,2017-08,future_corrected,tas_c,degree_Celsius,china_mask,21.15733289946491,19.282052195677494,0.40930237361890004,21,1.8752807037874177,4.581651181758073,True
CanESM5,ssp126,optimized,2017,9,2017-09,future_corrected,tas_c,degree_Celsius,china_mask,17.02236040479342,14.679723316755073,0.4266692326708302,21,2.342637088038348,5.490522654689897,True
CanESM5,ssp126,optimized,2018,7,2018-07,future_corrected,tas_c,degree_Celsius,china_mask,21.774885168002005,20.362513130117872,0.36448413734958474,21,1.4123720378841327,3.8749890410991896,True
CanESM5,ssp126,optimized,2018,8,2018-08,future_corrected,tas_c,degree_Celsius,china_mask,21.399055352390395,19.282052195677494,0.40930237361890004,21,2.117003156712901,5.17222301447984,True
CanESM5,ssp126,optimized,2018,9,2018-09,future_corrected,tas_c,degree_Celsius,china_mask,16.426500291873477,14.679723316755073,0.4266692326708302,21,1.7467769751184044,4.093983913918678,True
CanESM5,ssp126,optimized,2019,6,2019-06,future_corrected,tas_c,degree_Celsius,china_mask,20.421475197122458,18.23192364973258,0.5030914288299608,21,2.189551547389879,4.352194098162468,True
CanESM5,ssp126,optimized,2019,7,2019-07,future_corrected,tas_c,degree_Celsius,china_mask,22.19425825347611,20.362513130117872,0.36448413734958474,21,1.831745123358239,5.025582558072677,True
CanESM5,ssp126,optimized,2019,8,2019-08,future_corrected,tas_c,degree_Celsius,china_mask,21.335540910944395,19.282052195677494,0.40930237361890004,21,2.0534887152669015,5.017045704159286,True
CanESM5,ssp126,optimized,2019,9,2019-09,future_corrected,tas_c,degree_Celsius,china_mask,16.67213610288878,14.679723316755073,0.4266692326708302,21,1.9924127861337055,4.669689383651495,True
CanESM5,ssp126,optimized,2020,7,2020-07,future_corrected,tas_c,degree_Celsius,china_mask,21.472146834805713,20.362513130117872,0.36448413734958474,21,1.109633704687841,3.04439505312015,True
CanESM5,ssp126,optimized,2020,8,2020-08,future_corrected,tas_c,degree_Celsius,china_mask,21.214723047017056,19.282052195677494,0.40930237361890004,21,1.9326708513395623,4.721865730344054,True
CanESM5,ssp126,optimized,2020,9,2020-09,future_corrected,tas_c,degree_Celsius,china_mask,16.622419779500493,14.679723316755073,0.4266692326708302,21,1.9426964627454204,4.553167451481522,True
CanESM5,ssp126,optimized,2019,10,2019-10,future_corrected,rsds,W m-2,china_mask,134.46263254552355,162.02932637701085,7.3422027226975946,21,-27.5666938314873,-3.7545536227524696,True
CanESM5,ssp126,optimized,2020,3,2020-03,future_corrected,rsds,W m-2,china_mask,182.4094388603597,202.367423110555,5.236593034849041,21,-19.957984250195295,-3.8112536371218386,True
CanESM5,ssp126,optimized,2020,7,2020-07,future_corrected,rsds,W m-2,china_mask,219.85024465501658,240.41719430574886,5.789831975380068,21,-20.566949650732283,-3.552253284411105,True
CanESM5,ssp126,optimized,2015,7,2015-07,future_corrected,tcell,degree_Celsius,china_mask,29.93548932851086,28.418624505774503,0.4333247277782065,21,1.516864822736359,3.5005268001062544,True
CanESM5,ssp126,optimized,2016,6,2016-06,future_corrected,tcell,degree_Celsius,china_mask,28.784582961655072,26.89191832118268,0.5771338020920744,21,1.8926646404723932,3.279420878852704,True
CanESM5,ssp126,optimized,2016,7,2016-07,future_corrected,tcell,degree_Celsius,china_mask,29.79922325735178,28.418624505774503,0.4333247277782065,21,1.3805987515772777,3.186060390912944,True
CanESM5,ssp126,optimized,2017,9,2017-09,future_corrected,tcell,degree_Celsius,china_mask,24.420532023032013,21.99739752674431,0.49125660749938893,21,2.4231344962877017,4.932522961109925,True
CanESM5,ssp126,optimized,2018,7,2018-07,future_corrected,tcell,degree_Celsius,china_mask,29.920740426727647,28.418624505774503,0.4333247277782065,21,1.5021159209531447,3.4664901969822264,True
CanESM5,ssp126,optimized,2018,8,2018-08,future_corrected,tcell,degree_Celsius,china_mask,29.323207557500695,27.22259328999517,0.5040537896116224,21,2.1006142675055237,4.167440679543476,True
CanESM5,ssp126,optimized,2019,6,2019-06,future_corrected,tcell,degree_Celsius,china_mask,28.820101485002844,26.89191832118268,0.5771338020920744,21,1.9281831638201652,3.340963840327183,True
CanESM5,ssp126,optimized,2019,7,2019-07,future_corrected,tcell,degree_Celsius,china_mask,29.90062537004505,28.418624505774503,0.4333247277782065,21,1.482000864270546,3.420069913547826,True
CanESM5,ssp126,optimized,2019,8,2019-08,future_corrected,tcell,degree_Celsius,china_mask,28.90889379052378,27.22259328999517,0.5040537896116224,21,1.6863005005286098,3.345477278978337,True
CanESM5,ssp126,optimized,2019,9,2019-09,future_corrected,tcell,degree_Celsius,china_mask,23.593074704599037,21.99739752674431,0.49125660749938893,21,1.595677177854725,3.248154128607237,True
CanESM5,ssp126,optimized,2020,8,2020-08,future_corrected,tcell,degree_Celsius,china_mask,29.339393880890643,27.22259328999517,0.5040537896116224,21,2.1168005908954726,4.199552973357238,True
CanESM5,ssp126,optimized,2020,9,2020-09,future_corrected,tcell,degree_Celsius,china_mask,24.11942884286045,21.99739752674431,0.49125660749938893,21,2.1220313161161393,4.319598522893718,True
CanESM5,ssp126,optimized,2019,10,2019-10,future_corrected,pvpot,W m-2,china_mask,142.20930958333247,171.135558477101,7.288414473281779,21,-28.92624889376853,-3.9687985637764935,True
CanESM5,ssp126,optimized,2020,3,2020-03,future_corrected,pvpot,W m-2,china_mask,199.24224278976885,219.66539244669997,5.817148471295174,21,-20.423149656931116,-3.5108523974778234,True
CanESM5,ssp126,optimized,2020,7,2020-07,future_corrected,pvpot,W m-2,china_mask,215.4504553384888,236.64248118819873,5.570642428539675,21,-21.19202584970992,-3.8042337345399027,True
CanESM5,ssp245,paper_qm,2013,8,2013-08,historical_qm,tas_c,degree_Celsius,china_mask,20.517912188569433,19.282052195677494,0.40930237361890004,21,1.235859992891939,3.019430310078396,True
CanESM5,ssp245,paper_qm,2016,9,2016-09,future_corrected,tas_c,degree_Celsius,china_mask,15.962085920739323,14.679723316755073,0.4266692326708302,21,1.2823626039842502,3.0055192776779767,True
CanESM5,ssp245,paper_qm,2020,7,2020-07,future_corrected,tas_c,degree_Celsius,china_mask,22.042768327029165,20.362513130117872,0.36448413734958474,21,1.6802551969112933,4.609954246924397,True
CanESM5,ssp245,paper_qm,2020,8,2020-08,future_corrected,tas_c,degree_Celsius,china_mask,20.67108664531608,19.282052195677494,0.40930237361890004,21,1.3890344496385865,3.3936633138900665,True
CanESM5,ssp245,paper_qm,2020,9,2020-09,future_corrected,tas_c,degree_Celsius,china_mask,16.784306471776087,14.679723316755073,0.4266692326708302,21,2.1045831550210146,4.932587104645235,True
CanESM5,ssp245,paper_qm,2017,12,2017-12,future_corrected,rsds,W m-2,china_mask,96.18391419435126,110.04682039854222,4.282892837299586,21,-13.862906204190963,-3.236809028575109,True
CanESM5,ssp245,paper_qm,2017,2,2017-02,future_corrected,sfcWind_10m,m s-1,china_mask,1.984550192707938,1.5374196013880967,0.144857552869282,21,0.44713059131984134,3.0866915978024805,True
CanESM5,ssp245,paper_qm,2017,3,2017-03,future_corrected,sfcWind_10m,m s-1,china_mask,1.0452385682899583,1.5335971010216276,0.15288076099704853,21,-0.4883585327316693,-3.194375338968239,True
CanESM5,ssp245,paper_qm,2019,1,2019-01,future_corrected,sfcWind_10m,m s-1,china_mask,1.9311528560893665,1.595537577486506,0.09175910092210161,21,0.33561527860286056,3.657569387997593,True
CanESM5,ssp245,paper_qm,2016,9,2016-09,future_corrected,tcell,degree_Celsius,china_mask,23.474448570082735,21.99739752674431,0.49125660749938893,21,1.4770510433384239,3.006679240116401,True
CanESM5,ssp245,paper_qm,2017,7,2017-07,future_corrected,tcell,degree_Celsius,china_mask,29.925031992051895,28.418624505774503,0.4333247277782065,21,1.5064074862773928,3.4763940059484315,True
CanESM5,ssp245,paper_qm,2019,9,2019-09,future_corrected,tcell,degree_Celsius,china_mask,23.604346784608236,21.99739752674431,0.49125660749938893,21,1.6069492578639242,3.27109952992525,True
CanESM5,ssp245,paper_qm,2020,7,2020-07,future_corrected,tcell,degree_Celsius,china_mask,30.169258997906358,28.418624505774503,0.4333247277782065,21,1.750634492131855,4.04000598144471,True
CanESM5,ssp245,paper_qm,2020,8,2020-08,future_corrected,tcell,degree_Celsius,china_mask,28.842468388798256,27.22259328999517,0.5040537896116224,21,1.6198750988030852,3.2136949115117504,True
CanESM5,ssp245,paper_qm,2020,9,2020-09,future_corrected,tcell,degree_Celsius,china_mask,24.456986886002525,21.99739752674431,0.49125660749938893,21,2.4595893592582136,5.006730335451565,True
CanESM5,ssp245,paper_qm,2017,12,2017-12,future_corrected,pvpot,W m-2,china_mask,108.26998017604969,123.83952643304217,4.569950172087457,21,-15.569546256992481,-3.406940047637465,True
CanESM5,ssp245,paper_qm,2017,3,2017-03,future_corrected,wind_speed_hub,m s-1,china_mask,2.3324019569914736,3.181681710249089,0.2585449751301045,21,-0.8492797532576155,-3.2848433926447136,True
CanESM5,ssp245,paper_qm,2019,1,2019-01,future_corrected,wind_speed_hub,m s-1,china_mask,3.8297483333511666,3.297200491056623,0.15080489800294528,21,0.5325478422945435,3.5313696660180276,True
CanESM5,ssp245,paper_qm,2017,2,2017-02,future_corrected,wpd,W m-2,china_mask,72.89246967938473,42.82704878250786,9.81164444163352,21,30.065420896876873,3.0642591133144794,True
CanESM5,ssp245,paper_qm,2019,1,2019-01,future_corrected,wpd,W m-2,china_mask,69.17192053055685,41.90402448468726,7.065878906267071,21,27.267896045869584,3.8590947294163738,True
CanESM5,ssp245,optimized,2013,8,2013-08,historical_qm,tas_c,degree_Celsius,china_mask,20.517912188569433,19.282052195677494,0.40930237361890004,21,1.235859992891939,3.019430310078396,True
CanESM5,ssp245,optimized,2015,7,2015-07,future_corrected,tas_c,degree_Celsius,china_mask,22.047149049103794,20.362513130117872,0.36448413734958474,21,1.6846359189859221,4.621973211882609,True
CanESM5,ssp245,optimized,2015,8,2015-08,future_corrected,tas_c,degree_Celsius,china_mask,20.864172490747766,19.282052195677494,0.40930237361890004,21,1.582120295070272,3.8654070854311207,True
CanESM5,ssp245,optimized,2015,9,2015-09,future_corrected,tas_c,degree_Celsius,china_mask,16.254809605931722,14.679723316755073,0.4266692326708302,21,1.5750862891766495,3.691586288791084,True
CanESM5,ssp245,optimized,2016,9,2016-09,future_corrected,tas_c,degree_Celsius,china_mask,16.821280197564437,14.679723316755073,0.4266692326708302,21,2.1415568808093646,5.019243753302334,True
CanESM5,ssp245,optimized,2017,7,2017-07,future_corrected,tas_c,degree_Celsius,china_mask,22.407859772788683,20.362513130117872,0.36448413734958474,21,2.045346642670811,5.61162046047857,True
CanESM5,ssp245,optimized,2017,8,2017-08,future_corrected,tas_c,degree_Celsius,china_mask,21.462835428947525,19.282052195677494,0.40930237361890004,21,2.1807832332700308,5.328049319598009,True
CanESM5,ssp245,optimized,2017,9,2017-09,future_corrected,tas_c,degree_Celsius,china_mask,16.775614255338933,14.679723316755073,0.4266692326708302,21,2.09589093858386,4.912214844890897,True
CanESM5,ssp245,optimized,2018,7,2018-07,future_corrected,tas_c,degree_Celsius,china_mask,22.209769145123133,20.362513130117872,0.36448413734958474,21,1.8472560150052608,5.06813829660169,True
CanESM5,ssp245,optimized,2018,8,2018-08,future_corrected,tas_c,degree_Celsius,china_mask,20.88828763783575,19.282052195677494,0.40930237361890004,21,1.6062354421582548,3.9243247674244244,True
CanESM5,ssp245,optimized,2018,9,2018-09,future_corrected,tas_c,degree_Celsius,china_mask,16.71006030776735,14.679723316755073,0.4266692326708302,21,2.030336991012277,4.75857370427892,True
CanESM5,ssp245,optimized,2019,7,2019-07,future_corrected,tas_c,degree_Celsius,china_mask,21.75490972494569,20.362513130117872,0.36448413734958474,21,1.3923965948278187,3.820184343145613,True
CanESM5,ssp245,optimized,2019,8,2019-08,future_corrected,tas_c,degree_Celsius,china_mask,21.069221935449626,19.282052195677494,0.40930237361890004,21,1.787169739772132,4.366380101758606,True
CanESM5,ssp245,optimized,2019,9,2019-09,future_corrected,tas_c,degree_Celsius,china_mask,16.991299479317263,14.679723316755073,0.4266692326708302,21,2.31157616256219,5.41772404842123,True
CanESM5,ssp245,optimized,2020,5,2020-05,future_corrected,tas_c,degree_Celsius,china_mask,15.794516445602156,13.781815838752344,0.6402187924860636,21,2.012700606849812,3.1437699587576926,True
CanESM5,ssp245,optimized,2020,7,2020-07,future_corrected,tas_c,degree_Celsius,china_mask,22.924556339689104,20.362513130117872,0.36448413734958474,21,2.5620432095712324,7.0292310337607935,True
CanESM5,ssp245,optimized,2020,8,2020-08,future_corrected,tas_c,degree_Celsius,china_mask,21.09261955964162,19.282052195677494,0.40930237361890004,21,1.8105673639641253,4.423544745064044,True
CanESM5,ssp245,optimized,2020,9,2020-09,future_corrected,tas_c,degree_Celsius,china_mask,17.227329663077914,14.679723316755073,0.4266692326708302,21,2.5476063463228407,5.970916464671092,True
CanESM5,ssp245,optimized,2017,12,2017-12,future_corrected,rsds,W m-2,china_mask,96.18391419435126,110.04682039854222,4.282892837299586,21,-13.862906204190963,-3.236809028575109,True
CanESM5,ssp245,optimized,2019,1,2019-01,future_corrected,sfcWind_10m,m s-1,china_mask,1.919491400609396,1.595537577486506,0.09175910092210161,21,0.32395382312289,3.5304816619542603,True
CanESM5,ssp245,optimized,2015,7,2015-07,future_corrected,tcell,degree_Celsius,china_mask,29.82945585688076,28.418624505774503,0.4333247277782065,21,1.410831351106257,3.2558293138266934,True
CanESM5,ssp245,optimized,2015,9,2015-09,future_corrected,tcell,degree_Celsius,china_mask,23.544376977751767,21.99739752674431,0.49125660749938893,21,1.5469794510074557,3.149025229160668,True
CanESM5,ssp245,optimized,2016,9,2016-09,future_corrected,tcell,degree_Celsius,china_mask,24.152333561162305,21.99739752674431,0.49125660749938893,21,2.154936034417993,4.386579236841458,True
CanESM5,ssp245,optimized,2017,7,2017-07,future_corrected,tcell,degree_Celsius,china_mask,30.80596312820949,28.418624505774503,0.4333247277782065,21,2.3873386224349886,5.50935238493227,True
CanESM5,ssp245,optimized,2017,8,2017-08,future_corrected,tcell,degree_Celsius,china_mask,29.100157962261104,27.22259328999517,0.5040537896116224,21,1.8775646722659332,3.724929186054949,True
CanESM5,ssp245,optimized,2017,9,2017-09,future_corrected,tcell,degree_Celsius,china_mask,23.932707573199483,21.99739752674431,0.49125660749938893,21,1.9353100464551716,3.939509447631356,True
CanESM5,ssp245,optimized,2018,9,2018-09,future_corrected,tcell,degree_Celsius,china_mask,24.018838662900528,21.99739752674431,0.49125660749938893,21,2.0214411361562163,4.114837551897418,True
CanESM5,ssp245,optimized,2019,8,2019-08,future_corrected,tcell,degree_Celsius,china_mask,29.2612431562053,27.22259328999517,0.5040537896116224,21,2.038649866210129,4.044508558860207,True
CanESM5,ssp245,optimized,2019,9,2019-09,future_corrected,tcell,degree_Celsius,china_mask,24.50884924490145,21.99739752674431,0.49125660749938893,21,2.51145171815714,5.112301147339304,True
CanESM5,ssp245,optimized,2020,7,2020-07,future_corrected,tcell,degree_Celsius,china_mask,30.946805569238872,28.418624505774503,0.4333247277782065,21,2.5281810634643698,5.834379857404301,True
CanESM5,ssp245,optimized,2020,8,2020-08,future_corrected,tcell,degree_Celsius,china_mask,29.12458459732087,27.22259328999517,0.5040537896116224,21,1.901991307325698,3.773389559854709,True
CanESM5,ssp245,optimized,2020,9,2020-09,future_corrected,tcell,degree_Celsius,china_mask,24.779747047178084,21.99739752674431,0.49125660749938893,21,2.7823495204337725,5.663739638224069,True
CanESM5,ssp245,optimized,2016,7,2016-07,future_corrected,pvpot,W m-2,china_mask,219.76918849350986,236.64248118819873,5.570642428539675,21,-16.87329269468887,-3.028967109474328,True
CanESM5,ssp245,optimized,2017,12,2017-12,future_corrected,pvpot,W m-2,china_mask,108.06648951024106,123.83952643304217,4.569950172087457,21,-15.773036922801111,-3.4514680311265455,True
CanESM5,ssp245,optimized,2018,7,2018-07,future_corrected,pvpot,W m-2,china_mask,219.1373275874894,236.64248118819873,5.570642428539675,21,-17.50515360070932,-3.142394046156403,True
CanESM5,ssp245,optimized,2019,5,2019-05,future_corrected,pvpot,W m-2,china_mask,244.49139020952282,262.0217509392443,5.703601583198919,21,-17.530360729721508,-3.0735598330291225,True
CanESM5,ssp245,optimized,2017,3,2017-03,future_corrected,wind_speed_hub,m s-1,china_mask,2.3975160729884015,3.181681710249089,0.2585449751301045,21,-0.7841656372606876,-3.0329950789648157,True
CanESM5,ssp245,optimized,2019,1,2019-01,future_corrected,wind_speed_hub,m s-1,china_mask,3.8179606434798234,3.297200491056623,0.15080489800294528,21,0.5207601524232004,3.4532045001153064,True
CanESM5,ssp245,optimized,2019,1,2019-01,future_corrected,wpd,W m-2,china_mask,66.33573054220959,41.90402448468726,7.065878906267071,21,24.431706057522327,3.4577023441277293,True
CanESM5,ssp585,paper_qm,2013,8,2013-08,historical_qm,tas_c,degree_Celsius,china_mask,20.517912188569433,19.282052195677494,0.40930237361890004,21,1.235859992891939,3.019430310078396,True
CanESM5,ssp585,paper_qm,2015,10,2015-10,future_corrected,tas_c,degree_Celsius,china_mask,5.031524038092967,7.821140803892665,0.7465110634915626,21,-2.789616765799698,-3.736872636223465,True
CanESM5,ssp585,paper_qm,2018,7,2018-07,future_corrected,tas_c,degree_Celsius,china_mask,21.535821645172742,20.362513130117872,0.36448413734958474,21,1.1733085150548703,3.219093493579185,True
CanESM5,ssp585,paper_qm,2019,7,2019-07,future_corrected,tas_c,degree_Celsius,china_mask,21.494463166193487,20.362513130117872,0.36448413734958474,21,1.1319500360756152,3.1056222207825113,True
CanESM5,ssp585,paper_qm,2020,9,2020-09,future_corrected,tas_c,degree_Celsius,china_mask,16.015296440983175,14.679723316755073,0.4266692326708302,21,1.3355731242281017,3.130230684476092,True
CanESM5,ssp585,paper_qm,2015,10,2015-10,future_corrected,rsds,W m-2,china_mask,118.90843105070921,162.02932637701085,7.3422027226975946,21,-43.120895326301635,-5.873018895678028,True
CanESM5,ssp585,paper_qm,2016,7,2016-07,future_corrected,rsds,W m-2,china_mask,220.60260804959447,240.41719430574886,5.789831975380068,21,-19.8145862561544,-3.42230764906674,True
CanESM5,ssp585,paper_qm,2018,6,2018-06,future_corrected,rsds,W m-2,china_mask,225.19999694409117,252.50707662138336,7.864139107545202,21,-27.307079677292194,-3.472354609176811,True
CanESM5,ssp585,paper_qm,2018,10,2018-10,future_corrected,rsds,W m-2,china_mask,134.8274409973507,162.02932637701085,7.3422027226975946,21,-27.201885379660155,-3.7048671096438923,True
CanESM5,ssp585,paper_qm,2015,10,2015-10,future_corrected,tcell,degree_Celsius,china_mask,10.324371039837363,14.347609769891662,0.8183402841209697,21,-4.023238730054299,-4.91633958161538,True
CanESM5,ssp585,paper_qm,2015,10,2015-10,future_corrected,pvpot,W m-2,china_mask,128.05491847200838,171.135558477101,7.288414473281779,21,-43.08064000509262,-5.910838380970197,True
CanESM5,ssp585,paper_qm,2016,7,2016-07,future_corrected,pvpot,W m-2,china_mask,216.47825756886417,236.64248118819873,5.570642428539675,21,-20.164223619334564,-3.6197303772413454,True
CanESM5,ssp585,paper_qm,2018,6,2018-06,future_corrected,pvpot,W m-2,china_mask,224.39426587633727,250.77642699347012,7.3389173097938984,21,-26.382161117132853,-3.5948301368548536,True
CanESM5,ssp585,paper_qm,2018,10,2018-10,future_corrected,pvpot,W m-2,china_mask,142.720672216881,171.135558477101,7.288414473281779,21,-28.414886260219987,-3.8986375382992624,True
CanESM5,ssp585,optimized,2013,8,2013-08,historical_qm,tas_c,degree_Celsius,china_mask,20.517912188569433,19.282052195677494,0.40930237361890004,21,1.235859992891939,3.019430310078396,True
CanESM5,ssp585,optimized,2015,5,2015-05,future_corrected,tas_c,degree_Celsius,china_mask,15.759670372681567,13.781815838752344,0.6402187924860636,21,1.9778545339292233,3.0893415768833083,True
CanESM5,ssp585,optimized,2015,6,2015-06,future_corrected,tas_c,degree_Celsius,china_mask,19.932784850406353,18.23192364973258,0.5030914288299608,21,1.7008612006737742,3.380819276984037,True
CanESM5,ssp585,optimized,2015,7,2015-07,future_corrected,tas_c,degree_Celsius,china_mask,22.231635542213652,20.362513130117872,0.36448413734958474,21,1.8691224120957806,5.128131022895694,True
CanESM5,ssp585,optimized,2015,8,2015-08,future_corrected,tas_c,degree_Celsius,china_mask,21.525702899624335,19.282052195677494,0.40930237361890004,21,2.243650703946841,5.4816459628839,True
CanESM5,ssp585,optimized,2015,9,2015-09,future_corrected,tas_c,degree_Celsius,china_mask,16.43337542249699,14.679723316755073,0.4266692326708302,21,1.7536521057419172,4.11009740440984,True
CanESM5,ssp585,optimized,2015,10,2015-10,future_corrected,tas_c,degree_Celsius,china_mask,5.119825022584285,7.821140803892665,0.7465110634915626,21,-2.70131578130838,-3.6185877389061782,True
CanESM5,ssp585,optimized,2016,7,2016-07,future_corrected,tas_c,degree_Celsius,china_mask,22.1447650760488,20.362513130117872,0.36448413734958474,21,1.782251945930927,4.889792897136508,True
CanESM5,ssp585,optimized,2016,8,2016-08,future_corrected,tas_c,degree_Celsius,china_mask,21.27778990534356,19.282052195677494,0.40930237361890004,21,1.9957377096660665,4.875949513853273,True
CanESM5,ssp585,optimized,2017,7,2017-07,future_corrected,tas_c,degree_Celsius,china_mask,21.987258843300143,20.362513130117872,0.36448413734958474,21,1.6247457131822713,4.457658226217791,True
CanESM5,ssp585,optimized,2017,8,2017-08,future_corrected,tas_c,degree_Celsius,china_mask,21.65078678485714,19.282052195677494,0.40930237361890004,21,2.3687345891796454,5.787248601165372,True
CanESM5,ssp585,optimized,2017,9,2017-09,future_corrected,tas_c,degree_Celsius,china_mask,16.344278033301332,14.679723316755073,0.4266692326708302,21,1.6645547165462595,3.901276654345597,True
CanESM5,ssp585,optimized,2018,7,2018-07,future_corrected,tas_c,degree_Celsius,china_mask,22.51941895217627,20.362513130117872,0.36448413734958474,21,2.1569058220583983,5.917694629299224,True
CanESM5,ssp585,optimized,2018,8,2018-08,future_corrected,tas_c,degree_Celsius,china_mask,21.52516190196989,19.282052195677494,0.40930237361890004,21,2.2431097062923975,5.480324207406011,True
CanESM5,ssp585,optimized,2018,9,2018-09,future_corrected,tas_c,degree_Celsius,china_mask,16.736302342173214,14.679723316755073,0.4266692326708302,21,2.0565790254181415,4.820078102525771,True
CanESM5,ssp585,optimized,2019,7,2019-07,future_corrected,tas_c,degree_Celsius,china_mask,22.534301175140683,20.362513130117872,0.36448413734958474,21,2.1717880450228115,5.958525550152549,True
CanESM5,ssp585,optimized,2019,8,2019-08,future_corrected,tas_c,degree_Celsius,china_mask,21.129931730272116,19.282052195677494,0.40930237361890004,21,1.8478795345946217,4.514705151246388,True
CanESM5,ssp585,optimized,2019,9,2019-09,future_corrected,tas_c,degree_Celsius,china_mask,16.259800605180722,14.679723316755073,0.4266692326708302,21,1.5800772884256489,3.70328387293081,True
CanESM5,ssp585,optimized,2020,6,2020-06,future_corrected,tas_c,degree_Celsius,china_mask,19.830218853369516,18.23192364973258,0.5030914288299608,21,1.598295203636937,3.1769477912873416,True
CanESM5,ssp585,optimized,2020,7,2020-07,future_corrected,tas_c,degree_Celsius,china_mask,22.108005436657777,20.362513130117872,0.36448413734958474,21,1.745492306539905,4.788939017298755,True
CanESM5,ssp585,optimized,2020,8,2020-08,future_corrected,tas_c,degree_Celsius,china_mask,21.33662652027204,19.282052195677494,0.40930237361890004,21,2.0545743245945474,5.0196980448189485,True
CanESM5,ssp585,optimized,2020,9,2020-09,future_corrected,tas_c,degree_Celsius,china_mask,17.074725217670665,14.679723316755073,0.4266692326708302,21,2.3950019009155916,5.613251946768107,True
CanESM5,ssp585,optimized,2015,10,2015-10,future_corrected,rsds,W m-2,china_mask,118.90843105070921,162.02932637701085,7.3422027226975946,21,-43.120895326301635,-5.873018895678028,True
CanESM5,ssp585,optimized,2016,7,2016-07,future_corrected,rsds,W m-2,china_mask,220.60260804959447,240.41719430574886,5.789831975380068,21,-19.8145862561544,-3.42230764906674,True
CanESM5,ssp585,optimized,2018,6,2018-06,future_corrected,rsds,W m-2,china_mask,225.19999694409117,252.50707662138336,7.864139107545202,21,-27.307079677292194,-3.472354609176811,True
CanESM5,ssp585,optimized,2018,10,2018-10,future_corrected,rsds,W m-2,china_mask,134.8274409973507,162.02932637701085,7.3422027226975946,21,-27.201885379660155,-3.7048671096438923,True
CanESM5,ssp585,optimized,2015,5,2015-05,future_corrected,tcell,degree_Celsius,china_mask,24.939139433349155,22.775800982361414,0.7026061263621934,21,2.163338450987741,3.0790201932747454,True
CanESM5,ssp585,optimized,2015,7,2015-07,future_corrected,tcell,degree_Celsius,china_mask,29.964723573024397,28.418624505774503,0.4333247277782065,21,1.5460990672498944,3.5679917810765964,True
CanESM5,ssp585,optimized,2015,8,2015-08,future_corrected,tcell,degree_Celsius,china_mask,29.124898416682452,27.22259328999517,0.5040537896116224,21,1.9023051266872812,3.7740121508718802,True
CanESM5,ssp585,optimized,2015,10,2015-10,future_corrected,tcell,degree_Celsius,china_mask,10.335627562822161,14.347609769891662,0.8183402841209697,21,-4.011982207069501,-4.902584273214682,True
CanESM5,ssp585,optimized,2016,8,2016-08,future_corrected,tcell,degree_Celsius,china_mask,28.785347041300007,27.22259328999517,0.5040537896116224,21,1.562753751304836,3.1003709991129136,True
CanESM5,ssp585,optimized,2017,7,2017-07,future_corrected,tcell,degree_Celsius,china_mask,29.872255243595546,28.418624505774503,0.4333247277782065,21,1.4536307378210438,3.354599090788726,True
CanESM5,ssp585,optimized,2017,8,2017-08,future_corrected,tcell,degree_Celsius,china_mask,29.21320277205833,27.22259328999517,0.5040537896116224,21,1.9906094820631601,3.949200508138112,True
CanESM5,ssp585,optimized,2018,7,2018-07,future_corrected,tcell,degree_Celsius,china_mask,30.26917351350798,28.418624505774503,0.4333247277782065,21,1.850549007733477,4.2705825195387055,True
CanESM5,ssp585,optimized,2018,8,2018-08,future_corrected,tcell,degree_Celsius,china_mask,29.29257284881343,27.22259328999517,0.5040537896116224,21,2.0699795588182575,4.106664013801372,True
CanESM5,ssp585,optimized,2018,9,2018-09,future_corrected,tcell,degree_Celsius,china_mask,23.7551787645967,21.99739752674431,0.49125660749938893,21,1.757781237852388,3.5781325096061423,True
CanESM5,ssp585,optimized,2019,7,2019-07,future_corrected,tcell,degree_Celsius,china_mask,30.36832891516437,28.418624505774503,0.4333247277782065,21,1.9497044093898666,4.499407221430959,True
CanESM5,ssp585,optimized,2019,8,2019-08,future_corrected,tcell,degree_Celsius,china_mask,28.840822278679003,27.22259328999517,0.5040537896116224,21,1.618228988683832,3.210429168543085,True
CanESM5,ssp585,optimized,2020,7,2020-07,future_corrected,tcell,degree_Celsius,china_mask,29.760880739032295,28.418624505774503,0.4333247277782065,21,1.3422562332577925,3.0975758991183504,True
CanESM5,ssp585,optimized,2020,8,2020-08,future_corrected,tcell,degree_Celsius,china_mask,28.836872950447262,27.22259328999517,0.5040537896116224,21,1.614279660452091,3.20259403603712,True
CanESM5,ssp585,optimized,2020,9,2020-09,future_corrected,tcell,degree_Celsius,china_mask,24.349473023216223,21.99739752674431,0.49125660749938893,21,2.3520754964719117,4.787875543180022,True
CanESM5,ssp585,optimized,2015,10,2015-10,future_corrected,pvpot,W m-2,china_mask,128.08071068387264,171.135558477101,7.288414473281779,21,-43.05484779322836,-5.90729958498668,True
CanESM5,ssp585,optimized,2016,7,2016-07,future_corrected,pvpot,W m-2,china_mask,215.60539337840987,236.64248118819873,5.570642428539675,21,-21.037087809788858,-3.776420418228793,True
CanESM5,ssp585,optimized,2018,6,2018-06,future_corrected,pvpot,W m-2,china_mask,223.8273703155213,250.77642699347012,7.3389173097938984,21,-26.949056677948818,-3.672075258565032,True
CanESM5,ssp585,optimized,2018,10,2018-10,future_corrected,pvpot,W m-2,china_mask,142.42071517521703,171.135558477101,7.288414473281779,21,-28.714843301883974,-3.939792859907766,True
FGOALS-f3-L,ssp126,paper_qm,2017,1,2017-01,future_corrected,tas_c,degree_Celsius,china_mask,-5.237347758006494,-7.878707533284723,0.861447636106551,21,2.6413597752782296,3.066187269624737,True
FGOALS-f3-L,ssp126,paper_qm,2019,12,2019-12,future_corrected,tas_c,degree_Celsius,china_mask,-8.525929171002872,-5.97970889973985,0.7342668225112411,21,-2.5462202712630218,-3.4677043728528822,True
FGOALS-f3-L,ssp126,paper_qm,2013,6,2013-06,historical_qm,rsds,W m-2,china_mask,239.93725041974216,256.18012552687276,5.340110038753151,21,-16.2428751071306,-3.0416742331630133,True
FGOALS-f3-L,ssp126,paper_qm,2015,2,2015-02,future_corrected,rsds,W m-2,china_mask,173.078656193316,157.31468667910923,4.1352245485371935,21,15.763969514206764,3.812119349064891,True
FGOALS-f3-L,ssp126,paper_qm,2016,4,2016-04,future_corrected,sfcWind_10m,m s-1,china_mask,1.7388157823413553,1.320488513634779,0.1359546878624976,21,0.4183272687065762,3.0769609734212753,True
FGOALS-f3-L,ssp126,paper_qm,2017,9,2017-09,future_corrected,sfcWind_10m,m s-1,china_mask,1.3430465640147133,1.028032667889121,0.09344338829577498,21,0.3150138961255924,3.371173732789778,True
FGOALS-f3-L,ssp126,paper_qm,2011,2,2011-02,historical_qm,tcell,degree_Celsius,china_mask,5.576592121785861,2.363778196267692,1.054320054145464,21,3.2128139255181694,3.047285226991328,True
FGOALS-f3-L,ssp126,paper_qm,2019,12,2019-12,future_corrected,tcell,degree_Celsius,china_mask,-3.274482765173534,-0.6601271914951967,0.8593395723799901,21,-2.6143555736783375,-3.0422846307865585,True
FGOALS-f3-L,ssp126,paper_qm,2015,2,2015-02,future_corrected,pvpot,W m-2,china_mask,192.99719035588384,175.6830476920543,4.779281864321021,21,17.314142663829557,3.622749851412944,True
FGOALS-f3-L,ssp126,paper_qm,2016,4,2016-04,future_corrected,wind_speed_hub,m s-1,china_mask,3.5591844760236864,2.8303929278679685,0.2388311113975852,21,0.7287915481557179,3.051493349802695,True
FGOALS-f3-L,ssp126,paper_qm,2017,9,2017-09,future_corrected,wind_speed_hub,m s-1,china_mask,2.9046571816085316,2.3218383959410898,0.1760906342454683,21,0.5828187856674418,3.3097659518620346,True
FGOALS-f3-L,ssp126,paper_qm,2016,4,2016-04,future_corrected,wpd,W m-2,china_mask,44.8398793513925,26.723860706828912,6.0350429810326505,21,18.116018644563585,3.0018044115841196,True
FGOALS-f3-L,ssp126,paper_qm,2017,9,2017-09,future_corrected,wpd,W m-2,china_mask,24.071598234186787,14.91059411123393,2.509078548320011,21,9.161004122952857,3.6511428185804453,True
FGOALS-f3-L,ssp126,optimized,2017,1,2017-01,future_corrected,tas_c,degree_Celsius,china_mask,-5.224940070157035,-7.878707533284723,0.861447636106551,21,2.6537674631276884,3.080590568594292,True
FGOALS-f3-L,ssp126,optimized,2019,12,2019-12,future_corrected,tas_c,degree_Celsius,china_mask,-8.530512916828128,-5.97970889973985,0.7342668225112411,21,-2.5508040170882778,-3.473946988867561,True
FGOALS-f3-L,ssp126,optimized,2020,8,2020-08,future_corrected,tas_c,degree_Celsius,china_mask,20.63601571180348,19.162428066926392,0.47071869888565065,21,1.4735876448770888,3.130505859158699,True
FGOALS-f3-L,ssp126,optimized,2013,6,2013-06,historical_qm,rsds,W m-2,china_mask,239.93725041974216,256.18012552687276,5.340110038753151,21,-16.2428751071306,-3.0416742331630133,True
FGOALS-f3-L,ssp126,optimized,2015,2,2015-02,future_corrected,rsds,W m-2,china_mask,173.078656193316,157.31468667910923,4.1352245485371935,21,15.763969514206764,3.812119349064891,True
FGOALS-f3-L,ssp126,optimized,2011,2,2011-02,historical_qm,tcell,degree_Celsius,china_mask,5.576592121785861,2.363778196267692,1.054320054145464,21,3.2128139255181694,3.047285226991328,True
FGOALS-f3-L,ssp126,optimized,2019,12,2019-12,future_corrected,tcell,degree_Celsius,china_mask,-3.295793087591077,-0.6601271914951967,0.8593395723799901,21,-2.63566589609588,-3.0670831191868104,True
FGOALS-f3-L,ssp126,optimized,2020,8,2020-08,future_corrected,tcell,degree_Celsius,china_mask,28.875947528036733,27.189655825195143,0.5461638650916271,21,1.68629170284159,3.087519718205249,True
FGOALS-f3-L,ssp126,optimized,2015,2,2015-02,future_corrected,pvpot,W m-2,china_mask,192.8667706792109,175.6830476920543,4.779281864321021,21,17.183722987156614,3.595461300460013,True
FGOALS-f3-L,ssp245,paper_qm,2015,11,2015-11,future_corrected,tas_c,degree_Celsius,china_mask,1.8394741837550959,-0.364721606426231,0.721090855014783,21,2.204195790181327,3.056751829332434,True
FGOALS-f3-L,ssp245,paper_qm,2017,3,2017-03,future_corrected,tas_c,degree_Celsius,china_mask,-2.2123538648954004,1.2116413136538158,1.0280313516865562,21,-3.423995178549216,-3.3306330326715385,True
FGOALS-f3-L,ssp245,paper_qm,2013,6,2013-06,historical_qm,rsds,W m-2,china_mask,239.93725041974216,256.18012552687276,5.340110038753151,21,-16.2428751071306,-3.0416742331630133,True
FGOALS-f3-L,ssp245,paper_qm,2018,9,2018-09,future_corrected,sfcWind_10m,m s-1,china_mask,1.3267703690144923,1.028032667889121,0.09344338829577498,21,0.29873770112537135,3.1969913182062846,True
FGOALS-f3-L,ssp245,paper_qm,2011,2,2011-02,historical_qm,tcell,degree_Celsius,china_mask,5.576592121785861,2.363778196267692,1.054320054145464,21,3.2128139255181694,3.047285226991328,True
FGOALS-f3-L,ssp245,paper_qm,2018,9,2018-09,future_corrected,wind_speed_hub,m s-1,china_mask,2.857565035228898,2.3218383959410898,0.1760906342454683,21,0.5357266392878084,3.0423346567144036,True
FGOALS-f3-L,ssp245,paper_qm,2018,9,2018-09,future_corrected,wpd,W m-2,china_mask,25.658786522756984,14.91059411123393,2.509078548320011,21,10.748192411523053,4.283720977455911,True
FGOALS-f3-L,ssp245,paper_qm,2019,1,2019-01,future_corrected,wpd,W m-2,china_mask,76.24863323140244,42.297414261193495,8.502085669550171,21,33.95121897020894,3.993281212374003,True
FGOALS-f3-L,ssp245,paper_qm,2019,9,2019-09,future_corrected,wpd,W m-2,china_mask,22.45986731785893,14.91059411123393,2.509078548320011,21,7.549273206624999,3.008783129439978,True
FGOALS-f3-L,ssp245,optimized,2017,3,2017-03,future_corrected,tas_c,degree_Celsius,china_mask,-2.035950857544635,1.2116413136538158,1.0280313516865562,21,-3.247592171198451,-3.1590400096947944,True
FGOALS-f3-L,ssp245,optimized,2017,8,2017-08,future_corrected,tas_c,degree_Celsius,china_mask,20.633596319762784,19.162428066926392,0.47071869888565065,21,1.4711682528363923,3.1253660760006814,True
FGOALS-f3-L,ssp245,optimized,2013,6,2013-06,historical_qm,rsds,W m-2,china_mask,239.93725041974216,256.18012552687276,5.340110038753151,21,-16.2428751071306,-3.0416742331630133,True
FGOALS-f3-L,ssp245,optimized,2011,2,2011-02,historical_qm,tcell,degree_Celsius,china_mask,5.576592121785861,2.363778196267692,1.054320054145464,21,3.2128139255181694,3.047285226991328,True
FGOALS-f3-L,ssp245,optimized,2017,8,2017-08,future_corrected,tcell,degree_Celsius,china_mask,28.980418635626958,27.189655825195143,0.5461638650916271,21,1.790762810431815,3.278801335806769,True
FGOALS-f3-L,ssp245,optimized,2018,9,2018-09,future_corrected,wpd,W m-2,china_mask,23.06918762325758,14.91059411123393,2.509078548320011,21,8.15859351202365,3.251629375049399,True
FGOALS-f3-L,ssp245,optimized,2019,1,2019-01,future_corrected,wpd,W m-2,china_mask,74.7914058861507,42.297414261193495,8.502085669550171,21,32.493991624957204,3.821884757211156,True
FGOALS-f3-L,ssp585,paper_qm,2017,1,2017-01,future_corrected,tas_c,degree_Celsius,china_mask,-4.647702346916562,-7.878707533284723,0.861447636106551,21,3.2310051863681615,3.7506692815029377,True
FGOALS-f3-L,ssp585,paper_qm,2020,2,2020-02,future_corrected,tas_c,degree_Celsius,china_mask,-0.738400909605614,-4.307813916989507,0.9961735749595406,21,3.569413007383893,3.5831235611011505,True
FGOALS-f3-L,ssp585,paper_qm,2013,6,2013-06,historical_qm,rsds,W m-2,china_mask,239.93725041974216,256.18012552687276,5.340110038753151,21,-16.2428751071306,-3.0416742331630133,True
FGOALS-f3-L,ssp585,paper_qm,2015,8,2015-08,future_corrected,rsds,W m-2,china_mask,250.1563806399408,228.3341165787538,6.0211307902580975,21,21.822264061187013,3.624280026684422,True
FGOALS-f3-L,ssp585,paper_qm,2011,2,2011-02,historical_qm,tcell,degree_Celsius,china_mask,5.576592121785861,2.363778196267692,1.054320054145464,21,3.2128139255181694,3.047285226991328,True
FGOALS-f3-L,ssp585,paper_qm,2017,1,2017-01,future_corrected,tcell,degree_Celsius,china_mask,0.976295967336659,-2.0959451273210044,0.9175675922885802,21,3.0722410946576635,3.3482449908621295,True
FGOALS-f3-L,ssp585,paper_qm,2020,2,2020-02,future_corrected,tcell,degree_Celsius,china_mask,5.575317039257109,2.363778196267692,1.054320054145464,21,3.211538842989417,3.0460758385103452,True
FGOALS-f3-L,ssp585,paper_qm,2015,8,2015-08,future_corrected,pvpot,W m-2,china_mask,245.94870813418234,226.17887398654676,5.559395775247353,21,19.769834147635578,3.5561120213205117,True
FGOALS-f3-L,ssp585,paper_qm,2017,1,2017-01,future_corrected,pvpot,W m-2,china_mask,129.17681211576928,140.37841635188656,3.69861437849801,21,-11.201604236117277,-3.0285947897780563,True
FGOALS-f3-L,ssp585,optimized,2017,1,2017-01,future_corrected,tas_c,degree_Celsius,china_mask,-4.7016110623832645,-7.878707533284723,0.861447636106551,21,3.177096470901459,3.6880900680868423,True
FGOALS-f3-L,ssp585,optimized,2020,2,2020-02,future_corrected,tas_c,degree_Celsius,china_mask,-0.8203076883415327,-4.307813916989507,0.9961735749595406,21,3.487506228647974,3.5009021683692207,True
FGOALS-f3-L,ssp585,optimized,2013,6,2013-06,historical_qm,rsds,W m-2,china_mask,239.93725041974216,256.18012552687276,5.340110038753151,21,-16.2428751071306,-3.0416742331630133,True
FGOALS-f3-L,ssp585,optimized,2015,8,2015-08,future_corrected,rsds,W m-2,china_mask,250.1563806399408,228.3341165787538,6.0211307902580975,21,21.822264061187013,3.624280026684422,True
FGOALS-f3-L,ssp585,optimized,2011,2,2011-02,historical_qm,tcell,degree_Celsius,china_mask,5.576592121785861,2.363778196267692,1.054320054145464,21,3.2128139255181694,3.047285226991328,True
FGOALS-f3-L,ssp585,optimized,2017,1,2017-01,future_corrected,tcell,degree_Celsius,china_mask,0.9389518647898435,-2.0959451273210044,0.9175675922885802,21,3.034896992110848,3.3075459700372196,True
FGOALS-f3-L,ssp585,optimized,2020,2,2020-02,future_corrected,tcell,degree_Celsius,china_mask,5.600731388263176,2.363778196267692,1.054320054145464,21,3.236953191995484,3.0701808044608088,True
FGOALS-f3-L,ssp585,optimized,2015,8,2015-08,future_corrected,pvpot,W m-2,china_mask,245.51765265750745,226.17887398654676,5.559395775247353,21,19.338778670960693,3.4785756317376517,True
FGOALS-f3-L,ssp585,optimized,2017,1,2017-01,future_corrected,pvpot,W m-2,china_mask,129.19956899529706,140.37841635188656,3.69861437849801,21,-11.1788473565895,-3.0224419776168117,True
FIO-ESM-2-0,ssp126,paper_qm,2017,7,2017-07,future_corrected,tas_c,degree_Celsius,china_mask,21.321086196703344,20.07239410485035,0.3745951995049122,21,1.2486920918529947,3.3334439242770384,True
FIO-ESM-2-0,ssp126,paper_qm,2020,8,2020-08,future_corrected,tas_c,degree_Celsius,china_mask,20.24386265151015,19.014845254156008,0.3032249346232515,21,1.2290173973541414,4.053154134178184,True
FIO-ESM-2-0,ssp126,paper_qm,2015,10,2015-10,future_corrected,rsds,W m-2,china_mask,147.12881748328093,162.22037206753333,4.215282688182725,21,-15.091554584252407,-3.5801998823378116,True
FIO-ESM-2-0,ssp126,paper_qm,2016,8,2016-08,future_corrected,tcell,degree_Celsius,china_mask,28.29578129723918,27.01395011321035,0.4231344480925914,21,1.2818311840288317,3.029370900448025,True
FIO-ESM-2-0,ssp126,paper_qm,2017,7,2017-07,future_corrected,tcell,degree_Celsius,china_mask,29.91088702774584,28.21711795398225,0.5104110619126982,21,1.6937690737635904,3.318441154892713,True
FIO-ESM-2-0,ssp126,paper_qm,2015,10,2015-10,future_corrected,pvpot,W m-2,china_mask,155.37389076617112,171.72998239962774,4.1512969954892,21,-16.35609163345663,-3.93999553663088,True
FIO-ESM-2-0,ssp126,optimized,2017,7,2017-07,future_corrected,tas_c,degree_Celsius,china_mask,21.217384466202947,20.07239410485035,0.3745951995049122,21,1.1449903613525976,3.056607139829572,True
FIO-ESM-2-0,ssp126,optimized,2020,8,2020-08,future_corrected,tas_c,degree_Celsius,china_mask,20.101645302316843,19.014845254156008,0.3032249346232515,21,1.0868000481608355,3.584138123440126,True
FIO-ESM-2-0,ssp126,optimized,2015,10,2015-10,future_corrected,rsds,W m-2,china_mask,147.12881748328093,162.22037206753333,4.215282688182725,21,-15.091554584252407,-3.5801998823378116,True
FIO-ESM-2-0,ssp126,optimized,2017,7,2017-07,future_corrected,tcell,degree_Celsius,china_mask,29.761110299739773,28.21711795398225,0.5104110619126982,21,1.5439923457575233,3.024997812491789,True
FIO-ESM-2-0,ssp126,optimized,2015,10,2015-10,future_corrected,pvpot,W m-2,china_mask,155.74909240826884,171.72998239962774,4.1512969954892,21,-15.980889991358907,-3.849613749323102,True
FIO-ESM-2-0,ssp245,paper_qm,2015,5,2015-05,future_corrected,rsds,W m-2,china_mask,275.75035151446855,258.5401310962431,4.5872534785685355,21,17.210220418225447,3.7517482952775354,True
FIO-ESM-2-0,ssp245,paper_qm,2015,7,2015-07,future_corrected,sfcWind_10m,m s-1,china_mask,0.9233015068097794,1.1973429950096937,0.0786418166221074,21,-0.27404148819991425,-3.484679016467138,True
FIO-ESM-2-0,ssp245,paper_qm,2018,8,2018-08,future_corrected,sfcWind_10m,m s-1,china_mask,0.6910606719270374,0.9892184446168868,0.08988948731513324,21,-0.29815777268984944,-3.3169370701222527,True
FIO-ESM-2-0,ssp245,paper_qm,2020,5,2020-05,future_corrected,sfcWind_10m,m s-1,china_mask,1.6567108511222322,1.1927501269414083,0.1529874296841298,21,0.4639607241808239,3.0326721949558517,True
FIO-ESM-2-0,ssp245,paper_qm,2015,5,2015-05,future_corrected,pvpot,W m-2,china_mask,278.5813109787925,262.9844049288816,4.32922860183926,21,15.5969060499109,3.602698652430736,True
FIO-ESM-2-0,ssp245,paper_qm,2015,8,2015-08,future_corrected,pvpot,W m-2,china_mask,240.60578079447725,223.00988088184693,5.814737245170599,21,17.59589991263033,3.026086849796096,True
FIO-ESM-2-0,ssp245,paper_qm,2015,7,2015-07,future_corrected,wind_speed_hub,m s-1,china_mask,2.1238459765860527,2.6257701078321505,0.1478550388518111,21,-0.5019241312460978,-3.3947042667186698,True
FIO-ESM-2-0,ssp245,paper_qm,2018,8,2018-08,future_corrected,wind_speed_hub,m s-1,china_mask,1.667933427095722,2.2451038944951014,0.16423086519766258,21,-0.5771704673993794,-3.514384867331223,True
FIO-ESM-2-0,ssp245,paper_qm,2015,7,2015-07,future_corrected,wpd,W m-2,china_mask,12.238230267963807,20.684317536255076,2.2571241582384314,21,-8.446087268291269,-3.7419683970256217,True
FIO-ESM-2-0,ssp245,paper_qm,2020,5,2020-05,future_corrected,wpd,W m-2,china_mask,41.715205458314884,21.38753377183439,5.565633165343327,21,20.327671686480492,3.6523556408746067,True
FIO-ESM-2-0,ssp245,optimized,2015,5,2015-05,future_corrected,rsds,W m-2,china_mask,275.75035151446855,258.5401310962431,4.5872534785685355,21,17.210220418225447,3.7517482952775354,True
FIO-ESM-2-0,ssp245,optimized,2015,7,2015-07,future_corrected,sfcWind_10m,m s-1,china_mask,0.9247689150632502,1.1973429950096937,0.0786418166221074,21,-0.27257407994644345,-3.466019627397808,True
FIO-ESM-2-0,ssp245,optimized,2015,5,2015-05,future_corrected,pvpot,W m-2,china_mask,278.60682395264655,262.9844049288816,4.32922860183926,21,15.622419023764962,3.608591844082298,True
FIO-ESM-2-0,ssp245,optimized,2015,8,2015-08,future_corrected,pvpot,W m-2,china_mask,240.74302957302208,223.00988088184693,5.814737245170599,21,17.73314869117516,3.04969045779383,True
FIO-ESM-2-0,ssp245,optimized,2015,7,2015-07,future_corrected,wind_speed_hub,m s-1,china_mask,2.1263444926182555,2.6257701078321505,0.1478550388518111,21,-0.49942561521389495,-3.377805850191202,True
FIO-ESM-2-0,ssp245,optimized,2015,7,2015-07,future_corrected,wpd,W m-2,china_mask,12.313420051509715,20.684317536255076,2.2571241582384314,21,-8.370897484745361,-3.7086561916374214,True
FIO-ESM-2-0,ssp245,optimized,2020,5,2020-05,future_corrected,wpd,W m-2,china_mask,40.649751126459265,21.38753377183439,5.565633165343327,21,19.262217354624873,3.460921117577221,True
FIO-ESM-2-0,ssp585,paper_qm,2019,8,2019-08,future_corrected,tas_c,degree_Celsius,china_mask,20.03361016181217,19.014845254156008,0.3032249346232515,21,1.0187649076561627,3.3597662702836413,True
FIO-ESM-2-0,ssp585,paper_qm,2020,6,2020-06,future_corrected,tas_c,degree_Celsius,china_mask,19.163991756929924,17.763450554042855,0.4370101598447413,21,1.4005412028870694,3.2048252685581646,True
FIO-ESM-2-0,ssp585,paper_qm,2018,12,2018-12,future_corrected,sfcWind_10m,m s-1,china_mask,1.9577645565665618,1.5996864411106384,0.09978464064752107,21,0.3580781154559234,3.588509345048376,True
FIO-ESM-2-0,ssp585,paper_qm,2015,4,2015-04,future_corrected,tcell,degree_Celsius,china_mask,19.57927672030834,16.708271467628236,0.9081417758462603,21,2.871005252680103,3.1614064334885708,True
FIO-ESM-2-0,ssp585,paper_qm,2015,4,2015-04,future_corrected,wind_speed_hub,m s-1,china_mask,1.968915779791983,2.8800732676586556,0.2944231016065119,21,-0.9111574878666726,-3.094721449828379,True
FIO-ESM-2-0,ssp585,paper_qm,2018,12,2018-12,future_corrected,wind_speed_hub,m s-1,china_mask,3.9099007428162285,3.304628955365265,0.16971962344636057,21,0.6052717874509637,3.566304091184,True
FIO-ESM-2-0,ssp585,paper_qm,2018,12,2018-12,future_corrected,wpd,W m-2,china_mask,60.41556854451686,41.579565553136,5.881182046871368,21,18.83600299138086,3.202758024027008,True
FIO-ESM-2-0,ssp585,paper_qm,2020,7,2020-07,future_corrected,wpd,W m-2,china_mask,28.236178585706686,20.684317536255076,2.2571241582384314,21,7.55186104945161,3.3457889420427125,True
FIO-ESM-2-0,ssp585,optimized,2018,12,2018-12,future_corrected,sfcWind_10m,m s-1,china_mask,1.9548949728268787,1.5996864411106384,0.09978464064752107,21,0.35520853171624034,3.5597515751044067,True
FIO-ESM-2-0,ssp585,optimized,2015,4,2015-04,future_corrected,tcell,degree_Celsius,china_mask,19.48835547948844,16.708271467628236,0.9081417758462603,21,2.780084011860204,3.0612885408443598,True
FIO-ESM-2-0,ssp585,optimized,2018,12,2018-12,future_corrected,wind_speed_hub,m s-1,china_mask,3.908072661029449,3.304628955365265,0.16971962344636057,21,0.6034437056641844,3.555532904271975,True
FIO-ESM-2-0,ssp585,optimized,2018,12,2018-12,future_corrected,wpd,W m-2,china_mask,59.586067225038256,41.579565553136,5.881182046871368,21,18.006501671902257,3.061714724760346,True
FIO-ESM-2-0,ssp585,optimized,2020,7,2020-07,future_corrected,wpd,W m-2,china_mask,28.076706935821917,20.684317536255076,2.2571241582384314,21,7.3923893995668415,3.2751363599493875,True
IPSL-CM6A-LR,ssp126,paper_qm,2015,3,2015-03,future_corrected,tas_c,degree_Celsius,china_mask,4.764570864704752,1.2711482932837261,0.792674192974881,21,3.493422571421026,4.40713549448396,True
IPSL-CM6A-LR,ssp126,paper_qm,2015,3,2015-03,future_corrected,sfcWind_10m,m s-1,china_mask,1.0840494179313784,1.5599395805880498,0.1107956516667679,21,-0.4758901626566714,-4.295206133973307,True
IPSL-CM6A-LR,ssp126,paper_qm,2015,3,2015-03,future_corrected,tcell,degree_Celsius,china_mask,12.688525375079438,8.802707310750808,0.8189923134327188,21,3.88581806432863,4.744633130977308,True
IPSL-CM6A-LR,ssp126,paper_qm,2018,8,2018-08,future_corrected,tcell,degree_Celsius,china_mask,28.40340747643527,27.177417704921886,0.3759699210873763,21,1.2259897715133832,3.2608719547765634,True
IPSL-CM6A-LR,ssp126,paper_qm,2018,10,2018-10,future_corrected,tcell,degree_Celsius,china_mask,16.283486494328134,14.223041214534092,0.4978081949748836,21,2.060445279794042,4.139034472700875,True
IPSL-CM6A-LR,ssp126,paper_qm,2015,3,2015-03,future_corrected,wind_speed_hub,m s-1,china_mask,2.404611700006082,3.237893172465521,0.1926362391512276,21,-0.8332814724594391,-4.325673487662297,True
IPSL-CM6A-LR,ssp126,paper_qm,2015,3,2015-03,future_corrected,wpd,W m-2,china_mask,18.662662514116114,39.328921661872016,5.850932470147005,21,-20.666259147755902,-3.532130861738806,True
IPSL-CM6A-LR,ssp126,optimized,2015,3,2015-03,future_corrected,tas_c,degree_Celsius,china_mask,4.93618971039387,1.2711482932837261,0.792674192974881,21,3.6650414171101433,4.6236416545306716,True
IPSL-CM6A-LR,ssp126,optimized,2018,8,2018-08,future_corrected,tas_c,degree_Celsius,china_mask,20.19596599179016,19.10742613341922,0.3153240554045318,21,1.0885398583709396,3.452130719854034,True
IPSL-CM6A-LR,ssp126,optimized,2015,3,2015-03,future_corrected,sfcWind_10m,m s-1,china_mask,1.1104550040724293,1.5599395805880498,0.1107956516667679,21,-0.44948457651562057,-4.056879216410974,True
IPSL-CM6A-LR,ssp126,optimized,2020,9,2020-09,future_corrected,sfcWind_10m,m s-1,china_mask,1.471532981913608,1.0764344258331395,0.12236559952237722,21,0.3950985560804685,3.2288368432192915,True
IPSL-CM6A-LR,ssp126,optimized,2015,3,2015-03,future_corrected,tcell,degree_Celsius,china_mask,12.81001421094075,8.802707310750808,0.8189923134327188,21,4.007306900189942,4.8929725401130355,True
IPSL-CM6A-LR,ssp126,optimized,2018,8,2018-08,future_corrected,tcell,degree_Celsius,china_mask,28.45940398180156,27.177417704921886,0.3759699210873763,21,1.2819862768796746,3.40981074542327,True
IPSL-CM6A-LR,ssp126,optimized,2018,10,2018-10,future_corrected,tcell,degree_Celsius,china_mask,16.31497653868946,14.223041214534092,0.4978081949748836,21,2.0919353241553686,4.202291857129662,True
IPSL-CM6A-LR,ssp126,optimized,2015,3,2015-03,future_corrected,wind_speed_hub,m s-1,china_mask,2.457921097284172,3.237893172465521,0.1926362391512276,21,-0.779972075181349,-4.048937409793584,True
IPSL-CM6A-LR,ssp126,optimized,2020,9,2020-09,future_corrected,wind_speed_hub,m s-1,china_mask,3.118641690926333,2.4114557545054986,0.22446210428284624,21,0.7071859364208342,3.1505805342077,True
IPSL-CM6A-LR,ssp126,optimized,2015,3,2015-03,future_corrected,wpd,W m-2,china_mask,19.125657632501824,39.328921661872016,5.850932470147005,21,-20.203264029370192,-3.452999010406043,True
IPSL-CM6A-LR,ssp126,optimized,2020,9,2020-09,future_corrected,wpd,W m-2,china_mask,29.656668037384023,16.44670113163688,3.904668532486271,21,13.209966905747144,3.383121203718613,True
IPSL-CM6A-LR,ssp245,paper_qm,2016,3,2016-03,future_corrected,tas_c,degree_Celsius,china_mask,3.7354123603628984,1.2711482932837261,0.792674192974881,21,2.4642640670791724,3.108798153035446,True
IPSL-CM6A-LR,ssp245,paper_qm,2018,6,2018-06,future_corrected,tas_c,degree_Celsius,china_mask,19.141431076850658,17.845245948672332,0.4049446329281319,21,1.296185128178326,3.2008946971483097,True
IPSL-CM6A-LR,ssp245,paper_qm,2018,10,2018-10,future_corrected,tas_c,degree_Celsius,china_mask,10.121579712430584,7.6693334460372435,0.5634046553763096,21,2.452246266393341,4.352548817253623,True
IPSL-CM6A-LR,ssp245,paper_qm,2019,6,2019-06,future_corrected,tas_c,degree_Celsius,china_mask,19.075969282307685,17.845245948672332,0.4049446329281319,21,1.2307233336353534,3.0392385367255326,True
IPSL-CM6A-LR,ssp245,paper_qm,2018,6,2018-06,future_corrected,tcell,degree_Celsius,china_mask,28.08453092967322,26.558159660738074,0.47251874580854863,21,1.5263712689351472,3.230287226643893,True
IPSL-CM6A-LR,ssp245,paper_qm,2018,9,2018-09,future_corrected,tcell,degree_Celsius,china_mask,23.742593904736587,21.88894718282966,0.5768452097819763,21,1.8536467219069266,3.2134213658591855,True
IPSL-CM6A-LR,ssp245,paper_qm,2018,10,2018-10,future_corrected,tcell,degree_Celsius,china_mask,17.081367210069008,14.223041214534092,0.4978081949748836,21,2.8583259955349156,5.741821899254048,True
IPSL-CM6A-LR,ssp245,paper_qm,2015,3,2015-03,future_corrected,wpd,W m-2,china_mask,63.045266646093644,39.328921661872016,5.850932470147005,21,23.716344984221628,4.0534299626988775,True
IPSL-CM6A-LR,ssp245,optimized,2016,3,2016-03,future_corrected,tas_c,degree_Celsius,china_mask,3.7028642524000475,1.2711482932837261,0.792674192974881,21,2.431715959116321,3.0677370105745068,True
IPSL-CM6A-LR,ssp245,optimized,2017,9,2017-09,future_corrected,tas_c,degree_Celsius,china_mask,16.067765472702558,14.525637870842356,0.45451224357264297,21,1.5421276018602015,3.3929286255051765,True
IPSL-CM6A-LR,ssp245,optimized,2018,9,2018-09,future_corrected,tas_c,degree_Celsius,china_mask,15.939710439863257,14.525637870842356,0.45451224357264297,21,1.4140725690209006,3.111186968046758,True
IPSL-CM6A-LR,ssp245,optimized,2018,10,2018-10,future_corrected,tas_c,degree_Celsius,china_mask,10.196624615534436,7.6693334460372435,0.5634046553763096,21,2.5272911694971922,4.48574775763818,True
IPSL-CM6A-LR,ssp245,optimized,2018,9,2018-09,future_corrected,tcell,degree_Celsius,china_mask,23.771534657670873,21.88894718282966,0.5768452097819763,21,1.8825874748412126,3.2635921091426816,True
IPSL-CM6A-LR,ssp245,optimized,2018,10,2018-10,future_corrected,tcell,degree_Celsius,china_mask,17.106000954759068,14.223041214534092,0.4978081949748836,21,2.882959740224976,5.791306308990017,True
IPSL-CM6A-LR,ssp245,optimized,2015,3,2015-03,future_corrected,wpd,W m-2,china_mask,60.46189736711604,39.328921661872016,5.850932470147005,21,21.13297570524402,3.6118987551249337,True
IPSL-CM6A-LR,ssp585,paper_qm,2017,3,2017-03,future_corrected,tas_c,degree_Celsius,china_mask,3.796897837462836,1.2711482932837261,0.792674192974881,21,2.52574954417911,3.1863653018651363,True
IPSL-CM6A-LR,ssp585,paper_qm,2019,7,2019-07,future_corrected,tas_c,degree_Celsius,china_mask,21.314829058257903,20.01516114656459,0.41572475942027154,21,1.2996679116933123,3.126270163715291,True
IPSL-CM6A-LR,ssp585,paper_qm,2019,8,2019-08,future_corrected,tas_c,degree_Celsius,china_mask,20.968777512649304,19.10742613341922,0.3153240554045318,21,1.8613513792300829,5.9029793234206,True
IPSL-CM6A-LR,ssp585,paper_qm,2019,7,2019-07,future_corrected,rsds,W m-2,china_mask,256.0445319532645,242.48273595484014,4.135866632441043,21,13.561795998424344,3.279069951639131,True
IPSL-CM6A-LR,ssp585,paper_qm,2017,3,2017-03,future_corrected,tcell,degree_Celsius,china_mask,11.498680308577674,8.802707310750808,0.8189923134327188,21,2.695972997826866,3.2918172168515025,True
IPSL-CM6A-LR,ssp585,paper_qm,2019,7,2019-07,future_corrected,tcell,degree_Celsius,china_mask,29.812037138238278,28.105306269275747,0.4890533148875404,21,1.7067308689625307,3.489866681212456,True
IPSL-CM6A-LR,ssp585,paper_qm,2019,8,2019-08,future_corrected,tcell,degree_Celsius,china_mask,29.01914165691101,27.177417704921886,0.3759699210873763,21,1.841723951989124,4.89859387331441,True
IPSL-CM6A-LR,ssp585,optimized,2017,3,2017-03,future_corrected,tas_c,degree_Celsius,china_mask,3.8093329785502803,1.2711482932837261,0.792674192974881,21,2.538184685266554,3.202052883468841,True
IPSL-CM6A-LR,ssp585,optimized,2017,8,2017-08,future_corrected,tas_c,degree_Celsius,china_mask,20.071860743096092,19.10742613341922,0.3153240554045318,21,0.9644346096768714,3.058550697756283,True
IPSL-CM6A-LR,ssp585,optimized,2019,8,2019-08,future_corrected,tas_c,degree_Celsius,china_mask,21.051026988423473,19.10742613341922,0.3153240554045318,21,1.9436008550042523,6.163820430733681,True
IPSL-CM6A-LR,ssp585,optimized,2019,7,2019-07,future_corrected,rsds,W m-2,china_mask,256.0445319532645,242.48273595484014,4.135866632441043,21,13.561795998424344,3.279069951639131,True
IPSL-CM6A-LR,ssp585,optimized,2017,3,2017-03,future_corrected,tcell,degree_Celsius,china_mask,11.533495977443913,8.802707310750808,0.8189923134327188,21,2.7307886666931047,3.3343275900201013,True
IPSL-CM6A-LR,ssp585,optimized,2019,7,2019-07,future_corrected,tcell,degree_Celsius,china_mask,29.73536107401613,28.105306269275747,0.4890533148875404,21,1.6300548047403822,3.333082007869059,True
IPSL-CM6A-LR,ssp585,optimized,2019,8,2019-08,future_corrected,tcell,degree_Celsius,china_mask,29.080635809072803,27.177417704921886,0.3759699210873763,21,1.9032181041509162,5.062155234776358,True
KACE-1-0-G,ssp126,paper_qm,2017,8,2017-08,future_corrected,tas_c,degree_Celsius,china_mask,20.67017411172359,19.171288176592093,0.4641269886876173,21,1.4988859351314971,3.229473768310269,True
KACE-1-0-G,ssp126,paper_qm,2017,10,2017-10,future_corrected,tas_c,degree_Celsius,china_mask,9.076635838754722,7.604655632255957,0.48042593193961974,21,1.471980206498765,3.063906647494966,True
KACE-1-0-G,ssp126,paper_qm,2019,3,2019-03,future_corrected,rsds,W m-2,china_mask,217.1000349036922,202.64481164130444,4.617855913807586,21,14.455223262387761,3.1302889332614363,True
KACE-1-0-G,ssp126,paper_qm,2020,8,2020-08,future_corrected,rsds,W m-2,china_mask,246.55014730816558,225.4902694864456,6.748899477806173,21,21.059877821719965,3.1204906653263387,True
KACE-1-0-G,ssp126,paper_qm,2015,2,2015-02,future_corrected,sfcWind_10m,m s-1,china_mask,1.0259763514553888,1.5533062582296149,0.14547328781236396,21,-0.5273299067742261,-3.6249260239061405,True
KACE-1-0-G,ssp126,paper_qm,2015,3,2015-03,future_corrected,sfcWind_10m,m s-1,china_mask,1.0921211632394203,1.441980138285502,0.10170133090556609,21,-0.34985897504608165,-3.440062897219509,True
KACE-1-0-G,ssp126,paper_qm,2015,5,2015-05,future_corrected,sfcWind_10m,m s-1,china_mask,0.8305467632639635,1.1569911879991048,0.10311403016222977,21,-0.32644442473514135,-3.165858460013103,True
KACE-1-0-G,ssp126,paper_qm,2015,6,2015-06,future_corrected,sfcWind_10m,m s-1,china_mask,0.7698836031805002,1.080504812405105,0.10159848239102004,21,-0.3106212092246049,-3.057341034181232,True
KACE-1-0-G,ssp126,paper_qm,2015,8,2015-08,future_corrected,sfcWind_10m,m s-1,china_mask,0.6412011221189278,1.0048058018640385,0.10717993371873699,21,-0.3636046797451107,-3.3924697201183847,True
KACE-1-0-G,ssp126,paper_qm,2016,2,2016-02,future_corrected,sfcWind_10m,m s-1,china_mask,1.0838273849509548,1.5533062582296149,0.14547328781236396,21,-0.4694788732786601,-3.2272514104734387,True
KACE-1-0-G,ssp126,paper_qm,2016,3,2016-03,future_corrected,sfcWind_10m,m s-1,china_mask,1.0363743803941758,1.441980138285502,0.10170133090556609,21,-0.40560575789132614,-3.9882050144255037,True
KACE-1-0-G,ssp126,paper_qm,2016,7,2016-07,future_corrected,sfcWind_10m,m s-1,china_mask,0.7861581062707091,1.130571315305176,0.08736254789397166,21,-0.3444132090344668,-3.9423439143792716,True
KACE-1-0-G,ssp126,paper_qm,2017,5,2017-05,future_corrected,sfcWind_10m,m s-1,china_mask,0.8319710922357869,1.1569911879991048,0.10311403016222977,21,-0.3250200957633179,-3.152045315772862,True
KACE-1-0-G,ssp126,paper_qm,2017,7,2017-07,future_corrected,sfcWind_10m,m s-1,china_mask,0.8480623754510138,1.130571315305176,0.08736254789397166,21,-0.28250893985416214,-3.233753440856964,True
KACE-1-0-G,ssp126,paper_qm,2017,9,2017-09,future_corrected,sfcWind_10m,m s-1,china_mask,0.6726773907704762,1.046737306456944,0.11583704494936523,21,-0.3740599156864679,-3.2291907640597812,True
KACE-1-0-G,ssp126,paper_qm,2018,7,2018-07,future_corrected,sfcWind_10m,m s-1,china_mask,0.7811541949894668,1.130571315305176,0.08736254789397166,21,-0.34941712031570915,-3.999621448080731,True
KACE-1-0-G,ssp126,paper_qm,2018,8,2018-08,future_corrected,sfcWind_10m,m s-1,china_mask,0.6639471886339923,1.0048058018640385,0.10717993371873699,21,-0.3408586132300462,-3.1802465387274066,True
KACE-1-0-G,ssp126,paper_qm,2018,10,2018-10,future_corrected,sfcWind_10m,m s-1,china_mask,0.7314948782550138,1.213834935317661,0.14175186425929515,21,-0.48234005706264715,-3.4027069737886606,True
KACE-1-0-G,ssp126,paper_qm,2019,9,2019-09,future_corrected,sfcWind_10m,m s-1,china_mask,0.6179751734248424,1.046737306456944,0.11583704494936523,21,-0.42876213303210164,-3.7014249907663173,True
KACE-1-0-G,ssp126,paper_qm,2020,3,2020-03,future_corrected,sfcWind_10m,m s-1,china_mask,1.051507942942915,1.441980138285502,0.10170133090556609,21,-0.3904721953425869,-3.839401036994851,True
KACE-1-0-G,ssp126,paper_qm,2020,4,2020-04,future_corrected,sfcWind_10m,m s-1,china_mask,0.9569759143647356,1.3711283518150417,0.13130532765881564,21,-0.41415243745030605,-3.1541175429411488,True
KACE-1-0-G,ssp126,paper_qm,2020,5,2020-05,future_corrected,sfcWind_10m,m s-1,china_mask,0.8206094992844638,1.1569911879991048,0.10311403016222977,21,-0.336381688714641,-3.26223005914336,True
KACE-1-0-G,ssp126,paper_qm,2016,8,2016-08,future_corrected,tcell,degree_Celsius,china_mask,28.629864390734895,27.156909030898575,0.4388990289976436,21,1.4729553598363196,3.356023282166404,True
KACE-1-0-G,ssp126,paper_qm,2017,8,2017-08,future_corrected,tcell,degree_Celsius,china_mask,29.11085487264789,27.156909030898575,0.4388990289976436,21,1.9539458417493165,4.4519256426967555,True
KACE-1-0-G,ssp126,paper_qm,2019,8,2019-08,future_corrected,tcell,degree_Celsius,china_mask,28.50810010503643,27.156909030898575,0.4388990289976436,21,1.351191074137855,3.078592078965637,True
KACE-1-0-G,ssp126,paper_qm,2019,9,2019-09,future_corrected,tcell,degree_Celsius,china_mask,23.70015183244446,21.824241278578427,0.6173077763300963,21,1.875910553866035,3.038857804478587,True
KACE-1-0-G,ssp126,paper_qm,2020,8,2020-08,future_corrected,tcell,degree_Celsius,china_mask,28.96180096687212,27.156909030898575,0.4388990289976436,21,1.8048919359735436,4.1123169948576805,True
KACE-1-0-G,ssp126,paper_qm,2017,3,2017-03,future_corrected,pvpot,W m-2,china_mask,233.4958963818003,219.7360399176223,4.448397738498616,21,13.759856464178,3.093216315864351,True
KACE-1-0-G,ssp126,paper_qm,2019,3,2019-03,future_corrected,pvpot,W m-2,china_mask,234.38413721257228,219.7360399176223,4.448397738498616,21,14.648097294949991,3.2928928922380685,True
KACE-1-0-G,ssp126,paper_qm,2015,2,2015-02,future_corrected,wind_speed_hub,m s-1,china_mask,2.2724215067337235,3.2171498328772787,0.24568926483154507,21,-0.9447283261435553,-3.84521613832538,True
KACE-1-0-G,ssp126,paper_qm,2015,3,2015-03,future_corrected,wind_speed_hub,m s-1,china_mask,2.3980103631818017,3.030215486116077,0.16945435105965792,21,-0.6322051229342751,-3.7308285032569133,True
KACE-1-0-G,ssp126,paper_qm,2015,5,2015-05,future_corrected,wind_speed_hub,m s-1,china_mask,1.9510790195429006,2.548123414898428,0.18626201678211401,21,-0.5970443953555273,-3.2054006805581796,True
KACE-1-0-G,ssp126,paper_qm,2015,6,2015-06,future_corrected,wind_speed_hub,m s-1,china_mask,1.8104641517496636,2.416167889650118,0.1854350449224691,21,-0.6057037379004546,-3.2663930281015707,True
KACE-1-0-G,ssp126,paper_qm,2015,8,2015-08,future_corrected,wind_speed_hub,m s-1,china_mask,1.5661327639220237,2.2727332205254616,0.19971344926944173,21,-0.7066004566034378,-3.538071467836569,True
KACE-1-0-G,ssp126,paper_qm,2016,2,2016-02,future_corrected,wind_speed_hub,m s-1,china_mask,2.3805781771052876,3.2171498328772787,0.24568926483154507,21,-0.8365716557719911,-3.4049988156608304,True
KACE-1-0-G,ssp126,paper_qm,2016,3,2016-03,future_corrected,wind_speed_hub,m s-1,china_mask,2.311105870185998,3.030215486116077,0.16945435105965792,21,-0.7191096159300789,-4.243677494459319,True
KACE-1-0-G,ssp126,paper_qm,2016,7,2016-07,future_corrected,wind_speed_hub,m s-1,china_mask,1.8581462866296674,2.508607052845581,0.16077152860659683,21,-0.6504607662159134,-4.045870384224384,True
KACE-1-0-G,ssp126,paper_qm,2017,5,2017-05,future_corrected,wind_speed_hub,m s-1,china_mask,1.937428395573942,2.548123414898428,0.18626201678211401,21,-0.610695019324486,-3.2786878928668863,True
KACE-1-0-G,ssp126,paper_qm,2017,7,2017-07,future_corrected,wind_speed_hub,m s-1,china_mask,1.9693746062880504,2.508607052845581,0.16077152860659683,21,-0.5392324465575304,-3.3540294804126436,True
KACE-1-0-G,ssp126,paper_qm,2017,9,2017-09,future_corrected,wind_speed_hub,m s-1,china_mask,1.641033584528982,2.3559184539173885,0.21737981599172615,21,-0.7148848693884065,-3.2886441923182796,True
KACE-1-0-G,ssp126,paper_qm,2018,7,2018-07,future_corrected,wind_speed_hub,m s-1,china_mask,1.8404311617574904,2.508607052845581,0.16077152860659683,21,-0.6681758910880904,-4.156058581262215,True
KACE-1-0-G,ssp126,paper_qm,2018,8,2018-08,future_corrected,wind_speed_hub,m s-1,china_mask,1.6221951391559846,2.2727332205254616,0.19971344926944173,21,-0.650538081369477,-3.2573573975571817,True
KACE-1-0-G,ssp126,paper_qm,2018,10,2018-10,future_corrected,wind_speed_hub,m s-1,china_mask,1.7736219624961835,2.660549735697486,0.24971487391207486,21,-0.8869277732013026,-3.5517618927000387,True
KACE-1-0-G,ssp126,paper_qm,2019,7,2019-07,future_corrected,wind_speed_hub,m s-1,china_mask,2.0178307191448233,2.508607052845581,0.16077152860659683,21,-0.49077633370075757,-3.0526321292974252,True
KACE-1-0-G,ssp126,paper_qm,2019,9,2019-09,future_corrected,wind_speed_hub,m s-1,china_mask,1.5170191113883436,2.3559184539173885,0.21737981599172615,21,-0.838899342529045,-3.8591409174850666,True
KACE-1-0-G,ssp126,paper_qm,2020,3,2020-03,future_corrected,wind_speed_hub,m s-1,china_mask,2.3282567790932385,3.030215486116077,0.16945435105965792,21,-0.7019587070228384,-4.142464933082229,True
KACE-1-0-G,ssp126,paper_qm,2020,4,2020-04,future_corrected,wind_speed_hub,m s-1,china_mask,2.178693923070789,2.9176512868169446,0.2225447648303691,21,-0.7389573637461555,-3.3204886410579593,True
KACE-1-0-G,ssp126,paper_qm,2020,5,2020-05,future_corrected,wind_speed_hub,m s-1,china_mask,1.9236146922839128,2.548123414898428,0.18626201678211401,21,-0.6245087226145152,-3.3528506423564304,True
KACE-1-0-G,ssp126,paper_qm,2016,7,2016-07,future_corrected,wpd,W m-2,china_mask,9.576583475106956,18.312133269342024,2.7211539389612955,21,-8.735549794235068,-3.2102372707255054,True
KACE-1-0-G,ssp126,paper_qm,2018,7,2018-07,future_corrected,wpd,W m-2,china_mask,9.939291652944558,18.312133269342024,2.7211539389612955,21,-8.372841616397466,-3.0769452240520807,True
KACE-1-0-G,ssp126,optimized,2017,8,2017-08,future_corrected,tas_c,degree_Celsius,china_mask,21.02542153299793,19.171288176592093,0.4641269886876173,21,1.854133356405839,3.994883731387083,True
KACE-1-0-G,ssp126,optimized,2017,10,2017-10,future_corrected,tas_c,degree_Celsius,china_mask,9.103780998834477,7.604655632255957,0.48042593193961974,21,1.4991253665785198,3.1204089265667094,True
KACE-1-0-G,ssp126,optimized,2019,3,2019-03,future_corrected,rsds,W m-2,china_mask,217.1000349036922,202.64481164130444,4.617855913807586,21,14.455223262387761,3.1302889332614363,True
KACE-1-0-G,ssp126,optimized,2020,8,2020-08,future_corrected,rsds,W m-2,china_mask,246.55014730816558,225.4902694864456,6.748899477806173,21,21.059877821719965,3.1204906653263387,True
KACE-1-0-G,ssp126,optimized,2015,2,2015-02,future_corrected,sfcWind_10m,m s-1,china_mask,1.107056032605192,1.5533062582296149,0.14547328781236396,21,-0.44625022562442296,-3.0675750327442284,True
KACE-1-0-G,ssp126,optimized,2015,5,2015-05,future_corrected,tcell,degree_Celsius,china_mask,24.30437870281441,22.52968920964352,0.5890858756130162,21,1.7746894931708894,3.0126159302735056,True
KACE-1-0-G,ssp126,optimized,2016,8,2016-08,future_corrected,tcell,degree_Celsius,china_mask,28.68927468734795,27.156909030898575,0.4388990289976436,21,1.5323656564493753,3.4913853875434353,True
KACE-1-0-G,ssp126,optimized,2017,8,2017-08,future_corrected,tcell,degree_Celsius,china_mask,29.13556349308556,27.156909030898575,0.4388990289976436,21,1.9786544621869844,4.508222464528641,True
KACE-1-0-G,ssp126,optimized,2019,6,2019-06,future_corrected,tcell,degree_Celsius,china_mask,28.36457770395628,26.585837486030023,0.5809624761581591,21,1.7787402179262557,3.0617127455268176,True
KACE-1-0-G,ssp126,optimized,2019,8,2019-08,future_corrected,tcell,degree_Celsius,china_mask,28.642952654749138,27.156909030898575,0.4388990289976436,21,1.4860436238505628,3.3858439542333576,True
KACE-1-0-G,ssp126,optimized,2020,8,2020-08,future_corrected,tcell,degree_Celsius,china_mask,29.06529875243687,27.156909030898575,0.4388990289976436,21,1.9083897215382954,4.348129285901294,True
KACE-1-0-G,ssp126,optimized,2017,3,2017-03,future_corrected,pvpot,W m-2,china_mask,233.65993348002922,219.7360399176223,4.448397738498616,21,13.923893562406931,3.1300918624930336,True
KACE-1-0-G,ssp126,optimized,2019,3,2019-03,future_corrected,pvpot,W m-2,china_mask,234.6947706380796,219.7360399176223,4.448397738498616,21,14.95873072045731,3.362723299447151,True
KACE-1-0-G,ssp126,optimized,2015,2,2015-02,future_corrected,wind_speed_hub,m s-1,china_mask,2.435696236652563,3.2171498328772787,0.24568926483154507,21,-0.7814535962247158,-3.180658287046092,True
KACE-1-0-G,ssp245,paper_qm,2017,8,2017-08,future_corrected,tas_c,degree_Celsius,china_mask,20.595673781537037,19.171288176592093,0.4641269886876173,21,1.4243856049449448,3.068956642604625,True
KACE-1-0-G,ssp245,paper_qm,2017,3,2017-03,future_corrected,rsds,W m-2,china_mask,219.40891855774106,202.64481164130444,4.617855913807586,21,16.764106916436617,3.630279339446522,True
KACE-1-0-G,ssp245,paper_qm,2020,3,2020-03,future_corrected,rsds,W m-2,china_mask,219.2860109428233,202.64481164130444,4.617855913807586,21,16.641199301518867,3.6036636075545303,True
KACE-1-0-G,ssp245,paper_qm,2015,7,2015-07,future_corrected,sfcWind_10m,m s-1,china_mask,0.8482471293017095,1.130571315305176,0.08736254789397166,21,-0.2823241860034664,-3.2316386461863695,True
KACE-1-0-G,ssp245,paper_qm,2016,4,2016-04,future_corrected,sfcWind_10m,m s-1,china_mask,0.9687387575525502,1.3711283518150417,0.13130532765881564,21,-0.40238959426249143,-3.0645336441188613,True
KACE-1-0-G,ssp245,paper_qm,2016,7,2016-07,future_corrected,sfcWind_10m,m s-1,china_mask,0.7699433019760592,1.130571315305176,0.08736254789397166,21,-0.36062801332911676,-4.127947524685248,True
KACE-1-0-G,ssp245,paper_qm,2017,3,2017-03,future_corrected,sfcWind_10m,m s-1,china_mask,1.0091858504261895,1.441980138285502,0.10170133090556609,21,-0.4327942878593125,-4.2555420268902875,True
KACE-1-0-G,ssp245,paper_qm,2017,5,2017-05,future_corrected,sfcWind_10m,m s-1,china_mask,0.8412421988208074,1.1569911879991048,0.10311403016222977,21,-0.3157489891782974,-3.062134111929561,True
KACE-1-0-G,ssp245,paper_qm,2017,7,2017-07,future_corrected,sfcWind_10m,m s-1,china_mask,0.8321083813647752,1.130571315305176,0.08736254789397166,21,-0.2984629339404008,-3.4163716733929625,True
KACE-1-0-G,ssp245,paper_qm,2017,9,2017-09,future_corrected,sfcWind_10m,m s-1,china_mask,0.6881518393116536,1.046737306456944,0.11583704494936523,21,-0.3585854671452905,-3.095602683079801,True
KACE-1-0-G,ssp245,paper_qm,2018,3,2018-03,future_corrected,sfcWind_10m,m s-1,china_mask,1.0991565466328894,1.441980138285502,0.10170133090556609,21,-0.34282359165261256,-3.3708859913636577,True
KACE-1-0-G,ssp245,paper_qm,2018,7,2018-07,future_corrected,sfcWind_10m,m s-1,china_mask,0.8287062458799922,1.130571315305176,0.08736254789397166,21,-0.30186506942518376,-3.455314396182046,True
KACE-1-0-G,ssp245,paper_qm,2018,9,2018-09,future_corrected,sfcWind_10m,m s-1,china_mask,0.6323476169798957,1.046737306456944,0.11583704494936523,21,-0.41438968947704835,-3.577350317061236,True
KACE-1-0-G,ssp245,paper_qm,2019,3,2019-03,future_corrected,sfcWind_10m,m s-1,china_mask,1.068853649007753,1.441980138285502,0.10170133090556609,21,-0.37312648927774905,-3.668845687223233,True
KACE-1-0-G,ssp245,paper_qm,2019,4,2019-04,future_corrected,sfcWind_10m,m s-1,china_mask,0.9695493760650847,1.3711283518150417,0.13130532765881564,21,-0.40157897574995693,-3.0583601054895624,True
KACE-1-0-G,ssp245,paper_qm,2019,5,2019-05,future_corrected,sfcWind_10m,m s-1,china_mask,0.810024226677644,1.1569911879991048,0.10311403016222977,21,-0.3469669613214609,-3.3648860467928197,True
KACE-1-0-G,ssp245,paper_qm,2019,6,2019-06,future_corrected,sfcWind_10m,m s-1,china_mask,0.7217646670505563,1.080504812405105,0.10159848239102004,21,-0.3587401453545488,-3.530959684750731,True
KACE-1-0-G,ssp245,paper_qm,2019,9,2019-09,future_corrected,sfcWind_10m,m s-1,china_mask,0.6768314195257294,1.046737306456944,0.11583704494936523,21,-0.3699058869312146,-3.1933297943927017,True
KACE-1-0-G,ssp245,paper_qm,2019,12,2019-12,future_corrected,sfcWind_10m,m s-1,china_mask,1.1829811253065503,1.5844406496051697,0.12399299488680156,21,-0.4014595242986194,-3.2377597191287197,True
KACE-1-0-G,ssp245,paper_qm,2020,3,2020-03,future_corrected,sfcWind_10m,m s-1,china_mask,1.1064139473562775,1.441980138285502,0.10170133090556609,21,-0.33556619092922446,-3.2995260528184396,True
KACE-1-0-G,ssp245,paper_qm,2020,4,2020-04,future_corrected,sfcWind_10m,m s-1,china_mask,0.9336518288529655,1.3711283518150417,0.13130532765881564,21,-0.4374765229620762,-3.3317499812255686,True
KACE-1-0-G,ssp245,paper_qm,2020,6,2020-06,future_corrected,sfcWind_10m,m s-1,china_mask,0.6490086919177066,1.080504812405105,0.10159848239102004,21,-0.4314961204873985,-4.247072498846076,True
KACE-1-0-G,ssp245,paper_qm,2020,7,2020-07,future_corrected,sfcWind_10m,m s-1,china_mask,0.842292141010802,1.130571315305176,0.08736254789397166,21,-0.288279174294374,-3.299802732908461,True
KACE-1-0-G,ssp245,paper_qm,2020,8,2020-08,future_corrected,sfcWind_10m,m s-1,china_mask,0.6766049752357044,1.0048058018640385,0.10717993371873699,21,-0.32820082662833405,-3.062148064857019,True
KACE-1-0-G,ssp245,paper_qm,2016,8,2016-08,future_corrected,tcell,degree_Celsius,china_mask,28.825951567903992,27.156909030898575,0.4388990289976436,21,1.6690425370054172,3.8027938699640598,True
KACE-1-0-G,ssp245,paper_qm,2017,3,2017-03,future_corrected,tcell,degree_Celsius,china_mask,12.445584008134224,9.258542542926877,1.0062631657853631,21,3.187041465207347,3.1672047368641794,True
KACE-1-0-G,ssp245,paper_qm,2017,8,2017-08,future_corrected,tcell,degree_Celsius,china_mask,29.200974686215158,27.156909030898575,0.4388990289976436,21,2.044065655316583,4.657257182784876,True
KACE-1-0-G,ssp245,paper_qm,2018,8,2018-08,future_corrected,tcell,degree_Celsius,china_mask,28.58751921579425,27.156909030898575,0.4388990289976436,21,1.4306101848956736,3.2595428341750887,True
KACE-1-0-G,ssp245,paper_qm,2019,6,2019-06,future_corrected,tcell,degree_Celsius,china_mask,29.096180322067237,26.585837486030023,0.5809624761581591,21,2.510342836037214,4.321006844775647,True
KACE-1-0-G,ssp245,paper_qm,2019,8,2019-08,future_corrected,tcell,degree_Celsius,china_mask,28.487801496716223,27.156909030898575,0.4388990289976436,21,1.330892465817648,3.032343153861918,True
KACE-1-0-G,ssp245,paper_qm,2020,8,2020-08,future_corrected,tcell,degree_Celsius,china_mask,28.47827197014111,27.156909030898575,0.4388990289976436,21,1.3213629392425332,3.0106308101438692,True
KACE-1-0-G,ssp245,paper_qm,2020,10,2020-10,future_corrected,tcell,degree_Celsius,china_mask,16.32550428125317,14.136372690306922,0.6300533608217969,21,2.189131590946248,3.4745177584496973,True
KACE-1-0-G,ssp245,paper_qm,2017,3,2017-03,future_corrected,pvpot,W m-2,china_mask,234.8062017992006,219.7360399176223,4.448397738498616,21,15.070161881578315,3.387773029186159,True
KACE-1-0-G,ssp245,paper_qm,2019,4,2019-04,future_corrected,pvpot,W m-2,china_mask,266.74420380314325,250.63947670956298,5.107182370548113,21,16.104727093580266,3.1533487400904923,True
KACE-1-0-G,ssp245,paper_qm,2020,3,2020-03,future_corrected,pvpot,W m-2,china_mask,236.5716512735023,219.7360399176223,4.448397738498616,21,16.83561135588002,3.784646145774327,True
KACE-1-0-G,ssp245,paper_qm,2015,2,2015-02,future_corrected,wind_speed_hub,m s-1,china_mask,2.4759631765110655,3.2171498328772787,0.24568926483154507,21,-0.7411866563662133,-3.0167645170593924,True
KACE-1-0-G,ssp245,paper_qm,2015,3,2015-03,future_corrected,wind_speed_hub,m s-1,china_mask,2.51277011287315,3.030215486116077,0.16945435105965792,21,-0.5174453732429267,-3.0535974438375764,True
KACE-1-0-G,ssp245,paper_qm,2015,7,2015-07,future_corrected,wind_speed_hub,m s-1,china_mask,1.9792765843061089,2.508607052845581,0.16077152860659683,21,-0.529330468539472,-3.2924391098795107,True
KACE-1-0-G,ssp245,paper_qm,2016,4,2016-04,future_corrected,wind_speed_hub,m s-1,china_mask,2.182593288161693,2.9176512868169446,0.2225447648303691,21,-0.7350579986552517,-3.3029669298917765,True
KACE-1-0-G,ssp245,paper_qm,2016,7,2016-07,future_corrected,wind_speed_hub,m s-1,china_mask,1.8228875903829054,2.508607052845581,0.16077152860659683,21,-0.6857194624626755,-4.265179714379719,True
KACE-1-0-G,ssp245,paper_qm,2017,3,2017-03,future_corrected,wind_speed_hub,m s-1,china_mask,2.2754763320306632,3.030215486116077,0.16945435105965792,21,-0.7547391540854136,-4.453937885724168,True
KACE-1-0-G,ssp245,paper_qm,2017,5,2017-05,future_corrected,wind_speed_hub,m s-1,china_mask,1.970869833887125,2.548123414898428,0.18626201678211401,21,-0.5772535810113029,-3.099148130058979,True
KACE-1-0-G,ssp245,paper_qm,2017,7,2017-07,future_corrected,wind_speed_hub,m s-1,china_mask,1.9597816038610238,2.508607052845581,0.16077152860659683,21,-0.548825448984557,-3.4136980206707905,True
KACE-1-0-G,ssp245,paper_qm,2017,9,2017-09,future_corrected,wind_speed_hub,m s-1,china_mask,1.6770590126556122,2.3559184539173885,0.21737981599172615,21,-0.6788594412617763,-3.1229184649213932,True
KACE-1-0-G,ssp245,paper_qm,2018,3,2018-03,future_corrected,wind_speed_hub,m s-1,china_mask,2.399502510161567,3.030215486116077,0.16945435105965792,21,-0.63071297595451,-3.7220229047554043,True
KACE-1-0-G,ssp245,paper_qm,2018,6,2018-06,future_corrected,wind_speed_hub,m s-1,china_mask,1.8585028336180303,2.416167889650118,0.1854350449224691,21,-0.5576650560320879,-3.007333679916055,True
KACE-1-0-G,ssp245,paper_qm,2018,7,2018-07,future_corrected,wind_speed_hub,m s-1,china_mask,1.9308771736476724,2.508607052845581,0.16077152860659683,21,-0.5777298791979084,-3.593483772935918,True
KACE-1-0-G,ssp245,paper_qm,2018,9,2018-09,future_corrected,wind_speed_hub,m s-1,china_mask,1.5557014870142865,2.3559184539173885,0.21737981599172615,21,-0.8002169669031021,-3.681192585670234,True
KACE-1-0-G,ssp245,paper_qm,2018,12,2018-12,future_corrected,wind_speed_hub,m s-1,china_mask,2.653248554434793,3.278831112884585,0.2046064925855862,21,-0.6255825584497923,-3.0574912386424553,True
KACE-1-0-G,ssp245,paper_qm,2019,2,2019-02,future_corrected,wind_speed_hub,m s-1,china_mask,2.468009298739754,3.2171498328772787,0.24568926483154507,21,-0.7491405341375246,-3.049138246439733,True
KACE-1-0-G,ssp245,paper_qm,2019,3,2019-03,future_corrected,wind_speed_hub,m s-1,china_mask,2.367269066173954,3.030215486116077,0.16945435105965792,21,-0.6629464199421227,-3.9122419447862185,True
KACE-1-0-G,ssp245,paper_qm,2019,4,2019-04,future_corrected,wind_speed_hub,m s-1,china_mask,2.2085298420635997,2.9176512868169446,0.2225447648303691,21,-0.7091214447533449,-3.186421596094882,True
KACE-1-0-G,ssp245,paper_qm,2019,5,2019-05,future_corrected,wind_speed_hub,m s-1,china_mask,1.901664205408518,2.548123414898428,0.18626201678211401,21,-0.64645920948991,-3.4706980019771096,True
KACE-1-0-G,ssp245,paper_qm,2019,6,2019-06,future_corrected,wind_speed_hub,m s-1,china_mask,1.7304454723303768,2.416167889650118,0.1854350449224691,21,-0.6857224173197414,-3.6979116736345268,True
KACE-1-0-G,ssp245,paper_qm,2019,9,2019-09,future_corrected,wind_speed_hub,m s-1,china_mask,1.646704166894824,2.3559184539173885,0.21737981599172615,21,-0.7092142870225646,-3.262558134880188,True
KACE-1-0-G,ssp245,paper_qm,2019,12,2019-12,future_corrected,wind_speed_hub,m s-1,china_mask,2.583479955599556,3.278831112884585,0.2046064925855862,21,-0.695351157285029,-3.398480412317151,True
KACE-1-0-G,ssp245,paper_qm,2020,3,2020-03,future_corrected,wind_speed_hub,m s-1,china_mask,2.466153533054617,3.030215486116077,0.16945435105965792,21,-0.5640619530614597,-3.328695601701467,True
KACE-1-0-G,ssp245,paper_qm,2020,4,2020-04,future_corrected,wind_speed_hub,m s-1,china_mask,2.129047202255372,2.9176512868169446,0.2225447648303691,21,-0.7886040845615727,-3.543575087747728,True
KACE-1-0-G,ssp245,paper_qm,2020,6,2020-06,future_corrected,wind_speed_hub,m s-1,china_mask,1.579613358014748,2.416167889650118,0.1854350449224691,21,-0.8365545316353702,-4.511307622489244,True
KACE-1-0-G,ssp245,paper_qm,2020,7,2020-07,future_corrected,wind_speed_hub,m s-1,china_mask,1.964017375810536,2.508607052845581,0.16077152860659683,21,-0.5445896770350449,-3.3873514903726503,True
KACE-1-0-G,ssp245,paper_qm,2020,8,2020-08,future_corrected,wind_speed_hub,m s-1,china_mask,1.6420052969303787,2.2727332205254616,0.19971344926944173,21,-0.6307279235950829,-3.1581644896841254,True
KACE-1-0-G,ssp245,paper_qm,2016,7,2016-07,future_corrected,wpd,W m-2,china_mask,9.580794681271989,18.312133269342024,2.7211539389612955,21,-8.731338588070034,-3.208689689714105,True
KACE-1-0-G,ssp245,paper_qm,2017,7,2017-07,future_corrected,wpd,W m-2,china_mask,9.401693067313351,18.312133269342024,2.7211539389612955,21,-8.910440202028672,-3.274507948429378,True
KACE-1-0-G,ssp245,paper_qm,2018,9,2018-09,future_corrected,wpd,W m-2,china_mask,5.865041747684668,15.713663009408194,3.1446900832094813,21,-9.848621261723526,-3.1318257129084053,True
KACE-1-0-G,ssp245,optimized,2016,8,2016-08,future_corrected,tas_c,degree_Celsius,china_mask,20.805742177567137,19.171288176592093,0.4641269886876173,21,1.634454000975044,3.521566383365653,True
KACE-1-0-G,ssp245,optimized,2017,8,2017-08,future_corrected,tas_c,degree_Celsius,china_mask,20.975520250139187,19.171288176592093,0.4641269886876173,21,1.8042320735470945,3.8873672885276678,True
KACE-1-0-G,ssp245,optimized,2019,6,2019-06,future_corrected,tas_c,degree_Celsius,china_mask,19.823350094480254,17.794547880821344,0.5667501196028266,21,2.02880221365891,3.579712016789121,True
KACE-1-0-G,ssp245,optimized,2019,8,2019-08,future_corrected,tas_c,degree_Celsius,china_mask,20.72112499163223,19.171288176592093,0.4641269886876173,21,1.5498368150401376,3.3392516548596185,True
KACE-1-0-G,ssp245,optimized,2017,3,2017-03,future_corrected,rsds,W m-2,china_mask,219.40891855774106,202.64481164130444,4.617855913807586,21,16.764106916436617,3.630279339446522,True
KACE-1-0-G,ssp245,optimized,2020,3,2020-03,future_corrected,rsds,W m-2,china_mask,219.2860109428233,202.64481164130444,4.617855913807586,21,16.641199301518867,3.6036636075545303,True
KACE-1-0-G,ssp245,optimized,2015,8,2015-08,future_corrected,tcell,degree_Celsius,china_mask,28.607966750421514,27.156909030898575,0.4388990289976436,21,1.4510577195229395,3.3061310772021097,True
KACE-1-0-G,ssp245,optimized,2016,8,2016-08,future_corrected,tcell,degree_Celsius,china_mask,29.081708361007255,27.156909030898575,0.4388990289976436,21,1.92479933010868,4.385517403637305,True
KACE-1-0-G,ssp245,optimized,2017,8,2017-08,future_corrected,tcell,degree_Celsius,china_mask,29.280048840386726,27.156909030898575,0.4388990289976436,21,2.1231398094881513,4.837421979121194,True
KACE-1-0-G,ssp245,optimized,2018,7,2018-07,future_corrected,tcell,degree_Celsius,china_mask,30.24918029046079,28.268976569526643,0.6358410768034484,21,1.9802037209341457,3.1143060635358535,True
KACE-1-0-G,ssp245,optimized,2018,8,2018-08,future_corrected,tcell,degree_Celsius,china_mask,28.695930778583737,27.156909030898575,0.4388990289976436,21,1.5390217476851618,3.506550814659981,True
KACE-1-0-G,ssp245,optimized,2019,6,2019-06,future_corrected,tcell,degree_Celsius,china_mask,29.12853249110709,26.585837486030023,0.5809624761581591,21,2.542695005077068,4.376694036922367,True
KACE-1-0-G,ssp245,optimized,2019,8,2019-08,future_corrected,tcell,degree_Celsius,china_mask,28.789636957770025,27.156909030898575,0.4388990289976436,21,1.6327279268714499,3.720053631925934,True
KACE-1-0-G,ssp245,optimized,2020,8,2020-08,future_corrected,tcell,degree_Celsius,china_mask,28.70474469124719,27.156909030898575,0.4388990289976436,21,1.547835660348614,3.526632683338482,True
KACE-1-0-G,ssp245,optimized,2020,10,2020-10,future_corrected,tcell,degree_Celsius,china_mask,16.05124692128773,14.136372690306922,0.6300533608217969,21,1.914874230980809,3.039225484779865,True
KACE-1-0-G,ssp245,optimized,2017,3,2017-03,future_corrected,pvpot,W m-2,china_mask,235.12294599951508,219.7360399176223,4.448397738498616,21,15.38690608189279,3.4589771388306754,True
KACE-1-0-G,ssp245,optimized,2019,4,2019-04,future_corrected,pvpot,W m-2,china_mask,266.89978789953136,250.63947670956298,5.107182370548113,21,16.260311189968377,3.183812523268733,True
KACE-1-0-G,ssp245,optimized,2020,3,2020-03,future_corrected,pvpot,W m-2,china_mask,236.74385043022934,219.7360399176223,4.448397738498616,21,17.00781051260705,3.823356523499038,True
KACE-1-0-G,ssp585,paper_qm,2016,3,2016-03,future_corrected,tas_c,degree_Celsius,china_mask,4.8881707827723355,1.577766138144857,0.9614129178626661,21,3.3104046446274786,3.4432704024685847,True
KACE-1-0-G,ssp585,paper_qm,2015,4,2015-04,future_corrected,rsds,W m-2,china_mask,257.6626241697,238.91101273643721,5.6827795789433075,21,18.75161143326278,3.29972527928834,True
KACE-1-0-G,ssp585,paper_qm,2020,3,2020-03,future_corrected,rsds,W m-2,china_mask,217.47498315236143,202.64481164130444,4.617855913807586,21,14.830171511056989,3.2114842446067113,True
KACE-1-0-G,ssp585,paper_qm,2015,2,2015-02,future_corrected,sfcWind_10m,m s-1,china_mask,0.9740747236746504,1.5533062582296149,0.14547328781236396,21,-0.5792315345549645,-3.9817037427659954,True
KACE-1-0-G,ssp585,paper_qm,2015,3,2015-03,future_corrected,sfcWind_10m,m s-1,china_mask,0.9435305077514046,1.441980138285502,0.10170133090556609,21,-0.4984496305340974,-4.90111216928841,True
KACE-1-0-G,ssp585,paper_qm,2015,4,2015-04,future_corrected,sfcWind_10m,m s-1,china_mask,0.9230346060700797,1.3711283518150417,0.13130532765881564,21,-0.44809374574496197,-3.412609021541691,True
KACE-1-0-G,ssp585,paper_qm,2015,6,2015-06,future_corrected,sfcWind_10m,m s-1,china_mask,0.6369243433217372,1.080504812405105,0.10159848239102004,21,-0.4435804690833679,-4.366014714434106,True
KACE-1-0-G,ssp585,paper_qm,2015,7,2015-07,future_corrected,sfcWind_10m,m s-1,china_mask,0.816887572797208,1.130571315305176,0.08736254789397166,21,-0.31368374250796793,-3.590597459321734,True
KACE-1-0-G,ssp585,paper_qm,2016,3,2016-03,future_corrected,sfcWind_10m,m s-1,china_mask,1.0819458481568418,1.441980138285502,0.10170133090556609,21,-0.3600342901286602,-3.5401138502599045,True
KACE-1-0-G,ssp585,paper_qm,2016,7,2016-07,future_corrected,sfcWind_10m,m s-1,china_mask,0.8211899855633736,1.130571315305176,0.08736254789397166,21,-0.3093813297418023,-3.541349665274023,True
KACE-1-0-G,ssp585,paper_qm,2017,3,2017-03,future_corrected,sfcWind_10m,m s-1,china_mask,1.0287574631099894,1.441980138285502,0.10170133090556609,21,-0.4132226751755126,-4.063099976137058,True
KACE-1-0-G,ssp585,paper_qm,2017,4,2017-04,future_corrected,sfcWind_10m,m s-1,china_mask,0.9089738551378266,1.3711283518150417,0.13130532765881564,21,-0.4621544966772151,-3.519693411664753,True
KACE-1-0-G,ssp585,paper_qm,2017,5,2017-05,future_corrected,sfcWind_10m,m s-1,china_mask,0.812319604470072,1.1569911879991048,0.10311403016222977,21,-0.3446715835290328,-3.3426254699458404,True
KACE-1-0-G,ssp585,paper_qm,2017,6,2017-06,future_corrected,sfcWind_10m,m s-1,china_mask,0.6907975880508291,1.080504812405105,0.10159848239102004,21,-0.38970722435427596,-3.835758322200302,True
KACE-1-0-G,ssp585,paper_qm,2017,9,2017-09,future_corrected,sfcWind_10m,m s-1,china_mask,0.6924827380591008,1.046737306456944,0.11583704494936523,21,-0.3542545683978433,-3.0582148271539156,True
KACE-1-0-G,ssp585,paper_qm,2018,5,2018-05,future_corrected,sfcWind_10m,m s-1,china_mask,0.7560626280204993,1.1569911879991048,0.10311403016222977,21,-0.40092855997860555,-3.888205701472659,True
KACE-1-0-G,ssp585,paper_qm,2018,10,2018-10,future_corrected,sfcWind_10m,m s-1,china_mask,0.7507601959882473,1.213834935317661,0.14175186425929515,21,-0.4630747393294137,-3.266798230479345,True
KACE-1-0-G,ssp585,paper_qm,2019,3,2019-03,future_corrected,sfcWind_10m,m s-1,china_mask,0.9292742767418984,1.441980138285502,0.10170133090556609,21,-0.5127058615436035,-5.041289597475103,True
KACE-1-0-G,ssp585,paper_qm,2019,4,2019-04,future_corrected,sfcWind_10m,m s-1,china_mask,0.8890274520220045,1.3711283518150417,0.13130532765881564,21,-0.48210089979303716,-3.6716019706811163,True
KACE-1-0-G,ssp585,paper_qm,2019,5,2019-05,future_corrected,sfcWind_10m,m s-1,china_mask,0.8176154154476449,1.1569911879991048,0.10311403016222977,21,-0.3393757725514599,-3.2912666881269064,True
KACE-1-0-G,ssp585,paper_qm,2019,9,2019-09,future_corrected,sfcWind_10m,m s-1,china_mask,0.6694841341813282,1.046737306456944,0.11583704494936523,21,-0.37725317227561583,-3.2567575635283257,True
KACE-1-0-G,ssp585,paper_qm,2020,8,2020-08,future_corrected,sfcWind_10m,m s-1,china_mask,0.603923553961684,1.0048058018640385,0.10717993371873699,21,-0.4008822479023545,-3.7402733328269733,True
KACE-1-0-G,ssp585,paper_qm,2015,10,2015-10,future_corrected,tcell,degree_Celsius,china_mask,16.099179432570455,14.136372690306922,0.6300533608217969,21,1.962806742263533,3.1153023923297343,True
KACE-1-0-G,ssp585,paper_qm,2016,3,2016-03,future_corrected,tcell,degree_Celsius,china_mask,12.994044146899345,9.258542542926877,1.0062631657853631,21,3.7355016039724678,3.7122511595234657,True
KACE-1-0-G,ssp585,paper_qm,2016,5,2016-05,future_corrected,tcell,degree_Celsius,china_mask,24.615245972259054,22.52968920964352,0.5890858756130162,21,2.085556762615532,3.540327223845342,True
KACE-1-0-G,ssp585,paper_qm,2016,6,2016-06,future_corrected,tcell,degree_Celsius,china_mask,28.445142319052344,26.585837486030023,0.5809624761581591,21,1.8593048330223212,3.2003871322597277,True
KACE-1-0-G,ssp585,paper_qm,2017,8,2017-08,future_corrected,tcell,degree_Celsius,china_mask,28.956686379075805,27.156909030898575,0.4388990289976436,21,1.79977734817723,4.100663772912773,True
KACE-1-0-G,ssp585,paper_qm,2020,5,2020-05,future_corrected,tcell,degree_Celsius,china_mask,24.340329218116413,22.52968920964352,0.5890858756130162,21,1.810640008472891,3.0736435610320787,True
KACE-1-0-G,ssp585,paper_qm,2015,4,2015-04,future_corrected,pvpot,W m-2,china_mask,267.9908879093523,250.63947670956298,5.107182370548113,21,17.35141119978931,3.397452830322001,True
KACE-1-0-G,ssp585,paper_qm,2019,4,2019-04,future_corrected,pvpot,W m-2,china_mask,266.1777745697024,250.63947670956298,5.107182370548113,21,15.538297860139437,3.042440377642484,True
KACE-1-0-G,ssp585,paper_qm,2020,3,2020-03,future_corrected,pvpot,W m-2,china_mask,237.62533068816998,219.7360399176223,4.448397738498616,21,17.88929077054769,4.021513322813964,True
KACE-1-0-G,ssp585,paper_qm,2020,4,2020-04,future_corrected,pvpot,W m-2,china_mask,266.0535747403505,250.63947670956298,5.107182370548113,21,15.4140980307875,3.0181217180880164,True
KACE-1-0-G,ssp585,paper_qm,2015,2,2015-02,future_corrected,wind_speed_hub,m s-1,china_mask,2.2027326051789484,3.2171498328772787,0.24568926483154507,21,-1.0144172276983303,-4.128862644421431,True
KACE-1-0-G,ssp585,paper_qm,2015,3,2015-03,future_corrected,wind_speed_hub,m s-1,china_mask,2.151724504035016,3.030215486116077,0.16945435105965792,21,-0.8784909820810607,-5.184233845797091,True
KACE-1-0-G,ssp585,paper_qm,2015,4,2015-04,future_corrected,wind_speed_hub,m s-1,china_mask,2.1150959764621007,2.9176512868169446,0.2225447648303691,21,-0.802555310354844,-3.6062646136231415,True
KACE-1-0-G,ssp585,paper_qm,2015,6,2015-06,future_corrected,wind_speed_hub,m s-1,china_mask,1.5718099125183564,2.416167889650118,0.1854350449224691,21,-0.8443579771317617,-4.553389449576752,True
KACE-1-0-G,ssp585,paper_qm,2015,7,2015-07,future_corrected,wind_speed_hub,m s-1,china_mask,1.917176752085086,2.508607052845581,0.16077152860659683,21,-0.5914303007604949,-3.678700488117565,True
KACE-1-0-G,ssp585,paper_qm,2016,3,2016-03,future_corrected,wind_speed_hub,m s-1,china_mask,2.395845535412587,3.030215486116077,0.16945435105965792,21,-0.6343699507034897,-3.743603789082725,True
KACE-1-0-G,ssp585,paper_qm,2016,7,2016-07,future_corrected,wind_speed_hub,m s-1,china_mask,1.9251426018688995,2.508607052845581,0.16077152860659683,21,-0.5834644509766813,-3.6291528483529043,True
KACE-1-0-G,ssp585,paper_qm,2017,3,2017-03,future_corrected,wind_speed_hub,m s-1,china_mask,2.3046672107237054,3.030215486116077,0.16945435105965792,21,-0.7255482753923714,-4.281673918995067,True
KACE-1-0-G,ssp585,paper_qm,2017,4,2017-04,future_corrected,wind_speed_hub,m s-1,china_mask,2.0838752982019115,2.9176512868169446,0.2225447648303691,21,-0.8337759886150331,-3.7465540438597347,True
KACE-1-0-G,ssp585,paper_qm,2017,5,2017-05,future_corrected,wind_speed_hub,m s-1,china_mask,1.8998534094967439,2.548123414898428,0.18626201678211401,21,-0.6482700054016841,-3.4804197688894285,True
KACE-1-0-G,ssp585,paper_qm,2017,6,2017-06,future_corrected,wind_speed_hub,m s-1,china_mask,1.6573849836628802,2.416167889650118,0.1854350449224691,21,-0.758782905987238,-4.091906717548925,True
KACE-1-0-G,ssp585,paper_qm,2017,9,2017-09,future_corrected,wind_speed_hub,m s-1,china_mask,1.6787564449720327,2.3559184539173885,0.21737981599172615,21,-0.6771620089453558,-3.115109863609093,True
KACE-1-0-G,ssp585,paper_qm,2017,11,2017-11,future_corrected,wind_speed_hub,m s-1,china_mask,2.4342696115990705,3.0175538844605976,0.19265739129153986,21,-0.5832842728615271,-3.0275727754398423,True
KACE-1-0-G,ssp585,paper_qm,2018,5,2018-05,future_corrected,wind_speed_hub,m s-1,china_mask,1.8120221048774623,2.548123414898428,0.18626201678211401,21,-0.7361013100209657,-3.9519668193115502,True
KACE-1-0-G,ssp585,paper_qm,2018,10,2018-10,future_corrected,wind_speed_hub,m s-1,china_mask,1.8012770506689175,2.660549735697486,0.24971487391207486,21,-0.8592726850285686,-3.441015232961735,True
KACE-1-0-G,ssp585,paper_qm,2019,3,2019-03,future_corrected,wind_speed_hub,m s-1,china_mask,2.1296075035955804,3.030215486116077,0.16945435105965792,21,-0.9006079825204965,-5.314752774943084,True
KACE-1-0-G,ssp585,paper_qm,2019,4,2019-04,future_corrected,wind_speed_hub,m s-1,china_mask,2.069799743165361,2.9176512868169446,0.2225447648303691,21,-0.8478515436515837,-3.80980224045191,True
KACE-1-0-G,ssp585,paper_qm,2019,5,2019-05,future_corrected,wind_speed_hub,m s-1,china_mask,1.9140137487449496,2.548123414898428,0.18626201678211401,21,-0.6341096661534784,-3.404396006810388,True
KACE-1-0-G,ssp585,paper_qm,2019,8,2019-08,future_corrected,wind_speed_hub,m s-1,china_mask,1.646284995201362,2.2727332205254616,0.19971344926944173,21,-0.6264482253240995,-3.1367352955730694,True
KACE-1-0-G,ssp585,paper_qm,2019,9,2019-09,future_corrected,wind_speed_hub,m s-1,china_mask,1.622393412835122,2.3559184539173885,0.21737981599172615,21,-0.7335250410822665,-3.3743935136562344,True
KACE-1-0-G,ssp585,paper_qm,2020,8,2020-08,future_corrected,wind_speed_hub,m s-1,china_mask,1.4701361665014712,2.2727332205254616,0.19971344926944173,21,-0.8025970540239904,-4.01874313903203,True
KACE-1-0-G,ssp585,paper_qm,2015,6,2015-06,future_corrected,wpd,W m-2,china_mask,5.670742694400213,16.943614815600228,3.3219574516536867,21,-11.272872121200015,-3.3934426570058336,True
KACE-1-0-G,ssp585,paper_qm,2015,7,2015-07,future_corrected,wpd,W m-2,china_mask,10.045939688363955,18.312133269342024,2.7211539389612955,21,-8.266193580978069,-3.037753014492593,True
KACE-1-0-G,ssp585,paper_qm,2016,7,2016-07,future_corrected,wpd,W m-2,china_mask,10.068324263134386,18.312133269342024,2.7211539389612955,21,-8.243809006207638,-3.029526881288613,True
KACE-1-0-G,ssp585,paper_qm,2018,5,2018-05,future_corrected,wpd,W m-2,china_mask,7.342082065395504,20.08737775890059,3.8654094835836466,21,-12.745295693505087,-3.2972692149781864,True
KACE-1-0-G,ssp585,optimized,2016,3,2016-03,future_corrected,tas_c,degree_Celsius,china_mask,4.803082116253812,1.577766138144857,0.9614129178626661,21,3.225315978108955,3.354766633757336,True
KACE-1-0-G,ssp585,optimized,2016,5,2016-05,future_corrected,tas_c,degree_Celsius,china_mask,15.427678993802104,13.547602026274687,0.5594743018562733,21,1.8800769675274172,3.3604348962758994,True
KACE-1-0-G,ssp585,optimized,2016,6,2016-06,future_corrected,tas_c,degree_Celsius,china_mask,19.73082775124805,17.794547880821344,0.5667501196028266,21,1.9362798704267057,3.4164613353476363,True
KACE-1-0-G,ssp585,optimized,2017,8,2017-08,future_corrected,tas_c,degree_Celsius,china_mask,20.881456800813545,19.171288176592093,0.4641269886876173,21,1.7101686242214527,3.6846998039419963,True
KACE-1-0-G,ssp585,optimized,2015,4,2015-04,future_corrected,rsds,W m-2,china_mask,257.6626241697,238.91101273643721,5.6827795789433075,21,18.75161143326278,3.29972527928834,True
KACE-1-0-G,ssp585,optimized,2020,3,2020-03,future_corrected,rsds,W m-2,china_mask,217.47498315236143,202.64481164130444,4.617855913807586,21,14.830171511056989,3.2114842446067113,True
KACE-1-0-G,ssp585,optimized,2015,2,2015-02,future_corrected,sfcWind_10m,m s-1,china_mask,1.080131534567752,1.5533062582296149,0.14547328781236396,21,-0.47317472366186286,-3.2526571082395455,True
KACE-1-0-G,ssp585,optimized,2015,3,2015-03,future_corrected,sfcWind_10m,m s-1,china_mask,1.0863045499807134,1.441980138285502,0.10170133090556609,21,-0.3556755883047886,-3.497255986109446,True
KACE-1-0-G,ssp585,optimized,2019,3,2019-03,future_corrected,sfcWind_10m,m s-1,china_mask,1.085216942021007,1.441980138285502,0.10170133090556609,21,-0.35676319626449504,-3.507950123049663,True
KACE-1-0-G,ssp585,optimized,2016,3,2016-03,future_corrected,tcell,degree_Celsius,china_mask,12.682370448882539,9.258542542926877,1.0062631657853631,21,3.4238279059556618,3.4025173755450444,True
KACE-1-0-G,ssp585,optimized,2016,5,2016-05,future_corrected,tcell,degree_Celsius,china_mask,24.56276289326052,22.52968920964352,0.5890858756130162,21,2.0330736836169976,3.4512348161485535,True
KACE-1-0-G,ssp585,optimized,2016,6,2016-06,future_corrected,tcell,degree_Celsius,china_mask,28.42404386044643,26.585837486030023,0.5809624761581591,21,1.8382063744164086,3.164070744417548,True
KACE-1-0-G,ssp585,optimized,2017,7,2017-07,future_corrected,tcell,degree_Celsius,china_mask,30.2253321708385,28.268976569526643,0.6358410768034484,21,1.9563556013118557,3.0767996480299837,True
KACE-1-0-G,ssp585,optimized,2017,8,2017-08,future_corrected,tcell,degree_Celsius,china_mask,29.135877891606743,27.156909030898575,0.4388990289976436,21,1.978968860708168,4.508938799039341,True
KACE-1-0-G,ssp585,optimized,2019,8,2019-08,future_corrected,tcell,degree_Celsius,china_mask,28.70475685991505,27.156909030898575,0.4388990289976436,21,1.5478478290164759,3.5266604087765847,True
KACE-1-0-G,ssp585,optimized,2020,5,2020-05,future_corrected,tcell,degree_Celsius,china_mask,24.308489147337138,22.52968920964352,0.5890858756130162,21,1.7787999376936163,3.019593596336963,True
KACE-1-0-G,ssp585,optimized,2020,8,2020-08,future_corrected,tcell,degree_Celsius,china_mask,28.61881195386197,27.156909030898575,0.4388990289976436,21,1.4619029229633966,3.3308410964182045,True
KACE-1-0-G,ssp585,optimized,2015,4,2015-04,future_corrected,pvpot,W m-2,china_mask,268.0543143324864,250.63947670956298,5.107182370548113,21,17.414837622923415,3.409871894011574,True
KACE-1-0-G,ssp585,optimized,2019,4,2019-04,future_corrected,pvpot,W m-2,china_mask,266.27984005222163,250.63947670956298,5.107182370548113,21,15.640363342658645,3.0624250727471263,True
KACE-1-0-G,ssp585,optimized,2020,3,2020-03,future_corrected,pvpot,W m-2,china_mask,237.74774372160584,219.7360399176223,4.448397738498616,21,18.01170380398355,4.049031777914423,True
KACE-1-0-G,ssp585,optimized,2020,4,2020-04,future_corrected,pvpot,W m-2,china_mask,265.9724825322971,250.63947670956298,5.107182370548113,21,15.333005822734094,3.002243646351036,True
KACE-1-0-G,ssp585,optimized,2015,2,2015-02,future_corrected,wind_speed_hub,m s-1,china_mask,2.40898965275474,3.2171498328772787,0.24568926483154507,21,-0.8081601801225387,-3.289358941574624,True
KACE-1-0-G,ssp585,optimized,2015,3,2015-03,future_corrected,wind_speed_hub,m s-1,china_mask,2.4273130628787833,3.030215486116077,0.16945435105965792,21,-0.6029024232372935,-3.5579046478720175,True
KACE-1-0-G,ssp585,optimized,2019,3,2019-03,future_corrected,wind_speed_hub,m s-1,china_mask,2.428014229663598,3.030215486116077,0.16945435105965792,21,-0.6022012564524788,-3.553766856304967,True
MPI-ESM1-2-HR,ssp126,paper_qm,2016,8,2016-08,future_corrected,tas_c,degree_Celsius,china_mask,21.212195483206116,18.929719368392824,0.45126024168496864,21,2.282476114813292,5.058004016242854,True
MPI-ESM1-2-HR,ssp126,paper_qm,2016,8,2016-08,future_corrected,sfcWind_10m,m s-1,china_mask,1.4316501293064823,1.031820409065007,0.11641841323649682,21,0.39982972024147534,3.4344199437699423,True
MPI-ESM1-2-HR,ssp126,paper_qm,2016,8,2016-08,future_corrected,tcell,degree_Celsius,china_mask,28.767703977613916,26.870467611465372,0.526394999417689,21,1.8972363661485439,3.6042066665665766,True
MPI-ESM1-2-HR,ssp126,paper_qm,2016,8,2016-08,future_corrected,wind_speed_hub,m s-1,china_mask,3.050443496412602,2.320863955384103,0.21362838608008108,21,0.7295795410284991,3.4151806996051906,True
MPI-ESM1-2-HR,ssp126,paper_qm,2017,12,2017-12,future_corrected,wind_speed_hub,m s-1,china_mask,2.801439913402495,3.3971310970358104,0.19296526413954904,21,-0.5956911836333152,-3.0870384174559105,True
MPI-ESM1-2-HR,ssp126,optimized,2016,8,2016-08,future_corrected,tas_c,degree_Celsius,china_mask,21.132029075415993,18.929719368392824,0.45126024168496864,21,2.2023097070231685,4.8803539589482225,True
MPI-ESM1-2-HR,ssp126,optimized,2016,8,2016-08,future_corrected,sfcWind_10m,m s-1,china_mask,1.4433219277985028,1.031820409065007,0.11641841323649682,21,0.41150151873349583,3.534677267053588,True
MPI-ESM1-2-HR,ssp126,optimized,2016,8,2016-08,future_corrected,tcell,degree_Celsius,china_mask,28.674272546972027,26.870467611465372,0.526394999417689,21,1.8038049355066548,3.4267136608479714,True
MPI-ESM1-2-HR,ssp126,optimized,2016,8,2016-08,future_corrected,wind_speed_hub,m s-1,china_mask,3.073871665781085,2.320863955384103,0.21362838608008108,21,0.7530077103969819,3.5248485663076075,True
MPI-ESM1-2-HR,ssp245,paper_qm,2020,2,2020-02,future_corrected,pvpot,W m-2,china_mask,163.3945598616488,175.3786289255962,3.759528229194059,21,-11.984069063947402,-3.1876523684240197,True
MPI-ESM1-2-HR,ssp245,optimized,2020,2,2020-02,future_corrected,pvpot,W m-2,china_mask,163.48875192592809,175.3786289255962,3.759528229194059,21,-11.889876999668104,-3.162598143921098,True
MPI-ESM1-2-HR,ssp585,paper_qm,2017,8,2017-08,future_corrected,rsds,W m-2,china_mask,211.01098950985323,224.87013686150945,4.5728408396252025,21,-13.859147351656219,-3.0307521817864402,True
MPI-ESM1-2-HR,ssp585,paper_qm,2018,12,2018-12,future_corrected,sfcWind_10m,m s-1,china_mask,2.05723617135068,1.6535566067193694,0.1180775323955605,21,0.4036795646313105,3.4187669444088766,True
MPI-ESM1-2-HR,ssp585,paper_qm,2019,2,2019-02,future_corrected,sfcWind_10m,m s-1,china_mask,2.1993103454683576,1.6297859268416555,0.15161795663049482,21,0.5695244186267021,3.756312453245093,True
MPI-ESM1-2-HR,ssp585,paper_qm,2017,8,2017-08,future_corrected,pvpot,W m-2,china_mask,209.73903721782065,223.19548086354575,4.402608353944917,21,-13.456443645725102,-3.056470747316776,True
MPI-ESM1-2-HR,ssp585,paper_qm,2018,12,2018-12,future_corrected,wind_speed_hub,m s-1,china_mask,4.062365755586375,3.3971310970358104,0.19296526413954904,21,0.6652346585505642,3.447432166182398,True
MPI-ESM1-2-HR,ssp585,paper_qm,2019,2,2019-02,future_corrected,wind_speed_hub,m s-1,china_mask,4.28087093610081,3.3454083694750807,0.2503967340255752,21,0.9354625666257297,3.7359215976442517,True
MPI-ESM1-2-HR,ssp585,paper_qm,2019,2,2019-02,future_corrected,wpd,W m-2,china_mask,84.02988214896077,46.67615240576869,11.2466637785032,21,37.353729743192076,3.321316479166893,True
MPI-ESM1-2-HR,ssp585,optimized,2017,8,2017-08,future_corrected,rsds,W m-2,china_mask,211.01098950985323,224.87013686150945,4.5728408396252025,21,-13.859147351656219,-3.0307521817864402,True
MPI-ESM1-2-HR,ssp585,optimized,2018,12,2018-12,future_corrected,sfcWind_10m,m s-1,china_mask,2.0346191568698133,1.6535566067193694,0.1180775323955605,21,0.3810625501504439,3.2272231847959176,True
MPI-ESM1-2-HR,ssp585,optimized,2019,2,2019-02,future_corrected,sfcWind_10m,m s-1,china_mask,2.1579176499286192,1.6297859268416555,0.15161795663049482,21,0.5281317230869638,3.4833059013851724,True
MPI-ESM1-2-HR,ssp585,optimized,2017,8,2017-08,future_corrected,pvpot,W m-2,china_mask,209.70042605157678,223.19548086354575,4.402608353944917,21,-13.49505481196897,-3.0652408134093623,True
MPI-ESM1-2-HR,ssp585,optimized,2018,12,2018-12,future_corrected,wind_speed_hub,m s-1,china_mask,4.025894978205936,3.3971310970358104,0.19296526413954904,21,0.6287638811701255,3.2584303914688744,True
MPI-ESM1-2-HR,ssp585,optimized,2019,2,2019-02,future_corrected,wind_speed_hub,m s-1,china_mask,4.208936323270253,3.3454083694750807,0.2503967340255752,21,0.8635279537951721,3.4486390453757774,True
MPI-ESM1-2-HR,ssp585,optimized,2019,2,2019-02,future_corrected,wpd,W m-2,china_mask,82.90124696553156,46.67615240576869,11.2466637785032,21,36.225094559762866,3.2209635917989545,True
MPI-ESM1-2-LR,ssp126,paper_qm,2015,7,2015-07,future_corrected,tas_c,degree_Celsius,china_mask,20.901744665573236,19.911907080679978,0.30536272891475486,21,0.9898375848932588,3.24151407871909,True
MPI-ESM1-2-LR,ssp126,paper_qm,2017,7,2017-07,future_corrected,tas_c,degree_Celsius,china_mask,20.891568067229827,19.911907080679978,0.30536272891475486,21,0.9796609865498489,3.208187816605907,True
MPI-ESM1-2-LR,ssp126,paper_qm,2019,7,2019-07,future_corrected,tas_c,degree_Celsius,china_mask,21.07893378504883,19.911907080679978,0.30536272891475486,21,1.1670267043688511,3.821771925199944,True
MPI-ESM1-2-LR,ssp126,paper_qm,2019,2,2019-02,future_corrected,rsds,W m-2,china_mask,169.18130863936702,157.11453420492273,3.8580380112412542,21,12.066774434444284,3.127697134990647,True
MPI-ESM1-2-LR,ssp126,paper_qm,2017,7,2017-07,future_corrected,tcell,degree_Celsius,china_mask,29.244455517198624,28.079973689123438,0.3875295291102566,21,1.1644818280751856,3.00488541027767,True
MPI-ESM1-2-LR,ssp126,paper_qm,2019,7,2019-07,future_corrected,tcell,degree_Celsius,china_mask,29.405706557390218,28.079973689123438,0.3875295291102566,21,1.3257328682667797,3.4209854183514192,True
MPI-ESM1-2-LR,ssp126,paper_qm,2019,2,2019-02,future_corrected,pvpot,W m-2,china_mask,188.4177128691023,175.901411195654,3.862021686374879,21,12.51630167344831,3.2408677863217408,True
MPI-ESM1-2-LR,ssp126,paper_qm,2020,11,2020-11,future_corrected,pvpot,W m-2,china_mask,126.00095135873372,138.3787043489815,4.000370063308197,21,-12.377752990247785,-3.0941519895316185,True
MPI-ESM1-2-LR,ssp126,optimized,2015,7,2015-07,future_corrected,tas_c,degree_Celsius,china_mask,20.895835810387897,19.911907080679978,0.30536272891475486,21,0.9839287297079196,3.2221637958396467,True
MPI-ESM1-2-LR,ssp126,optimized,2017,7,2017-07,future_corrected,tas_c,degree_Celsius,china_mask,20.845270495403557,19.911907080679978,0.30536272891475486,21,0.9333634147235799,3.0565728110981674,True
MPI-ESM1-2-LR,ssp126,optimized,2019,7,2019-07,future_corrected,tas_c,degree_Celsius,china_mask,21.01657799513491,19.911907080679978,0.30536272891475486,21,1.1046709144549318,3.617569565155779,True
MPI-ESM1-2-LR,ssp126,optimized,2019,2,2019-02,future_corrected,rsds,W m-2,china_mask,169.18130863936702,157.11453420492273,3.8580380112412542,21,12.066774434444284,3.127697134990647,True
MPI-ESM1-2-LR,ssp126,optimized,2019,2,2019-02,future_corrected,pvpot,W m-2,china_mask,188.57429414446855,175.901411195654,3.862021686374879,21,12.67288294881456,3.2814116485995384,True
MPI-ESM1-2-LR,ssp126,optimized,2020,11,2020-11,future_corrected,pvpot,W m-2,china_mask,126.20235081446592,138.3787043489815,4.000370063308197,21,-12.176353534515584,-3.0438067833269584,True
MPI-ESM1-2-LR,ssp245,paper_qm,2018,4,2018-04,future_corrected,tas_c,degree_Celsius,china_mask,10.34895298997806,8.187639392824199,0.5826085361148323,21,2.1613135971538604,3.709718384091552,True
MPI-ESM1-2-LR,ssp245,paper_qm,2019,12,2019-12,future_corrected,tas_c,degree_Celsius,china_mask,-3.501902078159366,-6.1285332887868735,0.7723294631824978,21,2.6266312106275076,3.400920637941333,True
MPI-ESM1-2-LR,ssp245,paper_qm,2019,11,2019-11,future_corrected,rsds,W m-2,china_mask,137.65684190390752,125.7055095268063,3.8950832456634843,21,11.951332377101224,3.068312439896377,True
MPI-ESM1-2-LR,ssp245,paper_qm,2018,4,2018-04,future_corrected,tcell,degree_Celsius,china_mask,18.983666675389017,16.716801943918306,0.683082658015825,21,2.2668647314707115,3.318580416102724,True
MPI-ESM1-2-LR,ssp245,paper_qm,2019,12,2019-12,future_corrected,tcell,degree_Celsius,china_mask,1.8690064823413455,-0.8962905873175687,0.7480296670498872,21,2.765297069658914,3.6967745952708215,True
MPI-ESM1-2-LR,ssp245,optimized,2018,4,2018-04,future_corrected,tas_c,degree_Celsius,china_mask,10.407261360021293,8.187639392824199,0.5826085361148323,21,2.219621967197094,3.8097999421683824,True
MPI-ESM1-2-LR,ssp245,optimized,2019,12,2019-12,future_corrected,tas_c,degree_Celsius,china_mask,-3.6194890051202306,-6.1285332887868735,0.7723294631824978,21,2.509044283666643,3.2486709406731094,True
MPI-ESM1-2-LR,ssp245,optimized,2019,11,2019-11,future_corrected,rsds,W m-2,china_mask,137.65684190390752,125.7055095268063,3.8950832456634843,21,11.951332377101224,3.068312439896377,True
MPI-ESM1-2-LR,ssp245,optimized,2018,4,2018-04,future_corrected,tcell,degree_Celsius,china_mask,19.01375906374404,16.716801943918306,0.683082658015825,21,2.296957119825734,3.362634218379645,True
MPI-ESM1-2-LR,ssp245,optimized,2019,12,2019-12,future_corrected,tcell,degree_Celsius,china_mask,1.7600812768604308,-0.8962905873175687,0.7480296670498872,21,2.6563718641779994,3.551158438213176,True
MPI-ESM1-2-LR,ssp585,paper_qm,2016,12,2016-12,future_corrected,tas_c,degree_Celsius,china_mask,-3.700137070350582,-6.1285332887868735,0.7723294631824978,21,2.4283962184362915,3.144249098603238,True
MPI-ESM1-2-LR,ssp585,paper_qm,2016,10,2016-10,future_corrected,sfcWind_10m,m s-1,china_mask,0.900464828050025,1.2739213541681609,0.1114887843144567,21,-0.37345652611813585,-3.349722830099152,True
MPI-ESM1-2-LR,ssp585,paper_qm,2016,12,2016-12,future_corrected,tcell,degree_Celsius,china_mask,1.5299232405868672,-0.8962905873175687,0.7480296670498872,21,2.426213827904436,3.243472732135139,True
MPI-ESM1-2-LR,ssp585,paper_qm,2016,10,2016-10,future_corrected,wind_speed_hub,m s-1,china_mask,2.0885131483032797,2.767819877894052,0.20052964663209524,21,-0.6793067295907722,-3.387562592363575,True
MPI-ESM1-2-LR,ssp585,optimized,2016,10,2016-10,future_corrected,sfcWind_10m,m s-1,china_mask,0.9311198197927654,1.2739213541681609,0.1114887843144567,21,-0.3428015343753955,-3.074762510716018,True
MPI-ESM1-2-LR,ssp585,optimized,2016,12,2016-12,future_corrected,tcell,degree_Celsius,china_mask,1.4034628627065304,-0.8962905873175687,0.7480296670498872,21,2.2997534500240993,3.0744147609732777,True
MPI-ESM1-2-LR,ssp585,optimized,2016,10,2016-10,future_corrected,wind_speed_hub,m s-1,china_mask,2.146207299732538,2.767819877894052,0.20052964663209524,21,-0.621612578161514,-3.0998537553001575,True
MPI-ESM1-2-LR,ssp585,optimized,2020,8,2020-08,future_corrected,wpd,W m-2,china_mask,25.195929738596877,14.469252688165387,3.424912840507099,21,10.72667705043149,3.131956213181553,True
MRI-ESM2-0,ssp126,paper_qm,2015,4,2015-04,future_corrected,tas_c,degree_Celsius,china_mask,10.55660667900014,7.876838327459477,0.7531110688941972,21,2.6797683515406634,3.5582644608787946,True
MRI-ESM2-0,ssp126,paper_qm,2016,11,2016-11,future_corrected,tas_c,degree_Celsius,china_mask,2.2190115689017675,-0.1133638156903517,0.7384064894190981,21,2.3323753845921193,3.158660464139462,True
MRI-ESM2-0,ssp126,paper_qm,2018,9,2018-09,future_corrected,tas_c,degree_Celsius,china_mask,16.15308690833873,14.612365547250688,0.48200399810412736,21,1.5407213610880408,3.1964908323337156,True
MRI-ESM2-0,ssp126,paper_qm,2019,4,2019-04,future_corrected,tas_c,degree_Celsius,china_mask,10.547920452844743,7.876838327459477,0.7531110688941972,21,2.671082125385266,3.546730669232163,True
MRI-ESM2-0,ssp126,paper_qm,2019,8,2019-08,future_corrected,tas_c,degree_Celsius,china_mask,20.488522048587992,19.15473948446107,0.4318765974731069,21,1.3337825641269205,3.0883418363737007,True
MRI-ESM2-0,ssp126,paper_qm,2015,4,2015-04,future_corrected,tcell,degree_Celsius,china_mask,19.254650511034995,16.25754373891075,0.8332159114926388,21,2.997106772124244,3.597034971109913,True
MRI-ESM2-0,ssp126,paper_qm,2018,9,2018-09,future_corrected,tcell,degree_Celsius,china_mask,23.85358721980731,21.962140531061674,0.4766420746498116,21,1.891446688745635,3.968274706204396,True
MRI-ESM2-0,ssp126,paper_qm,2019,4,2019-04,future_corrected,tcell,degree_Celsius,china_mask,19.37397671205486,16.25754373891075,0.8332159114926388,21,3.116432973144107,3.7402465917402727,True
MRI-ESM2-0,ssp126,optimized,2015,4,2015-04,future_corrected,tas_c,degree_Celsius,china_mask,10.569289957920617,7.876838327459477,0.7531110688941972,21,2.6924516304611403,3.575105640678608,True
MRI-ESM2-0,ssp126,optimized,2018,9,2018-09,future_corrected,tas_c,degree_Celsius,china_mask,16.366283078019944,14.612365547250688,0.48200399810412736,21,1.7539175307692556,3.6388028681669913,True
MRI-ESM2-0,ssp126,optimized,2019,4,2019-04,future_corrected,tas_c,degree_Celsius,china_mask,10.428623847347414,7.876838327459477,0.7531110688941972,21,2.551785519887937,3.388325607316802,True
MRI-ESM2-0,ssp126,optimized,2019,8,2019-08,future_corrected,tas_c,degree_Celsius,china_mask,20.61669464897976,19.15473948446107,0.4318765974731069,21,1.4619551645186881,3.3851224471817427,True
MRI-ESM2-0,ssp126,optimized,2015,4,2015-04,future_corrected,tcell,degree_Celsius,china_mask,19.26388680478814,16.25754373891075,0.8332159114926388,21,3.006343065877388,3.60812008557514,True
MRI-ESM2-0,ssp126,optimized,2018,9,2018-09,future_corrected,tcell,degree_Celsius,china_mask,23.863309952152267,21.962140531061674,0.4766420746498116,21,1.901169421090593,3.988673099174847,True
MRI-ESM2-0,ssp126,optimized,2019,4,2019-04,future_corrected,tcell,degree_Celsius,china_mask,19.25582788985104,16.25754373891075,0.8332159114926388,21,2.9982841509402895,3.5984480247972055,True
MRI-ESM2-0,ssp126,optimized,2019,8,2019-08,future_corrected,tcell,degree_Celsius,china_mask,28.562258342641382,27.113740336320717,0.462643684410252,21,1.4485180063206649,3.1309581328601537,True
MRI-ESM2-0,ssp245,paper_qm,2015,4,2015-04,future_corrected,tas_c,degree_Celsius,china_mask,10.854102973576854,7.876838327459477,0.7531110688941972,21,2.9772646461173773,3.95328759473544,True
MRI-ESM2-0,ssp245,paper_qm,2015,3,2015-03,future_corrected,tcell,degree_Celsius,china_mask,5.393017974979569,8.916813702951572,1.1724042263908327,21,-3.5237957279720034,-3.0056149992053256,True
MRI-ESM2-0,ssp245,paper_qm,2015,4,2015-04,future_corrected,tcell,degree_Celsius,china_mask,19.10868995541377,16.25754373891075,0.8332159114926388,21,2.851146216503018,3.421857620788135,True
MRI-ESM2-0,ssp245,paper_qm,2020,8,2020-08,future_corrected,tcell,degree_Celsius,china_mask,28.540467084014214,27.113740336320717,0.462643684410252,21,1.4267267476934968,3.0838565309979216,True
MRI-ESM2-0,ssp245,paper_qm,2015,3,2015-03,future_corrected,wpd,W m-2,china_mask,67.18544950604448,36.76617521503662,9.680961411014316,21,30.41927429100786,3.142174934857085,True
MRI-ESM2-0,ssp245,paper_qm,2020,3,2020-03,future_corrected,wpd,W m-2,china_mask,67.54095698908566,36.76617521503662,9.680961411014316,21,30.77478177404904,3.1788972672730273,True
MRI-ESM2-0,ssp245,optimized,2015,4,2015-04,future_corrected,tas_c,degree_Celsius,china_mask,10.878119826134549,7.876838327459477,0.7531110688941972,21,3.0012814986750724,3.985177781388731,True
MRI-ESM2-0,ssp245,optimized,2020,8,2020-08,future_corrected,tas_c,degree_Celsius,china_mask,20.463578645007093,19.15473948446107,0.4318765974731069,21,1.3088391605460217,3.030585978040923,True
MRI-ESM2-0,ssp245,optimized,2020,9,2020-09,future_corrected,tas_c,degree_Celsius,china_mask,16.192696339175196,14.612365547250688,0.48200399810412736,21,1.5803307919245082,3.2786673930930945,True
MRI-ESM2-0,ssp245,optimized,2015,4,2015-04,future_corrected,tcell,degree_Celsius,china_mask,19.063350944851386,16.25754373891075,0.8332159114926388,21,2.805807205940635,3.3674431407751904,True
MRI-ESM2-0,ssp245,optimized,2016,7,2016-07,future_corrected,tcell,degree_Celsius,china_mask,29.330638549825395,28.074711891990752,0.41818535504488,21,1.2559266578346424,3.003277476562648,True
MRI-ESM2-0,ssp245,optimized,2020,8,2020-08,future_corrected,tcell,degree_Celsius,china_mask,28.622161864799562,27.113740336320717,0.462643684410252,21,1.508421528478845,3.260439036148699,True
MRI-ESM2-0,ssp585,paper_qm,2019,6,2019-06,future_corrected,tas_c,degree_Celsius,china_mask,19.45422097092166,17.92556102277679,0.4843397226589181,21,1.5286599481448704,3.156172984848042,True
MRI-ESM2-0,ssp585,paper_qm,2019,9,2019-09,future_corrected,tas_c,degree_Celsius,china_mask,16.431711457002585,14.612365547250688,0.48200399810412736,21,1.8193459097518971,3.7745452670682282,True
MRI-ESM2-0,ssp585,paper_qm,2020,6,2020-06,future_corrected,tas_c,degree_Celsius,china_mask,19.55753195519006,17.92556102277679,0.4843397226589181,21,1.631970932413271,3.3694757131504947,True
MRI-ESM2-0,ssp585,paper_qm,2020,7,2020-07,future_corrected,tas_c,degree_Celsius,china_mask,21.950634620919892,20.018933933588983,0.443934102807057,21,1.9317006873309097,4.351323034469526,True
MRI-ESM2-0,ssp585,paper_qm,2020,10,2020-10,future_corrected,tas_c,degree_Celsius,china_mask,9.833423498395867,7.5547801588783035,0.7106338079107047,21,2.278643339517563,3.20649441970243,True
MRI-ESM2-0,ssp585,paper_qm,2020,10,2020-10,future_corrected,rsds,W m-2,china_mask,172.19263192804107,159.7634153555268,4.033677172379441,21,12.429216572514264,3.081361259553239,True
MRI-ESM2-0,ssp585,paper_qm,2017,4,2017-04,future_corrected,tcell,degree_Celsius,china_mask,18.911127025065802,16.25754373891075,0.8332159114926388,21,2.653583286155051,3.184748694250655,True
MRI-ESM2-0,ssp585,paper_qm,2019,7,2019-07,future_corrected,tcell,degree_Celsius,china_mask,29.343685285020083,28.074711891990752,0.41818535504488,21,1.2689733930293308,3.034475927291006,True
MRI-ESM2-0,ssp585,paper_qm,2019,9,2019-09,future_corrected,tcell,degree_Celsius,china_mask,23.85244261986848,21.962140531061674,0.4766420746498116,21,1.8903020888068056,3.9658733237001966,True
MRI-ESM2-0,ssp585,paper_qm,2020,6,2020-06,future_corrected,tcell,degree_Celsius,china_mask,28.328445972356132,26.57802652745083,0.5820585504183551,21,1.750419444905301,3.007291008176386,True
MRI-ESM2-0,ssp585,paper_qm,2020,7,2020-07,future_corrected,tcell,degree_Celsius,china_mask,30.385706364773842,28.074711891990752,0.41818535504488,21,2.31099447278309,5.526244391162555,True
MRI-ESM2-0,ssp585,paper_qm,2020,10,2020-10,future_corrected,tcell,degree_Celsius,china_mask,17.075901628717478,13.99027360830126,0.8318231035216427,21,3.085628020416218,3.7094762183843755,True
MRI-ESM2-0,ssp585,optimized,2019,6,2019-06,future_corrected,tas_c,degree_Celsius,china_mask,19.499401202877305,17.92556102277679,0.4843397226589181,21,1.5738401801005146,3.2494550962297284,True
MRI-ESM2-0,ssp585,optimized,2019,8,2019-08,future_corrected,tas_c,degree_Celsius,china_mask,20.486077929997847,19.15473948446107,0.4318765974731069,21,1.331338445536776,3.082682537850824,True
MRI-ESM2-0,ssp585,optimized,2019,9,2019-09,future_corrected,tas_c,degree_Celsius,china_mask,16.656023776365267,14.612365547250688,0.48200399810412736,21,2.0436582291145786,4.239919662809699,True
MRI-ESM2-0,ssp585,optimized,2020,5,2020-05,future_corrected,tas_c,degree_Celsius,china_mask,15.732610050474777,13.664548907920212,0.6304260733381923,21,2.0680611425545656,3.280418164819705,True
MRI-ESM2-0,ssp585,optimized,2020,6,2020-06,future_corrected,tas_c,degree_Celsius,china_mask,19.765523728830843,17.92556102277679,0.4843397226589181,21,1.8399627060540524,3.798909360465137,True
MRI-ESM2-0,ssp585,optimized,2020,7,2020-07,future_corrected,tas_c,degree_Celsius,china_mask,21.96536891925654,20.018933933588983,0.443934102807057,21,1.9464349856675582,4.384513317089135,True
MRI-ESM2-0,ssp585,optimized,2020,10,2020-10,future_corrected,tas_c,degree_Celsius,china_mask,9.762606446094349,7.5547801588783035,0.7106338079107047,21,2.2078262872160455,3.1068410518029723,True
MRI-ESM2-0,ssp585,optimized,2020,10,2020-10,future_corrected,rsds,W m-2,china_mask,172.19263192804107,159.7634153555268,4.033677172379441,21,12.429216572514264,3.081361259553239,True
MRI-ESM2-0,ssp585,optimized,2018,5,2018-05,future_corrected,sfcWind_10m,m s-1,china_mask,1.5271634462430974,1.1710386092218747,0.1185873941150289,21,0.35612483702122266,3.003058121639676,True
MRI-ESM2-0,ssp585,optimized,2017,4,2017-04,future_corrected,tcell,degree_Celsius,china_mask,18.804718261431837,16.25754373891075,0.8332159114926388,21,2.547174522521086,3.0570401829677363,True
MRI-ESM2-0,ssp585,optimized,2019,7,2019-07,future_corrected,tcell,degree_Celsius,china_mask,29.435810569668828,28.074711891990752,0.41818535504488,21,1.3610986776780756,3.2547736578006212,True
MRI-ESM2-0,ssp585,optimized,2019,9,2019-09,future_corrected,tcell,degree_Celsius,china_mask,23.87374621767574,21.962140531061674,0.4766420746498116,21,1.9116056866140667,4.010568492130119,True
MRI-ESM2-0,ssp585,optimized,2020,5,2020-05,future_corrected,tcell,degree_Celsius,china_mask,24.760965097647457,22.603461269685415,0.6865372763989056,21,2.157503827962042,3.1425880314595567,True
MRI-ESM2-0,ssp585,optimized,2020,6,2020-06,future_corrected,tcell,degree_Celsius,china_mask,28.420914028619382,26.57802652745083,0.5820585504183551,21,1.8428875011685513,3.1661548478997075,True
MRI-ESM2-0,ssp585,optimized,2020,7,2020-07,future_corrected,tcell,degree_Celsius,china_mask,30.32519676180638,28.074711891990752,0.41818535504488,21,2.2504848698156295,5.381548738295978,True
MRI-ESM2-0,ssp585,optimized,2020,10,2020-10,future_corrected,tcell,degree_Celsius,china_mask,16.9127202210213,13.99027360830126,0.8318231035216427,21,2.922446612720039,3.5133030091944324,True
TaiESM1,ssp126,paper_qm,2018,6,2018-06,future_corrected,tas_c,degree_Celsius,china_mask,19.2664961944241,17.83635683787348,0.4703370072208117,21,1.4301393565506189,3.0406694234017686,True
TaiESM1,ssp126,paper_qm,2015,11,2015-11,future_corrected,sfcWind_10m,m s-1,china_mask,1.9606881776117762,1.4875485709567347,0.11315245338010829,21,0.4731396066550415,4.181434803412025,True
TaiESM1,ssp126,paper_qm,2017,10,2017-10,future_corrected,sfcWind_10m,m s-1,china_mask,1.6274968725932228,1.235295238343238,0.12610976342016422,21,0.3922016342499848,3.1100021410973007,True
TaiESM1,ssp126,paper_qm,2018,6,2018-06,future_corrected,tcell,degree_Celsius,china_mask,28.008228256973293,26.540798519084248,0.46680631988683136,21,1.467429737889045,3.143551565978791,True
TaiESM1,ssp126,paper_qm,2015,11,2015-11,future_corrected,wind_speed_hub,m s-1,china_mask,3.91042915021202,3.122570306472184,0.19593744674692334,21,0.7878588437398357,4.020971268230568,True
TaiESM1,ssp126,paper_qm,2017,10,2017-10,future_corrected,wind_speed_hub,m s-1,china_mask,3.3659316652907605,2.6987914774177177,0.2219633538491041,21,0.6671401878730427,3.005632129376547,True
TaiESM1,ssp126,paper_qm,2015,11,2015-11,future_corrected,wpd,W m-2,china_mask,61.95146958492306,33.99308953037738,5.4663542475477165,21,27.958380054545678,5.114630115142684,True
TaiESM1,ssp126,paper_qm,2017,10,2017-10,future_corrected,wpd,W m-2,china_mask,40.17418005465905,21.181628608663917,4.9918541194725385,21,18.99255144599513,3.804708829913076,True
TaiESM1,ssp126,optimized,2015,11,2015-11,future_corrected,sfcWind_10m,m s-1,china_mask,1.9144227907576716,1.4875485709567347,0.11315245338010829,21,0.426874219800937,3.7725582349236064,True
TaiESM1,ssp126,optimized,2017,10,2017-10,future_corrected,sfcWind_10m,m s-1,china_mask,1.6170271103382805,1.235295238343238,0.12610976342016422,21,0.38173187199504244,3.026981112661462,True
TaiESM1,ssp126,optimized,2018,9,2018-09,future_corrected,sfcWind_10m,m s-1,china_mask,1.3555731519244516,1.030960104865198,0.10601670415339541,21,0.32461304705925365,3.061904722010331,True
TaiESM1,ssp126,optimized,2015,11,2015-11,future_corrected,wind_speed_hub,m s-1,china_mask,3.8359707483215,3.122570306472184,0.19593744674692334,21,0.7134004418493158,3.640960182413512,True
TaiESM1,ssp126,optimized,2018,9,2018-09,future_corrected,wind_speed_hub,m s-1,china_mask,2.9218272269282055,2.3293728048330076,0.19617892248510027,21,0.5924544220951979,3.0199698040455627,True
TaiESM1,ssp126,optimized,2015,11,2015-11,future_corrected,wpd,W m-2,china_mask,58.57567918358112,33.99308953037738,5.4663542475477165,21,24.58258965320374,4.497072187414827,True
TaiESM1,ssp126,optimized,2017,10,2017-10,future_corrected,wpd,W m-2,china_mask,38.78342290605844,21.181628608663917,4.9918541194725385,21,17.601794297394523,3.526103503051569,True
TaiESM1,ssp126,optimized,2018,9,2018-09,future_corrected,wpd,W m-2,china_mask,23.80659289339468,14.730400096208799,2.9405552160935557,21,9.07619279718588,3.0865575138709165,True
TaiESM1,ssp245,paper_qm,2015,9,2015-09,future_corrected,sfcWind_10m,m s-1,china_mask,1.3532376627138178,1.030960104865198,0.10601670415339541,21,0.3222775578486199,3.039875276468857,True
TaiESM1,ssp245,paper_qm,2019,8,2019-08,future_corrected,sfcWind_10m,m s-1,china_mask,1.271916707894809,0.9850996745378857,0.08467305634596645,21,0.2868170333569233,3.3873471176594228,True
TaiESM1,ssp245,paper_qm,2019,8,2019-08,future_corrected,wind_speed_hub,m s-1,china_mask,2.7451002948072127,2.238002410990805,0.15967798646362746,21,0.5070978838164075,3.175753245936112,True
TaiESM1,ssp245,paper_qm,2015,9,2015-09,future_corrected,wpd,W m-2,china_mask,24.96895734791401,14.730400096208799,2.9405552160935557,21,10.238557251705211,3.4818449235946822,True
TaiESM1,ssp245,paper_qm,2019,8,2019-08,future_corrected,wpd,W m-2,china_mask,26.759070391842624,14.607117806555213,2.567829197167509,21,12.151952585287411,4.732383524064546,True
TaiESM1,ssp245,optimized,2015,9,2015-09,future_corrected,sfcWind_10m,m s-1,china_mask,1.3803012043020573,1.030960104865198,0.10601670415339541,21,0.3493410994368593,3.295151478500956,True
TaiESM1,ssp245,optimized,2019,8,2019-08,future_corrected,sfcWind_10m,m s-1,china_mask,1.2896843989756153,0.9850996745378857,0.08467305634596645,21,0.30458472443772955,3.597185900473746,True
TaiESM1,ssp245,optimized,2015,9,2015-09,future_corrected,wind_speed_hub,m s-1,china_mask,2.961379373984611,2.3293728048330076,0.19617892248510027,21,0.6320065691516032,3.22158242662182,True
TaiESM1,ssp245,optimized,2019,8,2019-08,future_corrected,wind_speed_hub,m s-1,china_mask,2.7846185818378864,2.238002410990805,0.15967798646362746,21,0.5466161708470811,3.423240629174599,True
TaiESM1,ssp245,optimized,2015,9,2015-09,future_corrected,wpd,W m-2,china_mask,25.737088205944275,14.730400096208799,2.9405552160935557,21,11.006688109735476,3.7430645918485927,True
TaiESM1,ssp245,optimized,2019,8,2019-08,future_corrected,wpd,W m-2,china_mask,26.717884834111643,14.607117806555213,2.567829197167509,21,12.110767027556431,4.716344467504082,True
TaiESM1,ssp585,paper_qm,2018,9,2018-09,future_corrected,tas_c,degree_Celsius,china_mask,16.377427699654984,14.505763709095959,0.5870909404901395,21,1.8716639905590249,3.188030782754789,True
TaiESM1,ssp585,paper_qm,2018,2,2018-02,future_corrected,rsds,W m-2,china_mask,169.50875164519107,155.68989970311333,4.091530406422855,21,13.818851942077742,3.3774286316887707,True
TaiESM1,ssp585,paper_qm,2018,9,2018-09,future_corrected,tcell,degree_Celsius,china_mask,23.951563583544477,21.892475510476768,0.6196469639919865,21,2.0590880730677092,3.3230019555043575,True
TaiESM1,ssp585,paper_qm,2018,2,2018-02,future_corrected,pvpot,W m-2,china_mask,187.94789459832714,174.17987786944525,4.5797720506584065,21,13.76801672888189,3.0062668134110613,True
TaiESM1,ssp585,paper_qm,2019,3,2019-03,future_corrected,wind_speed_hub,m s-1,china_mask,2.415652430214085,3.068640263982427,0.21111884774241912,21,-0.6529878337683419,-3.092986915905472,True
TaiESM1,ssp585,paper_qm,2015,4,2015-04,future_corrected,wpd,W m-2,china_mask,49.51662899695251,27.271772679820078,7.395869497016597,21,22.244856317132434,3.0077405132832236,True
TaiESM1,ssp585,optimized,2015,7,2015-07,future_corrected,tas_c,degree_Celsius,china_mask,21.4565378534573,20.089689489772418,0.4534832381590505,21,1.3668483636848805,3.014110001581767,True
TaiESM1,ssp585,optimized,2018,9,2018-09,future_corrected,tas_c,degree_Celsius,china_mask,16.36000654272702,14.505763709095959,0.5870909404901395,21,1.8542428336310621,3.1583570887382906,True
TaiESM1,ssp585,optimized,2019,7,2019-07,future_corrected,tas_c,degree_Celsius,china_mask,21.493200033830686,20.089689489772418,0.4534832381590505,21,1.4035105440582676,3.0949557248376474,True
TaiESM1,ssp585,optimized,2018,2,2018-02,future_corrected,rsds,W m-2,china_mask,169.50875164519107,155.68989970311333,4.091530406422855,21,13.818851942077742,3.3774286316887707,True
TaiESM1,ssp585,optimized,2018,9,2018-09,future_corrected,tcell,degree_Celsius,china_mask,23.874833530011095,21.892475510476768,0.6196469639919865,21,1.9823580195343276,3.1991732950053864,True
TaiESM1,ssp585,optimized,2018,2,2018-02,future_corrected,pvpot,W m-2,china_mask,187.94795789900627,174.17987786944525,4.5797720506584065,21,13.76808002956102,3.0062806352079607,True
TaiESM1,ssp585,optimized,2019,3,2019-03,future_corrected,wind_speed_hub,m s-1,china_mask,2.42387471264521,3.068640263982427,0.21111884774241912,21,-0.6447655513372168,-3.0540406895545362,True
TaiESM1,ssp585,optimized,2019,9,2019-09,future_corrected,wpd,W m-2,china_mask,24.16689679193419,14.730400096208799,2.9405552160935557,21,9.43649669572539,3.20908672079333,True
